Name,PD Notation,Crossing Number,Determinant,Volume
4_1,[[4;2;5;1];[8;6;1;5];[6;3;7;4];[2;7;3;8]],4,5,2.029883213
12n_242,[[1;5;2;4];[3;9;4;8];[16;6;17;5];[7;3;8;2];[18;10;19;9];[20;12;21;11];[22;14;23;13];[24;16;1;15];[6;18;7;17];[10;20;11;19];[12;22;13;21];[14;24;15;23]],12,1,2.828122088
5_2,[[1;5;2;4];[3;9;4;8];[5;1;6;10];[7;3;8;2];[9;7;10;6]],5,7,2.828122088
6_1,[[1;7;2;6];[3;10;4;11];[5;3;6;2];[7;1;8;12];[9;4;10;5];[11;9;12;8]],6,9,3.163963229
7_2,[[2;10;3;9];[4;14;5;13];[6;12;7;11];[8;2;9;1];[10;8;11;7];[12;6;13;5];[14;4;1;3]],7,11,3.331744232
8_1,[[1;9;2;8];[3;7;4;6];[5;12;6;13];[7;3;8;2];[9;1;10;16];[11;15;12;14];[13;4;14;5];[15;11;16;10]],8,13,3.427205246
9_2,[[2;8;3;7];[4;14;5;13];[6;4;7;3];[8;2;9;1];[10;18;11;17];[12;16;13;15];[14;6;15;5];[16;12;17;11];[18;10;1;9]],9,15,3.486660146
9_42,[[1;5;2;4];[5;11;6;10];[3;8;4;9];[9;2;10;3];[16;11;17;12];[14;8;15;7];[6;16;7;15];[18;13;1;14];[12;17;13;18]],9,7,4.056860224
10_132,[[1;8;2;9];[3;18;4;19];[5;12;6;13];[7;10;8;11];[9;2;10;3];[11;6;12;7];[14;20;15;19];[16;14;17;13];[17;4;18;5];[20;16;1;15]],10,5,4.056860224
10_1,[[2;11;3;12];[4;20;5;19];[6;18;7;17];[8;16;9;15];[10;14;11;13];[12;1;13;2];[14;10;15;9];[16;8;17;7];[18;6;19;5];[20;4;1;3]],10,17,3.526195991
11a_247,[[4;2;5;1];[14;4;15;3];[22;6;1;5];[20;8;21;7];[18;10;19;9];[16;12;17;11];[12;16;13;15];[10;18;11;17];[8;20;9;19];[6;22;7;21];[2;14;3;13]],11,19,3.553819919
12a_803,[[1;5;2;4];[3;14;4;15];[5;1;6;24];[7;23;8;22];[9;21;10;20];[11;19;12;18];[13;17;14;16];[15;2;16;3];[17;13;18;12];[19;11;20;10];[21;9;22;8];[23;7;24;6]],12,21,3.573882541
8_20,[[1;7;2;6];[4;13;5;14];[5;9;6;8];[7;3;8;2];[10;15;11;16];[12;9;13;10];[14;3;15;4];[16;11;1;12]],8,9,4.124903252
11n_38,[[4;2;5;1];[8;4;9;3];[5;12;6;13];[9;19;10;18];[13;22;14;1];[15;20;16;21];[19;16;20;17];[21;14;22;15];[17;11;18;10];[11;6;12;7];[2;8;3;7]],11,3,4.124903252
6_2,[[1;8;2;9];[3;11;4;10];[5;1;6;12];[7;2;8;3];[9;7;10;6];[11;5;12;4]],6,11,4.400832516
7_3,[[1;9;2;8];[3;11;4;10];[5;1;6;14];[7;13;8;12];[9;3;10;2];[11;5;12;4];[13;7;14;6]],7,13,4.592125697
9_46,[[2;10;3;9];[3;14;4;15];[6;17;7;18];[8;11;9;12];[10;2;11;1];[13;4;14;5];[15;13;16;12];[16;7;17;8];[18;5;1;6]],9,9,4.751701966
10_139,[[1;11;2;10];[4;18;5;17];[5;13;6;12];[7;15;8;14];[9;1;10;20];[11;3;12;2];[13;7;14;6];[16;4;17;3];[18;16;19;15];[19;9;20;8]],10,3,4.851170757
12n_121,[[1;5;2;4];[3;9;4;8];[12;5;13;6];[7;3;8;2];[18;9;19;10];[6;11;7;12];[24;13;1;14];[22;15;23;16];[20;17;21;18];[10;19;11;20];[16;21;17;22];[14;23;15;24]],12,1,4.400832516
10_125,[[1;5;2;4];[3;9;4;8];[5;15;6;14];[20;15;1;16];[16;9;17;10];[18;11;19;12];[10;17;11;18];[12;19;13;20];[13;7;14;6];[7;3;8;2]],10,11,4.611961375
11n_19,[[4;2;5;1];[10;6;11;5];[8;3;9;4];[2;9;3;10];[11;18;12;19];[7;17;8;16];[17;7;18;6];[13;20;14;21];[15;22;16;1];[19;12;20;13];[21;14;22;15]],11,5,4.769889602
8_2,[[1;10;2;11];[3;13;4;12];[5;15;6;14];[7;1;8;16];[9;2;10;3];[11;9;12;8];[13;5;14;4];[15;7;16;6]],8,17,4.935242678
9_3,[[1;11;2;10];[3;15;4;14];[5;13;6;12];[7;17;8;16];[9;1;10;18];[11;3;12;2];[13;5;14;4];[15;7;16;6];[17;9;18;8]],9,19,4.994856404
10_145,[[1;14;2;15];[3;18;4;19];[6;13;7;14];[8;6;9;5];[9;16;10;17];[11;2;12;3];[12;7;13;8];[15;20;16;1];[17;4;18;5];[19;10;20;11]],10,3,5.044899163
7_4,[[2;10;3;9];[4;12;5;11];[6;14;7;13];[8;4;9;3];[10;2;11;1];[12;8;13;7];[14;6;1;5]],7,15,5.137941202
10_140,[[1;15;2;14];[3;10;4;11];[5;12;6;13];[6;18;7;17];[8;16;9;15];[11;4;12;5];[13;1;14;20];[16;8;17;7];[18;10;19;9];[19;3;20;2]],10,9,5.212566822
8_3,[[6;2;7;1];[14;10;15;9];[10;5;11;6];[12;3;13;4];[4;11;5;12];[2;13;3;14];[16;8;1;7];[8;16;9;15]],8,17,5.238684101
8_4,[[2;11;3;12];[4;9;5;10];[6;16;7;15];[8;14;9;13];[10;1;11;2];[12;3;13;4];[14;8;15;7];[16;6;1;5]],8,19,5.500486416
9_4,[[2;14;3;13];[4;12;5;11];[6;16;7;15];[8;18;9;17];[10;6;11;5];[12;4;13;3];[14;2;15;1];[16;8;17;7];[18;10;1;9]],9,21,5.556518816
11n_139,[[4;2;5;1];[14;8;15;7];[12;3;13;4];[2;13;3;14];[16;6;17;5];[6;16;7;15];[17;22;18;1];[11;19;12;18];[9;21;10;20];[19;11;20;10];[21;9;22;8]],11,9,5.569715438
6_3,[[4;2;5;1];[8;4;9;3];[12;9;1;10];[10;5;11;6];[6;11;7;12];[2;8;3;7]],6,13,5.693021091
12n_235,[[1;5;2;4];[3;9;4;8];[5;17;6;16];[7;3;8;2];[18;9;19;10];[20;11;21;12];[22;13;23;14];[15;7;16;6];[24;17;1;18];[10;19;11;20];[12;21;13;22];[14;23;15;24]],12,13,4.854663339
10_2,[[1;13;2;12];[3;14;4;15];[5;3;6;2];[7;17;8;16];[9;19;10;18];[11;1;12;20];[13;4;14;5];[15;7;16;6];[17;9;18;8];[19;11;20;10]],10,23,5.11484146
11a_364,[[10;2;11;1];[14;4;15;3];[22;12;1;11];[12;22;13;21];[16;6;17;5];[18;8;19;7];[20;10;21;9];[2;14;3;13];[4;16;5;15];[6;18;7;17];[8;20;9;19]],11,25,5.140206563
10_161,[[1;13;2;12];[4;18;5;17];[6;14;7;13];[8;4;9;3];[9;17;10;16];[11;1;12;20];[14;6;15;5];[15;11;16;10];[18;8;19;7];[19;3;20;2]],10,5,5.638772949
9_5,[[2;14;3;13];[4;12;5;11];[6;16;7;15];[8;18;9;17];[10;6;11;5];[12;4;13;3];[14;2;15;1];[16;10;17;9];[18;8;1;7]],9,23,5.698441751
10_3,[[2;10;3;9];[4;17;5;18];[6;15;7;16];[8;4;9;3];[10;2;11;1];[12;20;13;19];[14;7;15;8];[16;5;17;6];[18;14;19;13];[20;12;1;11]],10,25,5.732104787
10_4,[[2;13;3;14];[4;11;5;12];[6;20;7;19];[8;18;9;17];[10;16;11;15];[12;1;13;2];[14;3;15;4];[16;10;17;9];[18;8;19;7];[20;6;1;5]],10,27,5.817129693
11a_342,[[6;2;7;1];[14;4;15;3];[22;8;1;7];[20;10;21;9];[18;12;19;11];[12;18;13;17];[10;20;11;19];[8;22;9;21];[16;6;17;5];[2;14;3;13];[4;16;5;15]],11,29,5.838754629
12n_582,[[1;5;2;4];[3;13;4;12];[16;6;17;5];[20;8;21;7];[18;10;19;9];[11;3;12;2];[13;22;14;23];[15;24;16;1];[10;18;11;17];[8;20;9;19];[6;22;7;21];[23;14;24;15]],12,9,5.854242722
10_128,[[1;9;2;8];[3;11;4;10];[5;13;6;12];[7;19;8;18];[9;5;10;4];[11;3;12;2];[14;20;15;19];[16;14;17;13];[17;7;18;6];[20;16;1;15]],10,11,5.860539302
11n_57,[[4;2;5;1];[8;4;9;3];[9;17;10;16];[5;15;6;14];[15;7;16;6];[11;19;12;18];[17;11;18;10];[19;1;20;22];[13;20;14;21];[21;12;22;13];[2;8;3;7]],11,7,5.860539302
9_43,[[1;9;2;8];[3;16;4;17];[5;1;6;18];[6;12;7;11];[9;3;10;2];[10;14;11;13];[12;8;13;7];[15;4;16;5];[17;15;18;14]],9,13,5.904085859
12n_243,[[1;5;2;4];[3;9;4;8];[16;6;17;5];[7;3;8;2];[18;10;19;9];[20;12;21;11];[22;14;23;13];[24;16;1;15];[6;18;7;17];[10;20;11;19];[14;22;15;21];[12;24;13;23]],12,5,5.904085859
12n_725,[[1;7;2;6];[3;11;4;10];[5;13;6;12];[18;8;19;7];[9;3;10;2];[11;5;12;4];[20;14;21;13];[22;16;23;15];[24;18;1;17];[8;20;9;19];[14;22;15;21];[16;24;17;23]],12,5,5.916745735
10_8,[[1;12;2;13];[3;10;4;11];[5;15;6;14];[7;17;8;16];[9;19;10;18];[11;2;12;3];[13;20;14;1];[15;7;16;6];[17;9;18;8];[19;5;20;4]],10,29,6.083234837
11a_358,[[8;2;9;1];[14;4;15;3];[22;10;1;9];[20;12;21;11];[12;20;13;19];[10;22;11;21];[16;6;17;5];[18;8;19;7];[2;14;3;13];[4;16;5;15];[6;18;7;17]],11,31,6.102803165
12n_309,[[1;5;2;4];[3;11;4;10];[5;13;6;12];[18;8;19;7];[9;3;10;2];[11;9;12;8];[20;13;21;14];[22;15;23;16];[24;17;1;18];[6;20;7;19];[14;21;15;22];[16;23;17;24]],12,1,6.343760889
7_5,[[2;10;3;9];[4;2;5;1];[6;14;7;13];[8;12;9;11];[10;4;11;3];[12;6;13;5];[14;8;1;7]],7,17,6.443537381
12n_475,[[1;5;2;4];[3;11;4;10];[16;6;17;5];[18;8;19;7];[9;3;10;2];[11;20;12;21];[13;22;14;23];[15;24;16;1];[8;18;9;17];[6;20;7;19];[21;12;22;13];[23;14;24;15]],12,7,6.45137056
8_21,[[1;7;2;6];[4;13;5;14];[5;9;6;8];[7;3;8;2];[9;13;10;12];[11;1;12;16];[14;3;15;4];[15;11;16;10]],8,15,6.78371352
11n_49,[[4;2;5;1];[15;20;16;21];[8;3;9;4];[2;9;3;10];[7;17;8;16];[13;22;14;1];[21;14;22;15];[17;11;18;10];[5;12;6;13];[11;19;12;18];[19;7;20;6]],11,1,6.909110132
3_1,[[1;5;2;4];[3;1;4;6];[5;3;6;2]],3,3,0
5_1,[[2;8;3;7];[4;10;5;9];[6;2;7;1];[8;4;9;3];[10;6;1;5]],5,5,0
7_1,[[1;9;2;8];[3;11;4;10];[5;13;6;12];[7;1;8;14];[9;3;10;2];[11;5;12;4];[13;7;14;6]],7,7,0
7_6,[[1;13;2;12];[3;9;4;8];[5;1;6;14];[7;10;8;11];[9;3;10;2];[11;6;12;7];[13;5;14;4]],7,19,7.084925954
7_7,[[1;10;2;11];[3;13;4;12];[5;14;6;1];[7;5;8;4];[9;2;10;3];[11;9;12;8];[13;6;14;7]],7,21,7.643375172
8_5,[[1;7;2;6];[3;9;4;8];[5;12;6;13];[7;3;8;2];[9;15;10;14];[11;1;12;16];[13;4;14;5];[15;11;16;10]],8,21,6.997189148
8_6,[[2;9;3;10];[4;14;5;13];[6;16;7;15];[8;12;9;11];[10;1;11;2];[12;8;13;7];[14;6;15;5];[16;4;1;3]],8,23,7.47523743
8_7,[[2;9;3;10];[4;14;5;13];[6;15;7;16];[8;1;9;2];[10;5;11;6];[12;4;13;3];[14;12;15;11];[16;7;1;8]],8,23,7.022196589
8_8,[[1;7;2;6];[3;12;4;13];[5;9;6;8];[7;3;8;2];[9;16;10;1];[11;14;12;15];[13;4;14;5];[15;10;16;11]],8,25,7.801341224
8_9,[[6;2;7;1];[14;8;15;7];[10;3;11;4];[2;13;3;14];[12;5;13;6];[4;11;5;12];[16;10;1;9];[8;16;9;15]],8,25,7.588180224
8_10,[[2;14;3;13];[4;9;5;10];[6;11;7;12];[8;15;9;16];[10;5;11;6];[12;2;13;1];[14;7;15;8];[16;4;1;3]],8,27,8.651148558
8_11,[[1;10;2;11];[3;13;4;12];[5;15;6;14];[7;1;8;16];[9;2;10;3];[11;9;12;8];[13;7;14;6];[15;5;16;4]],8,27,8.286316818
8_12,[[4;2;5;1];[10;8;11;7];[8;3;9;4];[2;9;3;10];[14;6;15;5];[16;11;1;12];[12;15;13;16];[6;14;7;13]],8,29,8.935856928
8_13,[[1;9;2;8];[3;14;4;15];[5;12;6;13];[7;11;8;10];[9;3;10;2];[11;16;12;1];[13;4;14;5];[15;6;16;7]],8,29,8.531232202
8_14,[[2;12;3;11];[4;8;5;7];[6;15;7;16];[8;14;9;13];[10;2;11;1];[12;10;13;9];[14;4;15;3];[16;5;1;6]],8,31,9.217800316
8_15,[[1;7;2;6];[3;15;4;14];[5;9;6;8];[7;3;8;2];[9;13;10;12];[11;1;12;16];[13;5;14;4];[15;11;16;10]],8,33,9.930648294
8_16,[[2;7;3;8];[4;10;5;9];[6;1;7;2];[8;14;9;13];[10;15;11;16];[12;6;13;5];[14;3;15;4];[16;11;1;12]],8,35,10.57902192
8_17,[[6;2;7;1];[14;8;15;7];[8;3;9;4];[2;13;3;14];[12;5;13;6];[4;9;5;10];[16;12;1;11];[10;16;11;15]],8,37,10.98590761
8_18,[[6;2;7;1];[8;3;9;4];[16;11;1;12];[2;14;3;13];[4;15;5;16];[10;6;11;5];[12;7;13;8];[14;10;15;9]],8,45,12.35090621
8_19,[[2;14;3;13];[5;11;6;10];[7;15;8;14];[9;5;10;4];[11;7;12;6];[12;2;13;1];[15;9;16;8];[16;4;1;3]],8,3,0
9_1,[[1;11;2;10];[3;13;4;12];[5;15;6;14];[7;17;8;16];[9;1;10;18];[11;3;12;2];[13;5;14;4];[15;7;16;6];[17;9;18;8]],9,9,0
9_6,[[1;13;2;12];[3;7;4;6];[5;15;6;14];[7;3;8;2];[9;17;10;16];[11;1;12;18];[13;5;14;4];[15;9;16;8];[17;11;18;10]],9,27,7.203600762
9_7,[[2;10;3;9];[4;12;5;11];[6;16;7;15];[8;6;9;5];[10;4;11;3];[12;2;13;1];[14;18;15;17];[16;8;17;7];[18;14;1;13]],9,29,8.014861458
9_8,[[1;16;2;17];[3;14;4;15];[5;11;6;10];[7;1;8;18];[9;13;10;12];[11;7;12;6];[13;4;14;5];[15;2;16;3];[17;9;18;8]],9,31,8.192347962
9_9,[[1;13;2;12];[3;9;4;8];[5;15;6;14];[7;17;8;16];[9;3;10;2];[11;1;12;18];[13;5;14;4];[15;7;16;6];[17;11;18;10]],9,31,8.016815566
9_10,[[1;13;2;12];[3;11;4;10];[5;17;6;16];[7;15;8;14];[9;1;10;18];[11;3;12;2];[13;5;14;4];[15;7;16;6];[17;9;18;8]],9,33,8.773457282
9_11,[[2;7;3;8];[4;13;5;14];[6;15;7;16];[8;12;9;11];[10;17;11;18];[12;3;13;4];[14;5;15;6];[16;2;17;1];[18;9;1;10]],9,33,8.288589043
9_12,[[2;9;3;10];[4;16;5;15];[6;14;7;13];[8;3;9;4];[10;18;11;17];[12;8;13;7];[14;6;15;5];[16;2;17;1];[18;12;1;11]],9,35,8.836642344
9_13,[[2;12;3;11];[4;14;5;13];[6;16;7;15];[8;18;9;17];[10;6;11;5];[12;4;13;3];[14;2;15;1];[16;10;17;9];[18;8;1;7]],9,37,9.135094038
9_14,[[1;12;2;13];[3;10;4;11];[5;16;6;17];[7;1;8;18];[9;4;10;5];[11;2;12;3];[13;9;14;8];[15;6;16;7];[17;15;18;14]],9,37,8.954989262
9_15,[[2;9;3;10];[4;7;5;8];[6;15;7;16];[8;3;9;4];[10;14;11;13];[12;17;13;18];[14;5;15;6];[16;2;17;1];[18;11;1;12]],9,39,9.88549866
9_16,[[1;9;2;8];[3;11;4;10];[5;15;6;14];[7;5;8;4];[9;3;10;2];[11;17;12;16];[13;1;14;18];[15;7;16;6];[17;13;18;12]],9,39,9.88300696
9_17,[[1;9;2;8];[3;12;4;13];[5;16;6;17];[7;1;8;18];[9;3;10;2];[11;4;12;5];[13;11;14;10];[15;6;16;7];[17;15;18;14]],9,39,9.474580454
9_18,[[2;12;3;11];[4;2;5;1];[6;16;7;15];[8;14;9;13];[10;18;11;17];[12;4;13;3];[14;8;15;7];[16;10;17;9];[18;6;1;5]],9,41,10.05772964
9_19,[[2;14;3;13];[4;11;5;12];[6;4;7;3];[8;17;9;18];[10;5;11;6];[12;8;13;7];[14;2;15;1];[16;9;17;10];[18;16;1;15]],9,41,10.03254745
9_20,[[1;11;2;10];[3;16;4;17];[5;13;6;12];[7;3;8;2];[9;1;10;18];[11;15;12;14];[13;7;14;6];[15;4;16;5];[17;9;18;8]],9,41,9.644304074
9_21,[[2;7;3;8];[4;13;5;14];[6;15;7;16];[8;12;9;11];[10;17;11;18];[12;5;13;6];[14;3;15;4];[16;2;17;1];[18;9;1;10]],9,43,10.18326554
9_22,[[1;7;2;6];[3;8;4;9];[5;14;6;15];[7;11;8;10];[9;2;10;3];[11;17;12;16];[13;1;14;18];[15;4;16;5];[17;13;18;12]],9,43,10.62072702
9_23,[[2;16;3;15];[4;12;5;11];[6;4;7;3];[8;18;9;17];[10;14;11;13];[12;6;13;5];[14;8;15;7];[16;2;17;1];[18;10;1;9]],9,45,10.61134829
9_24,[[1;13;2;12];[3;7;4;6];[5;1;6;18];[7;14;8;15];[9;16;10;17];[11;3;12;2];[13;10;14;11];[15;8;16;9];[17;5;18;4]],9,45,10.83372911
9_25,[[2;10;3;9];[4;17;5;18];[6;12;7;11];[8;4;9;3];[10;14;11;13];[12;8;13;7];[14;2;15;1];[16;5;17;6];[18;16;1;15]],9,47,11.39030515
9_26,[[2;10;3;9];[4;11;5;12];[6;17;7;18];[8;15;9;16];[10;14;11;13];[12;3;13;4];[14;2;15;1];[16;5;17;6];[18;7;1;8]],9,47,10.59584052
9_27,[[2;9;3;10];[4;7;5;8];[6;14;7;13];[8;15;9;16];[10;18;11;17];[12;3;13;4];[14;6;15;5];[16;2;17;1];[18;12;1;11]],9,49,10.99998096
9_28,[[1;16;2;17];[3;15;4;14];[5;3;6;2];[7;13;8;12];[9;7;10;6];[11;18;12;1];[13;9;14;8];[15;5;16;4];[17;10;18;11]],9,51,11.56317702
9_29,[[2;10;3;9];[4;17;5;18];[6;12;7;11];[8;4;9;3];[10;15;11;16];[12;6;13;5];[14;1;15;2];[16;7;17;8];[18;13;1;14]],9,51,12.20585617
9_30,[[1;9;2;8];[3;16;4;17];[5;1;6;18];[7;12;8;13];[9;3;10;2];[11;6;12;7];[13;10;14;11];[15;4;16;5];[17;15;18;14]],9,53,11.95452697
9_31,[[1;9;2;8];[3;10;4;11];[5;13;6;12];[7;1;8;18];[9;16;10;17];[11;15;12;14];[13;7;14;6];[15;4;16;5];[17;3;18;2]],9,55,11.68631221
9_32,[[2;8;3;7];[4;9;5;10];[6;13;7;14];[8;16;9;15];[10;5;11;6];[12;17;13;18];[14;3;15;4];[16;2;17;1];[18;11;1;12]],9,59,13.09989985
9_33,[[1;15;2;14];[3;16;4;17];[5;12;6;13];[7;5;8;4];[9;2;10;3];[11;6;12;7];[13;1;14;18];[15;11;16;10];[17;8;18;9]],9,61,13.28045564
9_34,[[2;13;3;14];[4;17;5;18];[6;16;7;15];[8;4;9;3];[10;5;11;6];[12;8;13;7];[14;1;15;2];[16;11;17;12];[18;10;1;9]],9,69,14.34458139
9_35,[[2;12;3;11];[4;16;5;15];[6;14;7;13];[8;18;9;17];[10;4;11;3];[12;2;13;1];[14;6;15;5];[16;10;17;9];[18;8;1;7]],9,27,7.940579248
9_36,[[2;15;3;16];[4;11;5;12];[6;4;7;3];[8;17;9;18];[10;5;11;6];[12;10;13;9];[14;1;15;2];[16;7;17;8];[18;13;1;14]],9,37,9.884578653
9_37,[[1;10;2;11];[3;14;4;15];[5;1;6;18];[7;17;8;16];[9;2;10;3];[11;9;12;8];[13;4;14;5];[15;13;16;12];[17;7;18;6]],9,45,10.98944959
9_38,[[2;14;3;13];[4;10;5;9];[6;16;7;15];[8;4;9;3];[10;18;11;17];[12;6;13;5];[14;2;15;1];[16;12;17;11];[18;8;1;7]],9,57,12.9328587
9_39,[[1;12;2;13];[3;17;4;16];[5;10;6;11];[7;18;8;1];[9;14;10;15];[11;2;12;3];[13;6;14;7];[15;5;16;4];[17;8;18;9]],9,55,12.81031
9_40,[[1;15;2;14];[3;12;4;13];[5;11;6;10];[7;3;8;2];[9;18;10;1];[11;17;12;16];[13;9;14;8];[15;6;16;7];[17;5;18;4]],9,75,15.01834286
9_41,[[1;15;2;14];[3;12;4;13];[5;16;6;17];[7;3;8;2];[9;18;10;1];[11;4;12;5];[13;9;14;8];[15;6;16;7];[17;10;18;11]],9,49,12.09893603
9_44,[[2;9;3;10];[3;16;4;17];[5;1;6;18];[6;12;7;11];[8;1;9;2];[10;14;11;13];[12;8;13;7];[15;4;16;5];[17;15;18;14]],9,17,7.406767572
9_45,[[2;9;3;10];[3;16;4;17];[5;1;6;18];[7;12;8;13];[8;1;9;2];[11;6;12;7];[13;10;14;11];[15;4;16;5];[17;15;18;14]],9,23,8.602031166
9_47,[[1;15;2;14];[4;17;5;18];[6;16;7;15];[8;4;9;3];[10;5;11;6];[12;8;13;7];[13;3;14;2];[16;11;17;12];[18;10;1;9]],9,27,10.04995786
9_48,[[1;10;2;11];[3;14;4;15];[6;17;7;18];[9;2;10;3];[11;9;12;8];[13;4;14;5];[15;13;16;12];[16;7;17;8];[18;5;1;6]],9,27,9.531879836
9_49,[[1;15;2;14];[4;12;5;11];[6;16;7;15];[7;3;8;2];[10;18;11;17];[12;4;13;3];[13;9;14;8];[16;6;17;5];[18;10;1;9]],9,25,9.427073628
10_5,[[2;13;3;14];[4;17;5;18];[6;16;7;15];[8;6;9;5];[10;19;11;20];[12;1;13;2];[14;3;15;4];[16;8;17;7];[18;9;19;10];[20;11;1;12]],10,33,7.373935134
10_6,[[2;11;3;12];[4;16;5;15];[6;18;7;17];[8;20;9;19];[10;14;11;13];[12;1;13;2];[14;10;15;9];[16;6;17;5];[18;8;19;7];[20;4;1;3]],10,37,8.390937607
10_7,[[1;12;2;13];[3;15;4;14];[5;19;6;18];[7;17;8;16];[9;1;10;20];[11;2;12;3];[13;11;14;10];[15;9;16;8];[17;7;18;6];[19;5;20;4]],10,43,9.115906396
10_9,[[1;13;2;12];[3;16;4;17];[5;14;6;15];[7;3;8;2];[9;19;10;18];[11;1;12;20];[13;4;14;5];[15;6;16;7];[17;9;18;8];[19;11;20;10]],10,39,8.294099675
10_10,[[1;11;2;10];[3;18;4;19];[5;16;6;17];[7;14;8;15];[9;13;10;12];[11;3;12;2];[13;20;14;1];[15;6;16;7];[17;4;18;5];[19;8;20;9]],10,45,9.180573644
10_11,[[2;15;3;16];[4;13;5;14];[6;2;7;1];[8;18;9;17];[10;20;11;19];[12;5;13;6];[14;3;15;4];[16;12;17;11];[18;10;19;9];[20;8;1;7]],10,43,9.370442441
10_12,[[2;11;3;12];[4;18;5;17];[6;13;7;14];[8;19;9;20];[10;1;11;2];[12;7;13;8];[14;5;15;6];[16;4;17;3];[18;16;19;15];[20;9;1;10]],10,47,9.817495191
10_13,[[2;17;3;18];[4;8;5;7];[6;13;7;14];[8;2;9;1];[10;20;11;19];[12;16;13;15];[14;5;15;6];[16;3;17;4];[18;12;19;11];[20;10;1;9]],10,53,10.57848019
10_14,[[1;14;2;15];[3;17;4;16];[5;11;6;10];[7;19;8;18];[9;1;10;20];[11;5;12;4];[13;2;14;3];[15;13;16;12];[17;7;18;6];[19;9;20;8]],10,57,10.93768941
10_15,[[2;6;3;5];[4;16;5;15];[6;2;7;1];[8;17;9;18];[10;19;11;20];[12;7;13;8];[14;4;15;3];[16;14;17;13];[18;9;19;10];[20;11;1;12]],10,43,8.973449326
10_16,[[1;10;2;11];[3;15;4;14];[5;17;6;16];[7;19;8;18];[9;2;10;3];[11;20;12;1];[13;9;14;8];[15;7;16;6];[17;5;18;4];[19;12;20;13]],10,47,9.546642305
10_17,[[6;2;7;1];[12;4;13;3];[20;15;1;16];[16;7;17;8];[18;9;19;10];[8;17;9;18];[10;19;11;20];[14;6;15;5];[2;12;3;11];[4;14;5;13]],10,41,8.536755599
10_18,[[2;14;3;13];[4;10;5;9];[6;17;7;18];[8;15;9;16];[10;20;11;19];[12;2;13;1];[14;12;15;11];[16;7;17;8];[18;5;19;6];[20;4;1;3]],10,55,10.63984427
10_19,[[1;13;2;12];[3;15;4;14];[5;10;6;11];[7;16;8;17];[9;18;10;19];[11;1;12;20];[13;3;14;2];[15;8;16;9];[17;6;18;7];[19;5;20;4]],10,51,9.844771303
10_20,[[2;8;3;7];[4;15;5;16];[6;4;7;3];[8;2;9;1];[10;18;11;17];[12;20;13;19];[14;5;15;6];[16;14;17;13];[18;12;19;11];[20;10;1;9]],10,35,8.317378718
10_21,[[1;15;2;14];[3;13;4;12];[5;17;6;16];[7;11;8;10];[9;18;10;19];[11;1;12;20];[13;3;14;2];[15;5;16;4];[17;7;18;6];[19;8;20;9]],10,45,9.675141144
10_22,[[2;11;3;12];[4;18;5;17];[6;16;7;15];[8;14;9;13];[10;1;11;2];[12;19;13;20];[14;6;15;5];[16;8;17;7];[18;4;19;3];[20;9;1;10]],10,49,9.981866518
10_23,[[2;13;3;14];[4;11;5;12];[6;18;7;17];[8;19;9;20];[10;1;11;2];[12;3;13;4];[14;7;15;8];[16;6;17;5];[18;16;19;15];[20;9;1;10]],10,59,11.39322463
10_24,[[2;14;3;13];[4;10;5;9];[6;17;7;18];[8;6;9;5];[10;4;11;3];[12;20;13;19];[14;2;15;1];[16;7;17;8];[18;12;19;11];[20;16;1;15]],10,55,10.97745474
10_25,[[1;11;2;10];[3;15;4;14];[5;13;6;12];[7;18;8;19];[9;1;10;20];[11;5;12;4];[13;7;14;6];[15;3;16;2];[17;8;18;9];[19;17;20;16]],10,65,11.8757796
10_26,[[1;12;2;13];[3;14;4;15];[5;17;6;16];[7;19;8;18];[9;1;10;20];[11;4;12;5];[13;2;14;3];[15;11;16;10];[17;9;18;8];[19;7;20;6]],10,61,11.35201756
10_27,[[1;11;2;10];[3;18;4;19];[5;16;6;17];[7;14;8;15];[9;13;10;12];[11;3;12;2];[13;20;14;1];[15;4;16;5];[17;6;18;7];[19;8;20;9]],10,71,12.38413197
10_28,[[1;9;2;8];[3;16;4;17];[5;14;6;15];[7;11;8;10];[9;3;10;2];[11;20;12;1];[13;18;14;19];[15;4;16;5];[17;6;18;7];[19;12;20;13]],10,53,10.26467495
10_29,[[2;15;3;16];[4;2;5;1];[6;11;7;12];[8;18;9;17];[10;20;11;19];[12;5;13;6];[14;3;15;4];[16;14;17;13];[18;10;19;9];[20;8;1;7]],10,63,11.60290525
10_30,[[1;14;2;15];[3;17;4;16];[5;11;6;10];[7;19;8;18];[9;1;10;20];[11;5;12;4];[13;2;14;3];[15;13;16;12];[17;9;18;8];[19;7;20;6]],10,67,11.82875757
10_31,[[2;6;3;5];[4;16;5;15];[6;2;7;1];[8;17;9;18];[10;19;11;20];[12;7;13;8];[14;4;15;3];[16;14;17;13];[18;11;19;12];[20;9;1;10]],10,57,11.04426403
10_32,[[2;14;3;13];[4;10;5;9];[6;15;7;16];[8;17;9;18];[10;20;11;19];[12;2;13;1];[14;12;15;11];[16;7;17;8];[18;5;19;6];[20;4;1;3]],10,69,12.09093687
10_33,[[6;2;7;1];[14;6;15;5];[20;15;1;16];[16;7;17;8];[8;19;9;20];[18;9;19;10];[10;17;11;18];[2;14;3;13];[12;4;13;3];[4;12;5;11]],10,65,11.53567393
10_34,[[1;7;2;6];[3;14;4;15];[5;9;6;8];[7;3;8;2];[9;20;10;1];[11;18;12;19];[13;16;14;17];[15;4;16;5];[17;12;18;13];[19;10;20;11]],10,37,8.422266668
10_35,[[1;11;2;10];[3;18;4;19];[5;3;6;2];[7;14;8;15];[9;12;10;13];[11;1;12;20];[13;8;14;9];[15;6;16;7];[17;4;18;5];[19;17;20;16]],10,49,10.39449679
10_36,[[2;15;3;16];[4;14;5;13];[6;12;7;11];[8;18;9;17];[10;8;11;7];[12;6;13;5];[14;20;15;19];[16;1;17;2];[18;10;19;9];[20;4;1;3]],10,51,10.47618554
10_37,[[4;2;5;1];[10;4;11;3];[12;8;13;7];[8;12;9;11];[18;15;19;16];[16;5;17;6];[6;17;7;18];[20;13;1;14];[14;19;15;20];[2;10;3;9]],10,53,10.96581053
10_38,[[2;16;3;15];[4;12;5;11];[6;10;7;9];[8;17;9;18];[10;6;11;5];[12;20;13;19];[14;2;15;1];[16;14;17;13];[18;7;19;8];[20;4;1;3]],10,59,11.34931355
10_39,[[1;14;2;15];[3;17;4;16];[5;19;6;18];[7;11;8;10];[9;1;10;20];[11;7;12;6];[13;2;14;3];[15;13;16;12];[17;5;18;4];[19;9;20;8]],10,61,11.58951873
10_40,[[2;11;3;12];[4;18;5;17];[6;19;7;20];[8;13;9;14];[10;1;11;2];[12;9;13;10];[14;5;15;6];[16;4;17;3];[18;16;19;15];[20;7;1;8]],10,75,12.88874033
10_41,[[1;14;2;15];[3;17;4;16];[5;10;6;11];[7;19;8;18];[9;6;10;7];[11;1;12;20];[13;2;14;3];[15;13;16;12];[17;9;18;8];[19;5;20;4]],10,71,12.3766155
10_42,[[1;9;2;8];[3;18;4;19];[5;14;6;15];[7;11;8;10];[9;3;10;2];[11;20;12;1];[13;17;14;16];[15;4;16;5];[17;13;18;12];[19;6;20;7]],10,81,13.23984837
10_43,[[4;2;5;1];[10;4;11;3];[14;8;15;7];[20;11;1;12];[12;19;13;20];[8;14;9;13];[18;15;19;16];[16;5;17;6];[6;17;7;18];[2;10;3;9]],10,73,12.60259611
10_44,[[1;14;2;15];[3;17;4;16];[5;20;6;1];[7;19;8;18];[9;7;10;6];[11;5;12;4];[13;2;14;3];[15;13;16;12];[17;10;18;11];[19;9;20;8]],10,79,12.96899421
10_45,[[4;2;5;1];[12;6;13;5];[10;3;11;4];[2;11;3;12];[20;14;1;13];[14;7;15;8];[6;19;7;20];[18;15;19;16];[16;10;17;9];[8;18;9;17]],10,89,13.71607598
10_46,[[1;15;2;14];[3;9;4;8];[5;11;6;10];[7;16;8;17];[9;5;10;4];[11;19;12;18];[13;1;14;20];[15;3;16;2];[17;6;18;7];[19;13;20;12]],10,31,7.716999809
10_47,[[2;9;3;10];[4;11;5;12];[6;17;7;18];[8;1;9;2];[10;3;11;4];[12;5;13;6];[14;20;15;19];[16;14;17;13];[18;7;19;8];[20;16;1;15]],10,41,9.385194157
10_48,[[6;2;7;1];[8;4;9;3];[14;6;15;5];[20;15;1;16];[16;9;17;10];[18;11;19;12];[10;17;11;18];[12;19;13;20];[2;8;3;7];[4;14;5;13]],10,49,10.37890145
10_49,[[1;7;2;6];[3;17;4;16];[5;9;6;8];[7;3;8;2];[9;15;10;14];[11;19;12;18];[13;1;14;20];[15;5;16;4];[17;11;18;10];[19;13;20;12]],10,59,11.45319337
10_50,[[1;10;2;11];[3;19;4;18];[5;13;6;12];[7;15;8;14];[9;17;10;16];[11;20;12;1];[13;9;14;8];[15;7;16;6];[17;3;18;2];[19;5;20;4]],10,53,11.19888979
10_51,[[2;18;3;17];[4;11;5;12];[6;13;7;14];[8;15;9;16];[10;19;11;20];[12;7;13;8];[14;5;15;6];[16;2;17;1];[18;9;19;10];[20;4;1;3]],10,67,12.63137952
10_52,[[1;13;2;12];[3;19;4;18];[5;10;6;11];[7;14;8;15];[9;16;10;17];[11;1;12;20];[13;8;14;9];[15;6;16;7];[17;3;18;2];[19;5;20;4]],10,59,11.53754818
10_53,[[1;7;2;6];[3;17;4;16];[5;9;6;8];[7;3;8;2];[9;15;10;14];[11;19;12;18];[13;1;14;20];[15;5;16;4];[17;13;18;12];[19;11;20;10]],10,73,12.88684742
10_54,[[2;16;3;15];[4;9;5;10];[6;11;7;12];[8;19;9;20];[10;5;11;6];[12;18;13;17];[14;2;15;1];[16;14;17;13];[18;7;19;8];[20;4;1;3]],10,47,10.59131113
10_55,[[2;10;3;9];[4;18;5;17];[6;12;7;11];[8;2;9;1];[10;8;11;7];[12;6;13;5];[14;20;15;19];[16;14;17;13];[18;4;19;3];[20;16;1;15]],10,61,12.18554063
10_56,[[2;16;3;15];[4;10;5;9];[6;12;7;11];[8;17;9;18];[10;6;11;5];[12;20;13;19];[14;2;15;1];[16;14;17;13];[18;7;19;8];[20;4;1;3]],10,65,12.39880216
10_57,[[1;4;2;5];[3;16;4;17];[5;20;6;1];[7;13;8;12];[9;7;10;6];[11;18;12;19];[13;9;14;8];[15;2;16;3];[17;10;18;11];[19;14;20;15]],10,79,13.5885585
10_58,[[2;15;3;16];[4;10;5;9];[6;13;7;14];[8;6;9;5];[10;20;11;19];[12;7;13;8];[14;18;15;17];[16;1;17;2];[18;12;19;11];[20;4;1;3]],10,65,12.7213307
10_59,[[1;4;2;5];[3;17;4;16];[5;20;6;1];[7;14;8;15];[9;7;10;6];[11;19;12;18];[13;8;14;9];[15;11;16;10];[17;3;18;2];[19;13;20;12]],10,75,13.38994414
10_60,[[2;15;3;16];[4;8;5;7];[6;11;7;12];[8;14;9;13];[10;17;11;18];[12;5;13;6];[14;20;15;19];[16;1;17;2];[18;9;19;10];[20;4;1;3]],10,85,13.98004154
10_61,[[1;9;2;8];[3;16;4;17];[5;14;6;15];[7;1;8;20];[9;3;10;2];[11;19;12;18];[13;6;14;7];[15;4;16;5];[17;11;18;10];[19;13;20;12]],10,33,8.458580268
10_62,[[2;11;3;12];[4;18;5;17];[6;13;7;14];[8;19;9;20];[10;1;11;2];[12;5;13;6];[14;7;15;8];[16;4;17;3];[18;16;19;15];[20;9;1;10]],10,45,10.14146904
10_63,[[1;9;2;8];[3;19;4;18];[5;17;6;16];[7;11;8;10];[9;3;10;2];[11;15;12;14];[13;1;14;20];[15;7;16;6];[17;5;18;4];[19;13;20;12]],10,57,11.51169129
10_64,[[2;11;3;12];[4;18;5;17];[6;14;7;13];[8;16;9;15];[10;1;11;2];[12;19;13;20];[14;8;15;7];[16;4;17;3];[18;6;19;5];[20;9;1;10]],10,51,10.86809271
10_65,[[1;9;2;8];[3;16;4;17];[5;14;6;15];[7;11;8;10];[9;3;10;2];[11;18;12;19];[13;20;14;1];[15;4;16;5];[17;6;18;7];[19;12;20;13]],10,63,12.07646143
10_66,[[1;11;2;10];[3;13;4;12];[5;19;6;18];[7;15;8;14];[9;5;10;4];[11;3;12;2];[13;17;14;16];[15;9;16;8];[17;1;18;20];[19;7;20;6]],10,75,13.02926887
10_67,[[1;14;2;15];[3;19;4;18];[5;17;6;16];[7;11;8;10];[9;1;10;20];[11;7;12;6];[13;2;14;3];[15;13;16;12];[17;5;18;4];[19;9;20;8]],10,63,12.42163051
10_68,[[1;11;2;10];[3;16;4;17];[5;14;6;15];[7;18;8;19];[9;13;10;12];[11;3;12;2];[13;20;14;1];[15;4;16;5];[17;8;18;9];[19;6;20;7]],10,57,11.63703523
10_69,[[2;13;3;14];[4;17;5;18];[6;2;7;1];[8;19;9;20];[10;7;11;8];[12;3;13;4];[14;12;15;11];[16;5;17;6];[18;16;19;15];[20;9;1;10]],10,87,14.12650517
10_70,[[2;15;3;16];[4;11;5;12];[6;13;7;14];[8;20;9;19];[10;7;11;8];[12;5;13;6];[14;18;15;17];[16;1;17;2];[18;10;19;9];[20;4;1;3]],10,67,12.51088773
10_71,[[1;4;2;5];[3;8;4;9];[11;15;12;14];[5;13;6;12];[13;7;14;6];[9;19;10;18];[15;20;16;1];[19;16;20;17];[17;11;18;10];[7;2;8;3]],10,77,13.38522875
10_72,[[2;15;3;16];[4;12;5;11];[6;14;7;13];[8;18;9;17];[10;8;11;7];[12;6;13;5];[14;20;15;19];[16;1;17;2];[18;10;19;9];[20;4;1;3]],10,73,12.92959469
10_73,[[2;15;3;16];[4;7;5;8];[6;13;7;14];[8;12;9;11];[10;17;11;18];[12;5;13;6];[14;20;15;19];[16;1;17;2];[18;9;19;10];[20;4;1;3]],10,83,13.70688084
10_74,[[1;12;2;13];[3;15;4;14];[5;17;6;16];[7;1;8;20];[9;19;10;18];[11;2;12;3];[13;11;14;10];[15;7;16;6];[17;5;18;4];[19;9;20;8]],10,63,12.006037
10_75,[[1;14;2;15];[3;17;4;16];[5;18;6;19];[7;5;8;4];[9;20;10;1];[11;9;12;8];[13;2;14;3];[15;13;16;12];[17;6;18;7];[19;10;20;11]],10,81,13.43074878
10_76,[[2;11;3;12];[4;18;5;17];[6;20;7;19];[8;14;9;13];[10;16;11;15];[12;1;13;2];[14;10;15;9];[16;8;17;7];[18;6;19;5];[20;4;1;3]],10,57,11.51286041
10_77,[[1;7;2;6];[3;14;4;15];[5;9;6;8];[7;3;8;2];[9;18;10;19];[11;20;12;1];[13;16;14;17];[15;4;16;5];[17;12;18;13];[19;10;20;11]],10,63,12.07471168
10_78,[[1;7;2;6];[3;17;4;16];[5;9;6;8];[7;3;8;2];[9;13;10;12];[11;1;12;20];[13;18;14;19];[15;5;16;4];[17;14;18;15];[19;11;20;10]],10,69,12.5020992
10_79,[[6;2;7;1];[8;4;9;3];[12;6;13;5];[18;13;19;14];[16;9;17;10];[10;17;11;18];[20;15;1;16];[14;19;15;20];[2;8;3;7];[4;12;5;11]],10,61,12.54029522
10_80,[[1;17;2;16];[3;11;4;10];[5;19;6;18];[7;13;8;12];[9;5;10;4];[11;15;12;14];[13;9;14;8];[15;1;16;20];[17;3;18;2];[19;7;20;6]],10,71,13.39404447
10_81,[[4;2;5;1];[8;4;9;3];[12;6;13;5];[16;9;17;10];[20;17;1;18];[18;13;19;14];[14;19;15;20];[10;15;11;16];[6;12;7;11];[2;8;3;7]],10,85,14.49266703
10_82,[[1;12;2;13];[3;15;4;14];[5;19;6;18];[7;1;8;20];[9;2;10;3];[11;16;12;17];[13;9;14;8];[15;10;16;11];[17;5;18;4];[19;7;20;6]],10,63,12.43147953
10_83,[[2;7;3;8];[4;10;5;9];[6;1;7;2];[8;16;9;15];[10;17;11;18];[12;19;13;20];[14;6;15;5];[16;3;17;4];[18;13;19;14];[20;11;1;12]],10,83,14.25805185
10_84,[[2;10;3;9];[4;2;5;1];[6;13;7;14];[8;12;9;11];[10;4;11;3];[12;17;13;18];[14;20;15;19];[16;7;17;8];[18;6;19;5];[20;16;1;15]],10,87,14.70989878
10_85,[[2;7;3;8];[4;10;5;9];[6;1;7;2];[8;16;9;15];[10;17;11;18];[12;19;13;20];[14;6;15;5];[16;3;17;4];[18;11;19;12];[20;13;1;14]],10,57,11.79777366
10_86,[[2;7;3;8];[4;10;5;9];[6;1;7;2];[8;15;9;16];[10;18;11;17];[12;20;13;19];[14;4;15;3];[16;5;17;6];[18;14;19;13];[20;12;1;11]],10,85,14.34125614
10_87,[[2;11;3;12];[4;14;5;13];[6;1;7;2];[8;16;9;15];[10;8;11;7];[12;19;13;20];[14;18;15;17];[16;10;17;9];[18;4;19;3];[20;5;1;6]],10,81,14.2736446
10_88,[[4;2;5;1];[20;14;1;13];[8;3;9;4];[2;9;3;10];[14;7;15;8];[18;15;19;16];[12;6;13;5];[10;18;11;17];[16;12;17;11];[6;19;7;20]],10,101,15.64664917
10_89,[[2;7;3;8];[4;13;5;14];[6;12;7;11];[8;1;9;2];[10;15;11;16];[12;19;13;20];[14;18;15;17];[16;9;17;10];[18;5;19;6];[20;4;1;3]],10,99,15.56605892
10_90,[[2;9;3;10];[4;13;5;14];[6;20;7;19];[8;16;9;15];[10;3;11;4];[12;18;13;17];[14;1;15;2];[16;12;17;11];[18;8;19;7];[20;6;1;5]],10,77,13.86614986
10_91,[[6;2;7;1];[20;6;1;5];[16;9;17;10];[10;3;11;4];[2;18;3;17];[14;7;15;8];[8;15;9;16];[12;20;13;19];[18;12;19;11];[4;13;5;14]],10,73,13.48702242
10_92,[[1;9;2;8];[3;19;4;18];[5;12;6;13];[7;11;8;10];[9;3;10;2];[11;17;12;16];[13;4;14;5];[15;1;16;20];[17;7;18;6];[19;15;20;14]],10,89,14.85535017
10_93,[[2;17;3;18];[4;12;5;11];[6;20;7;19];[8;15;9;16];[10;6;11;5];[12;4;13;3];[14;7;15;8];[16;1;17;2];[18;13;19;14];[20;10;1;9]],10,67,13.01646716
10_94,[[1;9;2;8];[3;10;4;11];[5;14;6;15];[7;1;8;20];[9;17;10;16];[11;4;12;5];[13;19;14;18];[15;2;16;3];[17;13;18;12];[19;7;20;6]],10,71,13.31156653
10_95,[[2;16;3;15];[4;11;5;12];[6;17;7;18];[8;13;9;14];[10;19;11;20];[12;7;13;8];[14;2;15;1];[16;9;17;10];[18;5;19;6];[20;4;1;3]],10,91,15.04785288
10_96,[[1;16;2;17];[3;10;4;11];[5;1;6;20];[7;12;8;13];[9;4;10;5];[11;19;12;18];[13;6;14;7];[15;2;16;3];[17;15;18;14];[19;9;20;8]],10,93,15.17785143
10_97,[[2;12;3;11];[4;18;5;17];[6;13;7;14];[8;6;9;5];[10;20;11;19];[12;7;13;8];[14;2;15;1];[16;10;17;9];[18;4;19;3];[20;16;1;15]],10,87,14.85274671
10_98,[[1;10;2;11];[3;17;4;16];[5;13;6;12];[7;19;8;18];[9;15;10;14];[11;20;12;1];[13;7;14;6];[15;3;16;2];[17;9;18;8];[19;5;20;4]],10,81,14.41291902
10_99,[[6;2;7;1];[10;4;11;3];[16;11;17;12];[14;7;15;8];[8;15;9;16];[20;13;1;14];[12;19;13;20];[18;6;19;5];[2;10;3;9];[4;18;5;17]],10,81,14.33434452
10_100,[[2;9;3;10];[4;17;5;18];[6;12;7;11];[8;1;9;2];[10;16;11;15];[12;19;13;20];[14;8;15;7];[16;3;17;4];[18;5;19;6];[20;13;1;14]],10,65,12.81088257
10_101,[[2;12;3;11];[4;18;5;17];[6;14;7;13];[8;20;9;19];[10;6;11;5];[12;2;13;1];[14;10;15;9];[16;4;17;3];[18;16;19;15];[20;8;1;7]],10,85,14.68750684
10_102,[[2;9;3;10];[4;12;5;11];[6;18;7;17];[8;16;9;15];[10;19;11;20];[12;6;13;5];[14;1;15;2];[16;8;17;7];[18;4;19;3];[20;13;1;14]],10,73,13.7273433
10_103,[[2;9;3;10];[4;17;5;18];[6;12;7;11];[8;1;9;2];[10;16;11;15];[12;19;13;20];[14;8;15;7];[16;5;17;6];[18;3;19;4];[20;13;1;14]],10,75,13.87478957
10_104,[[6;2;7;1];[16;4;17;3];[18;9;19;10];[14;7;15;8];[20;13;1;14];[8;17;9;18];[10;19;11;20];[12;6;13;5];[4;12;5;11];[2;16;3;15]],10,77,14.10712669
10_105,[[1;11;2;10];[3;16;4;17];[5;1;6;20];[7;18;8;19];[9;13;10;12];[11;3;12;2];[13;7;14;6];[15;4;16;5];[17;8;18;9];[19;15;20;14]],10,91,15.1816955
10_106,[[1;15;2;14];[3;10;4;11];[5;17;6;16];[7;13;8;12];[9;2;10;3];[11;18;12;19];[13;1;14;20];[15;5;16;4];[17;7;18;6];[19;8;20;9]],10,75,13.93301899
10_107,[[1;11;2;10];[3;16;4;17];[5;1;6;20];[7;14;8;15];[9;13;10;12];[11;3;12;2];[13;18;14;19];[15;4;16;5];[17;8;18;9];[19;7;20;6]],10,93,15.3528527
10_108,[[1;15;2;14];[3;11;4;10];[5;12;6;13];[7;16;8;17];[9;3;10;2];[11;18;12;19];[13;1;14;20];[15;8;16;9];[17;6;18;7];[19;5;20;4]],10,63,12.90462395
10_109,[[6;2;7;1];[10;4;11;3];[18;11;19;12];[16;7;17;8];[8;17;9;18];[20;15;1;16];[12;19;13;20];[14;6;15;5];[2;10;3;9];[4;14;5;13]],10,85,14.9002086
10_110,[[1;14;2;15];[3;10;4;11];[5;1;6;20];[7;17;8;16];[9;4;10;5];[11;19;12;18];[13;2;14;3];[15;7;16;6];[17;13;18;12];[19;9;20;8]],10,83,14.77746267
10_111,[[1;9;2;8];[3;19;4;18];[5;11;6;10];[7;14;8;15];[9;3;10;2];[11;17;12;16];[13;1;14;20];[15;6;16;7];[17;5;18;4];[19;13;20;12]],10,77,14.26502301
10_112,[[2;10;3;9];[4;11;5;12];[6;19;7;20];[8;14;9;13];[10;15;11;16];[12;18;13;17];[14;1;15;2];[16;4;17;3];[18;5;19;6];[20;7;1;8]],10,87,14.75588408
10_113,[[2;8;3;7];[4;14;5;13];[6;11;7;12];[8;16;9;15];[10;2;11;1];[12;19;13;20];[14;18;15;17];[16;10;17;9];[18;4;19;3];[20;5;1;6]],10,111,16.47347366
10_114,[[1;8;2;9];[3;11;4;10];[5;14;6;15];[7;12;8;13];[9;17;10;16];[11;18;12;19];[13;6;14;7];[15;1;16;20];[17;2;18;3];[19;5;20;4]],10,93,15.30490434
10_115,[[6;2;7;1];[14;6;15;5];[20;15;1;16];[16;7;17;8];[8;19;9;20];[18;11;19;12];[10;4;11;3];[4;10;5;9];[12;17;13;18];[2;14;3;13]],10,109,16.63803806
10_116,[[2;16;3;15];[4;17;5;18];[6;12;7;11];[8;1;9;2];[10;4;11;3];[12;19;13;20];[14;8;15;7];[16;9;17;10];[18;5;19;6];[20;13;1;14]],10,95,15.42386651
10_117,[[1;14;2;15];[3;8;4;9];[5;18;6;19];[7;17;8;16];[9;20;10;1];[11;4;12;5];[13;7;14;6];[15;2;16;3];[17;13;18;12];[19;10;20;11]],10,103,16.12544352
10_118,[[6;2;7;1];[18;6;19;5];[20;13;1;14];[12;19;13;20];[14;7;15;8];[8;3;9;4];[2;16;3;15];[10;18;11;17];[16;10;17;9];[4;11;5;12]],10,97,15.54521491
10_119,[[1;16;2;17];[3;10;4;11];[5;1;6;20];[7;2;8;3];[9;14;10;15];[11;19;12;18];[13;4;14;5];[15;8;16;9];[17;7;18;6];[19;13;20;12]],10,101,15.93869413
10_120,[[2;10;3;9];[4;18;5;17];[6;12;7;11];[8;4;9;3];[10;16;11;15];[12;20;13;19];[14;8;15;7];[16;2;17;1];[18;14;19;13];[20;6;1;5]],10,105,16.27136828
10_121,[[2;11;3;12];[4;10;5;9];[6;2;7;1];[8;16;9;15];[10;17;11;18];[12;8;13;7];[14;20;15;19];[16;3;17;4];[18;6;19;5];[20;14;1;13]],10,115,16.97487703
10_122,[[1;8;2;9];[3;11;4;10];[5;12;6;13];[7;16;8;17];[9;15;10;14];[11;18;12;19];[13;1;14;20];[15;2;16;3];[17;6;18;7];[19;5;20;4]],10,105,16.41082316
10_123,[[8;2;9;1];[10;3;11;4];[12;6;13;5];[4;18;5;17];[18;11;19;12];[2;15;3;16];[16;10;17;9];[20;14;1;13];[14;7;15;8];[6;19;7;20]],10,121,17.08570948
10_124,[[1;9;2;8];[3;11;4;10];[5;13;6;12];[7;19;8;18];[9;3;10;2];[11;5;12;4];[14;20;15;19];[16;14;17;13];[17;7;18;6];[20;16;1;15]],10,1,0
10_126,[[1;7;2;6];[4;15;5;16];[5;9;6;8];[7;3;8;2];[10;17;11;18];[12;19;13;20];[14;9;15;10];[16;3;17;4];[18;11;19;12];[20;13;1;14]],10,19,6.904256124
10_127,[[1;7;2;6];[4;15;5;16];[5;9;6;8];[7;3;8;2];[9;15;10;14];[11;19;12;18];[13;1;14;20];[16;3;17;4];[17;11;18;10];[19;13;20;12]],10,29,8.89681676
10_129,[[1;7;2;6];[3;17;4;16];[5;9;6;8];[7;3;8;2];[10;19;11;20];[12;17;13;18];[14;9;15;10];[15;5;16;4];[18;11;19;12];[20;13;1;14]],10,25,8.901516637
10_130,[[1;7;2;6];[4;15;5;16];[5;9;6;8];[7;3;8;2];[10;19;11;20];[12;17;13;18];[14;9;15;10];[16;3;17;4];[18;11;19;12];[20;13;1;14]],10,17,6.77819889
10_131,[[1;7;2;6];[4;15;5;16];[5;9;6;8];[7;3;8;2];[9;15;10;14];[11;19;12;18];[13;1;14;20];[16;3;17;4];[17;13;18;12];[19;11;20;10]],10,31,9.465021657
10_133,[[2;16;3;15];[4;2;5;1];[7;13;8;12];[9;7;10;6];[11;18;12;19];[13;9;14;8];[14;20;15;19];[16;4;17;3];[17;10;18;11];[20;6;1;5]],10,19,7.798300232
10_134,[[2;16;3;15];[4;2;5;1];[7;13;8;12];[9;7;10;6];[10;18;11;17];[13;9;14;8];[14;20;15;19];[16;4;17;3];[18;12;19;11];[20;6;1;5]],10,23,8.392922508
10_135,[[1;4;2;5];[3;16;4;17];[5;20;6;1];[7;13;8;12];[9;7;10;6];[10;18;11;17];[13;9;14;8];[15;2;16;3];[18;12;19;11];[19;14;20;15]],10,37,10.68717497
10_136,[[2;17;3;18];[4;2;5;1];[7;14;8;15];[9;7;10;6];[12;19;13;20];[13;8;14;9];[15;11;16;10];[16;3;17;4];[18;11;19;12];[20;6;1;5]],10,15,7.746274546
10_137,[[1;15;2;14];[4;8;5;7];[6;19;7;20];[9;17;10;16];[11;8;12;9];[13;3;14;2];[15;11;16;10];[17;12;18;13];[18;4;19;3];[20;5;1;6]],10,25,9.250556263
10_138,[[1;15;2;14];[4;8;5;7];[6;19;7;20];[8;12;9;11];[10;15;11;16];[12;18;13;17];[13;3;14;2];[16;9;17;10];[18;4;19;3];[20;5;1;6]],10,35,10.46724624
10_141,[[2;11;3;12];[4;9;5;10];[5;19;6;18];[7;15;8;14];[10;1;11;2];[12;3;13;4];[13;17;14;16];[15;9;16;8];[17;1;18;20];[19;7;20;6]],10,21,7.936474229
10_142,[[1;15;2;14];[4;12;5;11];[6;18;7;17];[8;16;9;15];[10;4;11;3];[12;6;13;5];[13;1;14;20];[16;8;17;7];[18;10;19;9];[19;3;20;2]],10,15,6.770816781
10_143,[[2;11;3;12];[4;9;5;10];[6;19;7;20];[7;15;8;14];[10;1;11;2];[12;3;13;4];[13;17;14;16];[15;9;16;8];[18;5;19;6];[20;17;1;18]],10,27,9.07089927
10_144,[[1;9;2;8];[3;16;4;17];[5;14;6;15];[7;11;8;10];[9;3;10;2];[12;20;13;19];[15;4;16;5];[17;6;18;7];[18;12;19;11];[20;14;1;13]],10,39,10.79659498
10_146,[[1;14;2;15];[4;10;5;9];[6;14;7;13];[8;17;9;18];[10;4;11;3];[12;8;13;7];[15;20;16;1];[16;11;17;12];[18;5;19;6];[19;3;20;2]],10,33,10.56101675
10_147,[[2;8;3;7];[3;18;4;19];[6;11;7;12];[8;16;9;15];[10;2;11;1];[13;4;14;5];[14;18;15;17];[16;10;17;9];[19;13;20;12];[20;5;1;6]],10,27,9.417590916
10_148,[[2;17;3;18];[4;9;5;10];[6;19;7;20];[7;13;8;12];[10;3;11;4];[11;15;12;14];[13;9;14;8];[16;1;17;2];[18;5;19;6];[20;15;1;16]],10,31,10.26024344
10_149,[[1;17;2;16];[4;9;5;10];[5;19;6;18];[7;13;8;12];[10;3;11;4];[11;15;12;14];[13;9;14;8];[15;1;16;20];[17;3;18;2];[19;7;20;6]],10,41,11.44272678
10_150,[[1;17;2;16];[3;7;4;6];[5;1;6;20];[8;14;9;13];[10;8;11;7];[11;18;12;19];[14;10;15;9];[15;3;16;2];[17;12;18;13];[19;5;20;4]],10,29,10.08136286
10_151,[[2;15;3;16];[4;19;5;20];[6;3;7;4];[8;14;9;13];[10;8;11;7];[11;18;12;19];[14;10;15;9];[16;1;17;2];[17;12;18;13];[20;5;1;6]],10,43,11.84304475
10_152,[[1;7;2;6];[3;9;4;8];[5;19;6;18];[7;3;8;2];[10;16;11;15];[12;20;13;19];[14;10;15;9];[16;12;17;11];[17;5;18;4];[20;14;1;13]],10,11,8.536065347
10_153,[[2;17;3;18];[3;11;4;10];[6;19;7;20];[7;13;8;12];[9;5;10;4];[11;15;12;14];[13;9;14;8];[16;1;17;2];[18;5;19;6];[20;15;1;16]],10,1,7.374343889
10_154,[[1;17;2;16];[3;7;4;6];[5;1;6;20];[8;14;9;13];[10;8;11;7];[12;18;13;17];[14;10;15;9];[15;3;16;2];[18;12;19;11];[19;5;20;4]],10,13,9.249887444
10_155,[[1;11;2;10];[3;13;4;12];[5;14;6;15];[6;19;7;20];[9;16;10;17];[11;3;12;2];[13;19;14;18];[15;8;16;9];[17;4;18;5];[20;7;1;8]],10,25,9.250541613
10_156,[[1;13;2;12];[3;8;4;9];[5;14;6;15];[7;18;8;19];[10;15;11;16];[11;1;12;20];[13;6;14;7];[16;9;17;10];[17;4;18;5];[19;3;20;2]],10,35,11.16339064
10_157,[[2;8;3;7];[3;10;4;11];[5;18;6;19];[8;15;9;16];[11;4;12;5];[14;1;15;2];[16;9;17;10];[17;13;18;12];[19;6;20;7];[20;13;1;14]],10,49,12.66533329
10_158,[[3;9;4;8];[4;11;5;12];[6;20;7;19];[9;17;10;16];[12;5;13;6];[14;1;15;2];[15;11;16;10];[17;3;18;2];[18;8;19;7];[20;13;1;14]],10,45,12.27123636
10_159,[[2;10;3;9];[4;11;5;12];[5;19;6;18];[7;1;8;20];[8;14;9;13];[10;15;11;16];[12;18;13;17];[14;1;15;2];[16;4;17;3];[19;7;20;6]],10,39,11.74064104
10_160,[[1;13;2;12];[4;18;5;17];[6;14;7;13];[8;4;9;3];[10;15;11;16];[11;1;12;20];[14;6;15;5];[16;9;17;10];[18;8;19;7];[19;3;20;2]],10,21,9.203916606
10_162,[[2;9;3;10];[5;12;6;13];[6;18;7;17];[8;16;9;15];[10;19;11;20];[11;4;12;5];[14;1;15;2];[16;8;17;7];[18;4;19;3];[20;13;1;14]],10,35,10.69336055
10_163,[[1;8;2;9];[3;11;4;10];[6;14;7;13];[9;17;10;16];[11;18;12;19];[12;8;13;7];[14;6;15;5];[15;1;16;20];[17;2;18;3];[19;5;20;4]],10,51,13.29000307
10_164,[[2;12;3;11];[3;16;4;17];[6;14;7;13];[8;15;9;16];[9;5;10;4];[12;2;13;1];[14;19;15;20];[17;10;18;11];[18;5;19;6];[20;8;1;7]],10,45,12.50668793
10_165,[[1;8;2;9];[3;12;4;13];[4;17;5;18];[7;2;8;3];[9;14;10;15];[11;17;12;16];[13;6;14;7];[15;20;16;1];[18;5;19;6];[19;11;20;10]],10,39,11.60308465
11a_1,[[4;2;5;1];[10;6;11;5];[8;3;9;4];[2;9;3;10];[16;12;17;11];[14;7;15;8];[6;15;7;16];[20;14;21;13];[22;18;1;17];[18;22;19;21];[12;20;13;19]],11,127,15.64387484
11a_2,[[4;2;5;1];[10;6;11;5];[8;3;9;4];[2;9;3;10];[14;8;15;7];[18;12;19;11];[22;20;1;19];[20;16;21;15];[16;22;17;21];[12;18;13;17];[6;14;7;13]],11,137,16.58812851
11a_3,[[4;2;5;1];[10;6;11;5];[8;3;9;4];[2;9;3;10];[14;8;15;7];[20;15;21;16];[18;11;19;12];[12;19;13;20];[22;17;1;18];[16;21;17;22];[6;14;7;13]],11,115,15.55002981
11a_4,[[4;2;5;1];[10;6;11;5];[8;3;9;4];[2;9;3;10];[14;8;15;7];[20;17;21;18];[18;11;19;12];[12;19;13;20];[22;15;1;16];[16;21;17;22];[6;14;7;13]],11,97,14.18462244
11a_5,[[4;2;5;1];[10;6;11;5];[8;3;9;4];[2;9;3;10];[16;14;17;13];[14;7;15;8];[6;15;7;16];[20;12;21;11];[22;17;1;18];[18;21;19;22];[12;20;13;19]],11,125,15.5012281
11a_6,[[4;2;5;1];[10;6;11;5];[8;3;9;4];[2;9;3;10];[16;8;17;7];[18;12;19;11];[22;20;1;19];[20;13;21;14];[12;21;13;22];[14;18;15;17];[6;16;7;15]],11,135,15.84396245
11a_7,[[4;2;5;1];[10;6;11;5];[8;3;9;4];[2;9;3;10];[16;8;17;7];[22;17;1;18];[18;11;19;12];[20;13;21;14];[12;19;13;20];[14;21;15;22];[6;16;7;15]],11,95,13.53376086
11a_8,[[4;2;5;1];[10;6;11;5];[8;3;9;4];[2;9;3;10];[16;8;17;7];[22;17;1;18];[18;11;19;12];[12;21;13;22];[20;13;21;14];[14;19;15;20];[6;16;7;15]],11,117,14.91618517
11a_9,[[4;2;5;1];[10;6;11;5];[8;3;9;4];[2;9;3;10];[18;12;19;11];[16;7;17;8];[6;17;7;18];[20;14;21;13];[22;16;1;15];[12;20;13;19];[14;22;15;21]],11,65,11.38498508
11a_10,[[4;2;5;1];[10;6;11;5];[8;3;9;4];[2;9;3;10];[18;12;19;11];[16;7;17;8];[6;17;7;18];[22;16;1;15];[12;22;13;21];[20;14;21;13];[14;20;15;19]],11,107,14.64734792
11a_11,[[4;2;5;1];[10;6;11;5];[8;3;9;4];[2;9;3;10];[16;8;17;7];[18;14;19;13];[14;18;15;17];[22;19;1;20];[20;11;21;12];[12;21;13;22];[6;16;7;15]],11,113,14.72391327
11a_12,[[4;2;5;1];[10;6;11;5];[8;3;9;4];[2;9;3;10];[18;16;19;15];[16;7;17;8];[6;17;7;18];[20;12;21;11];[22;14;1;13];[12;22;13;21];[14;20;15;19]],11,103,14.26176603
11a_13,[[4;2;5;1];[10;6;11;5];[8;3;9;4];[2;9;3;10];[18;16;19;15];[16;7;17;8];[6;17;7;18];[22;12;1;11];[20;14;21;13];[14;20;15;19];[12;22;13;21]],11,61,10.73542336
11a_14,[[4;2;5;1];[8;4;9;3];[14;9;15;10];[12;5;13;6];[6;13;7;14];[18;11;19;12];[22;20;1;19];[20;16;21;15];[16;22;17;21];[10;17;11;18];[2;8;3;7]],11,133,16.40657222
11a_15,[[4;2;5;1];[8;4;9;3];[14;9;15;10];[12;5;13;6];[6;13;7;14];[20;15;21;16];[18;12;19;11];[10;20;11;19];[22;17;1;18];[16;21;17;22];[2;8;3;7]],11,107,15.12880966
11a_16,[[4;2;5;1];[8;4;9;3];[14;9;15;10];[12;5;13;6];[6;13;7;14];[20;17;21;18];[18;12;19;11];[10;20;11;19];[22;15;1;16];[16;21;17;22];[2;8;3;7]],11,105,14.45791993
11a_17,[[4;2;5;1];[8;4;9;3];[12;6;13;5];[16;9;17;10];[20;14;21;13];[22;17;1;18];[18;21;19;22];[14;20;15;19];[10;15;11;16];[6;12;7;11];[2;8;3;7]],11,123,16.10127641
11a_18,[[4;2;5;1];[8;4;9;3];[12;6;13;5];[18;16;19;15];[16;10;17;9];[10;18;11;17];[22;19;1;20];[20;13;21;14];[14;21;15;22];[6;12;7;11];[2;8;3;7]],11,127,16.02995932
11a_19,[[4;2;5;1];[8;4;9;3];[22;17;1;18];[12;5;13;6];[6;13;7;14];[18;12;19;11];[14;20;15;19];[16;9;17;10];[20;16;21;15];[10;22;11;21];[2;8;3;7]],11,155,17.7862654
11a_20,[[4;2;5;1];[8;4;9;3];[12;6;13;5];[18;9;19;10];[20;14;21;13];[22;16;1;15];[14;22;15;21];[16;20;17;19];[10;17;11;18];[6;12;7;11];[2;8;3;7]],11,113,15.34553712
11a_21,[[4;2;5;1];[8;4;9;3];[12;6;13;5];[18;9;19;10];[22;14;1;13];[20;16;21;15];[16;20;17;19];[14;22;15;21];[10;17;11;18];[6;12;7;11];[2;8;3;7]],11,75,12.63941433
11a_22,[[4;2;5;1];[8;4;9;3];[14;11;15;12];[12;5;13;6];[6;13;7;14];[20;16;21;15];[18;10;19;9];[10;20;11;19];[22;18;1;17];[16;22;17;21];[2;8;3;7]],11,101,14.65327282
11a_23,[[4;2;5;1];[8;4;9;3];[14;11;15;12];[12;5;13;6];[6;13;7;14];[20;18;21;17];[18;10;19;9];[10;20;11;19];[22;16;1;15];[16;22;17;21];[2;8;3;7]],11,103,14.34878063
11a_24,[[4;2;5;1];[8;4;9;3];[16;11;17;12];[12;5;13;6];[6;13;7;14];[22;18;1;17];[18;10;19;9];[10;22;11;21];[20;15;21;16];[14;19;15;20];[2;8;3;7]],11,157,17.90055815
11a_25,[[4;2;5;1];[8;4;9;3];[18;10;19;9];[12;5;13;6];[6;13;7;14];[14;19;15;20];[20;11;21;12];[22;18;1;17];[16;22;17;21];[10;16;11;15];[2;8;3;7]],11,155,17.7862654
11a_26,[[4;2;5;1];[8;4;9;3];[20;9;21;10];[12;5;13;6];[6;13;7;14];[18;12;19;11];[14;20;15;19];[10;16;11;15];[22;17;1;18];[16;21;17;22];[2;8;3;7]],11,157,17.90055815
11a_27,[[4;2;5;1];[22;14;1;13];[8;3;9;4];[2;9;3;10];[14;7;15;8];[20;15;21;16];[12;6;13;5];[10;17;11;18];[18;11;19;12];[16;19;17;20];[6;21;7;22]],11,143,17.01921126
11a_28,[[4;2;5;1];[20;14;21;13];[8;3;9;4];[2;9;3;10];[16;7;17;8];[22;16;1;15];[10;17;11;18];[12;6;13;5];[18;11;19;12];[6;19;7;20];[14;22;15;21]],11,121,15.87993778
11a_29,[[4;2;5;1];[20;16;21;15];[8;3;9;4];[2;9;3;10];[16;7;17;8];[22;14;1;13];[14;22;15;21];[10;17;11;18];[12;6;13;5];[18;11;19;12];[6;19;7;20]],11,115,15.71814601
11a_30,[[4;2;5;1];[12;6;13;5];[8;3;9;4];[2;9;3;10];[16;12;17;11];[10;18;11;17];[18;8;19;7];[22;19;1;20];[20;13;21;14];[14;21;15;22];[6;16;7;15]],11,149,17.3477838
11a_31,[[4;2;5;1];[8;4;9;3];[14;6;15;5];[22;16;1;15];[16;10;17;9];[20;18;21;17];[18;11;19;12];[10;19;11;20];[12;22;13;21];[6;14;7;13];[2;8;3;7]],11,125,15.40158853
11a_32,[[4;2;5;1];[8;4;9;3];[14;6;15;5];[22;16;1;15];[16;10;17;9];[10;22;11;21];[18;11;19;12];[20;17;21;18];[12;19;13;20];[6;14;7;13];[2;8;3;7]],11,139,16.05466651
11a_33,[[4;2;5;1];[8;4;9;3];[16;9;17;10];[14;5;15;6];[6;15;7;16];[18;11;19;12];[10;17;11;18];[22;19;1;20];[20;14;21;13];[12;22;13;21];[2;8;3;7]],11,95,13.89456201
11a_34,[[4;2;5;1];[8;4;9;3];[16;9;17;10];[14;5;15;6];[6;15;7;16];[22;17;1;18];[18;12;19;11];[10;22;11;21];[20;14;21;13];[12;20;13;19];[2;8;3;7]],11,119,14.97415127
11a_35,[[4;2;5;1];[8;4;9;3];[16;9;17;10];[14;5;15;6];[6;15;7;16];[22;13;1;14];[10;21;11;22];[18;12;19;11];[20;18;21;17];[12;20;13;19];[2;8;3;7]],11,121,15.37168034
11a_36,[[4;2;5;1];[8;4;9;3];[14;6;15;5];[16;9;17;10];[20;11;21;12];[22;17;1;18];[18;21;19;22];[10;19;11;20];[12;15;13;16];[6;14;7;13];[2;8;3;7]],11,121,15.1597194
11a_37,[[4;2;5;1];[8;4;9;3];[16;9;17;10];[14;5;15;6];[6;15;7;16];[22;17;1;18];[18;14;19;13];[20;12;21;11];[12;20;13;19];[10;22;11;21];[2;8;3;7]],11,93,13.33842822
11a_38,[[4;2;5;1];[8;4;9;3];[16;11;17;12];[14;5;15;6];[6;15;7;16];[18;9;19;10];[10;17;11;18];[22;19;1;20];[20;14;21;13];[12;22;13;21];[2;8;3;7]],11,117,15.68256584
11a_39,[[4;2;5;1];[8;4;9;3];[14;6;15;5];[18;9;19;10];[20;11;21;12];[22;16;1;15];[10;19;11;20];[16;22;17;21];[12;17;13;18];[6;14;7;13];[2;8;3;7]],11,101,14.03341294
11a_40,[[4;2;5;1];[8;4;9;3];[16;13;17;14];[14;5;15;6];[6;15;7;16];[22;18;1;17];[18;10;19;9];[20;12;21;11];[10;20;11;19];[12;22;13;21];[2;8;3;7]],11,89,12.88667599
11a_41,[[4;2;5;1];[8;4;9;3];[16;13;17;14];[14;5;15;6];[6;15;7;16];[22;18;1;17];[18;10;19;9];[10;22;11;21];[20;12;21;11];[12;20;13;19];[2;8;3;7]],11,115,14.68544378
11a_42,[[4;2;5;1];[8;4;9;3];[14;6;15;5];[20;9;21;10];[22;18;1;17];[18;22;19;21];[16;11;17;12];[12;15;13;16];[10;19;11;20];[6;14;7;13];[2;8;3;7]],11,107,14.53360088
11a_43,[[4;2;5;1];[8;4;9;3];[14;6;15;5];[18;16;19;15];[16;12;17;11];[12;18;13;17];[22;20;1;19];[20;10;21;9];[10;22;11;21];[6;14;7;13];[2;8;3;7]],11,135,16.30931989
11a_44,[[4;2;5;1];[8;4;9;3];[16;11;17;12];[14;5;15;6];[6;15;7;16];[22;20;1;19];[20;10;21;9];[10;22;11;21];[18;13;19;14];[12;17;13;18];[2;8;3;7]],11,117,15.59771415
11a_45,[[4;2;5;1];[8;4;9;3];[14;6;15;5];[20;9;21;10];[22;16;1;15];[16;22;17;21];[18;11;19;12];[12;17;13;18];[10;19;11;20];[6;14;7;13];[2;8;3;7]],11,87,13.21234259
11a_46,[[4;2;5;1];[8;4;9;3];[16;13;17;14];[14;5;15;6];[6;15;7;16];[18;11;19;12];[12;17;13;18];[22;20;1;19];[20;10;21;9];[10;22;11;21];[2;8;3;7]],11,87,13.06336076
11a_47,[[4;2;5;1];[8;4;9;3];[20;9;21;10];[14;5;15;6];[6;15;7;16];[18;14;19;13];[16;20;17;19];[12;18;13;17];[22;11;1;12];[10;21;11;22];[2;8;3;7]],11,117,15.59771415
11a_48,[[4;2;5;1];[10;8;11;7];[8;3;9;4];[2;9;3;10];[16;11;17;12];[14;5;15;6];[6;15;7;16];[20;13;21;14];[22;17;1;18];[18;21;19;22];[12;19;13;20]],11,113,15.11808434
11a_49,[[4;2;5;1];[10;8;11;7];[8;3;9;4];[2;9;3;10];[14;6;15;5];[20;16;21;15];[18;12;19;11];[12;20;13;19];[22;18;1;17];[16;22;17;21];[6;14;7;13]],11,105,15.1714492
11a_50,[[4;2;5;1];[10;8;11;7];[8;3;9;4];[2;9;3;10];[14;6;15;5];[20;18;21;17];[18;12;19;11];[12;20;13;19];[22;16;1;15];[16;22;17;21];[6;14;7;13]],11,83,13.47371865
11a_51,[[4;2;5;1];[10;8;11;7];[8;3;9;4];[2;9;3;10];[16;13;17;14];[14;5;15;6];[6;15;7;16];[20;11;21;12];[22;18;1;17];[18;22;19;21];[12;19;13;20]],11,115,15.115873
11a_52,[[4;2;5;1];[12;8;13;7];[8;3;9;4];[2;9;3;10];[22;13;1;14];[14;5;15;6];[6;21;7;22];[18;12;19;11];[20;16;21;15];[16;20;17;19];[10;18;11;17]],11,137,16.82425572
11a_53,[[4;2;5;1];[22;16;1;15];[8;3;9;4];[2;9;3;10];[16;7;17;8];[10;17;11;18];[14;6;15;5];[18;11;19;12];[20;13;21;14];[12;19;13;20];[6;21;7;22]],11,97,14.41602626
11a_54,[[4;2;5;1];[18;11;19;12];[8;3;9;4];[2;9;3;10];[14;6;15;5];[20;13;21;14];[22;16;1;15];[16;7;17;8];[12;17;13;18];[10;19;11;20];[6;21;7;22]],11,139,16.70289126
11a_55,[[4;2;5;1];[8;4;9;3];[16;6;17;5];[18;9;19;10];[20;11;21;12];[22;13;1;14];[10;19;11;20];[12;21;13;22];[14;17;15;18];[6;16;7;15];[2;8;3;7]],11,71,11.68461417
11a_56,[[4;2;5;1];[8;4;9;3];[16;6;17;5];[18;9;19;10];[22;13;1;14];[10;21;11;22];[20;11;21;12];[12;19;13;20];[14;17;15;18];[6;16;7;15];[2;8;3;7]],11,109,14.54058587
11a_57,[[4;2;5;1];[8;4;9;3];[16;6;17;5];[20;9;21;10];[22;11;1;12];[10;21;11;22];[14;19;15;20];[18;13;19;14];[12;17;13;18];[6;16;7;15];[2;8;3;7]],11,99,14.73540122
11a_58,[[4;2;5;1];[8;4;9;3];[16;6;17;5];[20;9;21;10];[22;11;1;12];[10;21;11;22];[18;13;19;14];[14;17;15;18];[12;19;13;20];[6;16;7;15];[2;8;3;7]],11,81,12.80691182
11a_59,[[4;2;5;1];[8;4;9;3];[16;6;17;5];[22;9;1;10];[20;11;21;12];[18;13;19;14];[14;17;15;18];[12;19;13;20];[10;21;11;22];[6;16;7;15];[2;8;3;7]],11,43,8.567161376
11a_60,[[4;2;5;1];[10;8;11;7];[8;3;9;4];[2;9;3;10];[16;6;17;5];[22;18;1;17];[18;12;19;11];[20;14;21;13];[12;20;13;19];[14;22;15;21];[6;16;7;15]],11,85,13.05898139
11a_61,[[4;2;5;1];[10;8;11;7];[8;3;9;4];[2;9;3;10];[16;6;17;5];[22;18;1;17];[18;12;19;11];[12;22;13;21];[20;14;21;13];[14;20;15;19];[6;16;7;15]],11,103,14.31827595
11a_62,[[4;2;5;1];[10;8;11;7];[8;3;9;4];[2;9;3;10];[18;11;19;12];[16;5;17;6];[6;17;7;18];[20;13;21;14];[22;15;1;16];[12;19;13;20];[14;21;15;22]],11,55,10.63862125
11a_63,[[4;2;5;1];[10;8;11;7];[8;3;9;4];[2;9;3;10];[18;11;19;12];[16;5;17;6];[6;17;7;18];[22;15;1;16];[12;21;13;22];[20;13;21;14];[14;19;15;20]],11,93,14.01164294
11a_64,[[4;2;5;1];[10;8;11;7];[8;3;9;4];[2;9;3;10];[18;15;19;16];[16;5;17;6];[6;17;7;18];[20;11;21;12];[22;13;1;14];[12;21;13;22];[14;19;15;20]],11,97,14.01313927
11a_65,[[4;2;5;1];[10;8;11;7];[8;3;9;4];[2;9;3;10];[18;15;19;16];[16;5;17;6];[6;17;7;18];[22;11;1;12];[20;13;21;14];[14;19;15;20];[12;21;13;22]],11,59,10.68650031
11a_66,[[4;2;5;1];[12;8;13;7];[8;3;9;4];[2;9;3;10];[20;13;21;14];[16;5;17;6];[6;19;7;20];[22;15;1;16];[14;21;15;22];[18;12;19;11];[10;18;11;17]],11,119,15.80105917
11a_67,[[4;2;5;1];[12;8;13;7];[8;3;9;4];[2;9;3;10];[20;15;21;16];[16;5;17;6];[6;19;7;20];[22;13;1;14];[14;21;15;22];[18;12;19;11];[10;18;11;17]],11,125,16.09979387
11a_68,[[4;2;5;1];[14;8;15;7];[8;3;9;4];[2;9;3;10];[22;15;1;16];[16;5;17;6];[6;21;7;22];[18;12;19;11];[20;14;21;13];[10;18;11;17];[12;20;13;19]],11,103,14.70025774
11a_69,[[4;2;5;1];[14;8;15;7];[8;3;9;4];[2;9;3;10];[22;15;1;16];[16;5;17;6];[6;21;7;22];[20;14;21;13];[10;20;11;19];[18;12;19;11];[12;18;13;17]],11,141,16.74027515
11a_70,[[4;2;5;1];[18;6;19;5];[8;3;9;4];[2;9;3;10];[16;11;17;12];[12;8;13;7];[6;16;7;15];[10;17;11;18];[22;20;1;19];[20;14;21;13];[14;22;15;21]],11,151,17.43351087
11a_71,[[4;2;5;1];[10;4;11;3];[22;11;1;12];[12;5;13;6];[6;18;7;17];[14;8;15;7];[18;13;19;14];[8;19;9;20];[16;22;17;21];[20;16;21;15];[2;10;3;9]],11,159,17.38730938
11a_72,[[4;2;5;1];[10;4;11;3];[22;11;1;12];[12;5;13;6];[18;14;19;13];[14;8;15;7];[6;19;7;20];[16;21;17;22];[20;15;21;16];[8;18;9;17];[2;10;3;9]],11,153,17.17298897
11a_73,[[4;2;5;1];[12;6;13;5];[10;3;11;4];[2;11;3;12];[14;7;15;8];[22;17;1;18];[6;20;7;19];[8;21;9;22];[16;10;17;9];[18;13;19;14];[20;16;21;15]],11,177,18.41840859
11a_74,[[4;2;5;1];[12;6;13;5];[10;3;11;4];[2;11;3;12];[14;8;15;7];[6;14;7;13];[20;16;21;15];[18;9;19;10];[8;19;9;20];[22;18;1;17];[16;22;17;21]],11,73,12.30515844
11a_75,[[4;2;5;1];[12;6;13;5];[10;3;11;4];[2;11;3;12];[14;8;15;7];[6;14;7;13];[20;18;21;17];[18;9;19;10];[8;19;9;20];[22;16;1;15];[16;22;17;21]],11,83,12.6919565
11a_76,[[4;2;5;1];[12;6;13;5];[10;3;11;4];[2;11;3;12];[20;14;21;13];[14;7;15;8];[6;19;7;20];[18;9;19;10];[8;15;9;16];[22;18;1;17];[16;22;17;21]],11,145,16.9805132
11a_77,[[4;2;5;1];[12;6;13;5];[10;3;11;4];[2;11;3;12];[22;14;1;13];[14;7;15;8];[6;21;7;22];[18;9;19;10];[20;15;21;16];[16;19;17;20];[8;17;9;18]],11,131,15.25732859
11a_78,[[4;2;5;1];[12;6;13;5];[10;3;11;4];[2;11;3;12];[20;10;21;9];[22;18;1;17];[18;22;19;21];[16;14;17;13];[14;7;15;8];[6;15;7;16];[8;20;9;19]],11,123,15.33163272
11a_79,[[4;2;5;1];[12;6;13;5];[10;3;11;4];[2;11;3;12];[20;10;21;9];[22;17;1;18];[18;13;19;14];[14;7;15;8];[8;15;9;16];[16;21;17;22];[6;20;7;19]],11,143,16.87140207
11a_80,[[4;2;5;1];[12;6;13;5];[10;3;11;4];[2;11;3;12];[22;10;1;9];[6;17;7;18];[14;7;15;8];[18;14;19;13];[8;20;9;19];[16;21;17;22];[20;15;21;16]],11,137,16.51612416
11a_81,[[4;2;5;1];[12;6;13;5];[10;3;11;4];[2;11;3;12];[22;10;1;9];[18;13;19;14];[14;7;15;8];[6;20;7;19];[16;22;17;21];[20;16;21;15];[8;17;9;18]],11,127,16.05096733
11a_82,[[4;2;5;1];[10;4;11;3];[22;11;1;12];[12;5;13;6];[18;13;19;14];[16;8;17;7];[6;18;7;17];[20;15;21;16];[14;19;15;20];[8;21;9;22];[2;10;3;9]],11,95,13.88825994
11a_83,[[4;2;5;1];[10;4;11;3];[22;11;1;12];[12;5;13;6];[6;21;7;22];[16;8;17;7];[18;14;19;13];[20;16;21;15];[14;20;15;19];[8;18;9;17];[2;10;3;9]],11,113,14.77031523
11a_84,[[4;2;5;1];[10;4;11;3];[22;11;1;12];[12;5;13;6];[18;15;19;16];[16;8;17;7];[6;18;7;17];[20;13;21;14];[14;19;15;20];[8;21;9;22];[2;10;3;9]],11,101,13.86957044
11a_85,[[4;2;5;1];[10;4;11;3];[22;11;1;12];[12;5;13;6];[6;21;7;22];[16;8;17;7];[20;14;21;13];[18;16;19;15];[14;20;15;19];[8;18;9;17];[2;10;3;9]],11,107,14.05511415
11a_86,[[4;2;5;1];[12;6;13;5];[10;3;11;4];[2;11;3;12];[16;8;17;7];[22;19;1;20];[20;13;21;14];[14;21;15;22];[18;10;19;9];[6;16;7;15];[8;18;9;17]],11,91,13.55736049
11a_87,[[4;2;5;1];[12;6;13;5];[10;3;11;4];[2;11;3;12];[18;10;19;9];[22;19;1;20];[20;13;21;14];[14;21;15;22];[6;18;7;17];[16;8;17;7];[8;16;9;15]],11,121,15.13807156
11a_88,[[4;2;5;1];[12;6;13;5];[10;3;11;4];[2;11;3;12];[20;14;21;13];[16;7;17;8];[6;19;7;20];[18;9;19;10];[8;17;9;18];[22;16;1;15];[14;22;15;21]],11,101,14.14441036
11a_89,[[4;2;5;1];[12;6;13;5];[10;3;11;4];[2;11;3;12];[16;8;17;7];[22;14;1;13];[14;22;15;21];[6;16;7;15];[20;18;21;17];[18;9;19;10];[8;19;9;20]],11,119,14.72808187
11a_90,[[4;2;5;1];[12;6;13;5];[10;3;11;4];[2;11;3;12];[20;16;21;15];[16;7;17;8];[6;19;7;20];[18;9;19;10];[22;14;1;13];[8;17;9;18];[14;22;15;21]],11,87,12.51875225
11a_91,[[4;2;5;1];[12;6;13;5];[10;3;11;4];[2;11;3;12];[20;10;21;9];[22;14;1;13];[14;22;15;21];[6;20;7;19];[16;7;17;8];[18;15;19;16];[8;17;9;18]],11,129,15.13271153
11a_92,[[4;2;5;1];[12;6;13;5];[10;3;11;4];[2;11;3;12];[22;10;1;9];[6;22;7;21];[16;7;17;8];[18;13;19;14];[20;15;21;16];[14;19;15;20];[8;17;9;18]],11,103,14.24224184
11a_93,[[4;2;5;1];[12;6;13;5];[10;3;11;4];[2;11;3;12];[22;10;1;9];[6;22;7;21];[16;7;17;8];[20;13;21;14];[18;15;19;16];[14;19;15;20];[8;17;9;18]],11,93,13.11119498
11a_94,[[4;2;5;1];[10;4;11;3];[12;6;13;5];[18;8;19;7];[20;14;21;13];[22;16;1;15];[14;22;15;21];[16;20;17;19];[6;18;7;17];[8;12;9;11];[2;10;3;9]],11,107,14.45804565
11a_95,[[4;2;5;1];[10;4;11;3];[12;6;13;5];[18;8;19;7];[22;14;1;13];[20;16;21;15];[16;20;17;19];[14;22;15;21];[6;18;7;17];[8;12;9;11];[2;10;3;9]],11,73,11.76068508
11a_96,[[4;2;5;1];[12;6;13;5];[10;3;11;4];[2;11;3;12];[22;14;1;13];[14;9;15;10];[18;7;19;8];[20;18;21;17];[16;22;17;21];[8;15;9;16];[6;19;7;20]],11,121,14.87439687
11a_97,[[4;2;5;1];[12;6;13;5];[10;3;11;4];[2;11;3;12];[20;14;21;13];[16;9;17;10];[18;7;19;8];[8;17;9;18];[6;19;7;20];[22;16;1;15];[14;22;15;21]],11,71,12.16998529
11a_98,[[4;2;5;1];[12;6;13;5];[10;3;11;4];[2;11;3;12];[20;16;21;15];[16;9;17;10];[18;7;19;8];[8;17;9;18];[6;19;7;20];[22;14;1;13];[14;22;15;21]],11,77,12.02171194
11a_99,[[4;2;5;1];[12;6;13;5];[10;3;11;4];[2;11;3;12];[20;8;21;7];[22;17;1;18];[18;13;19;14];[14;21;15;22];[16;10;17;9];[8;16;9;15];[6;20;7;19]],11,135,16.60859721
11a_100,[[4;2;5;1];[12;6;13;5];[10;3;11;4];[2;11;3;12];[20;8;21;7];[22;14;1;13];[18;22;19;21];[16;10;17;9];[14;18;15;17];[8;16;9;15];[6;20;7;19]],11,141,16.17551149
11a_101,[[4;2;5;1];[10;4;11;3];[20;11;21;12];[12;7;13;8];[8;19;9;20];[18;14;19;13];[14;6;15;5];[6;18;7;17];[22;16;1;15];[16;22;17;21];[2;10;3;9]],11,167,18.52095056
11a_102,[[4;2;5;1];[12;8;13;7];[10;3;11;4];[2;11;3;12];[14;6;15;5];[6;14;7;13];[20;16;21;15];[18;9;19;10];[8;19;9;20];[22;18;1;17];[16;22;17;21]],11,99,14.68610932
11a_103,[[4;2;5;1];[12;8;13;7];[10;3;11;4];[2;11;3;12];[14;6;15;5];[6;14;7;13];[20;18;21;17];[18;9;19;10];[8;19;9;20];[22;16;1;15];[16;22;17;21]],11,81,13.22183761
11a_104,[[4;2;5;1];[12;8;13;7];[10;3;11;4];[2;11;3;12];[16;13;17;14];[14;5;15;6];[6;15;7;16];[20;10;21;9];[22;18;1;17];[18;22;19;21];[8;20;9;19]],11,125,15.71833934
11a_105,[[4;2;5;1];[10;4;11;3];[14;6;15;5];[16;8;17;7];[20;11;21;12];[22;18;1;17];[18;22;19;21];[6;16;7;15];[12;19;13;20];[8;14;9;13];[2;10;3;9]],11,109,14.71700081
11a_106,[[4;2;5;1];[10;4;11;3];[18;13;19;14];[14;5;15;6];[16;7;17;8];[6;15;7;16];[8;17;9;18];[22;20;1;19];[20;12;21;11];[12;22;13;21];[2;10;3;9]],11,93,13.40012185
11a_107,[[4;2;5;1];[10;4;11;3];[18;13;19;14];[14;5;15;6];[6;17;7;18];[16;7;17;8];[8;15;9;16];[22;20;1;19];[20;12;21;11];[12;22;13;21];[2;10;3;9]],11,111,14.30636095
11a_108,[[4;2;5;1];[10;4;11;3];[20;11;21;12];[14;5;15;6];[18;15;19;16];[16;8;17;7];[6;18;7;17];[8;19;9;20];[22;13;1;14];[12;21;13;22];[2;10;3;9]],11,99,14.23678351
11a_109,[[4;2;5;1];[10;4;11;3];[20;11;21;12];[14;5;15;6];[6;19;7;20];[16;8;17;7];[18;16;19;15];[8;18;9;17];[22;13;1;14];[12;21;13;22];[2;10;3;9]],11,117,15.11912707
11a_110,[[4;2;5;1];[10;4;11;3];[20;13;21;14];[14;5;15;6];[18;15;19;16];[16;8;17;7];[6;18;7;17];[8;19;9;20];[22;11;1;12];[12;21;13;22];[2;10;3;9]],11,97,13.47165434
11a_111,[[4;2;5;1];[10;4;11;3];[20;13;21;14];[14;5;15;6];[6;19;7;20];[16;8;17;7];[18;16;19;15];[8;18;9;17];[22;11;1;12];[12;21;13;22];[2;10;3;9]],11,103,13.67450033
11a_112,[[4;2;5;1];[22;18;1;17];[10;3;11;4];[2;11;3;12];[18;9;19;10];[12;19;13;20];[14;6;15;5];[16;8;17;7];[6;16;7;15];[20;13;21;14];[8;21;9;22]],11,125,16.34297559
11a_113,[[4;2;5;1];[22;16;1;15];[10;3;11;4];[2;11;3;12];[16;7;17;8];[18;9;19;10];[8;17;9;18];[12;19;13;20];[14;6;15;5];[20;13;21;14];[6;21;7;22]],11,109,15.67783116
11a_114,[[4;2;5;1];[10;4;11;3];[14;6;15;5];[22;16;1;15];[16;12;17;11];[12;22;13;21];[6;14;7;13];[20;17;21;18];[18;7;19;8];[8;19;9;20];[2;10;3;9]],11,151,17.55836278
11a_115,[[4;2;5;1];[10;4;11;3];[20;11;21;12];[18;7;19;8];[14;6;15;5];[12;17;13;18];[6;14;7;13];[8;19;9;20];[22;16;1;15];[16;22;17;21];[2;10;3;9]],11,121,16.42829834
11a_116,[[4;2;5;1];[10;4;11;3];[14;6;15;5];[18;8;19;7];[22;16;1;15];[16;22;17;21];[20;11;21;12];[6;18;7;17];[12;19;13;20];[8;14;9;13];[2;10;3;9]],11,137,17.08797076
11a_117,[[4;2;5;1];[10;4;11;3];[14;6;15;5];[18;8;19;7];[20;16;21;15];[16;20;17;19];[22;11;1;12];[6;18;7;17];[12;21;13;22];[8;14;9;13];[2;10;3;9]],11,117,14.59696676
11a_118,[[4;2;5;1];[12;10;13;9];[10;3;11;4];[2;11;3;12];[14;6;15;5];[20;16;21;15];[18;7;19;8];[6;19;7;20];[22;18;1;17];[16;22;17;21];[8;14;9;13]],11,87,13.34965123
11a_119,[[4;2;5;1];[12;10;13;9];[10;3;11;4];[2;11;3;12];[14;6;15;5];[20;18;21;17];[18;7;19;8];[6;19;7;20];[22;16;1;15];[16;22;17;21];[8;14;9;13]],11,77,12.0579781
11a_120,[[4;2;5;1];[12;10;13;9];[10;3;11;4];[2;11;3;12];[22;13;1;14];[14;5;15;6];[18;7;19;8];[20;17;21;18];[16;21;17;22];[6;15;7;16];[8;19;9;20]],11,109,14.31264523
11a_121,[[4;2;5;1];[12;10;13;9];[10;3;11;4];[2;11;3;12];[22;13;1;14];[14;5;15;6];[20;18;21;17];[8;15;9;16];[6;19;7;20];[18;7;19;8];[16;22;17;21]],11,119,14.75552573
11a_122,[[4;2;5;1];[22;16;1;15];[10;3;11;4];[2;11;3;12];[16;9;17;10];[18;7;19;8];[8;17;9;18];[12;19;13;20];[14;6;15;5];[20;13;21;14];[6;21;7;22]],11,127,16.45942322
11a_123,[[4;2;5;1];[10;4;11;3];[20;8;21;7];[18;14;19;13];[14;6;15;5];[6;18;7;17];[12;20;13;19];[8;12;9;11];[22;16;1;15];[16;22;17;21];[2;10;3;9]],11,117,15.97132802
11a_124,[[4;2;5;1];[10;4;11;3];[14;6;15;5];[22;16;1;15];[16;12;17;11];[20;8;21;7];[18;22;19;21];[12;18;13;17];[6;20;7;19];[8;14;9;13];[2;10;3;9]],11,155,17.523968
11a_125,[[4;2;5;1];[10;4;11;3];[16;11;17;12];[14;5;15;6];[8;15;9;16];[20;8;21;7];[12;22;13;21];[18;14;19;13];[6;20;7;19];[22;17;1;18];[2;10;3;9]],11,175,18.64549534
11a_126,[[4;2;5;1];[10;4;11;3];[16;11;17;12];[8;15;9;16];[6;20;7;19];[14;5;15;6];[20;8;21;7];[18;22;19;21];[22;13;1;14];[12;17;13;18];[2;10;3;9]],11,145,17.2092012
11a_127,[[4;2;5;1];[10;4;11;3];[22;11;1;12];[14;5;15;6];[6;20;7;19];[20;8;21;7];[8;15;9;16];[16;22;17;21];[18;14;19;13];[12;18;13;17];[2;10;3;9]],11,137,16.65594885
11a_128,[[4;2;5;1];[14;5;15;6];[10;3;11;4];[2;11;3;12];[12;16;13;15];[16;10;17;9];[20;8;21;7];[22;17;1;18];[18;21;19;22];[8;20;9;19];[6;13;7;14]],11,129,15.69431664
11a_129,[[4;2;5;1];[22;16;1;15];[10;3;11;4];[2;11;3;12];[16;9;17;10];[12;17;13;18];[14;6;15;5];[18;13;19;14];[8;21;9;22];[20;7;21;8];[6;19;7;20]],11,113,15.50892847
11a_130,[[4;2;5;1];[20;7;21;8];[10;3;11;4];[2;11;3;12];[14;6;15;5];[16;9;17;10];[22;16;1;15];[12;17;13;18];[18;13;19;14];[8;19;9;20];[6;21;7;22]],11,123,15.99063581
11a_131,[[4;2;5;1];[14;6;15;5];[10;3;11;4];[2;11;3;12];[20;13;21;14];[16;21;17;22];[18;9;19;10];[8;17;9;18];[12;19;13;20];[22;8;1;7];[6;16;7;15]],11,131,16.91459404
11a_132,[[4;2;5;1];[12;8;13;7];[10;3;11;4];[2;11;3;12];[16;6;17;5];[6;16;7;15];[20;14;21;13];[18;9;19;10];[8;19;9;20];[22;18;1;17];[14;22;15;21]],11,135,16.77882244
11a_133,[[4;2;5;1];[10;4;11;3];[16;6;17;5];[20;11;21;12];[22;18;1;17];[18;22;19;21];[12;19;13;20];[14;8;15;7];[8;14;9;13];[6;16;7;15];[2;10;3;9]],11,79,12.94779461
11a_134,[[4;2;5;1];[10;4;11;3];[14;8;15;7];[22;20;1;19];[20;12;21;11];[12;22;13;21];[8;14;9;13];[18;15;19;16];[16;5;17;6];[6;17;7;18];[2;10;3;9]],11,123,15.48406234
11a_135,[[4;2;5;1];[12;10;13;9];[10;3;11;4];[2;11;3;12];[16;6;17;5];[22;18;1;17];[14;7;15;8];[8;20;9;19];[6;21;7;22];[18;14;19;13];[20;15;21;16]],11,153,17.65635854
11a_136,[[4;2;5;1];[14;7;15;8];[10;3;11;4];[2;11;3;12];[16;6;17;5];[18;9;19;10];[20;15;21;16];[8;13;9;14];[22;18;1;17];[12;19;13;20];[6;21;7;22]],11,163,18.07111941
11a_137,[[4;2;5;1];[22;18;1;17];[10;3;11;4];[2;11;3;12];[18;9;19;10];[12;19;13;20];[16;6;17;5];[14;8;15;7];[20;13;21;14];[6;16;7;15];[8;21;9;22]],11,111,15.50948927
11a_138,[[4;2;5;1];[16;5;17;6];[10;3;11;4];[2;11;3;12];[12;18;13;17];[18;10;19;9];[20;14;21;13];[6;21;7;22];[14;8;15;7];[8;20;9;19];[22;15;1;16]],11,161,18.04714314
11a_139,[[4;2;5;1];[10;4;11;3];[16;6;17;5];[18;8;19;7];[20;11;21;12];[22;13;1;14];[12;21;13;22];[6;18;7;17];[14;19;15;20];[8;16;9;15];[2;10;3;9]],11,99,13.73053908
11a_140,[[4;2;5;1];[10;4;11;3];[16;6;17;5];[18;8;19;7];[22;11;1;12];[20;13;21;14];[6;18;7;17];[14;19;15;20];[12;21;13;22];[8;16;9;15];[2;10;3;9]],11,65,10.62749618
11a_141,[[4;2;5;1];[12;10;13;9];[10;3;11;4];[2;11;3;12];[16;6;17;5];[22;18;1;17];[18;7;19;8];[6;21;7;22];[8;14;9;13];[20;15;21;16];[14;19;15;20]],11,103,14.94555631
11a_142,[[4;2;5;1];[12;10;13;9];[10;3;11;4];[2;11;3;12];[20;13;21;14];[16;5;17;6];[18;7;19;8];[6;17;7;18];[8;19;9;20];[22;15;1;16];[14;21;15;22]],11,59,11.41378946
11a_143,[[4;2;5;1];[12;10;13;9];[10;3;11;4];[2;11;3;12];[20;13;21;14];[16;5;17;6];[6;19;7;20];[18;7;19;8];[8;17;9;18];[22;15;1;16];[14;21;15;22]],11,89,13.60842047
11a_144,[[4;2;5;1];[12;10;13;9];[10;3;11;4];[2;11;3;12];[20;15;21;16];[16;5;17;6];[18;7;19;8];[6;17;7;18];[8;19;9;20];[22;13;1;14];[14;21;15;22]],11,73,11.82285809
11a_145,[[4;2;5;1];[12;10;13;9];[10;3;11;4];[2;11;3;12];[20;15;21;16];[16;5;17;6];[6;19;7;20];[18;7;19;8];[8;17;9;18];[22;13;1;14];[14;21;15;22]],11,83,12.39107762
11a_146,[[4;2;5;1];[14;10;15;9];[10;3;11;4];[2;11;3;12];[22;15;1;16];[16;5;17;6];[18;7;19;8];[6;17;7;18];[8;21;9;22];[20;14;21;13];[12;20;13;19]],11,123,16.28821973
11a_147,[[4;2;5;1];[10;4;11;3];[16;6;17;5];[20;8;21;7];[18;13;19;14];[12;17;13;18];[22;11;1;12];[6;20;7;19];[14;21;15;22];[8;16;9;15];[2;10;3;9]],11,151,17.23527563
11a_148,[[4;2;5;1];[12;10;13;9];[10;3;11;4];[2;11;3;12];[16;6;17;5];[22;18;1;17];[18;14;19;13];[14;22;15;21];[20;8;21;7];[6;16;7;15];[8;20;9;19]],11,115,15.77281713
11a_149,[[4;2;5;1];[12;10;13;9];[10;3;11;4];[2;11;3;12];[16;6;17;5];[22;18;1;17];[18;14;19;13];[20;7;21;8];[14;20;15;19];[6;21;7;22];[8;16;9;15]],11,127,16.26631999
11a_150,[[4;2;5;1];[12;10;13;9];[10;3;11;4];[2;11;3;12];[18;13;19;14];[8;17;9;18];[6;21;7;22];[16;5;17;6];[20;7;21;8];[22;15;1;16];[14;19;15;20]],11,125,16.21113006
11a_151,[[4;2;5;1];[14;10;15;9];[10;3;11;4];[2;11;3;12];[22;15;1;16];[16;5;17;6];[20;7;21;8];[6;19;7;20];[8;21;9;22];[18;14;19;13];[12;18;13;17]],11,127,16.15823191
11a_152,[[4;2;5;1];[14;10;15;9];[10;3;11;4];[2;11;3;12];[22;15;1;16];[16;5;17;6];[6;21;7;22];[20;7;21;8];[8;19;9;20];[18;14;19;13];[12;18;13;17]],11,117,15.64135047
11a_153,[[4;2;5;1];[10;4;11;3];[18;6;19;5];[20;13;21;14];[22;15;1;16];[14;21;15;22];[16;19;17;20];[12;8;13;7];[8;12;9;11];[6;18;7;17];[2;10;3;9]],11,89,13.41128582
11a_154,[[4;2;5;1];[10;4;11;3];[18;6;19;5];[22;13;1;14];[20;15;21;16];[16;19;17;20];[14;21;15;22];[12;8;13;7];[8;12;9;11];[6;18;7;17];[2;10;3;9]],11,67,11.54623467
11a_155,[[4;2;5;1];[10;4;11;3];[16;11;17;12];[12;7;13;8];[8;15;9;16];[20;13;21;14];[6;21;7;22];[18;5;19;6];[14;19;15;20];[22;17;1;18];[2;10;3;9]],11,171,18.53843574
11a_156,[[4;2;5;1];[12;8;13;7];[10;3;11;4];[2;11;3;12];[20;15;21;16];[18;5;19;6];[6;19;7;20];[22;17;1;18];[16;21;17;22];[14;10;15;9];[8;14;9;13]],11,91,14.08563304
11a_157,[[4;2;5;1];[12;8;13;7];[10;3;11;4];[2;11;3;12];[20;13;21;14];[18;5;19;6];[6;19;7;20];[22;17;1;18];[14;21;15;22];[16;10;17;9];[8;16;9;15]],11,135,16.81275955
11a_158,[[4;2;5;1];[10;4;11;3];[16;11;17;12];[18;5;19;6];[14;7;15;8];[8;15;9;16];[6;19;7;20];[12;22;13;21];[20;14;21;13];[22;17;1;18];[2;10;3;9]],11,119,16.2349533
11a_159,[[4;2;5;1];[10;4;11;3];[18;6;19;5];[22;11;1;12];[20;15;21;16];[16;19;17;20];[12;21;13;22];[14;8;15;7];[8;14;9;13];[6;18;7;17];[2;10;3;9]],11,111,14.40887305
11a_160,[[4;2;5;1];[10;4;11;3];[14;7;15;8];[22;11;1;12];[16;22;17;21];[20;14;21;13];[18;5;19;6];[6;19;7;20];[8;15;9;16];[12;18;13;17];[2;10;3;9]],11,145,17.09851719
11a_161,[[4;2;5;1];[12;10;13;9];[10;3;11;4];[2;11;3;12];[14;8;15;7];[8;14;9;13];[20;15;21;16];[18;5;19;6];[6;19;7;20];[22;17;1;18];[16;21;17;22]],11,57,11.01256933
11a_162,[[4;2;5;1];[16;10;17;9];[10;3;11;4];[2;11;3;12];[22;17;1;18];[18;5;19;6];[14;7;15;8];[6;13;7;14];[8;21;9;22];[20;16;21;15];[12;20;13;19]],11,167,18.2450339
11a_163,[[4;2;5;1];[14;8;15;7];[10;3;11;4];[2;11;3;12];[22;17;1;18];[18;5;19;6];[6;21;7;22];[16;10;17;9];[20;14;21;13];[8;16;9;15];[12;20;13;19]],11,119,15.91929282
11a_164,[[4;2;5;1];[22;16;1;15];[10;3;11;4];[2;11;3;12];[16;9;17;10];[12;17;13;18];[14;8;15;7];[18;6;19;5];[6;20;7;19];[20;13;21;14];[8;21;9;22]],11,169,18.35849728
11a_165,[[4;2;5;1];[10;4;11;3];[18;6;19;5];[20;11;21;12];[22;13;1;14];[12;21;13;22];[14;19;15;20];[16;8;17;7];[8;16;9;15];[6;18;7;17];[2;10;3;9]],11,81,12.57285253
11a_166,[[4;2;5;1];[10;4;11;3];[18;6;19;5];[22;11;1;12];[20;13;21;14];[14;19;15;20];[12;21;13;22];[16;8;17;7];[8;16;9;15];[6;18;7;17];[2;10;3;9]],11,59,10.36707815
11a_167,[[4;2;5;1];[12;10;13;9];[10;3;11;4];[2;11;3;12];[8;14;9;13];[22;17;1;18];[18;5;19;6];[14;20;15;19];[16;8;17;7];[20;16;21;15];[6;21;7;22]],11,113,15.50318388
11a_168,[[4;2;5;1];[14;10;15;9];[10;3;11;4];[2;11;3;12];[16;8;17;7];[8;16;9;15];[22;17;1;18];[18;5;19;6];[6;21;7;22];[20;14;21;13];[12;20;13;19]],11,125,16.36894411
11a_169,[[4;2;5;1];[14;10;15;9];[10;3;11;4];[2;11;3;12];[22;15;1;16];[18;5;19;6];[8;21;9;22];[16;7;17;8];[6;17;7;18];[20;14;21;13];[12;20;13;19]],11,121,16.14429937
11a_170,[[4;2;5;1];[10;4;11;3];[16;11;17;12];[18;5;19;6];[8;15;9;16];[14;19;15;20];[20;8;21;7];[6;14;7;13];[12;22;13;21];[22;17;1;18];[2;10;3;9]],11,185,19.20510718
11a_171,[[4;2;5;1];[10;4;11;3];[20;8;21;7];[18;5;19;6];[14;19;15;20];[22;11;1;12];[6;14;7;13];[16;22;17;21];[8;15;9;16];[12;18;13;17];[2;10;3;9]],11,183,18.67120688
11a_172,[[4;2;5;1];[14;10;15;9];[10;3;11;4];[2;11;3;12];[22;8;1;7];[18;5;19;6];[16;22;17;21];[6;17;7;18];[8;16;9;15];[20;14;21;13];[12;20;13;19]],11,139,17.20203531
11a_173,[[4;2;5;1];[10;4;11;3];[20;6;21;5];[22;15;1;16];[16;21;17;22];[14;8;15;7];[18;13;19;14];[12;19;13;20];[8;12;9;11];[6;18;7;17];[2;10;3;9]],11,135,16.7455825
11a_174,[[4;2;5;1];[12;4;13;3];[22;13;1;14];[14;5;15;6];[16;7;17;8];[6;15;7;16];[20;17;21;18];[18;10;19;9];[8;20;9;19];[10;21;11;22];[2;12;3;11]],11,79,12.13434244
11a_175,[[4;2;5;1];[12;4;13;3];[22;13;1;14];[14;5;15;6];[16;7;17;8];[6;15;7;16];[8;21;9;22];[18;10;19;9];[20;18;21;17];[10;20;11;19];[2;12;3;11]],11,105,13.96053431
11a_176,[[4;2;5;1];[12;4;13;3];[22;13;1;14];[14;5;15;6];[20;15;21;16];[16;8;17;7];[6;20;7;19];[18;10;19;9];[8;18;9;17];[10;21;11;22];[2;12;3;11]],11,111,14.13477883
11a_177,[[4;2;5;1];[12;4;13;3];[22;13;1;14];[14;5;15;6];[6;21;7;22];[16;8;17;7];[20;16;21;15];[18;10;19;9];[8;18;9;17];[10;20;11;19];[2;12;3;11]],11,97,13.04503717
11a_178,[[4;2;5;1];[12;4;13;3];[22;13;1;14];[14;5;15;6];[6;21;7;22];[16;8;17;7];[20;16;21;15];[8;20;9;19];[18;10;19;9];[10;18;11;17];[2;12;3;11]],11,123,14.642365
11a_179,[[4;2;5;1];[14;6;15;5];[12;3;13;4];[2;13;3;14];[16;8;17;7];[18;10;19;9];[6;16;7;15];[8;18;9;17];[22;20;1;19];[20;11;21;12];[10;21;11;22]],11,57,10.06742545
11a_180,[[4;2;5;1];[14;6;15;5];[12;3;13;4];[2;13;3;14];[16;8;17;7];[6;16;7;15];[22;18;1;17];[18;9;19;10];[8;21;9;22];[20;11;21;12];[10;19;11;20]],11,89,12.74278189
11a_181,[[4;2;5;1];[14;6;15;5];[12;3;13;4];[2;13;3;14];[18;10;19;9];[6;18;7;17];[16;8;17;7];[8;16;9;15];[22;20;1;19];[20;11;21;12];[10;21;11;22]],11,99,13.87903507
11a_182,[[4;2;5;1];[14;6;15;5];[12;3;13;4];[2;13;3;14];[22;16;1;15];[16;7;17;8];[6;21;7;22];[18;9;19;10];[20;11;21;12];[8;17;9;18];[10;19;11;20]],11,73,11.26928725
11a_183,[[4;2;5;1];[14;6;15;5];[12;3;13;4];[2;13;3;14];[22;16;1;15];[16;7;17;8];[6;21;7;22];[20;11;21;12];[8;19;9;20];[18;9;19;10];[10;17;11;18]],11,115,14.43044263
11a_184,[[4;2;5;1];[14;6;15;5];[12;3;13;4];[2;13;3;14];[22;12;1;11];[6;22;7;21];[16;7;17;8];[20;15;21;16];[18;9;19;10];[8;17;9;18];[10;19;11;20]],11,87,12.44985252
11a_185,[[4;2;5;1];[14;6;15;5];[12;3;13;4];[2;13;3;14];[22;12;1;11];[6;22;7;21];[16;7;17;8];[20;15;21;16];[8;19;9;20];[18;9;19;10];[10;17;11;18]],11,109,13.87222885
11a_186,[[4;2;5;1];[12;4;13;3];[14;6;15;5];[16;8;17;7];[20;10;21;9];[22;18;1;17];[18;22;19;21];[6;16;7;15];[8;20;9;19];[10;14;11;13];[2;12;3;11]],11,95,13.64351537
11a_187,[[4;2;5;1];[12;4;13;3];[22;13;1;14];[14;5;15;6];[20;10;21;9];[18;21;19;22];[6;17;7;18];[16;7;17;8];[8;15;9;16];[10;20;11;19];[2;12;3;11]],11,117,14.94498044
11a_188,[[4;2;5;1];[14;6;15;5];[12;3;13;4];[2;13;3;14];[16;8;17;7];[6;16;7;15];[22;18;1;17];[18;11;19;12];[20;9;21;10];[10;19;11;20];[8;21;9;22]],11,67,10.65886042
11a_189,[[4;2;5;1];[14;6;15;5];[12;3;13;4];[2;13;3;14];[22;10;1;9];[18;11;19;12];[6;19;7;20];[16;7;17;8];[10;17;11;18];[20;16;21;15];[8;22;9;21]],11,149,17.37416032
11a_190,[[4;2;5;1];[12;4;13;3];[22;13;1;14];[14;5;15;6];[20;15;21;16];[16;10;17;9];[18;8;19;7];[8;18;9;17];[6;20;7;19];[10;21;11;22];[2;12;3;11]],11,85,12.23489135
11a_191,[[4;2;5;1];[12;4;13;3];[14;6;15;5];[18;8;19;7];[22;16;1;15];[16;22;17;21];[20;10;21;9];[6;18;7;17];[8;20;9;19];[10;14;11;13];[2;12;3;11]],11,83,12.39954737
11a_192,[[4;2;5;1];[12;4;13;3];[14;6;15;5];[20;10;21;9];[22;16;1;15];[16;22;17;21];[6;20;7;19];[18;8;19;7];[8;18;9;17];[10;14;11;13];[2;12;3;11]],11,97,13.20075987
11a_193,[[4;2;5;1];[14;6;15;5];[12;3;13;4];[2;13;3;14];[22;16;1;15];[16;11;17;12];[18;7;19;8];[20;9;21;10];[8;19;9;20];[10;17;11;18];[6;21;7;22]],11,95,13.35316245
11a_194,[[4;2;5;1];[14;6;15;5];[12;3;13;4];[2;13;3;14];[22;16;1;15];[16;9;17;10];[8;21;9;22];[20;7;21;8];[6;19;7;20];[18;11;19;12];[10;17;11;18]],11,93,13.79681154
11a_195,[[4;2;5;1];[14;6;15;5];[12;3;13;4];[2;13;3;14];[22;16;1;15];[16;11;17;12];[20;7;21;8];[18;9;19;10];[10;17;11;18];[8;19;9;20];[6;21;7;22]],11,53,9.313369225
11a_196,[[4;2;5;1];[14;6;15;5];[12;3;13;4];[2;13;3;14];[22;10;1;9];[18;11;19;12];[10;17;11;18];[6;19;7;20];[20;7;21;8];[8;16;9;15];[16;21;17;22]],11,147,17.28551979
11a_197,[[4;2;5;1];[12;4;13;3];[14;8;15;7];[18;10;19;9];[20;18;21;17];[6;21;7;22];[16;5;17;6];[10;20;11;19];[8;14;9;13];[22;15;1;16];[2;12;3;11]],11,143,17.41059311
11a_198,[[4;2;5;1];[12;4;13;3];[22;13;1;14];[16;5;17;6];[8;21;9;22];[18;10;19;9];[20;18;21;17];[10;20;11;19];[14;7;15;8];[6;15;7;16];[2;12;3;11]],11,115,15.06595518
11a_199,[[4;2;5;1];[14;8;15;7];[12;3;13;4];[2;13;3;14];[16;6;17;5];[6;16;7;15];[22;18;1;17];[18;9;19;10];[8;21;9;22];[20;11;21;12];[10;19;11;20]],11,99,13.96443369
11a_200,[[4;2;5;1];[12;4;13;3];[16;6;17;5];[20;10;21;9];[22;18;1;17];[18;22;19;21];[8;20;9;19];[14;8;15;7];[10;14;11;13];[6;16;7;15];[2;12;3;11]],11,85,13.75907055
11a_201,[[4;2;5;1];[14;8;15;7];[12;3;13;4];[2;13;3;14];[16;6;17;5];[6;16;7;15];[22;18;1;17];[18;11;19;12];[20;9;21;10];[10;19;11;20];[8;21;9;22]],11,81,12.60761102
11a_202,[[4;2;5;1];[14;10;15;9];[12;3;13;4];[2;13;3;14];[16;6;17;5];[18;8;19;7];[6;18;7;17];[8;16;9;15];[22;20;1;19];[20;11;21;12];[10;21;11;22]],11,111,14.87112202
11a_203,[[4;2;5;1];[12;4;13;3];[16;6;17;5];[18;8;19;7];[20;10;21;9];[22;13;1;14];[6;18;7;17];[8;20;9;19];[14;21;15;22];[10;16;11;15];[2;12;3;11]],11,63,10.26133186
11a_204,[[4;2;5;1];[12;4;13;3];[16;6;17;5];[20;10;21;9];[22;13;1;14];[6;20;7;19];[18;8;19;7];[8;18;9;17];[14;21;15;22];[10;16;11;15];[2;12;3;11]],11,101,13.60801589
11a_205,[[4;2;5;1];[14;12;15;11];[12;3;13;4];[2;13;3;14];[16;6;17;5];[22;18;1;17];[18;7;19;8];[6;21;7;22];[20;9;21;10];[8;19;9;20];[10;16;11;15]],11,91,12.87983706
11a_206,[[4;2;5;1];[14;12;15;11];[12;3;13;4];[2;13;3;14];[22;15;1;16];[16;5;17;6];[18;7;19;8];[20;9;21;10];[6;17;7;18];[8;19;9;20];[10;21;11;22]],11,47,8.628755386
11a_207,[[4;2;5;1];[14;12;15;11];[12;3;13;4];[2;13;3;14];[22;15;1;16];[16;5;17;6];[18;7;19;8];[6;17;7;18];[8;21;9;22];[20;9;21;10];[10;19;11;20]],11,85,12.73555499
11a_208,[[4;2;5;1];[14;12;15;11];[12;3;13;4];[2;13;3;14];[22;15;1;16];[16;5;17;6];[6;21;7;22];[20;9;21;10];[18;7;19;8];[8;19;9;20];[10;17;11;18]],11,105,13.9792285
11a_209,[[4;2;5;1];[20;7;21;8];[12;3;13;4];[2;13;3;14];[16;6;17;5];[18;11;19;12];[10;19;11;20];[14;10;15;9];[8;16;9;15];[22;18;1;17];[6;21;7;22]],11,141,17.3022803
11a_210,[[4;2;5;1];[14;12;15;11];[12;3;13;4];[2;13;3;14];[16;6;17;5];[22;18;1;17];[18;9;19;10];[20;7;21;8];[8;19;9;20];[6;21;7;22];[10;16;11;15]],11,73,11.52243144
11a_211,[[4;2;5;1];[14;12;15;11];[12;3;13;4];[2;13;3;14];[22;15;1;16];[16;5;17;6];[6;21;7;22];[20;7;21;8];[18;9;19;10];[10;17;11;18];[8;19;9;20]],11,67,10.88047437
11a_212,[[4;2;5;1];[12;4;13;3];[22;8;1;7];[16;5;17;6];[6;15;7;16];[20;18;21;17];[8;14;9;13];[10;20;11;19];[18;10;19;9];[14;22;15;21];[2;12;3;11]],11,153,17.70920626
11a_213,[[4;2;5;1];[12;4;13;3];[16;6;17;5];[18;10;19;9];[22;8;1;7];[8;22;9;21];[20;13;21;14];[6;18;7;17];[14;19;15;20];[10;16;11;15];[2;12;3;11]],11,145,17.50994879
11a_214,[[4;2;5;1];[16;5;17;6];[12;3;13;4];[2;13;3;14];[14;18;15;17];[18;12;19;11];[22;8;1;7];[20;10;21;9];[10;20;11;19];[8;22;9;21];[6;15;7;16]],11,69,11.79474143
11a_215,[[4;2;5;1];[12;4;13;3];[18;6;19;5];[14;7;15;8];[8;21;9;22];[20;16;21;15];[22;13;1;14];[6;20;7;19];[10;18;11;17];[16;10;17;9];[2;12;3;11]],11,133,16.73216092
11a_216,[[4;2;5;1];[12;4;13;3];[18;6;19;5];[20;10;21;9];[14;7;15;8];[8;15;9;16];[22;13;1;14];[6;20;7;19];[16;21;17;22];[10;18;11;17];[2;12;3;11]],11,147,17.27953289
11a_217,[[4;2;5;1];[14;8;15;7];[12;3;13;4];[2;13;3;14];[20;9;21;10];[18;5;19;6];[6;19;7;20];[22;17;1;18];[10;21;11;22];[16;12;17;11];[8;16;9;15]],11,139,17.24619221
11a_218,[[4;2;5;1];[14;12;15;11];[12;3;13;4];[2;13;3;14];[16;8;17;7];[20;9;21;10];[6;21;7;22];[18;5;19;6];[10;19;11;20];[8;16;9;15];[22;17;1;18]],11,131,16.74395185
11a_219,[[4;2;5;1];[14;12;15;11];[12;3;13;4];[2;13;3;14];[22;15;1;16];[18;5;19;6];[8;21;9;22];[20;9;21;10];[10;19;11;20];[16;7;17;8];[6;17;7;18]],11,87,13.45778475
11a_220,[[4;2;5;1];[12;4;13;3];[18;6;19;5];[20;8;21;7];[22;15;1;16];[6;20;7;19];[16;21;17;22];[14;10;15;9];[10;14;11;13];[8;18;9;17];[2;12;3;11]],11,85,12.62146344
11a_221,[[4;2;5;1];[14;10;15;9];[12;3;13;4];[2;13;3;14];[22;17;1;18];[18;5;19;6];[20;7;21;8];[6;19;7;20];[8;21;9;22];[16;12;17;11];[10;16;11;15]],11,79,12.24281962
11a_222,[[4;2;5;1];[14;10;15;9];[12;3;13;4];[2;13;3;14];[22;17;1;18];[18;5;19;6];[6;21;7;22];[20;7;21;8];[8;19;9;20];[16;12;17;11];[10;16;11;15]],11,101,13.89033083
11a_223,[[4;2;5;1];[12;4;13;3];[18;6;19;5];[20;8;21;7];[22;13;1;14];[6;20;7;19];[14;21;15;22];[10;18;11;17];[16;10;17;9];[8;16;9;15];[2;12;3;11]],11,75,12.69813606
11a_224,[[4;2;5;1];[12;4;13;3];[18;6;19;5];[20;8;21;7];[22;13;1;14];[6;20;7;19];[14;21;15;22];[16;10;17;9];[10;16;11;15];[8;18;9;17];[2;12;3;11]],11,89,13.0758567
11a_225,[[4;2;5;1];[14;12;15;11];[12;3;13;4];[2;13;3;14];[16;10;17;9];[10;16;11;15];[22;17;1;18];[18;5;19;6];[20;7;21;8];[6;19;7;20];[8;21;9;22]],11,53,9.362236961
11a_226,[[4;2;5;1];[14;12;15;11];[12;3;13;4];[2;13;3;14];[16;10;17;9];[10;16;11;15];[22;17;1;18];[18;5;19;6];[6;21;7;22];[20;7;21;8];[8;19;9;20]],11,71,11.51442678
11a_227,[[4;2;5;1];[12;4;13;3];[18;6;19;5];[8;14;9;13];[22;8;1;7];[20;16;21;15];[14;22;15;21];[6;20;7;19];[10;18;11;17];[16;10;17;9];[2;12;3;11]],11,143,17.34948676
11a_228,[[4;2;5;1];[14;12;15;11];[12;3;13;4];[2;13;3;14];[22;8;1;7];[18;5;19;6];[6;17;7;18];[10;19;11;20];[20;9;21;10];[8;16;9;15];[16;22;17;21]],11,133,16.80895098
11a_229,[[4;2;5;1];[12;4;13;3];[20;6;21;5];[22;15;1;16];[16;21;17;22];[18;8;19;7];[14;10;15;9];[10;14;11;13];[8;18;9;17];[6;20;7;19];[2;12;3;11]],11,71,11.48934266
11a_230,[[4;2;5;1];[12;4;13;3];[20;6;21;5];[22;13;1;14];[14;21;15;22];[18;8;19;7];[16;10;17;9];[10;16;11;15];[8;18;9;17];[6;20;7;19];[2;12;3;11]],11,51,9.274415863
11a_231,[[4;2;5;1];[14;4;15;3];[20;15;21;16];[10;5;11;6];[12;7;13;8];[6;11;7;12];[18;10;19;9];[8;20;9;19];[22;17;1;18];[16;21;17;22];[2;14;3;13]],11,99,14.73540122
11a_232,[[4;2;5;1];[14;4;15;3];[22;9;1;10];[10;5;11;6];[18;11;19;12];[16;8;17;7];[6;18;7;17];[12;19;13;20];[20;15;21;16];[8;21;9;22];[2;14;3;13]],11,123,16.4522958
11a_233,[[4;2;5;1];[14;4;15;3];[22;9;1;10];[10;5;11;6];[18;11;19;12];[20;8;21;7];[8;15;9;16];[6;18;7;17];[12;19;13;20];[16;22;17;21];[2;14;3;13]],11,173,18.72955937
11a_234,[[4;2;5;1];[14;4;15;3];[16;6;17;5];[18;8;19;7];[20;10;21;9];[22;12;1;11];[6;18;7;17];[8;20;9;19];[10;22;11;21];[12;16;13;15];[2;14;3;13]],11,37,7.440012119
11a_235,[[4;2;5;1];[14;4;15;3];[16;6;17;5];[18;8;19;7];[22;12;1;11];[6;18;7;17];[8;22;9;21];[20;10;21;9];[10;20;11;19];[12;16;13;15];[2;14;3;13]],11,71,11.84450583
11a_236,[[4;2;5;1];[14;4;15;3];[16;6;17;5];[22;12;1;11];[6;22;7;21];[20;10;21;9];[18;8;19;7];[8;20;9;19];[10;18;11;17];[12;16;13;15];[2;14;3;13]],11,99,13.71869537
11a_237,[[4;2;5;1];[14;4;15;3];[16;6;17;5];[20;12;21;11];[22;10;1;9];[10;22;11;21];[6;20;7;19];[18;8;19;7];[8;18;9;17];[12;16;13;15];[2;14;3;13]],11,93,13.65465277
11a_238,[[4;2;5;1];[14;4;15;3];[16;6;17;5];[22;12;1;11];[6;22;7;21];[20;8;21;7];[18;10;19;9];[10;18;11;17];[8;20;9;19];[12;16;13;15];[2;14;3;13]],11,65,10.84671087
11a_239,[[4;2;5;1];[14;4;15;3];[20;8;21;7];[18;5;19;6];[12;19;13;20];[22;9;1;10];[8;15;9;16];[6;12;7;11];[16;22;17;21];[10;18;11;17];[2;14;3;13]],11,195,19.57372628
11a_240,[[4;2;5;1];[14;4;15;3];[18;6;19;5];[20;8;21;7];[22;10;1;9];[6;20;7;19];[8;22;9;21];[12;18;13;17];[16;12;17;11];[10;16;11;15];[2;14;3;13]],11,61,10.69806515
11a_241,[[4;2;5;1];[14;4;15;3];[18;6;19;5];[22;10;1;9];[6;22;7;21];[20;8;21;7];[8;20;9;19];[12;18;13;17];[16;12;17;11];[10;16;11;15];[2;14;3;13]],11,95,13.70141825
11a_242,[[4;2;5;1];[14;4;15;3];[18;6;19;5];[20;8;21;7];[22;10;1;9];[6;20;7;19];[8;22;9;21];[16;12;17;11];[12;16;13;15];[10;18;11;17];[2;14;3;13]],11,47,9.033284111
11a_243,[[4;2;5;1];[14;4;15;3];[18;6;19;5];[22;10;1;9];[6;22;7;21];[20;8;21;7];[8;20;9;19];[16;12;17;11];[12;16;13;15];[10;18;11;17];[2;14;3;13]],11,69,11.47672849
11a_244,[[4;2;5;1];[14;4;15;3];[18;6;19;5];[16;10;17;9];[22;8;1;7];[20;12;21;11];[10;22;11;21];[8;16;9;15];[6;20;7;19];[12;18;13;17];[2;14;3;13]],11,147,17.34770203
11a_245,[[4;2;5;1];[14;4;15;3];[20;6;21;5];[22;8;1;7];[6;22;7;21];[16;10;17;9];[18;12;19;11];[10;18;11;17];[12;16;13;15];[8;20;9;19];[2;14;3;13]],11,75,12.47307775
11a_246,[[4;2;5;1];[14;4;15;3];[20;6;21;5];[22;8;1;7];[6;22;7;21];[18;10;19;9];[16;12;17;11];[12;16;13;15];[10;18;11;17];[8;20;9;19];[2;14;3;13]],11,41,8.500583913
11a_248,[[6;2;7;1];[18;8;19;7];[8;3;9;4];[2;17;3;18];[16;9;17;10];[10;6;11;5];[4;16;5;15];[20;11;21;12];[22;13;1;14];[12;21;13;22];[14;19;15;20]],11,159,17.71449125
11a_249,[[6;2;7;1];[18;8;19;7];[8;3;9;4];[2;17;3;18];[16;9;17;10];[10;6;11;5];[4;16;5;15];[22;11;1;12];[20;13;21;14];[14;19;15;20];[12;21;13;22]],11,117,15.79695381
11a_250,[[6;2;7;1];[8;4;9;3];[2;8;3;7];[14;10;15;9];[12;5;13;6];[4;13;5;14];[20;16;21;15];[18;11;19;12];[10;19;11;20];[22;18;1;17];[16;22;17;21]],11,85,13.80299729
11a_251,[[6;2;7;1];[8;4;9;3];[2;8;3;7];[22;18;1;17];[12;5;13;6];[4;13;5;14];[18;11;19;12];[14;19;15;20];[16;10;17;9];[20;15;21;16];[10;21;11;22]],11,133,16.92349027
11a_252,[[6;2;7;1];[8;4;9;3];[2;8;3;7];[16;12;17;11];[12;5;13;6];[4;13;5;14];[22;17;1;18];[18;9;19;10];[10;21;11;22];[20;16;21;15];[14;20;15;19]],11,131,16.85592881
11a_253,[[6;2;7;1];[8;4;9;3];[2;8;3;7];[18;9;19;10];[12;5;13;6];[4;13;5;14];[14;20;15;19];[20;12;21;11];[22;17;1;18];[16;21;17;22];[10;15;11;16]],11,133,16.92349027
11a_254,[[6;2;7;1];[8;4;9;3];[2;8;3;7];[20;10;21;9];[12;5;13;6];[4;13;5;14];[18;11;19;12];[14;19;15;20];[10;15;11;16];[22;18;1;17];[16;22;17;21]],11,131,16.85592881
11a_255,[[6;2;7;1];[20;8;21;7];[8;3;9;4];[2;19;3;20];[16;9;17;10];[12;6;13;5];[4;16;5;15];[18;11;19;12];[10;17;11;18];[22;13;1;14];[14;21;15;22]],11,143,17.30740339
11a_256,[[6;2;7;1];[20;8;21;7];[8;3;9;4];[2;19;3;20];[16;11;17;12];[12;6;13;5];[4;16;5;15];[18;9;19;10];[10;17;11;18];[22;13;1;14];[14;21;15;22]],11,133,16.7428819
11a_257,[[6;2;7;1];[8;4;9;3];[2;8;3;7];[16;10;17;9];[14;5;15;6];[4;15;5;16];[22;18;1;17];[18;11;19;12];[10;21;11;22];[20;13;21;14];[12;19;13;20]],11,97,13.73008256
11a_258,[[6;2;7;1];[8;4;9;3];[2;8;3;7];[16;10;17;9];[14;5;15;6];[4;15;5;16];[22;18;1;17];[18;13;19;14];[20;11;21;12];[12;19;13;20];[10;21;11;22]],11,75,11.98772111
11a_259,[[6;2;7;1];[8;4;9;3];[14;6;15;5];[18;10;19;9];[20;12;21;11];[22;15;1;16];[10;20;11;19];[16;21;17;22];[12;18;13;17];[2;8;3;7];[4;14;5;13]],11,79,12.52009276
11a_260,[[6;2;7;1];[8;4;9;3];[14;6;15;5];[20;10;21;9];[22;15;1;16];[16;21;17;22];[18;12;19;11];[12;18;13;17];[10;20;11;19];[2;8;3;7];[4;14;5;13]],11,69,11.8188869
11a_261,[[6;2;7;1];[16;8;17;7];[8;3;9;4];[2;15;3;16];[14;5;15;6];[4;9;5;10];[22;18;1;17];[18;11;19;12];[10;21;11;22];[20;13;21;14];[12;19;13;20]],11,129,15.94234856
11a_262,[[6;2;7;1];[16;8;17;7];[8;3;9;4];[2;15;3;16];[14;5;15;6];[4;9;5;10];[22;18;1;17];[18;13;19;14];[20;11;21;12];[12;19;13;20];[10;21;11;22]],11,107,14.81387612
11a_263,[[6;2;7;1];[8;4;9;3];[16;6;17;5];[20;10;21;9];[22;12;1;11];[10;22;11;21];[14;20;15;19];[18;14;19;13];[12;18;13;17];[2;8;3;7];[4;16;5;15]],11,81,13.7204399
11a_264,[[6;2;7;1];[16;6;17;5];[22;17;1;18];[14;7;15;8];[8;3;9;4];[4;9;5;10];[18;12;19;11];[10;22;11;21];[20;14;21;13];[12;20;13;19];[2;16;3;15]],11,135,16.2353416
11a_265,[[6;2;7;1];[16;6;17;5];[22;17;1;18];[14;7;15;8];[8;3;9;4];[4;9;5;10];[18;14;19;13];[20;12;21;11];[12;20;13;19];[10;22;11;21];[2;16;3;15]],11,109,14.8554963
11a_266,[[6;2;7;1];[10;3;11;4];[14;7;15;8];[18;11;19;12];[12;6;13;5];[4;18;5;17];[20;16;21;15];[16;10;17;9];[22;13;1;14];[2;19;3;20];[8;21;9;22]],11,209,20.22857001
11a_267,[[6;2;7;1];[20;10;21;9];[10;3;11;4];[2;19;3;20];[14;7;15;8];[18;11;19;12];[12;6;13;5];[4;18;5;17];[8;15;9;16];[22;13;1;14];[16;21;17;22]],11,191,19.51576318
11a_268,[[6;2;7;1];[18;8;19;7];[10;3;11;4];[2;17;3;18];[16;11;17;12];[12;6;13;5];[4;16;5;15];[20;10;21;9];[22;13;1;14];[8;20;9;19];[14;21;15;22]],11,139,17.33821351
11a_269,[[6;2;7;1];[20;8;21;7];[18;11;19;12];[12;6;13;5];[2;19;3;20];[8;16;9;15];[10;3;11;4];[16;10;17;9];[4;18;5;17];[22;13;1;14];[14;21;15;22]],11,151,18.0173445
11a_270,[[6;2;7;1];[18;10;19;9];[10;3;11;4];[2;17;3;18];[20;8;21;7];[16;11;17;12];[12;6;13;5];[4;16;5;15];[8;20;9;19];[22;13;1;14];[14;21;15;22]],11,137,17.03242628
11a_271,[[6;2;7;1];[22;8;1;7];[18;11;19;12];[12;6;13;5];[2;19;3;20];[16;10;17;9];[10;3;11;4];[14;22;15;21];[20;16;21;15];[8;14;9;13];[4;18;5;17]],11,171,18.78901135
11a_272,[[6;2;7;1];[18;10;19;9];[10;3;11;4];[2;17;3;18];[22;8;1;7];[16;11;17;12];[12;6;13;5];[4;16;5;15];[8;22;9;21];[20;13;21;14];[14;19;15;20]],11,149,17.73926815
11a_273,[[6;2;7;1];[16;8;17;7];[10;3;11;4];[20;9;21;10];[18;13;19;14];[12;19;13;20];[2;15;3;16];[8;21;9;22];[14;5;15;6];[4;11;5;12];[22;18;1;17]],11,159,18.40079373
11a_274,[[6;2;7;1];[10;4;11;3];[18;7;19;8];[8;19;9;20];[2;10;3;9];[20;11;21;12];[14;5;15;6];[4;15;5;16];[16;22;17;21];[22;14;1;13];[12;17;13;18]],11,165,18.65051375
11a_275,[[6;2;7;1];[10;4;11;3];[20;8;21;7];[22;15;1;16];[18;12;19;11];[12;18;13;17];[16;21;17;22];[8;20;9;19];[14;6;15;5];[2;10;3;9];[4;14;5;13]],11,129,16.94861281
11a_276,[[6;2;7;1];[14;6;15;5];[20;8;21;7];[22;15;1;16];[16;21;17;22];[8;18;9;17];[10;4;11;3];[4;10;5;9];[12;20;13;19];[18;12;19;11];[2;14;3;13]],11,161,18.35558626
11a_277,[[6;2;7;1];[12;8;13;7];[16;5;17;6];[4;10;5;9];[10;4;11;3];[2;17;3;18];[18;11;19;12];[8;19;9;20];[20;14;21;13];[22;16;1;15];[14;22;15;21]],11,135,16.92067721
11a_278,[[6;2;7;1];[12;8;13;7];[16;5;17;6];[4;10;5;9];[10;4;11;3];[2;17;3;18];[18;11;19;12];[8;19;9;20];[20;16;21;15];[22;14;1;13];[14;22;15;21]],11,141,17.21115256
11a_279,[[6;2;7;1];[12;8;13;7];[16;5;17;6];[10;3;11;4];[2;11;3;12];[4;17;5;18];[8;19;9;20];[18;9;19;10];[20;14;21;13];[22;16;1;15];[14;22;15;21]],11,91,14.41597616
11a_280,[[6;2;7;1];[12;8;13;7];[16;5;17;6];[10;3;11;4];[2;11;3;12];[4;17;5;18];[8;19;9;20];[18;9;19;10];[20;16;21;15];[22;14;1;13];[14;22;15;21]],11,105,15.31103258
11a_281,[[6;2;7;1];[16;6;17;5];[22;17;1;18];[18;13;19;14];[14;21;15;22];[12;8;13;7];[10;3;11;4];[2;11;3;12];[20;10;21;9];[4;16;5;15];[8;20;9;19]],11,155,18.31109236
11a_282,[[6;2;7;1];[14;8;15;7];[16;5;17;6];[4;10;5;9];[10;4;11;3];[2;17;3;18];[20;13;21;14];[18;11;19;12];[12;19;13;20];[8;21;9;22];[22;16;1;15]],11,127,16.64937247
11a_283,[[6;2;7;1];[14;8;15;7];[16;5;17;6];[10;3;11;4];[18;9;19;10];[20;13;21;14];[12;19;13;20];[2;11;3;12];[4;17;5;18];[8;21;9;22];[22;16;1;15]],11,147,17.62948817
11a_284,[[6;2;7;1];[16;6;17;5];[22;17;1;18];[14;7;15;8];[10;3;11;4];[20;10;21;9];[12;22;13;21];[8;20;9;19];[4;11;5;12];[18;14;19;13];[2;16;3;15]],11,179,19.26434379
11a_285,[[6;2;7;1];[14;8;15;7];[16;5;17;6];[10;3;11;4];[18;12;19;11];[12;18;13;17];[2;13;3;14];[4;19;5;20];[8;21;9;22];[20;9;21;10];[22;16;1;15]],11,161,18.33283974
11a_286,[[6;2;7;1];[16;6;17;5];[22;17;1;18];[18;7;19;8];[8;21;9;22];[14;10;15;9];[10;3;11;4];[2;11;3;12];[20;14;21;13];[4;16;5;15];[12;20;13;19]],11,147,17.89357303
11a_287,[[6;2;7;1];[16;6;17;5];[22;17;1;18];[18;7;19;8];[10;3;11;4];[2;11;3;12];[12;20;13;19];[20;10;21;9];[14;21;15;22];[8;13;9;14];[4;16;5;15]],11,181,19.3323266
11a_288,[[6;2;7;1];[16;6;17;5];[22;17;1;18];[18;7;19;8];[10;3;11;4];[12;22;13;21];[8;14;9;13];[20;10;21;9];[4;11;5;12];[14;19;15;20];[2;16;3;15]],11,205,20.20670676
11a_289,[[6;2;7;1];[18;11;19;12];[10;4;11;3];[2;17;3;18];[16;5;17;6];[20;8;21;7];[4;10;5;9];[12;19;13;20];[8;13;9;14];[22;16;1;15];[14;22;15;21]],11,145,17.55146137
11a_290,[[6;2;7;1];[10;3;11;4];[20;8;21;7];[12;19;13;20];[18;9;19;10];[16;5;17;6];[4;17;5;18];[2;11;3;12];[8;13;9;14];[22;16;1;15];[14;22;15;21]],11,141,17.34420967
11a_291,[[6;2;7;1];[16;6;17;5];[22;8;1;7];[8;18;9;17];[10;4;11;3];[4;10;5;9];[14;22;15;21];[18;12;19;11];[20;14;21;13];[12;20;13;19];[2;16;3;15]],11,99,14.57991308
11a_292,[[6;2;7;1];[16;6;17;5];[22;8;1;7];[8;18;9;17];[10;4;11;3];[4;10;5;9];[20;14;21;13];[18;12;19;11];[14;20;15;19];[12;22;13;21];[2;16;3;15]],11,129,16.22549777
11a_293,[[6;2;7;1];[18;11;19;12];[10;4;11;3];[2;17;3;18];[16;5;17;6];[22;8;1;7];[4;10;5;9];[20;13;21;14];[12;19;13;20];[14;21;15;22];[8;15;9;16]],11,81,13.45959267
11a_294,[[6;2;7;1];[18;11;19;12];[10;4;11;3];[2;17;3;18];[16;5;17;6];[22;8;1;7];[4;10;5;9];[12;21;13;22];[20;13;21;14];[14;19;15;20];[8;15;9;16]],11,123,16.07347923
11a_295,[[6;2;7;1];[10;3;11;4];[22;8;1;7];[20;13;21;14];[12;19;13;20];[14;21;15;22];[18;9;19;10];[16;5;17;6];[4;17;5;18];[2;11;3;12];[8;15;9;16]],11,109,15.5091566
11a_296,[[6;2;7;1];[10;3;11;4];[22;8;1;7];[12;21;13;22];[20;13;21;14];[14;19;15;20];[18;9;19;10];[16;5;17;6];[4;17;5;18];[2;11;3;12];[8;15;9;16]],11,111,15.74522241
11a_297,[[6;2;7;1];[20;9;21;10];[16;5;17;6];[22;8;1;7];[14;21;15;22];[2;13;3;14];[8;15;9;16];[12;18;13;17];[10;3;11;4];[18;12;19;11];[4;19;5;20]],11,175,18.85126021
11a_298,[[6;2;7;1];[10;4;11;3];[16;10;17;9];[8;18;9;17];[18;6;19;5];[20;12;21;11];[22;14;1;13];[12;22;13;21];[14;20;15;19];[2;8;3;7];[4;16;5;15]],11,131,16.27978245
11a_299,[[6;2;7;1];[10;4;11;3];[16;10;17;9];[8;18;9;17];[18;6;19;5];[22;12;1;11];[20;14;21;13];[14;20;15;19];[12;22;13;21];[2;8;3;7];[4;16;5;15]],11,97,14.34175432
11a_300,[[6;2;7;1];[10;4;11;3];[14;7;15;8];[8;15;9;16];[2;10;3;9];[20;12;21;11];[18;5;19;6];[4;19;5;20];[22;13;1;14];[12;18;13;17];[16;21;17;22]],11,153,17.99787523
11a_301,[[6;2;7;1];[14;7;15;8];[18;5;19;6];[16;10;17;9];[2;19;3;20];[4;11;5;12];[10;3;11;4];[20;16;21;15];[12;18;13;17];[8;21;9;22];[22;13;1;14]],11,199,19.83288385
11a_302,[[6;2;7;1];[20;10;21;9];[10;3;11;4];[2;19;3;20];[18;5;19;6];[14;7;15;8];[4;11;5;12];[8;15;9;16];[22;13;1;14];[12;18;13;17];[16;21;17;22]],11,161,18.39428691
11a_303,[[6;2;7;1];[8;14;9;13];[18;5;19;6];[2;19;3;20];[10;3;11;4];[16;10;17;9];[4;11;5;12];[22;8;1;7];[12;18;13;17];[20;16;21;15];[14;22;15;21]],11,149,17.77901237
11a_304,[[6;2;7;1];[10;4;11;3];[14;8;15;7];[18;11;19;12];[22;16;1;15];[16;22;17;21];[12;17;13;18];[8;14;9;13];[20;6;21;5];[2;10;3;9];[4;20;5;19]],11,117,16.24834082
11a_305,[[6;2;7;1];[22;8;1;7];[10;5;11;6];[4;18;5;17];[12;4;13;3];[18;12;19;11];[2;19;3;20];[14;21;15;22];[20;13;21;14];[16;9;17;10];[8;15;9;16]],11,135,17.25123671
11a_306,[[6;2;7;1];[16;8;17;7];[12;3;13;4];[2;15;3;16];[14;5;15;6];[4;13;5;14];[22;18;1;17];[18;9;19;10];[8;21;9;22];[20;11;21;12];[10;19;11;20]],11,105,13.5238474
11a_307,[[6;2;7;1];[16;8;17;7];[12;3;13;4];[2;15;3;16];[14;5;15;6];[4;13;5;14];[22;18;1;17];[18;11;19;12];[20;9;21;10];[10;19;11;20];[8;21;9;22]],11,83,11.98377529
11a_308,[[6;2;7;1];[12;4;13;3];[18;8;19;7];[20;10;21;9];[22;15;1;16];[8;20;9;19];[16;21;17;22];[10;18;11;17];[14;6;15;5];[2;12;3;11];[4;14;5;13]],11,71,10.86554925
11a_309,[[6;2;7;1];[14;6;15;5];[18;8;19;7];[20;10;21;9];[22;15;1;16];[8;20;9;19];[16;21;17;22];[10;18;11;17];[2;14;3;13];[12;4;13;3];[4;12;5;11]],11,93,12.82067922
11a_310,[[6;2;7;1];[12;4;13;3];[20;8;21;7];[22;15;1;16];[16;21;17;22];[18;10;19;9];[10;18;11;17];[8;20;9;19];[14;6;15;5];[2;12;3;11];[4;14;5;13]],11,61,10.12933366
11a_311,[[6;2;7;1];[14;6;15;5];[20;8;21;7];[22;15;1;16];[16;21;17;22];[18;10;19;9];[10;18;11;17];[8;20;9;19];[2;14;3;13];[12;4;13;3];[4;12;5;11]],11,79,11.89407865
11a_312,[[6;2;7;1];[14;8;15;7];[16;5;17;6];[12;3;13;4];[2;13;3;14];[4;17;5;18];[8;21;9;22];[20;11;21;12];[18;9;19;10];[10;19;11;20];[22;16;1;15]],11,119,16.0409283
11a_313,[[6;2;7;1];[14;8;15;7];[16;5;17;6];[12;3;13;4];[2;13;3;14];[4;17;5;18];[8;21;9;22];[20;9;21;10];[18;11;19;12];[10;19;11;20];[22;16;1;15]],11,77,13.35531244
11a_314,[[6;2;7;1];[18;8;19;7];[2;17;3;18];[4;12;5;11];[12;4;13;3];[16;5;17;6];[20;13;21;14];[10;21;11;22];[14;10;15;9];[22;16;1;15];[8;20;9;19]],11,171,18.95783376
11a_315,[[6;2;7;1];[18;8;19;7];[12;4;13;3];[2;17;3;18];[16;5;17;6];[4;12;5;11];[20;13;21;14];[22;10;1;9];[14;21;15;22];[10;15;11;16];[8;20;9;19]],11,157,18.2725218
11a_316,[[6;2;7;1];[18;13;19;14];[12;4;13;3];[2;17;3;18];[16;5;17;6];[20;8;21;7];[22;10;1;9];[8;22;9;21];[4;12;5;11];[14;19;15;20];[10;15;11;16]],11,121,15.85824766
11a_317,[[6;2;7;1];[12;3;13;4];[20;8;21;7];[22;10;1;9];[8;22;9;21];[14;19;15;20];[18;11;19;12];[16;5;17;6];[4;17;5;18];[2;13;3;14];[10;15;11;16]],11,125,16.0605506
11a_318,[[6;2;7;1];[12;4;13;3];[22;8;1;7];[10;22;11;21];[18;10;19;9];[20;14;21;13];[14;20;15;19];[8;18;9;17];[16;6;17;5];[2;12;3;11];[4;16;5;15]],11,135,17.27731814
11a_319,[[6;2;7;1];[16;6;17;5];[22;8;1;7];[10;20;11;19];[12;4;13;3];[4;12;5;11];[14;22;15;21];[20;14;21;13];[18;10;19;9];[8;18;9;17];[2;16;3;15]],11,119,16.23323817
11a_320,[[6;2;7;1];[16;6;17;5];[22;8;1;7];[18;10;19;9];[12;4;13;3];[4;12;5;11];[14;22;15;21];[20;14;21;13];[10;18;11;17];[8;20;9;19];[2;16;3;15]],11,109,15.73636788
11a_321,[[6;2;7;1];[12;3;13;4];[22;8;1;7];[14;21;15;22];[18;9;19;10];[16;5;17;6];[4;17;5;18];[20;11;21;12];[10;19;11;20];[2;13;3;14];[8;15;9;16]],11,121,16.25831555
11a_322,[[6;2;7;1];[20;9;21;10];[16;5;17;6];[2;17;3;18];[12;4;13;3];[4;12;5;11];[22;8;1;7];[14;21;15;22];[18;13;19;14];[8;15;9;16];[10;19;11;20]],11,151,17.69722281
11a_323,[[6;2;7;1];[18;13;19;14];[12;4;13;3];[2;17;3;18];[16;5;17;6];[22;8;1;7];[20;10;21;9];[4;12;5;11];[14;19;15;20];[8;22;9;21];[10;15;11;16]],11,83,13.44727111
11a_324,[[6;2;7;1];[12;3;13;4];[22;8;1;7];[14;21;15;22];[20;9;21;10];[16;5;17;6];[4;17;5;18];[18;11;19;12];[2;13;3;14];[8;15;9;16];[10;19;11;20]],11,99,15.03393056
11a_325,[[6;2;7;1];[12;3;13;4];[22;8;1;7];[20;10;21;9];[14;19;15;20];[8;22;9;21];[18;11;19;12];[16;5;17;6];[4;17;5;18];[2;13;3;14];[10;15;11;16]],11,95,14.41259224
11a_326,[[6;2;7;1];[20;13;21;14];[12;4;13;3];[2;19;3;20];[18;5;19;6];[22;10;1;9];[14;8;15;7];[8;16;9;15];[4;12;5;11];[16;21;17;22];[10;17;11;18]],11,169,18.68933009
11a_327,[[6;2;7;1];[18;6;19;5];[12;4;13;3];[14;10;15;9];[10;20;11;19];[20;14;21;13];[4;12;5;11];[22;15;1;16];[16;7;17;8];[8;21;9;22];[2;18;3;17]],11,187,19.23562425
11a_328,[[6;2;7;1];[18;6;19;5];[22;10;1;9];[16;7;17;8];[14;22;15;21];[12;4;13;3];[4;12;5;11];[20;14;21;13];[8;15;9;16];[10;20;11;19];[2;18;3;17]],11,149,17.69193489
11a_329,[[6;2;7;1];[18;6;19;5];[22;8;1;7];[14;10;15;9];[12;4;13;3];[4;12;5;11];[16;22;17;21];[20;14;21;13];[8;16;9;15];[10;20;11;19];[2;18;3;17]],11,145,17.43049116
11a_330,[[6;2;7;1];[20;13;21;14];[12;4;13;3];[2;19;3;20];[18;5;19;6];[22;8;1;7];[4;12;5;11];[14;21;15;22];[10;17;11;18];[16;9;17;10];[8;15;9;16]],11,89,14.41868438
11a_331,[[6;2;7;1];[16;9;17;10];[18;5;19;6];[2;19;3;20];[12;4;13;3];[4;12;5;11];[22;8;1;7];[20;13;21;14];[14;21;15;22];[10;15;11;16];[8;17;9;18]],11,115,16.00677954
11a_332,[[6;2;7;1];[10;6;11;5];[14;3;15;4];[22;11;1;12];[16;22;17;21];[20;14;21;13];[18;7;19;8];[8;19;9;20];[4;15;5;16];[12;18;13;17];[2;10;3;9]],11,189,19.71204655
11a_333,[[6;2;7;1];[16;8;17;7];[12;5;13;6];[14;3;15;4];[4;13;5;14];[2;15;3;16];[22;18;1;17];[18;11;19;12];[20;9;21;10];[10;19;11;20];[8;21;9;22]],11,65,10.27509928
11a_334,[[6;2;7;1];[14;4;15;3];[18;8;19;7];[20;10;21;9];[22;12;1;11];[8;20;9;19];[10;22;11;21];[12;18;13;17];[16;6;17;5];[2;14;3;13];[4;16;5;15]],11,49,8.78087299
11a_335,[[6;2;7;1];[14;4;15;3];[18;8;19;7];[22;12;1;11];[8;22;9;21];[20;10;21;9];[10;20;11;19];[12;18;13;17];[16;6;17;5];[2;14;3;13];[4;16;5;15]],11,75,11.73380311
11a_336,[[6;2;7;1];[16;6;17;5];[18;8;19;7];[20;10;21;9];[22;12;1;11];[8;20;9;19];[10;22;11;21];[12;18;13;17];[2;16;3;15];[14;4;15;3];[4;14;5;13]],11,59,9.998001036
11a_337,[[6;2;7;1];[16;6;17;5];[18;8;19;7];[22;12;1;11];[8;22;9;21];[20;10;21;9];[10;20;11;19];[12;18;13;17];[2;16;3;15];[14;4;15;3];[4;14;5;13]],11,89,12.71905951
11a_338,[[6;2;7;1];[14;4;15;3];[20;8;21;7];[22;10;1;9];[8;22;9;21];[12;20;13;19];[18;12;19;11];[10;18;11;17];[16;6;17;5];[2;14;3;13];[4;16;5;15]],11,69,11.54201858
11a_339,[[6;2;7;1];[14;4;15;3];[20;8;21;7];[22;10;1;9];[8;22;9;21];[18;12;19;11];[12;18;13;17];[10;20;11;19];[16;6;17;5];[2;14;3;13];[4;16;5;15]],11,55,10.11714124
11a_340,[[6;2;7;1];[16;6;17;5];[20;8;21;7];[22;10;1;9];[8;22;9;21];[12;20;13;19];[18;12;19;11];[10;18;11;17];[2;16;3;15];[14;4;15;3];[4;14;5;13]],11,87,12.99623402
11a_341,[[6;2;7;1];[16;6;17;5];[20;8;21;7];[22;10;1;9];[8;22;9;21];[18;12;19;11];[12;18;13;17];[10;20;11;19];[2;16;3;15];[14;4;15;3];[4;14;5;13]],11,61,10.46194552
11a_343,[[6;2;7;1];[16;6;17;5];[22;8;1;7];[20;10;21;9];[18;12;19;11];[12;18;13;17];[10;20;11;19];[8;22;9;21];[2;16;3;15];[14;4;15;3];[4;14;5;13]],11,31,5.893627044
11a_344,[[6;2;7;1];[18;6;19;5];[20;10;21;9];[16;7;17;8];[14;4;15;3];[4;14;5;13];[22;12;1;11];[8;15;9;16];[10;22;11;21];[12;20;13;19];[2;18;3;17]],11,129,16.43358683
11a_345,[[6;2;7;1];[18;6;19;5];[22;10;1;9];[16;7;17;8];[14;4;15;3];[4;14;5;13];[8;15;9;16];[20;12;21;11];[12;20;13;19];[10;22;11;21];[2;18;3;17]],11,91,14.21595692
11a_346,[[6;2;7;1];[18;8;19;7];[16;3;17;4];[12;6;13;5];[10;16;11;15];[4;12;5;11];[2;17;3;18];[20;10;21;9];[22;13;1;14];[8;20;9;19];[14;21;15;22]],11,93,14.68975126
11a_347,[[6;2;7;1];[18;10;19;9];[16;3;17;4];[12;6;13;5];[10;16;11;15];[4;12;5;11];[2;17;3;18];[20;8;21;7];[8;20;9;19];[22;13;1;14];[14;21;15;22]],11,111,15.49266057
11a_348,[[6;2;7;1];[12;8;13;7];[16;5;17;6];[2;11;3;12];[10;18;11;17];[18;4;19;3];[4;10;5;9];[8;19;9;20];[20;14;21;13];[22;16;1;15];[14;22;15;21]],11,145,17.56001205
11a_349,[[6;2;7;1];[12;8;13;7];[16;5;17;6];[2;11;3;12];[10;18;11;17];[18;4;19;3];[4;10;5;9];[8;19;9;20];[20;16;21;15];[22;14;1;13];[14;22;15;21]],11,155,17.93141637
11a_350,[[6;2;7;1];[14;8;15;7];[16;5;17;6];[4;10;5;9];[18;4;19;3];[10;18;11;17];[2;11;3;12];[20;13;21;14];[12;19;13;20];[8;21;9;22];[22;16;1;15]],11,185,19.32426373
11a_351,[[6;2;7;1];[14;8;15;7];[16;5;17;6];[2;13;3;14];[12;18;13;17];[18;4;19;3];[4;12;5;11];[20;9;21;10];[8;19;9;20];[10;21;11;22];[22;16;1;15]],11,165,18.52526402
11a_352,[[6;2;7;1];[14;8;15;7];[16;5;17;6];[2;13;3;14];[12;18;13;17];[18;4;19;3];[4;12;5;11];[8;21;9;22];[20;9;21;10];[10;19;11;20];[22;16;1;15]],11,135,17.15819688
11a_353,[[8;2;9;1];[16;6;17;5];[22;10;1;9];[10;20;11;19];[12;4;13;3];[4;12;5;11];[14;22;15;21];[20;14;21;13];[18;8;19;7];[2;16;3;15];[6;18;7;17]],11,123,16.15098543
11a_354,[[8;2;9;1];[12;4;13;3];[18;12;19;11];[10;20;11;19];[20;8;21;7];[22;14;1;13];[14;22;15;21];[2;10;3;9];[4;18;5;17];[16;6;17;5];[6;16;7;15]],11,105,15.18171035
11a_355,[[8;2;9;1];[14;4;15;3];[20;10;21;9];[22;12;1;11];[10;22;11;21];[12;20;13;19];[16;6;17;5];[18;8;19;7];[2;14;3;13];[4;16;5;15];[6;18;7;17]],11,45,8.423244315
11a_356,[[8;2;9;1];[14;4;15;3];[20;10;21;9];[22;12;1;11];[10;22;11;21];[12;20;13;19];[18;8;19;7];[2;14;3;13];[4;18;5;17];[16;6;17;5];[6;16;7;15]],11,79,12.31498869
11a_357,[[8;2;9;1];[18;8;19;7];[20;10;21;9];[22;12;1;11];[10;22;11;21];[12;20;13;19];[2;18;3;17];[16;6;17;5];[14;4;15;3];[4;16;5;15];[6;14;7;13]],11,91,13.05000993
11a_359,[[8;2;9;1];[14;4;15;3];[22;10;1;9];[20;12;21;11];[12;20;13;19];[10;22;11;21];[18;8;19;7];[2;14;3;13];[4;18;5;17];[16;6;17;5];[6;16;7;15]],11,53,9.671880584
11a_360,[[8;2;9;1];[18;8;19;7];[22;10;1;9];[20;12;21;11];[12;20;13;19];[10;22;11;21];[2;18;3;17];[16;6;17;5];[14;4;15;3];[4;16;5;15];[6;14;7;13]],11,57,9.768486237
11a_361,[[8;2;9;1];[16;8;17;7];[18;6;19;5];[20;10;21;9];[22;12;1;11];[10;22;11;21];[6;18;7;17];[12;20;13;19];[2;16;3;15];[14;4;15;3];[4;14;5;13]],11,69,12.22001011
11a_362,[[8;2;9;1];[16;8;17;7];[18;6;19;5];[22;10;1;9];[20;12;21;11];[6;18;7;17];[12;20;13;19];[10;22;11;21];[2;16;3;15];[14;4;15;3];[4;14;5;13]],11,39,8.765193679
11a_363,[[8;2;9;1];[18;8;19;7];[22;10;1;9];[20;12;21;11];[12;20;13;19];[10;22;11;21];[2;18;3;17];[16;4;17;3];[14;6;15;5];[6;14;7;13];[4;16;5;15]],11,35,6.297019653
11a_365,[[10;2;11;1];[14;4;15;3];[22;12;1;11];[12;22;13;21];[16;6;17;5];[20;10;21;9];[2;14;3;13];[4;16;5;15];[6;20;7;19];[18;8;19;7];[8;18;9;17]],11,51,9.83267992
11a_366,[[10;2;11;1];[16;6;17;5];[22;12;1;11];[12;22;13;21];[20;10;21;9];[2;16;3;15];[14;4;15;3];[4;14;5;13];[6;20;7;19];[18;8;19;7];[8;18;9;17]],11,81,12.76807477
11a_367,[[12;2;13;1];[14;4;15;3];[16;6;17;5];[18;8;19;7];[20;10;21;9];[22;12;1;11];[2;14;3;13];[4;16;5;15];[6;18;7;17];[8;20;9;19];[10;22;11;21]],11,11,0
11n_1,[[4;2;5;1];[10;6;11;5];[8;3;9;4];[2;9;3;10];[11;16;12;17];[14;7;15;8];[6;15;7;16];[13;20;14;21];[17;22;18;1];[21;18;22;19];[19;12;20;13]],11,27,9.700477476
11n_2,[[4;2;5;1];[10;6;11;5];[8;3;9;4];[2;9;3;10];[16;12;17;11];[7;15;8;14];[15;7;16;6];[20;14;21;13];[22;18;1;17];[18;22;19;21];[12;20;13;19]],11,57,12.59317387
11n_3,[[4;2;5;1];[10;6;11;5];[8;3;9;4];[2;9;3;10];[11;16;12;17];[7;15;8;14];[15;7;16;6];[13;20;14;21];[17;22;18;1];[21;18;22;19];[19;12;20;13]],11,43,11.56335431
11n_4,[[4;2;5;1];[10;6;11;5];[8;3;9;4];[2;9;3;10];[14;8;15;7];[18;12;19;11];[19;22;20;1];[15;20;16;21];[21;16;22;17];[12;18;13;17];[6;14;7;13]],11,49,12.55305747
11n_5,[[4;2;5;1];[10;6;11;5];[8;3;9;4];[2;9;3;10];[14;8;15;7];[11;18;12;19];[22;20;1;19];[20;16;21;15];[16;22;17;21];[17;12;18;13];[6;14;7;13]],11,71,14.1155832
11n_6,[[4;2;5;1];[10;6;11;5];[8;3;9;4];[2;9;3;10];[14;8;15;7];[11;18;12;19];[19;22;20;1];[15;20;16;21];[21;16;22;17];[17;12;18;13];[6;14;7;13]],11,17,11.40695338
11n_7,[[4;2;5;1];[10;6;11;5];[8;3;9;4];[2;9;3;10];[7;14;8;15];[18;12;19;11];[22;20;1;19];[20;16;21;15];[16;22;17;21];[12;18;13;17];[13;6;14;7]],11,67,13.89022907
11n_8,[[4;2;5;1];[10;6;11;5];[8;3;9;4];[2;9;3;10];[7;14;8;15];[11;18;12;19];[19;22;20;1];[15;20;16;21];[21;16;22;17];[17;12;18;13];[13;6;14;7]],11,53,13.09804944
11n_9,[[4;2;5;1];[10;6;11;5];[8;3;9;4];[2;9;3;10];[14;8;15;7];[15;21;16;20];[11;19;12;18];[19;13;20;12];[17;1;18;22];[21;17;22;16];[6;14;7;13]],11,5,10.31750456
11n_10,[[4;2;5;1];[10;6;11;5];[8;3;9;4];[2;9;3;10];[7;14;8;15];[20;15;21;16];[18;11;19;12];[12;19;13;20];[22;17;1;18];[16;21;17;22];[13;6;14;7]],11,65,13.58254051
11n_11,[[4;2;5;1];[10;6;11;5];[8;3;9;4];[2;9;3;10];[7;14;8;15];[15;21;16;20];[11;19;12;18];[19;13;20;12];[17;1;18;22];[21;17;22;16];[13;6;14;7]],11,55,13.05181404
11n_12,[[4;2;5;1];[10;6;11;5];[8;3;9;4];[2;9;3;10];[7;14;8;15];[17;21;18;20];[11;19;12;18];[19;13;20;12];[15;1;16;22];[21;17;22;16];[13;6;14;7]],11,13,8.070313358
11n_13,[[4;2;5;1];[10;6;11;5];[8;3;9;4];[2;9;3;10];[16;8;17;7];[17;1;18;22];[11;19;12;18];[13;21;14;20];[19;13;20;12];[21;15;22;14];[6;16;7;15]],11,15,6.566311603
11n_14,[[4;2;5;1];[10;6;11;5];[8;3;9;4];[2;9;3;10];[7;16;8;17];[22;17;1;18];[18;11;19;12];[20;13;21;14];[12;19;13;20];[14;21;15;22];[15;6;16;7]],11,45,10.83966053
11n_15,[[4;2;5;1];[10;6;11;5];[8;3;9;4];[2;9;3;10];[7;16;8;17];[17;1;18;22];[11;19;12;18];[13;21;14;20];[19;13;20;12];[21;15;22;14];[15;6;16;7]],11,35,9.948046709
11n_16,[[4;2;5;1];[10;6;11;5];[8;3;9;4];[2;9;3;10];[16;8;17;7];[17;1;18;22];[11;19;12;18];[21;13;22;12];[13;21;14;20];[19;15;20;14];[6;16;7;15]],11,37,10.77635755
11n_17,[[4;2;5;1];[10;6;11;5];[8;3;9;4];[2;9;3;10];[7;16;8;17];[22;17;1;18];[18;11;19;12];[12;21;13;22];[20;13;21;14];[14;19;15;20];[15;6;16;7]],11,47,11.35878085
11n_18,[[4;2;5;1];[10;6;11;5];[8;3;9;4];[2;9;3;10];[7;16;8;17];[17;1;18;22];[11;19;12;18];[21;13;22;12];[13;21;14;20];[19;15;20;14];[15;6;16;7]],11,33,10.14726988
11n_20,[[4;2;5;1];[10;6;11;5];[8;3;9;4];[2;9;3;10];[11;18;12;19];[7;17;8;16];[17;7;18;6];[15;22;16;1];[21;12;22;13];[13;20;14;21];[19;14;20;15]],11,23,9.410565487
11n_21,[[4;2;5;1];[8;4;9;3];[9;15;10;14];[12;5;13;6];[6;13;7;14];[11;19;12;18];[19;22;20;1];[15;20;16;21];[21;16;22;17];[17;11;18;10];[2;8;3;7]],11,49,12.46798531
11n_22,[[4;2;5;1];[8;4;9;3];[14;9;15;10];[5;13;6;12];[13;7;14;6];[18;11;19;12];[22;20;1;19];[20;16;21;15];[16;22;17;21];[10;17;11;18];[2;8;3;7]],11,55,13.18901938
11n_23,[[4;2;5;1];[8;4;9;3];[9;15;10;14];[5;13;6;12];[13;7;14;6];[11;19;12;18];[19;22;20;1];[15;20;16;21];[21;16;22;17];[17;11;18;10];[2;8;3;7]],11,29,10.80832405
11n_24,[[4;2;5;1];[8;4;9;3];[14;9;15;10];[12;5;13;6];[6;13;7;14];[15;21;16;20];[11;18;12;19];[19;10;20;11];[17;1;18;22];[21;17;22;16];[2;8;3;7]],11,23,9.905485566
11n_25,[[4;2;5;1];[8;4;9;3];[9;15;10;14];[12;5;13;6];[6;13;7;14];[15;21;16;20];[11;18;12;19];[19;10;20;11];[17;1;18;22];[21;17;22;16];[2;8;3;7]],11,47,12.18295398
11n_26,[[4;2;5;1];[8;4;9;3];[14;9;15;10];[5;13;6;12];[13;7;14;6];[20;15;21;16];[18;12;19;11];[10;20;11;19];[22;17;1;18];[16;21;17;22];[2;8;3;7]],11,41,11.72890133
11n_27,[[4;2;5;1];[8;4;9;3];[9;15;10;14];[5;13;6;12];[13;7;14;6];[15;21;16;20];[11;18;12;19];[19;10;20;11];[17;1;18;22];[21;17;22;16];[2;8;3;7]],11,19,9.333676879
11n_28,[[4;2;5;1];[8;4;9;3];[9;15;10;14];[12;5;13;6];[6;13;7;14];[17;21;18;20];[11;18;12;19];[19;10;20;11];[15;1;16;22];[21;17;22;16];[2;8;3;7]],11,21,8.06164595
11n_29,[[4;2;5;1];[8;4;9;3];[14;9;15;10];[5;13;6;12];[13;7;14;6];[20;17;21;18];[18;12;19;11];[10;20;11;19];[22;15;1;16];[16;21;17;22];[2;8;3;7]],11,51,11.79738595
11n_30,[[4;2;5;1];[8;4;9;3];[9;15;10;14];[5;13;6;12];[13;7;14;6];[17;21;18;20];[11;18;12;19];[19;10;20;11];[15;1;16;22];[21;17;22;16];[2;8;3;7]],11,33,9.73656555
11n_31,[[4;2;5;1];[8;4;9;3];[12;6;13;5];[9;17;10;16];[13;20;14;21];[17;1;18;22];[21;19;22;18];[19;14;20;15];[15;11;16;10];[6;12;7;11];[2;8;3;7]],11,3,10.53138442
11n_32,[[4;2;5;1];[8;4;9;3];[5;12;6;13];[16;9;17;10];[20;14;21;13];[22;17;1;18];[18;21;19;22];[14;20;15;19];[10;15;11;16];[11;6;12;7];[2;8;3;7]],11,69,13.93896938
11n_33,[[4;2;5;1];[8;4;9;3];[5;12;6;13];[9;17;10;16];[13;20;14;21];[17;1;18;22];[21;19;22;18];[19;14;20;15];[15;11;16;10];[11;6;12;7];[2;8;3;7]],11,51,12.63616132
11n_34,[[4;2;5;1];[8;4;9;3];[17;1;18;22];[12;5;13;6];[6;13;7;14];[11;18;12;19];[19;14;20;15];[9;17;10;16];[15;20;16;21];[21;10;22;11];[2;8;3;7]],11,1,11.21911773
11n_35,[[4;2;5;1];[8;4;9;3];[22;17;1;18];[5;13;6;12];[13;7;14;6];[18;12;19;11];[14;20;15;19];[16;9;17;10];[20;16;21;15];[10;22;11;21];[2;8;3;7]],11,89,15.79450607
11n_36,[[4;2;5;1];[8;4;9;3];[17;1;18;22];[5;13;6;12];[13;7;14;6];[11;18;12;19];[19;14;20;15];[9;17;10;16];[15;20;16;21];[21;10;22;11];[2;8;3;7]],11,67,14.48284344
11n_37,[[4;2;5;1];[8;4;9;3];[5;12;6;13];[9;19;10;18];[13;20;14;21];[15;22;16;1];[21;14;22;15];[19;16;20;17];[17;11;18;10];[11;6;12;7];[2;8;3;7]],11,25,9.965245042
11n_39,[[4;2;5;1];[8;4;9;3];[11;17;12;16];[12;5;13;6];[6;13;7;14];[17;22;18;1];[9;18;10;19];[21;10;22;11];[15;21;16;20];[19;15;20;14];[2;8;3;7]],11,25,12.75112575
11n_40,[[4;2;5;1];[8;4;9;3];[16;11;17;12];[5;13;6;12];[13;7;14;6];[22;18;1;17];[18;10;19;9];[10;22;11;21];[20;15;21;16];[14;19;15;20];[2;8;3;7]],11,79,15.40469368
11n_41,[[4;2;5;1];[8;4;9;3];[11;17;12;16];[5;13;6;12];[13;7;14;6];[17;22;18;1];[9;18;10;19];[21;10;22;11];[15;21;16;20];[19;15;20;14];[2;8;3;7]],11,53,13.762312
11n_42,[[4;2;5;1];[8;4;9;3];[9;18;10;19];[12;5;13;6];[6;13;7;14];[19;15;20;14];[11;21;12;20];[17;22;18;1];[21;16;22;17];[15;10;16;11];[2;8;3;7]],11,1,11.21911773
11n_43,[[4;2;5;1];[8;4;9;3];[18;10;19;9];[5;13;6;12];[13;7;14;6];[14;19;15;20];[20;11;21;12];[22;18;1;17];[16;22;17;21];[10;16;11;15];[2;8;3;7]],11,89,15.79450607
11n_44,[[4;2;5;1];[8;4;9;3];[9;18;10;19];[5;13;6;12];[13;7;14;6];[19;15;20;14];[11;21;12;20];[17;22;18;1];[21;16;22;17];[15;10;16;11];[2;8;3;7]],11,67,14.48284344
11n_45,[[4;2;5;1];[8;4;9;3];[9;21;10;20];[12;5;13;6];[6;13;7;14];[11;18;12;19];[19;14;20;15];[15;10;16;11];[17;1;18;22];[21;17;22;16];[2;8;3;7]],11,25,12.75112575
11n_46,[[4;2;5;1];[8;4;9;3];[20;9;21;10];[5;13;6;12];[13;7;14;6];[18;12;19;11];[14;20;15;19];[10;16;11;15];[22;17;1;18];[16;21;17;22];[2;8;3;7]],11,79,15.40469368
11n_47,[[4;2;5;1];[8;4;9;3];[9;21;10;20];[5;13;6;12];[13;7;14;6];[11;18;12;19];[19;14;20;15];[15;10;16;11];[17;1;18;22];[21;17;22;16];[2;8;3;7]],11,53,13.762312
11n_48,[[4;2;5;1];[13;20;14;21];[8;3;9;4];[2;9;3;10];[7;17;8;16];[15;22;16;1];[17;11;18;10];[5;12;6;13];[11;19;12;18];[19;7;20;6];[21;14;22;15]],11,29,9.996039625
11n_50,[[4;2;5;1];[5;12;6;13];[8;3;9;4];[2;9;3;10];[11;16;12;17];[17;10;18;11];[7;18;8;19];[19;1;20;22];[13;21;14;20];[21;15;22;14];[15;6;16;7]],11,25,10.206765
11n_51,[[4;2;5;1];[8;4;9;3];[14;6;15;5];[15;22;16;1];[9;16;10;17];[17;20;18;21];[11;19;12;18];[19;11;20;10];[21;12;22;13];[6;14;7;13];[2;8;3;7]],11,29,9.504215391
11n_52,[[4;2;5;1];[8;4;9;3];[5;14;6;15];[22;16;1;15];[16;10;17;9];[20;18;21;17];[18;11;19;12];[10;19;11;20];[12;22;13;21];[13;6;14;7];[2;8;3;7]],11,59,12.58770356
11n_53,[[4;2;5;1];[8;4;9;3];[5;14;6;15];[15;22;16;1];[9;16;10;17];[17;20;18;21];[11;19;12;18];[19;11;20;10];[21;12;22;13];[13;6;14;7];[2;8;3;7]],11,37,10.39484969
11n_54,[[4;2;5;1];[8;4;9;3];[14;6;15;5];[15;22;16;1];[9;16;10;17];[21;10;22;11];[11;19;12;18];[17;21;18;20];[19;13;20;12];[6;14;7;13];[2;8;3;7]],11,43,11.44007909
11n_55,[[4;2;5;1];[8;4;9;3];[5;14;6;15];[22;16;1;15];[16;10;17;9];[10;22;11;21];[18;11;19;12];[20;17;21;18];[12;19;13;20];[13;6;14;7];[2;8;3;7]],11,61,12.84617739
11n_56,[[4;2;5;1];[8;4;9;3];[5;14;6;15];[15;22;16;1];[9;16;10;17];[21;10;22;11];[11;19;12;18];[17;21;18;20];[19;13;20;12];[13;6;14;7];[2;8;3;7]],11,35,10.33721383
11n_58,[[4;2;5;1];[8;4;9;3];[9;17;10;16];[14;5;15;6];[6;15;7;16];[17;1;18;22];[11;18;12;19];[21;10;22;11];[13;20;14;21];[19;12;20;13];[2;8;3;7]],11,35,9.978330286
11n_59,[[4;2;5;1];[8;4;9;3];[16;9;17;10];[5;15;6;14];[15;7;16;6];[22;17;1;18];[18;12;19;11];[10;22;11;21];[20;14;21;13];[12;20;13;19];[2;8;3;7]],11,53,11.89501634
11n_60,[[4;2;5;1];[8;4;9;3];[9;17;10;16];[5;15;6;14];[15;7;16;6];[17;1;18;22];[11;18;12;19];[21;10;22;11];[13;20;14;21];[19;12;20;13];[2;8;3;7]],11,31,9.487161064
11n_61,[[4;2;5;1];[8;4;9;3];[9;17;10;16];[5;15;6;14];[15;7;16;6];[13;1;14;22];[21;11;22;10];[11;18;12;19];[17;20;18;21];[19;12;20;13];[2;8;3;7]],11,17,8.275143802
11n_62,[[4;2;5;1];[8;4;9;3];[9;17;10;16];[14;5;15;6];[6;15;7;16];[17;1;18;22];[13;18;14;19];[11;20;12;21];[19;12;20;13];[21;10;22;11];[2;8;3;7]],11,33,9.614456262
11n_63,[[4;2;5;1];[8;4;9;3];[16;9;17;10];[5;15;6;14];[15;7;16;6];[22;17;1;18];[18;14;19;13];[20;12;21;11];[12;20;13;19];[10;22;11;21];[2;8;3;7]],11,39,9.899961755
11n_64,[[4;2;5;1];[8;4;9;3];[9;17;10;16];[5;15;6;14];[15;7;16;6];[17;1;18;22];[13;18;14;19];[11;20;12;21];[19;12;20;13];[21;10;22;11];[2;8;3;7]],11,21,7.239652076
11n_65,[[4;2;5;1];[8;4;9;3];[16;11;17;12];[14;5;15;6];[6;15;7;16];[18;9;19;10];[10;17;11;18];[19;1;20;22];[13;20;14;21];[21;12;22;13];[2;8;3;7]],11,33,11.41674536
11n_66,[[4;2;5;1];[8;4;9;3];[11;17;12;16];[14;5;15;6];[6;15;7;16];[9;19;10;18];[17;11;18;10];[22;19;1;20];[20;14;21;13];[12;22;13;21];[2;8;3;7]],11,75,14.4341395
11n_67,[[4;2;5;1];[8;4;9;3];[11;17;12;16];[14;5;15;6];[6;15;7;16];[9;19;10;18];[17;11;18;10];[19;1;20;22];[13;20;14;21];[21;12;22;13];[2;8;3;7]],11,9,10.65032239
11n_68,[[4;2;5;1];[8;4;9;3];[16;11;17;12];[5;15;6;14];[15;7;16;6];[18;9;19;10];[10;17;11;18];[22;19;1;20];[20;14;21;13];[12;22;13;21];[2;8;3;7]],11,63,13.33642069
11n_69,[[4;2;5;1];[8;4;9;3];[11;17;12;16];[5;15;6;14];[15;7;16;6];[9;19;10;18];[17;11;18;10];[19;1;20;22];[13;20;14;21];[21;12;22;13];[2;8;3;7]],11,45,11.95604922
11n_70,[[4;2;5;1];[8;4;9;3];[5;14;6;15];[9;19;10;18];[11;21;12;20];[15;22;16;1];[19;11;20;10];[21;16;22;17];[17;13;18;12];[13;6;14;7];[2;8;3;7]],11,13,6.721993288
11n_71,[[4;2;5;1];[8;4;9;3];[14;6;15;5];[18;16;19;15];[16;12;17;11];[12;18;13;17];[19;22;20;1];[9;20;10;21];[21;10;22;11];[6;14;7;13];[2;8;3;7]],11,63,13.5931204
11n_72,[[4;2;5;1];[8;4;9;3];[5;14;6;15];[18;16;19;15];[16;12;17;11];[12;18;13;17];[22;20;1;19];[20;10;21;9];[10;22;11;21];[13;6;14;7];[2;8;3;7]],11,81,14.69336001
11n_73,[[4;2;5;1];[8;4;9;3];[5;14;6;15];[15;18;16;19];[11;16;12;17];[17;12;18;13];[22;20;1;19];[20;10;21;9];[10;22;11;21];[13;6;14;7];[2;8;3;7]],11,9,10.40453674
11n_74,[[4;2;5;1];[8;4;9;3];[5;14;6;15];[18;16;19;15];[16;12;17;11];[12;18;13;17];[19;22;20;1];[9;20;10;21];[21;10;22;11];[13;6;14;7];[2;8;3;7]],11,9,10.40453674
11n_75,[[4;2;5;1];[8;4;9;3];[5;14;6;15];[15;18;16;19];[11;16;12;17];[17;12;18;13];[19;22;20;1];[9;20;10;21];[21;10;22;11];[13;6;14;7];[2;8;3;7]],11,63,13.5931204
11n_76,[[4;2;5;1];[8;4;9;3];[16;11;17;12];[14;5;15;6];[6;15;7;16];[19;22;20;1];[9;20;10;21];[21;10;22;11];[18;13;19;14];[12;17;13;18];[2;8;3;7]],11,45,12.31245798
11n_77,[[4;2;5;1];[8;4;9;3];[11;17;12;16];[5;15;6;14];[15;7;16;6];[22;20;1;19];[20;10;21;9];[10;22;11;21];[13;19;14;18];[17;13;18;12];[2;8;3;7]],11,27,11.96038165
11n_78,[[4;2;5;1];[8;4;9;3];[11;17;12;16];[5;15;6;14];[15;7;16;6];[19;22;20;1];[9;20;10;21];[21;10;22;11];[13;19;14;18];[17;13;18;12];[2;8;3;7]],11,45,12.31245798
11n_79,[[4;2;5;1];[8;4;9;3];[5;14;6;15];[9;21;10;20];[15;22;16;1];[21;16;22;17];[11;19;12;18];[17;13;18;12];[19;11;20;10];[13;6;14;7];[2;8;3;7]],11,15,6.7519711
11n_80,[[4;2;5;1];[10;8;11;7];[8;3;9;4];[2;9;3;10];[14;6;15;5];[15;20;16;21];[11;18;12;19];[19;12;20;13];[17;22;18;1];[21;16;22;17];[6;14;7;13]],11,15,10.83430754
11n_81,[[4;2;5;1];[8;4;9;3];[5;16;6;17];[9;21;10;20];[11;1;12;22];[21;11;22;10];[19;15;20;14];[13;19;14;18];[17;13;18;12];[15;6;16;7];[2;8;3;7]],11,27,10.95596553
11n_82,[[4;2;5;1];[7;12;8;13];[8;3;9;4];[2;9;3;10];[13;21;14;20];[5;17;6;16];[19;7;20;6];[15;1;16;22];[21;15;22;14];[11;18;12;19];[17;10;18;11]],11,19,8.689986375
11n_83,[[4;2;5;1];[7;12;8;13];[8;3;9;4];[2;9;3;10];[15;21;16;20];[5;17;6;16];[19;7;20;6];[13;1;14;22];[21;15;22;14];[11;18;12;19];[17;10;18;11]],11,49,12.01220162
11n_84,[[4;2;5;1];[5;18;6;19];[8;3;9;4];[2;9;3;10];[11;17;12;16];[7;12;8;13];[15;6;16;7];[17;11;18;10];[19;22;20;1];[13;20;14;21];[21;14;22;15]],11,35,11.43159695
11n_85,[[4;2;5;1];[12;6;13;5];[10;3;11;4];[2;11;3;12];[7;15;8;14];[22;17;1;18];[19;6;20;7];[8;21;9;22];[16;10;17;9];[13;19;14;18];[20;16;21;15]],11,45,11.72668532
11n_86,[[4;2;5;1];[12;6;13;5];[10;3;11;4];[2;11;3;12];[7;15;8;14];[17;1;18;22];[19;6;20;7];[21;9;22;8];[9;16;10;17];[13;19;14;18];[15;20;16;21]],11,33,11.71947558
11n_87,[[4;2;5;1];[12;6;13;5];[10;3;11;4];[2;11;3;12];[20;14;21;13];[14;7;15;8];[6;19;7;20];[18;9;19;10];[8;15;9;16];[17;22;18;1];[21;16;22;17]],11,51,12.34342061
11n_88,[[4;2;5;1];[12;6;13;5];[10;3;11;4];[2;11;3;12];[16;8;17;7];[19;1;20;22];[13;21;14;20];[21;15;22;14];[18;10;19;9];[6;16;7;15];[8;18;9;17]],11,11,7.44483642
11n_89,[[4;2;5;1];[12;6;13;5];[10;3;11;4];[2;11;3;12];[7;16;8;17];[22;19;1;20];[20;13;21;14];[14;21;15;22];[9;18;10;19];[15;6;16;7];[17;8;18;9]],11,61,12.78076709
11n_90,[[4;2;5;1];[12;6;13;5];[10;3;11;4];[2;11;3;12];[18;10;19;9];[19;1;20;22];[13;21;14;20];[21;15;22;14];[6;18;7;17];[16;8;17;7];[8;16;9;15]],11,41,11.02738828
11n_91,[[4;2;5;1];[12;6;13;5];[10;3;11;4];[2;11;3;12];[9;18;10;19];[22;19;1;20];[20;13;21;14];[14;21;15;22];[17;6;18;7];[7;16;8;17];[15;8;16;9]],11,31,9.903515458
11n_92,[[4;2;5;1];[12;6;13;5];[10;3;11;4];[2;11;3;12];[7;20;8;21];[17;1;18;22];[13;19;14;18];[21;15;22;14];[9;16;10;17];[15;8;16;9];[19;6;20;7]],11,15,8.770768553
11n_93,[[4;2;5;1];[10;4;11;3];[11;21;12;20];[7;13;8;12];[19;9;20;8];[18;14;19;13];[14;6;15;5];[6;18;7;17];[22;16;1;15];[16;22;17;21];[2;10;3;9]],11,47,12.58387206
11n_94,[[4;2;5;1];[10;4;11;3];[20;11;21;12];[12;7;13;8];[8;19;9;20];[18;14;19;13];[14;6;15;5];[6;18;7;17];[15;22;16;1];[21;16;22;17];[2;10;3;9]],11,57,14.00652209
11n_95,[[4;2;5;1];[10;4;11;3];[11;21;12;20];[7;13;8;12];[19;9;20;8];[18;14;19;13];[14;6;15;5];[6;18;7;17];[15;22;16;1];[21;16;22;17];[2;10;3;9]],11,33,11.19714155
11n_96,[[4;2;5;1];[10;4;11;3];[11;21;12;20];[7;13;8;12];[19;9;20;8];[13;18;14;19];[5;14;6;15];[17;6;18;7];[15;22;16;1];[21;16;22;17];[2;10;3;9]],11,7,9.046995735
11n_97,[[4;2;5;1];[12;8;13;7];[10;3;11;4];[2;11;3;12];[14;6;15;5];[6;14;7;13];[15;20;16;21];[9;19;10;18];[19;9;20;8];[17;22;18;1];[21;16;22;17]],11,9,10.18300955
11n_98,[[4;2;5;1];[7;12;8;13];[10;3;11;4];[2;11;3;12];[5;14;6;15];[13;6;14;7];[20;16;21;15];[18;9;19;10];[8;19;9;20];[22;18;1;17];[16;22;17;21]],11,69,13.75904711
11n_99,[[4;2;5;1];[7;12;8;13];[10;3;11;4];[2;11;3;12];[5;14;6;15];[13;6;14;7];[15;20;16;21];[9;19;10;18];[19;9;20;8];[17;22;18;1];[21;16;22;17]],11,39,11.6343544
11n_100,[[4;2;5;1];[12;8;13;7];[10;3;11;4];[2;11;3;12];[14;6;15;5];[6;14;7;13];[17;20;18;21];[9;19;10;18];[19;9;20;8];[15;22;16;1];[21;16;22;17]],11,45,11.57362386
11n_101,[[4;2;5;1];[7;12;8;13];[10;3;11;4];[2;11;3;12];[5;14;6;15];[13;6;14;7];[20;18;21;17];[18;9;19;10];[8;19;9;20];[22;16;1;15];[16;22;17;21]],11,39,11.16702414
11n_102,[[4;2;5;1];[7;12;8;13];[10;3;11;4];[2;11;3;12];[5;14;6;15];[13;6;14;7];[17;20;18;21];[9;19;10;18];[19;9;20;8];[15;22;16;1];[21;16;22;17]],11,3,7.244320351
11n_103,[[4;2;5;1];[12;8;13;7];[10;3;11;4];[2;11;3;12];[16;13;17;14];[14;5;15;6];[6;15;7;16];[9;20;10;21];[17;22;18;1];[21;18;22;19];[19;8;20;9]],11,65,13.41618972
11n_104,[[4;2;5;1];[10;4;11;3];[11;21;12;20];[5;15;6;14];[15;19;16;18];[7;16;8;17];[17;6;18;7];[19;9;20;8];[13;1;14;22];[21;13;22;12];[2;10;3;9]],11,3,7.349415996
11n_105,[[4;2;5;1];[10;4;11;3];[11;21;12;20];[14;5;15;6];[6;19;7;20];[16;8;17;7];[18;16;19;15];[8;18;9;17];[13;1;14;22];[21;13;22;12];[2;10;3;9]],11,69,13.64209587
11n_106,[[4;2;5;1];[10;4;11;3];[20;11;21;12];[5;15;6;14];[19;7;20;6];[7;16;8;17];[15;18;16;19];[17;8;18;9];[22;13;1;14];[12;21;13;22];[2;10;3;9]],11,27,9.9962874
11n_107,[[4;2;5;1];[10;4;11;3];[11;21;12;20];[5;15;6;14];[19;7;20;6];[7;16;8;17];[15;18;16;19];[17;8;18;9];[13;1;14;22];[21;13;22;12];[2;10;3;9]],11,21,9.27292053
11n_108,[[4;2;5;1];[22;18;1;17];[10;3;11;4];[2;11;3;12];[18;9;19;10];[12;19;13;20];[5;14;6;15];[7;16;8;17];[15;6;16;7];[20;13;21;14];[8;21;9;22]],11,73,14.61015144
11n_109,[[4;2;5;1];[15;22;16;1];[10;3;11;4];[2;11;3;12];[16;7;17;8];[18;9;19;10];[8;17;9;18];[12;19;13;20];[5;14;6;15];[20;13;21;14];[21;7;22;6]],11,57,13.08694667
11n_110,[[4;2;5;1];[22;16;1;15];[10;3;11;4];[2;11;3;12];[7;17;8;16];[9;19;10;18];[17;9;18;8];[12;19;13;20];[14;6;15;5];[20;13;21;14];[6;21;7;22]],11,41,12.54943686
11n_111,[[4;2;5;1];[15;22;16;1];[10;3;11;4];[2;11;3;12];[7;17;8;16];[9;19;10;18];[17;9;18;8];[19;13;20;12];[5;14;6;15];[13;21;14;20];[21;7;22;6]],11,7,8.612493964
11n_112,[[4;2;5;1];[10;4;11;3];[14;6;15;5];[18;8;19;7];[15;22;16;1];[21;16;22;17];[20;11;21;12];[6;18;7;17];[12;19;13;20];[8;14;9;13];[2;10;3;9]],11,55,13.36855369
11n_113,[[4;2;5;1];[15;22;16;1];[10;3;11;4];[2;11;3;12];[16;9;17;10];[18;7;19;8];[8;17;9;18];[12;19;13;20];[5;14;6;15];[20;13;21;14];[21;7;22;6]],11,35,11.0163883
11n_114,[[4;2;5;1];[22;16;1;15];[10;3;11;4];[2;11;3;12];[16;9;17;10];[18;7;19;8];[8;17;9;18];[19;13;20;12];[14;6;15;5];[13;21;14;20];[6;21;7;22]],11,53,12.89137156
11n_115,[[4;2;5;1];[22;16;1;15];[10;3;11;4];[2;11;3;12];[9;17;10;16];[7;19;8;18];[17;9;18;8];[12;19;13;20];[14;6;15;5];[20;13;21;14];[6;21;7;22]],11,77,14.76338932
11n_116,[[4;2;5;1];[15;22;16;1];[10;3;11;4];[2;11;3;12];[9;17;10;16];[7;19;8;18];[17;9;18;8];[12;19;13;20];[5;14;6;15];[20;13;21;14];[21;7;22;6]],11,1,7.75445376
11n_117,[[4;2;5;1];[15;22;16;1];[10;3;11;4];[2;11;3;12];[9;17;10;16];[7;19;8;18];[17;9;18;8];[19;13;20;12];[5;14;6;15];[13;21;14;20];[21;7;22;6]],11,35,11.39518474
11n_118,[[4;2;5;1];[10;4;11;3];[11;17;12;16];[5;15;6;14];[15;9;16;8];[20;8;21;7];[21;12;22;13];[13;18;14;19];[6;20;7;19];[17;1;18;22];[2;10;3;9]],11,21,8.882564242
11n_119,[[4;2;5;1];[10;4;11;3];[16;11;17;12];[14;5;15;6];[8;15;9;16];[7;20;8;21];[12;22;13;21];[18;14;19;13];[19;6;20;7];[22;17;1;18];[2;10;3;9]],11,69,14.36817488
11n_120,[[4;2;5;1];[10;4;11;3];[11;17;12;16];[5;15;6;14];[15;9;16;8];[7;20;8;21];[21;12;22;13];[13;18;14;19];[19;6;20;7];[17;1;18;22];[2;10;3;9]],11,47,12.77505394
11n_121,[[4;2;5;1];[7;12;8;13];[10;3;11;4];[2;11;3;12];[5;16;6;17];[15;6;16;7];[13;20;14;21];[18;9;19;10];[8;19;9;20];[22;18;1;17];[21;14;22;15]],11,45,12.2709474
11n_122,[[4;2;5;1];[7;12;8;13];[10;3;11;4];[2;11;3;12];[5;16;6;17];[15;6;16;7];[13;20;14;21];[9;19;10;18];[19;9;20;8];[17;22;18;1];[21;14;22;15]],11,27,9.73049546
11n_123,[[4;2;5;1];[12;10;13;9];[10;3;11;4];[2;11;3;12];[5;16;6;17];[17;22;18;1];[7;15;8;14];[19;8;20;9];[21;7;22;6];[13;18;14;19];[15;21;16;20]],11,57,13.52403347
11n_124,[[4;2;5;1];[7;15;8;14];[10;3;11;4];[2;11;3;12];[16;6;17;5];[9;19;10;18];[20;15;21;16];[13;9;14;8];[22;18;1;17];[19;13;20;12];[6;21;7;22]],11,59,13.69905255
11n_125,[[4;2;5;1];[14;10;15;9];[10;3;11;4];[2;11;3;12];[22;15;1;16];[5;17;6;16];[7;19;8;18];[17;7;18;6];[8;21;9;22];[20;14;21;13];[12;20;13;19]],11,63,14.08354603
11n_126,[[4;2;5;1];[10;4;11;3];[11;17;12;16];[7;13;8;12];[15;9;16;8];[13;21;14;20];[21;7;22;6];[5;19;6;18];[19;15;20;14];[17;1;18;22];[2;10;3;9]],11,27,10.76387676
11n_127,[[4;2;5;1];[7;12;8;13];[10;3;11;4];[2;11;3;12];[13;21;14;20];[18;5;19;6];[6;19;7;20];[22;17;1;18];[21;15;22;14];[9;16;10;17];[15;8;16;9]],11,55,13.12897618
11n_128,[[4;2;5;1];[9;16;10;17];[10;3;11;4];[2;11;3;12];[17;1;18;22];[5;19;6;18];[7;15;8;14];[13;7;14;6];[21;9;22;8];[15;20;16;21];[19;12;20;13]],11,43,12.26192867
11n_129,[[4;2;5;1];[7;14;8;15];[10;3;11;4];[2;11;3;12];[17;1;18;22];[5;19;6;18];[21;7;22;6];[9;16;10;17];[13;20;14;21];[15;8;16;9];[19;12;20;13]],11,43,11.72040209
11n_130,[[4;2;5;1];[15;22;16;1];[10;3;11;4];[2;11;3;12];[9;17;10;16];[17;13;18;12];[7;14;8;15];[5;18;6;19];[19;6;20;7];[13;21;14;20];[21;9;22;8]],11,53,13.34789187
11n_131,[[4;2;5;1];[9;14;10;15];[10;3;11;4];[2;11;3;12];[7;16;8;17];[15;8;16;9];[22;17;1;18];[18;5;19;6];[6;21;7;22];[20;14;21;13];[12;20;13;19]],11,67,14.37230946
11n_132,[[4;2;5;1];[9;14;10;15];[10;3;11;4];[2;11;3;12];[7;16;8;17];[15;8;16;9];[17;1;18;22];[5;19;6;18];[21;7;22;6];[13;20;14;21];[19;12;20;13]],11,25,10.26682776
11n_133,[[4;2;5;1];[10;4;11;3];[11;17;12;16];[5;19;6;18];[15;9;16;8];[19;15;20;14];[7;20;8;21];[13;6;14;7];[21;12;22;13];[17;1;18;22];[2;10;3;9]],11,25,10.99204028
11n_134,[[4;2;5;1];[9;14;10;15];[10;3;11;4];[2;11;3;12];[7;22;8;1];[5;19;6;18];[21;16;22;17];[17;7;18;6];[15;8;16;9];[13;20;14;21];[19;12;20;13]],11,47,13.04893247
11n_135,[[4;2;5;1];[14;6;15;5];[12;3;13;4];[2;13;3;14];[22;10;1;9];[11;19;12;18];[19;7;20;6];[7;17;8;16];[17;11;18;10];[15;20;16;21];[8;22;9;21]],11,5,8.039875597
11n_136,[[4;2;5;1];[12;4;13;3];[14;8;15;7];[18;10;19;9];[20;18;21;17];[21;7;22;6];[5;17;6;16];[10;20;11;19];[8;14;9;13];[15;1;16;22];[2;12;3;11]],11,63,13.79481497
11n_137,[[4;2;5;1];[7;14;8;15];[12;3;13;4];[2;13;3;14];[5;16;6;17];[15;6;16;7];[22;18;1;17];[18;9;19;10];[8;21;9;22];[20;11;21;12];[10;19;11;20]],11,57,12.36406126
11n_138,[[4;2;5;1];[7;14;8;15];[12;3;13;4];[2;13;3;14];[5;16;6;17];[15;6;16;7];[17;22;18;1];[9;19;10;18];[21;9;22;8];[11;21;12;20];[19;11;20;10]],11,15,7.776711513
11n_140,[[4;2;5;1];[7;14;8;15];[12;3;13;4];[2;13;3;14];[5;16;6;17];[15;6;16;7];[22;18;1;17];[18;11;19;12];[20;9;21;10];[10;19;11;20];[8;21;9;22]],11,51,11.41155123
11n_141,[[4;2;5;1];[7;14;8;15];[12;3;13;4];[2;13;3;14];[5;16;6;17];[15;6;16;7];[17;22;18;1];[11;19;12;18];[9;21;10;20];[19;11;20;10];[21;9;22;8]],11,21,7.803494496
11n_142,[[4;2;5;1];[7;21;8;20];[12;3;13;4];[2;13;3;14];[5;16;6;17];[11;19;12;18];[19;11;20;10];[9;14;10;15];[15;8;16;9];[17;22;18;1];[21;7;22;6]],11,33,11.18083695
11n_143,[[4;2;5;1];[12;4;13;3];[5;16;6;17];[9;18;10;19];[22;8;1;7];[8;22;9;21];[13;21;14;20];[17;6;18;7];[19;15;20;14];[15;10;16;11];[2;12;3;11]],11,9,9.313768105
11n_144,[[4;2;5;1];[12;4;13;3];[18;6;19;5];[7;15;8;14];[21;9;22;8];[15;20;16;21];[22;13;1;14];[6;20;7;19];[10;18;11;17];[16;10;17;9];[2;12;3;11]],11,65,13.80212463
11n_145,[[4;2;5;1];[14;4;15;3];[9;1;10;22];[5;11;6;10];[18;11;19;12];[7;20;8;21];[15;9;16;8];[17;6;18;7];[12;19;13;20];[21;16;22;17];[2;14;3;13]],11,9,9.012071549
11n_146,[[4;2;5;1];[14;4;15;3];[22;9;1;10];[10;5;11;6];[11;19;12;18];[20;8;21;7];[8;15;9;16];[6;18;7;17];[19;13;20;12];[16;22;17;21];[2;14;3;13]],11,63,14.49695305
11n_147,[[4;2;5;1];[14;4;15;3];[9;1;10;22];[5;11;6;10];[11;19;12;18];[7;20;8;21];[15;9;16;8];[17;6;18;7];[19;13;20;12];[21;16;22;17];[2;14;3;13]],11,37,12.65166865
11n_148,[[4;2;5;1];[14;4;15;3];[7;20;8;21];[5;19;6;18];[19;13;20;12];[9;1;10;22];[15;9;16;8];[11;6;12;7];[21;16;22;17];[17;10;18;11];[2;14;3;13]],11,75,15.46172086
11n_149,[[6;2;7;1];[18;8;19;7];[8;3;9;4];[2;17;3;18];[16;9;17;10];[10;6;11;5];[4;16;5;15];[11;21;12;20];[13;1;14;22];[21;13;22;12];[19;15;20;14]],11,33,11.13625633
11n_150,[[6;2;7;1];[18;8;19;7];[8;3;9;4];[2;17;3;18];[16;9;17;10];[10;6;11;5];[4;16;5;15];[11;1;12;22];[13;21;14;20];[19;15;20;14];[21;13;22;12]],11,75,14.7873168
11n_151,[[6;2;7;1];[8;4;9;3];[2;8;3;7];[17;22;18;1];[12;5;13;6];[4;13;5;14];[11;19;12;18];[19;15;20;14];[9;16;10;17];[15;21;16;20];[21;11;22;10]],11,23,12.43390937
11n_152,[[6;2;7;1];[8;4;9;3];[2;8;3;7];[9;19;10;18];[12;5;13;6];[4;13;5;14];[19;14;20;15];[11;20;12;21];[17;1;18;22];[21;17;22;16];[15;11;16;10]],11,23,12.43390937
11n_153,[[6;2;7;1];[20;8;21;7];[8;3;9;4];[2;19;3;20];[16;9;17;10];[12;6;13;5];[4;16;5;15];[18;11;19;12];[10;17;11;18];[13;1;14;22];[21;15;22;14]],11,57,13.0744971
11n_154,[[6;2;7;1];[20;8;21;7];[8;3;9;4];[2;19;3;20];[9;17;10;16];[12;6;13;5];[4;16;5;15];[11;19;12;18];[17;11;18;10];[22;13;1;14];[14;21;15;22]],11,79,15.30902758
11n_155,[[6;2;7;1];[20;8;21;7];[8;3;9;4];[2;19;3;20];[16;11;17;12];[12;6;13;5];[4;16;5;15];[18;9;19;10];[10;17;11;18];[13;1;14;22];[21;15;22;14]],11,51,12.38480609
11n_156,[[6;2;7;1];[3;11;4;10];[14;7;15;8];[11;19;12;18];[12;6;13;5];[17;4;18;5];[20;16;21;15];[16;10;17;9];[22;13;1;14];[2;19;3;20];[8;21;9;22]],11,77,15.39715776
11n_157,[[6;2;7;1];[3;11;4;10];[14;7;15;8];[11;19;12;18];[5;12;6;13];[17;4;18;5];[20;16;21;15];[9;16;10;17];[22;13;1;14];[19;3;20;2];[8;21;9;22]],11,65,14.74706287
11n_158,[[6;2;7;1];[18;8;19;7];[10;3;11;4];[2;17;3;18];[16;11;17;12];[12;6;13;5];[4;16;5;15];[20;10;21;9];[13;1;14;22];[8;20;9;19];[21;15;22;14]],11,45,12.72541391
11n_159,[[6;2;7;1];[7;18;8;19];[10;3;11;4];[2;17;3;18];[16;11;17;12];[12;6;13;5];[4;16;5;15];[9;20;10;21];[22;13;1;14];[19;8;20;9];[14;21;15;22]],11,71,15.18099416
11n_160,[[6;2;7;1];[20;8;21;7];[11;19;12;18];[12;6;13;5];[2;19;3;20];[8;16;9;15];[3;11;4;10];[16;10;17;9];[17;4;18;5];[22;13;1;14];[14;21;15;22]],11,67,14.30176711
11n_161,[[6;2;7;1];[18;10;19;9];[10;3;11;4];[2;17;3;18];[20;8;21;7];[16;11;17;12];[12;6;13;5];[4;16;5;15];[8;20;9;19];[13;1;14;22];[21;15;22;14]],11,63,13.72756285
11n_162,[[6;2;7;1];[22;8;1;7];[11;19;12;18];[12;6;13;5];[2;19;3;20];[16;10;17;9];[3;11;4;10];[14;22;15;21];[20;16;21;15];[8;14;9;13];[17;4;18;5]],11,55,13.10687612
11n_163,[[6;2;7;1];[22;8;1;7];[11;19;12;18];[5;12;6;13];[19;3;20;2];[9;16;10;17];[3;11;4;10];[14;22;15;21];[20;16;21;15];[8;14;9;13];[17;4;18;5]],11,91,16.14874652
11n_164,[[6;2;7;1];[16;8;17;7];[3;11;4;10];[9;21;10;20];[13;19;14;18];[19;13;20;12];[2;15;3;16];[21;9;22;8];[14;5;15;6];[11;5;12;4];[22;18;1;17]],11,45,13.15024235
11n_165,[[6;2;7;1];[16;8;17;7];[3;11;4;10];[20;9;21;10];[18;13;19;14];[12;19;13;20];[2;15;3;16];[8;21;9;22];[14;5;15;6];[11;5;12;4];[22;18;1;17]],11,85,15.8168733
11n_166,[[6;2;7;1];[10;4;11;3];[18;7;19;8];[8;19;9;20];[2;10;3;9];[20;11;21;12];[5;15;6;14];[15;5;16;4];[16;22;17;21];[22;14;1;13];[12;17;13;18]],11,59,14.19540733
11n_167,[[6;2;7;1];[10;4;11;3];[20;8;21;7];[22;15;1;16];[11;18;12;19];[17;12;18;13];[16;21;17;22];[8;20;9;19];[14;6;15;5];[2;10;3;9];[4;14;5;13]],11,63,14.20872152
11n_168,[[6;2;7;1];[14;6;15;5];[20;8;21;7];[22;15;1;16];[16;21;17;22];[8;18;9;17];[10;4;11;3];[4;10;5;9];[19;12;20;13];[11;18;12;19];[2;14;3;13]],11,75,15.01321701
11n_169,[[6;2;7;1];[12;8;13;7];[5;17;6;16];[3;11;4;10];[11;3;12;2];[17;5;18;4];[19;9;20;8];[9;19;10;18];[20;14;21;13];[22;16;1;15];[14;22;15;21]],11,35,10.81729253
11n_170,[[6;2;7;1];[12;8;13;7];[16;5;17;6];[10;3;11;4];[2;11;3;12];[4;17;5;18];[8;19;9;20];[18;9;19;10];[15;20;16;21];[13;22;14;1];[21;14;22;15]],11,63,13.60980423
11n_171,[[6;2;7;1];[12;8;13;7];[5;17;6;16];[3;11;4;10];[11;3;12;2];[17;5;18;4];[19;9;20;8];[9;19;10;18];[20;16;21;15];[22;14;1;13];[14;22;15;21]],11,65,13.60664854
11n_172,[[6;2;7;1];[5;16;6;17];[22;17;1;18];[18;13;19;14];[14;21;15;22];[12;8;13;7];[10;3;11;4];[2;11;3;12];[20;10;21;9];[15;4;16;5];[8;20;9;19]],11,49,13.39148036
11n_173,[[6;2;7;1];[16;6;17;5];[22;17;1;18];[18;13;19;14];[14;21;15;22];[12;8;13;7];[3;11;4;10];[11;3;12;2];[20;10;21;9];[4;16;5;15];[8;20;9;19]],11,45,13.58036646
11n_174,[[6;2;7;1];[16;6;17;5];[22;17;1;18];[14;7;15;8];[3;11;4;10];[20;10;21;9];[12;22;13;21];[8;20;9;19];[11;5;12;4];[18;14;19;13];[2;16;3;15]],11,97,16.72840505
11n_175,[[6;2;7;1];[14;8;15;7];[5;17;6;16];[3;11;4;10];[11;18;12;19];[17;12;18;13];[13;3;14;2];[19;5;20;4];[21;9;22;8];[9;21;10;20];[22;16;1;15]],11,65,13.98207661
11n_176,[[6;2;7;1];[5;16;6;17];[22;17;1;18];[18;7;19;8];[10;3;11;4];[2;11;3;12];[12;20;13;19];[20;10;21;9];[14;21;15;22];[8;13;9;14];[15;4;16;5]],11,63,14.53448487
11n_177,[[6;2;7;1];[16;6;17;5];[22;17;1;18];[18;7;19;8];[3;11;4;10];[11;3;12;2];[12;20;13;19];[20;10;21;9];[14;21;15;22];[8;13;9;14];[4;16;5;15]],11,83,16.09172281
11n_178,[[6;2;7;1];[16;6;17;5];[22;17;1;18];[18;7;19;8];[3;11;4;10];[12;22;13;21];[8;14;9;13];[20;10;21;9];[11;5;12;4];[14;19;15;20];[2;16;3;15]],11,95,16.99833823
11n_179,[[6;2;7;1];[3;10;4;11];[14;8;15;7];[11;19;12;18];[22;16;1;15];[16;22;17;21];[17;13;18;12];[8;14;9;13];[5;20;6;21];[9;2;10;3];[19;4;20;5]],11,77,14.79887286
11n_180,[[6;2;7;1];[14;8;15;7];[5;17;6;16];[3;13;4;12];[13;3;14;2];[17;5;18;4];[21;9;22;8];[11;21;12;20];[9;19;10;18];[19;11;20;10];[22;16;1;15]],11,55,12.69652934
11n_181,[[6;2;7;1];[14;8;15;7];[5;17;6;16];[3;13;4;12];[13;3;14;2];[17;5;18;4];[21;9;22;8];[9;21;10;20];[11;19;12;18];[19;11;20;10];[22;16;1;15]],11,45,11.34500385
11n_182,[[6;2;7;1];[18;8;19;7];[2;17;3;18];[11;4;12;5];[3;12;4;13];[16;5;17;6];[20;13;21;14];[10;21;11;22];[14;10;15;9];[22;16;1;15];[8;20;9;19]],11,93,16.38967677
11n_183,[[6;2;7;1];[10;6;11;5];[3;15;4;14];[22;11;1;12];[16;22;17;21];[20;14;21;13];[7;19;8;18];[19;9;20;8];[15;5;16;4];[12;18;13;17];[2;10;3;9]],11,21,11.41092941
11n_184,[[6;2;7;1];[10;6;11;5];[3;15;4;14];[22;11;1;12];[16;22;17;21];[20;14;21;13];[18;7;19;8];[8;19;9;20];[15;5;16;4];[12;18;13;17];[2;10;3;9]],11,87,16.3840372
11n_185,[[6;2;7;1];[14;8;15;7];[16;5;17;6];[2;13;3;14];[12;18;13;17];[18;4;19;3];[4;12;5;11];[9;21;10;20];[19;9;20;8];[21;11;22;10];[22;16;1;15]],11,105,17.09995687
12a_1,[[1;5;2;4];[3;8;4;9];[5;11;6;10];[7;14;8;15];[9;2;10;3];[11;17;12;16];[13;21;14;20];[15;6;16;7];[17;22;18;23];[19;13;20;12];[21;24;22;1];[23;18;24;19]],12,213,18.46035205
12a_2,[[1;5;2;4];[3;8;4;9];[5;11;6;10];[7;14;8;15];[9;2;10;3];[11;17;12;16];[13;20;14;21];[15;6;16;7];[17;23;18;22];[19;1;20;24];[21;12;22;13];[23;19;24;18]],12,171,17.18382724
12a_3,[[1;5;2;4];[3;8;4;9];[5;11;6;10];[7;14;8;15];[9;2;10;3];[11;17;12;16];[13;20;14;21];[15;6;16;7];[17;1;18;24];[19;23;20;22];[21;12;22;13];[23;19;24;18]],12,169,16.53278087
12a_4,[[1;5;2;4];[3;8;4;9];[5;11;6;10];[7;15;8;14];[9;2;10;3];[11;18;12;19];[13;7;14;6];[15;20;16;21];[17;23;18;22];[19;12;20;13];[21;24;22;1];[23;17;24;16]],12,221,18.70220868
12a_5,[[1;5;2;4];[3;8;4;9];[5;11;6;10];[7;15;8;14];[9;2;10;3];[11;19;12;18];[13;7;14;6];[15;22;16;23];[17;13;18;12];[19;1;20;24];[21;16;22;17];[23;21;24;20]],12,199,18.24189911
12a_6,[[1;5;2;4];[3;8;4;9];[5;11;6;10];[7;15;8;14];[9;2;10;3];[11;18;12;19];[13;7;14;6];[15;23;16;22];[17;20;18;21];[19;12;20;13];[21;1;22;24];[23;17;24;16]],12,203,18.07169943
12a_7,[[1;5;2;4];[3;8;4;9];[5;11;6;10];[7;14;8;15];[9;2;10;3];[11;19;12;18];[13;20;14;21];[15;6;16;7];[17;22;18;23];[19;1;20;24];[21;16;22;17];[23;12;24;13]],12,251,19.93359191
12a_8,[[1;5;2;4];[3;8;4;9];[5;11;6;10];[7;15;8;14];[9;2;10;3];[11;21;12;20];[13;7;14;6];[15;22;16;23];[17;24;18;1];[19;13;20;12];[21;18;22;19];[23;16;24;17]],12,181,17.41011129
12a_9,[[1;5;2;4];[3;8;4;9];[5;11;6;10];[7;15;8;14];[9;2;10;3];[11;21;12;20];[13;7;14;6];[15;24;16;1];[17;22;18;23];[19;13;20;12];[21;18;22;19];[23;16;24;17]],12,119,14.64422751
12a_10,[[1;5;2;4];[3;8;4;9];[5;11;6;10];[7;14;8;15];[9;2;10;3];[11;21;12;20];[13;17;14;16];[15;6;16;7];[17;23;18;22];[19;13;20;12];[21;1;22;24];[23;19;24;18]],12,207,18.20104412
12a_11,[[1;5;2;4];[3;8;4;9];[5;11;6;10];[7;14;8;15];[9;2;10;3];[11;20;12;21];[13;17;14;16];[15;6;16;7];[17;22;18;23];[19;24;20;1];[21;12;22;13];[23;18;24;19]],12,165,16.85953576
12a_12,[[1;5;2;4];[3;8;4;9];[5;11;6;10];[7;14;8;15];[9;2;10;3];[11;20;12;21];[13;17;14;16];[15;6;16;7];[17;24;18;1];[19;22;20;23];[21;12;22;13];[23;18;24;19]],12,167,16.4558822
12a_13,[[1;5;2;4];[3;8;4;9];[5;11;6;10];[7;14;8;15];[9;2;10;3];[11;20;12;21];[13;19;14;18];[15;6;16;7];[17;23;18;22];[19;24;20;1];[21;17;22;16];[23;12;24;13]],12,253,20.01142562
12a_14,[[1;5;2;4];[3;8;4;9];[5;11;6;10];[7;14;8;15];[9;2;10;3];[11;20;12;21];[13;23;14;22];[15;6;16;7];[17;12;18;13];[19;24;20;1];[21;17;22;16];[23;18;24;19]],12,251,19.93359191
12a_15,[[1;5;2;4];[3;8;4;9];[5;11;6;10];[7;14;8;15];[9;2;10;3];[11;23;12;22];[13;20;14;21];[15;6;16;7];[17;12;18;13];[19;1;20;24];[21;16;22;17];[23;19;24;18]],12,253,20.01142562
12a_16,[[1;5;2;4];[3;8;4;9];[5;11;6;10];[7;17;8;16];[9;2;10;3];[11;18;12;19];[13;21;14;20];[15;7;16;6];[17;24;18;1];[19;22;20;23];[21;13;22;12];[23;14;24;15]],12,201,17.46562983
12a_17,[[1;5;2;4];[3;8;4;9];[5;11;6;10];[7;17;8;16];[9;2;10;3];[11;18;12;19];[13;21;14;20];[15;7;16;6];[17;24;18;1];[19;23;20;22];[21;15;22;14];[23;12;24;13]],12,223,18.09552709
12a_18,[[1;5;2;4];[3;8;4;9];[5;11;6;10];[7;16;8;17];[9;2;10;3];[11;19;12;18];[13;21;14;20];[15;22;16;23];[17;6;18;7];[19;13;20;12];[21;1;22;24];[23;14;24;15]],12,151,15.89996627
12a_19,[[1;5;2;4];[3;8;4;9];[5;11;6;10];[7;16;8;17];[9;2;10;3];[11;19;12;18];[13;20;14;21];[15;22;16;23];[17;6;18;7];[19;1;20;24];[21;14;22;15];[23;12;24;13]],12,191,17.0223651
12a_20,[[1;5;2;4];[3;8;4;9];[5;11;6;10];[7;16;8;17];[9;2;10;3];[11;19;12;18];[13;20;14;21];[15;1;16;24];[17;6;18;7];[19;22;20;23];[21;14;22;15];[23;13;24;12]],12,193,17.38430733
12a_21,[[1;5;2;4];[3;8;4;9];[5;11;6;10];[7;17;8;16];[9;2;10;3];[11;19;12;18];[13;23;14;22];[15;7;16;6];[17;15;18;14];[19;1;20;24];[21;13;22;12];[23;21;24;20]],12,197,17.31654317
12a_22,[[1;5;2;4];[3;8;4;9];[5;11;6;10];[7;16;8;17];[9;2;10;3];[11;19;12;18];[13;22;14;23];[15;20;16;21];[17;6;18;7];[19;1;20;24];[21;14;22;15];[23;12;24;13]],12,149,15.37152134
12a_23,[[1;5;2;4];[3;8;4;9];[5;11;6;10];[7;16;8;17];[9;2;10;3];[11;21;12;20];[13;19;14;18];[15;22;16;23];[17;6;18;7];[19;13;20;12];[21;1;22;24];[23;14;24;15]],12,189,17.81103617
12a_24,[[1;5;2;4];[3;8;4;9];[5;11;6;10];[7;17;8;16];[9;2;10;3];[11;21;12;20];[13;23;14;22];[15;7;16;6];[17;24;18;1];[19;15;20;14];[21;13;22;12];[23;18;24;19]],12,161,16.04439915
12a_25,[[1;5;2;4];[3;8;4;9];[5;11;6;10];[7;16;8;17];[9;2;10;3];[11;21;12;20];[13;22;14;23];[15;19;16;18];[17;6;18;7];[19;15;20;14];[21;1;22;24];[23;12;24;13]],12,185,16.93876919
12a_26,[[1;5;2;4];[3;8;4;9];[5;11;6;10];[7;16;8;17];[9;2;10;3];[11;20;12;21];[13;22;14;23];[15;19;16;18];[17;6;18;7];[19;24;20;1];[21;12;22;13];[23;14;24;15]],12,145,15.05908991
12a_27,[[1;5;2;4];[3;8;4;9];[5;11;6;10];[7;16;8;17];[9;2;10;3];[11;20;12;21];[13;22;14;23];[15;19;16;18];[17;6;18;7];[19;24;20;1];[21;14;22;15];[23;12;24;13]],12,187,16.82111232
12a_28,[[1;5;2;4];[3;8;4;9];[5;11;6;10];[7;17;8;16];[9;2;10;3];[11;23;12;22];[13;19;14;18];[15;7;16;6];[17;15;18;14];[19;24;20;1];[21;13;22;12];[23;20;24;21]],12,175,16.73339769
12a_29,[[1;5;2;4];[3;8;4;9];[5;11;6;10];[7;17;8;16];[9;2;10;3];[11;22;12;23];[13;18;14;19];[15;7;16;6];[17;20;18;21];[19;14;20;15];[21;24;22;1];[23;12;24;13]],12,219,18.48850426
12a_30,[[1;5;2;4];[3;8;4;9];[5;11;6;10];[7;16;8;17];[9;2;10;3];[11;22;12;23];[13;19;14;18];[15;21;16;20];[17;6;18;7];[19;15;20;14];[21;24;22;1];[23;12;24;13]],12,189,17.75495224
12a_31,[[1;5;2;4];[3;8;4;9];[5;11;6;10];[7;17;8;16];[9;2;10;3];[11;23;12;22];[13;21;14;20];[15;7;16;6];[17;24;18;1];[19;15;20;14];[21;13;22;12];[23;18;24;19]],12,139,15.23828727
12a_32,[[1;5;2;4];[3;8;4;9];[5;11;6;10];[7;16;8;17];[9;2;10;3];[11;22;12;23];[13;21;14;20];[15;19;16;18];[17;6;18;7];[19;15;20;14];[21;24;22;1];[23;12;24;13]],12,143,15.33500577
12a_33,[[1;5;2;4];[3;8;4;9];[5;11;6;10];[7;16;8;17];[9;2;10;3];[11;23;12;22];[13;1;14;24];[15;20;16;21];[17;6;18;7];[19;14;20;15];[21;18;22;19];[23;13;24;12]],12,189,17.75495224
12a_34,[[1;5;2;4];[3;8;4;9];[5;11;6;10];[7;19;8;18];[9;2;10;3];[11;21;12;20];[13;23;14;22];[15;1;16;24];[17;7;18;6];[19;17;20;16];[21;13;22;12];[23;15;24;14]],12,115,13.78569547
12a_35,[[1;5;2;4];[3;8;4;9];[5;11;6;10];[7;19;8;18];[9;2;10;3];[11;21;12;20];[13;23;14;22];[15;1;16;24];[17;7;18;6];[19;17;20;16];[21;15;22;14];[23;13;24;12]],12,177,16.66651609
12a_36,[[1;5;2;4];[3;8;4;9];[5;11;6;10];[7;19;8;18];[9;2;10;3];[11;23;12;22];[13;1;14;24];[15;21;16;20];[17;7;18;6];[19;15;20;14];[21;17;22;16];[23;13;24;12]],12,159,16.88089049
12a_37,[[1;5;2;4];[3;8;4;9];[5;11;6;10];[7;19;8;18];[9;2;10;3];[11;23;12;22];[13;1;14;24];[15;21;16;20];[17;7;18;6];[19;17;20;16];[21;15;22;14];[23;13;24;12]],12,133,15.05587751
12a_38,[[1;5;2;4];[3;8;4;9];[5;11;6;10];[7;19;8;18];[9;2;10;3];[11;1;12;24];[13;23;14;22];[15;21;16;20];[17;7;18;6];[19;17;20;16];[21;15;22;14];[23;13;24;12]],12,71,10.89773673
12a_39,[[1;5;2;4];[3;9;4;8];[5;12;6;13];[7;3;8;2];[9;14;10;15];[11;18;12;19];[13;6;14;7];[15;22;16;23];[17;10;18;11];[19;1;20;24];[21;16;22;17];[23;21;24;20]],12,187,17.89365365
12a_40,[[1;5;2;4];[3;9;4;8];[5;12;6;13];[7;3;8;2];[9;14;10;15];[11;19;12;18];[13;6;14;7];[15;23;16;22];[17;20;18;21];[19;11;20;10];[21;1;22;24];[23;17;24;16]],12,211,18.14765804
12a_41,[[1;5;2;4];[3;9;4;8];[5;12;6;13];[7;3;8;2];[9;14;10;15];[11;20;12;21];[13;6;14;7];[15;22;16;23];[17;24;18;1];[19;10;20;11];[21;18;22;19];[23;16;24;17]],12,185,17.3784581
12a_42,[[1;5;2;4];[3;9;4;8];[5;12;6;13];[7;3;8;2];[9;14;10;15];[11;20;12;21];[13;6;14;7];[15;24;16;1];[17;22;18;23];[19;10;20;11];[21;18;22;19];[23;16;24;17]],12,131,14.94196135
12a_43,[[1;5;2;4];[3;9;4;8];[5;13;6;12];[7;3;8;2];[9;17;10;16];[11;7;12;6];[13;19;14;18];[15;23;16;22];[17;11;18;10];[19;1;20;24];[21;15;22;14];[23;21;24;20]],12,203,18.19232501
12a_44,[[1;5;2;4];[3;9;4;8];[5;13;6;12];[7;3;8;2];[9;16;10;17];[11;7;12;6];[13;21;14;20];[15;10;16;11];[17;23;18;22];[19;15;20;14];[21;1;22;24];[23;19;24;18]],12,217,19.1772448
12a_45,[[1;5;2;4];[3;9;4;8];[5;13;6;12];[7;3;8;2];[9;16;10;17];[11;7;12;6];[13;20;14;21];[15;10;16;11];[17;22;18;23];[19;24;20;1];[21;14;22;15];[23;18;24;19]],12,179,18.07335769
12a_46,[[1;5;2;4];[3;9;4;8];[5;13;6;12];[7;3;8;2];[9;16;10;17];[11;7;12;6];[13;20;14;21];[15;10;16;11];[17;24;18;1];[19;22;20;23];[21;14;22;15];[23;18;24;19]],12,161,16.9931011
12a_47,[[1;5;2;4];[3;9;4;8];[5;13;6;12];[7;3;8;2];[9;17;10;16];[11;7;12;6];[13;23;14;22];[15;19;16;18];[17;11;18;10];[19;24;20;1];[21;15;22;14];[23;20;24;21]],12,193,17.89844411
12a_48,[[1;5;2;4];[3;9;4;8];[5;12;6;13];[7;3;8;2];[9;16;10;17];[11;19;12;18];[13;6;14;7];[15;20;16;21];[17;24;18;1];[19;23;20;22];[21;14;22;15];[23;11;24;10]],12,261,20.30855651
12a_49,[[1;5;2;4];[3;9;4;8];[5;12;6;13];[7;3;8;2];[9;16;10;17];[11;22;12;23];[13;6;14;7];[15;20;16;21];[17;24;18;1];[19;10;20;11];[21;14;22;15];[23;18;24;19]],12,231,19.65864085
12a_50,[[1;5;2;4];[3;9;4;8];[5;13;6;12];[7;3;8;2];[9;18;10;19];[11;7;12;6];[13;20;14;21];[15;22;16;23];[17;10;18;11];[19;24;20;1];[21;14;22;15];[23;16;24;17]],12,151,16.03972703
12a_51,[[1;5;2;4];[3;9;4;8];[5;13;6;12];[7;3;8;2];[9;18;10;19];[11;7;12;6];[13;20;14;21];[15;22;16;23];[17;10;18;11];[19;24;20;1];[21;16;22;17];[23;14;24;15]],12,189,17.55618531
12a_52,[[1;5;2;4];[3;9;4;8];[5;13;6;12];[7;3;8;2];[9;19;10;18];[11;7;12;6];[13;21;14;20];[15;23;16;22];[17;1;18;24];[19;11;20;10];[21;15;22;14];[23;17;24;16]],12,109,14.27646843
12a_53,[[1;5;2;4];[3;9;4;8];[5;13;6;12];[7;3;8;2];[9;19;10;18];[11;7;12;6];[13;21;14;20];[15;23;16;22];[17;1;18;24];[19;11;20;10];[21;17;22;16];[23;15;24;14]],12,175,17.33348639
12a_54,[[1;5;2;4];[3;9;4;8];[5;13;6;12];[7;3;8;2];[9;18;10;19];[11;7;12;6];[13;22;14;23];[15;21;16;20];[17;10;18;11];[19;17;20;16];[21;24;22;1];[23;14;24;15]],12,169,16.96589468
12a_55,[[1;5;2;4];[3;9;4;8];[5;13;6;12];[7;3;8;2];[9;19;10;18];[11;7;12;6];[13;23;14;22];[15;1;16;24];[17;21;18;20];[19;11;20;10];[21;17;22;16];[23;15;24;14]],12,155,16.54025407
12a_56,[[1;5;2;4];[3;9;4;8];[5;13;6;12];[7;3;8;2];[9;19;10;18];[11;7;12;6];[13;1;14;24];[15;23;16;22];[17;21;18;20];[19;11;20;10];[21;17;22;16];[23;15;24;14]],12,89,12.9142014
12a_57,[[1;5;2;4];[3;9;4;8];[5;12;6;13];[7;3;8;2];[9;18;10;19];[11;14;12;15];[13;6;14;7];[15;23;16;22];[17;10;18;11];[19;24;20;1];[21;17;22;16];[23;20;24;21]],12,177,17.45966283
12a_58,[[1;5;2;4];[3;9;4;8];[5;12;6;13];[7;3;8;2];[9;19;10;18];[11;14;12;15];[13;6;14;7];[15;22;16;23];[17;21;18;20];[19;11;20;10];[21;24;22;1];[23;16;24;17]],12,205,17.92573605
12a_59,[[1;5;2;4];[3;9;4;8];[5;12;6;13];[7;3;8;2];[9;19;10;18];[11;16;12;17];[13;6;14;7];[15;21;16;20];[17;1;18;24];[19;22;20;23];[21;15;22;14];[23;11;24;10]],12,259,20.25750109
12a_60,[[1;5;2;4];[3;9;4;8];[5;12;6;13];[7;3;8;2];[9;19;10;18];[11;20;12;21];[13;6;14;7];[15;11;16;10];[17;22;18;23];[19;14;20;15];[21;1;22;24];[23;16;24;17]],12,261,20.30855651
12a_61,[[1;5;2;4];[3;9;4;8];[5;12;6;13];[7;3;8;2];[9;20;10;21];[11;14;12;15];[13;6;14;7];[15;23;16;22];[17;1;18;24];[19;10;20;11];[21;19;22;18];[23;17;24;16]],12,179,17.09490967
12a_62,[[1;5;2;4];[3;9;4;8];[5;12;6;13];[7;3;8;2];[9;20;10;21];[11;14;12;15];[13;6;14;7];[15;1;16;24];[17;23;18;22];[19;10;20;11];[21;19;22;18];[23;17;24;16]],12,129,14.88012866
12a_63,[[1;5;2;4];[3;9;4;8];[5;12;6;13];[7;3;8;2];[9;20;10;21];[11;19;12;18];[13;6;14;7];[15;11;16;10];[17;23;18;22];[19;15;20;14];[21;24;22;1];[23;17;24;16]],12,259,20.25750109
12a_64,[[1;5;2;4];[3;9;4;8];[5;13;6;12];[7;3;8;2];[9;22;10;23];[11;7;12;6];[13;17;14;16];[15;21;16;20];[17;1;18;24];[19;15;20;14];[21;10;22;11];[23;19;24;18]],12,217,19.1772448
12a_65,[[1;5;2;4];[3;9;4;8];[5;13;6;12];[7;3;8;2];[9;22;10;23];[11;7;12;6];[13;18;14;19];[15;20;16;21];[17;24;18;1];[19;14;20;15];[21;10;22;11];[23;16;24;17]],12,179,18.07335769
12a_66,[[1;5;2;4];[3;9;4;8];[5;12;6;13];[7;3;8;2];[9;22;10;23];[11;16;12;17];[13;6;14;7];[15;21;16;20];[17;1;18;24];[19;10;20;11];[21;15;22;14];[23;19;24;18]],12,237,19.85776151
12a_67,[[1;5;2;4];[3;8;4;9];[5;13;6;12];[7;14;8;15];[9;2;10;3];[11;19;12;18];[13;1;14;24];[15;20;16;21];[17;22;18;23];[19;11;20;10];[21;16;22;17];[23;6;24;7]],12,219,19.32127448
12a_68,[[1;5;2;4];[3;8;4;9];[5;13;6;12];[7;14;8;15];[9;2;10;3];[11;19;12;18];[13;1;14;24];[15;22;16;23];[17;20;18;21];[19;11;20;10];[21;16;22;17];[23;6;24;7]],12,185,17.79087009
12a_69,[[1;5;2;4];[3;8;4;9];[5;13;6;12];[7;16;8;17];[9;2;10;3];[11;18;12;19];[13;21;14;20];[15;22;16;23];[17;10;18;11];[19;6;20;7];[21;1;22;24];[23;14;24;15]],12,239,19.34584233
12a_70,[[1;5;2;4];[3;8;4;9];[5;13;6;12];[7;16;8;17];[9;2;10;3];[11;18;12;19];[13;22;14;23];[15;21;16;20];[17;10;18;11];[19;6;20;7];[21;24;22;1];[23;14;24;15]],12,233,19.2722403
12a_71,[[1;5;2;4];[3;8;4;9];[5;13;6;12];[7;16;8;17];[9;2;10;3];[11;19;12;18];[13;23;14;22];[15;1;16;24];[17;20;18;21];[19;11;20;10];[21;6;22;7];[23;15;24;14]],12,207,18.44640937
12a_72,[[1;5;2;4];[3;8;4;9];[5;13;6;12];[7;16;8;17];[9;2;10;3];[11;19;12;18];[13;1;14;24];[15;23;16;22];[17;20;18;21];[19;11;20;10];[21;6;22;7];[23;15;24;14]],12,197,18.19259536
12a_73,[[1;5;2;4];[3;8;4;9];[5;13;6;12];[7;19;8;18];[9;2;10;3];[11;17;12;16];[13;23;14;22];[15;7;16;6];[17;11;18;10];[19;24;20;1];[21;15;22;14];[23;20;24;21]],12,211,18.69599431
12a_74,[[1;5;2;4];[3;8;4;9];[5;13;6;12];[7;21;8;20];[9;2;10;3];[11;18;12;19];[13;22;14;23];[15;7;16;6];[17;10;18;11];[19;16;20;17];[21;24;22;1];[23;14;24;15]],12,255,19.8896223
12a_75,[[1;5;2;4];[3;8;4;9];[5;13;6;12];[7;21;8;20];[9;2;10;3];[11;19;12;18];[13;23;14;22];[15;1;16;24];[17;7;18;6];[19;11;20;10];[21;17;22;16];[23;15;24;14]],12,205,18.42503189
12a_76,[[1;5;2;4];[3;8;4;9];[5;13;6;12];[7;21;8;20];[9;2;10;3];[11;19;12;18];[13;1;14;24];[15;23;16;22];[17;7;18;6];[19;11;20;10];[21;17;22;16];[23;15;24;14]],12,143,16.17366831
12a_77,[[1;5;2;4];[3;9;4;8];[5;14;6;15];[7;3;8;2];[9;16;10;17];[11;19;12;18];[13;20;14;21];[15;6;16;7];[17;24;18;1];[19;23;20;22];[21;12;22;13];[23;11;24;10]],12,225,18.09337349
12a_78,[[1;5;2;4];[3;9;4;8];[5;14;6;15];[7;3;8;2];[9;16;10;17];[11;18;12;19];[13;22;14;23];[15;6;16;7];[17;10;18;11];[19;24;20;1];[21;12;22;13];[23;20;24;21]],12,149,15.9995098
12a_79,[[1;5;2;4];[3;9;4;8];[5;14;6;15];[7;3;8;2];[9;16;10;17];[11;19;12;18];[13;23;14;22];[15;6;16;7];[17;20;18;21];[19;11;20;10];[21;24;22;1];[23;13;24;12]],12,201,17.92006235
12a_80,[[1;5;2;4];[3;9;4;8];[5;15;6;14];[7;3;8;2];[9;16;10;17];[11;21;12;20];[13;7;14;6];[15;12;16;13];[17;22;18;23];[19;24;20;1];[21;11;22;10];[23;18;24;19]],12,173,16.96944588
12a_81,[[1;5;2;4];[3;9;4;8];[5;15;6;14];[7;3;8;2];[9;16;10;17];[11;21;12;20];[13;7;14;6];[15;12;16;13];[17;24;18;1];[19;22;20;23];[21;11;22;10];[23;18;24;19]],12,159,15.93764866
12a_82,[[1;5;2;4];[3;9;4;8];[5;15;6;14];[7;3;8;2];[9;17;10;16];[11;21;12;20];[13;7;14;6];[15;1;16;24];[17;11;18;10];[19;23;20;22];[21;13;22;12];[23;19;24;18]],12,191,17.28456424
12a_83,[[1;5;2;4];[3;9;4;8];[5;15;6;14];[7;3;8;2];[9;17;10;16];[11;21;12;20];[13;7;14;6];[15;1;16;24];[17;13;18;12];[19;22;20;23];[21;11;22;10];[23;18;24;19]],12,205,17.62074033
12a_84,[[1;5;2;4];[3;9;4;8];[5;14;6;15];[7;3;8;2];[9;16;10;17];[11;20;12;21];[13;19;14;18];[15;6;16;7];[17;24;18;1];[19;22;20;23];[21;12;22;13];[23;11;24;10]],12,199,17.34827703
12a_85,[[1;5;2;4];[3;9;4;8];[5;14;6;15];[7;3;8;2];[9;16;10;17];[11;20;12;21];[13;22;14;23];[15;6;16;7];[17;24;18;1];[19;10;20;11];[21;12;22;13];[23;18;24;19]],12,145,15.33256929
12a_86,[[1;5;2;4];[3;9;4;8];[5;14;6;15];[7;3;8;2];[9;16;10;17];[11;20;12;21];[13;22;14;23];[15;6;16;7];[17;24;18;1];[19;12;20;13];[21;10;22;11];[23;18;24;19]],12,171,16.2459266
12a_87,[[1;5;2;4];[3;9;4;8];[5;14;6;15];[7;3;8;2];[9;16;10;17];[11;20;12;21];[13;24;14;1];[15;6;16;7];[17;12;18;13];[19;23;20;22];[21;10;22;11];[23;19;24;18]],12,175,16.76647156
12a_88,[[1;5;2;4];[3;9;4;8];[5;15;6;14];[7;3;8;2];[9;18;10;19];[11;17;12;16];[13;7;14;6];[15;20;16;21];[17;23;18;22];[19;24;20;1];[21;12;22;13];[23;11;24;10]],12,291,21.1724667
12a_89,[[1;5;2;4];[3;9;4;8];[5;14;6;15];[7;3;8;2];[9;18;10;19];[11;16;12;17];[13;22;14;23];[15;6;16;7];[17;10;18;11];[19;24;20;1];[21;12;22;13];[23;20;24;21]],12,167,17.30200221
12a_90,[[1;5;2;4];[3;9;4;8];[5;14;6;15];[7;3;8;2];[9;19;10;18];[11;16;12;17];[13;23;14;22];[15;6;16;7];[17;21;18;20];[19;11;20;10];[21;24;22;1];[23;13;24;12]],12,223,18.74237756
12a_91,[[1;5;2;4];[3;9;4;8];[5;15;6;14];[7;3;8;2];[9;18;10;19];[11;21;12;20];[13;7;14;6];[15;12;16;13];[17;23;18;22];[19;24;20;1];[21;17;22;16];[23;11;24;10]],12,221,19.02425058
12a_92,[[1;5;2;4];[3;9;4;8];[5;15;6;14];[7;3;8;2];[9;18;10;19];[11;20;12;21];[13;7;14;6];[15;22;16;23];[17;12;18;13];[19;10;20;11];[21;24;22;1];[23;16;24;17]],12,191,17.6015702
12a_93,[[1;5;2;4];[3;9;4;8];[5;15;6;14];[7;3;8;2];[9;19;10;18];[11;21;12;20];[13;7;14;6];[15;23;16;22];[17;1;18;24];[19;11;20;10];[21;13;22;12];[23;17;24;16]],12,121,15.17827446
12a_94,[[1;5;2;4];[3;9;4;8];[5;15;6;14];[7;3;8;2];[9;19;10;18];[11;21;12;20];[13;7;14;6];[15;23;16;22];[17;1;18;24];[19;13;20;12];[21;11;22;10];[23;17;24;16]],12,163,16.76024499
12a_95,[[1;5;2;4];[3;9;4;8];[5;15;6;14];[7;3;8;2];[9;18;10;19];[11;21;12;20];[13;7;14;6];[15;1;16;24];[17;12;18;13];[19;22;20;23];[21;11;22;10];[23;17;24;16]],12,195,17.35235299
12a_96,[[1;5;2;4];[3;9;4;8];[5;15;6;14];[7;3;8;2];[9;19;10;18];[11;21;12;20];[13;7;14;6];[15;1;16;24];[17;23;18;22];[19;11;20;10];[21;13;22;12];[23;17;24;16]],12,115,14.2222497
12a_97,[[1;5;2;4];[3;9;4;8];[5;15;6;14];[7;3;8;2];[9;19;10;18];[11;21;12;20];[13;7;14;6];[15;1;16;24];[17;23;18;22];[19;13;20;12];[21;11;22;10];[23;17;24;16]],12,129,14.70233119
12a_98,[[1;5;2;4];[3;9;4;8];[5;14;6;15];[7;3;8;2];[9;19;10;18];[11;20;12;21];[13;16;14;17];[15;6;16;7];[17;1;18;24];[19;23;20;22];[21;10;22;11];[23;13;24;12]],12,191,16.94393149
12a_99,[[1;5;2;4];[3;9;4;8];[5;14;6;15];[7;3;8;2];[9;19;10;18];[11;20;12;21];[13;16;14;17];[15;6;16;7];[17;1;18;24];[19;22;20;23];[21;12;22;13];[23;11;24;10]],12,217,17.76365889
12a_100,[[1;5;2;4];[3;9;4;8];[5;15;6;14];[7;3;8;2];[9;18;10;19];[11;22;12;23];[13;7;14;6];[15;20;16;21];[17;10;18;11];[19;24;20;1];[21;12;22;13];[23;16;24;17]],12,225,19.45450074
12a_101,[[1;5;2;4];[3;9;4;8];[5;15;6;14];[7;3;8;2];[9;18;10;19];[11;23;12;22];[13;7;14;6];[15;20;16;21];[17;12;18;13];[19;24;20;1];[21;16;22;17];[23;11;24;10]],12,229,19.4885425
12a_102,[[1;5;2;4];[3;9;4;8];[5;15;6;14];[7;3;8;2];[9;19;10;18];[11;23;12;22];[13;7;14;6];[15;21;16;20];[17;1;18;24];[19;13;20;12];[21;17;22;16];[23;11;24;10]],12,239,19.71189927
12a_103,[[1;5;2;4];[3;9;4;8];[5;15;6;14];[7;3;8;2];[9;18;10;19];[11;22;12;23];[13;7;14;6];[15;1;16;24];[17;10;18;11];[19;17;20;16];[21;12;22;13];[23;21;24;20]],12,219,18.59094769
12a_104,[[1;5;2;4];[3;9;4;8];[5;14;6;15];[7;3;8;2];[9;18;10;19];[11;22;12;23];[13;16;14;17];[15;6;16;7];[17;12;18;13];[19;24;20;1];[21;10;22;11];[23;20;24;21]],12,163,16.08584523
12a_105,[[1;5;2;4];[3;9;4;8];[5;15;6;14];[7;3;8;2];[9;21;10;20];[11;16;12;17];[13;7;14;6];[15;12;16;13];[17;23;18;22];[19;1;20;24];[21;11;22;10];[23;19;24;18]],12,131,15.4586842
12a_106,[[1;5;2;4];[3;9;4;8];[5;15;6;14];[7;3;8;2];[9;21;10;20];[11;16;12;17];[13;7;14;6];[15;12;16;13];[17;1;18;24];[19;23;20;22];[21;11;22;10];[23;19;24;18]],12,145,15.60105877
12a_107,[[1;5;2;4];[3;9;4;8];[5;15;6;14];[7;3;8;2];[9;21;10;20];[11;17;12;16];[13;7;14;6];[15;23;16;22];[17;11;18;10];[19;1;20;24];[21;13;22;12];[23;19;24;18]],12,239,19.71189927
12a_108,[[1;5;2;4];[3;9;4;8];[5;15;6;14];[7;3;8;2];[9;21;10;20];[11;18;12;19];[13;7;14;6];[15;12;16;13];[17;22;18;23];[19;1;20;24];[21;16;22;17];[23;11;24;10]],12,235,19.38611957
12a_109,[[1;5;2;4];[3;9;4;8];[5;15;6;14];[7;3;8;2];[9;20;10;21];[11;18;12;19];[13;7;14;6];[15;22;16;23];[17;12;18;13];[19;10;20;11];[21;24;22;1];[23;16;24;17]],12,149,16.27773323
12a_110,[[1;5;2;4];[3;9;4;8];[5;15;6;14];[7;3;8;2];[9;21;10;20];[11;18;12;19];[13;7;14;6];[15;1;16;24];[17;12;18;13];[19;23;20;22];[21;11;22;10];[23;17;24;16]],12,181,16.97912885
12a_111,[[1;5;2;4];[3;9;4;8];[5;15;6;14];[7;3;8;2];[9;21;10;20];[11;22;12;23];[13;7;14;6];[15;12;16;13];[17;11;18;10];[19;1;20;24];[21;16;22;17];[23;19;24;18]],12,221,19.02425058
12a_112,[[1;5;2;4];[3;9;4;8];[5;14;6;15];[7;3;8;2];[9;20;10;21];[11;22;12;23];[13;16;14;17];[15;6;16;7];[17;1;18;24];[19;12;20;13];[21;10;22;11];[23;19;24;18]],12,167,16.08415587
12a_113,[[1;5;2;4];[3;9;4;8];[5;14;6;15];[7;3;8;2];[9;20;10;21];[11;23;12;22];[13;19;14;18];[15;6;16;7];[17;13;18;12];[19;17;20;16];[21;24;22;1];[23;11;24;10]],12,219,18.48850426
12a_114,[[1;5;2;4];[3;9;4;8];[5;15;6;14];[7;3;8;2];[9;22;10;23];[11;17;12;16];[13;7;14;6];[15;19;16;18];[17;13;18;12];[19;1;20;24];[21;10;22;11];[23;21;24;20]],12,201,18.17313043
12a_115,[[1;5;2;4];[3;9;4;8];[5;15;6;14];[7;3;8;2];[9;22;10;23];[11;17;12;16];[13;7;14;6];[15;20;16;21];[17;11;18;10];[19;24;20;1];[21;12;22;13];[23;18;24;19]],12,229,19.4885425
12a_116,[[1;5;2;4];[3;9;4;8];[5;14;6;15];[7;3;8;2];[9;22;10;23];[11;16;12;17];[13;18;14;19];[15;6;16;7];[17;12;18;13];[19;1;20;24];[21;10;22;11];[23;21;24;20]],12,171,17.37223812
12a_117,[[1;5;2;4];[3;9;4;8];[5;15;6;14];[7;3;8;2];[9;23;10;22];[11;18;12;19];[13;7;14;6];[15;21;16;20];[17;12;18;13];[19;17;20;16];[21;1;22;24];[23;11;24;10]],12,201,18.17313043
12a_118,[[1;5;2;4];[3;9;4;8];[5;14;6;15];[7;3;8;2];[9;22;10;23];[11;18;12;19];[13;16;14;17];[15;6;16;7];[17;12;18;13];[19;1;20;24];[21;10;22;11];[23;21;24;20]],12,137,15.21940809
12a_119,[[1;5;2;4];[3;9;4;8];[5;14;6;15];[7;3;8;2];[9;23;10;22];[11;19;12;18];[13;16;14;17];[15;6;16;7];[17;21;18;20];[19;13;20;12];[21;1;22;24];[23;11;24;10]],12,189,17.32860948
12a_120,[[1;5;2;4];[3;9;4;8];[5;15;6;14];[7;3;8;2];[9;22;10;23];[11;21;12;20];[13;7;14;6];[15;12;16;13];[17;11;18;10];[19;24;20;1];[21;17;22;16];[23;18;24;19]],12,235,19.38611957
12a_121,[[1;5;2;4];[3;9;4;8];[5;14;6;15];[7;3;8;2];[9;22;10;23];[11;20;12;21];[13;16;14;17];[15;6;16;7];[17;1;18;24];[19;12;20;13];[21;10;22;11];[23;19;24;18]],12,141,15.08179173
12a_122,[[1;5;2;4];[3;9;4;8];[5;14;6;15];[7;3;8;2];[9;22;10;23];[11;24;12;1];[13;18;14;19];[15;6;16;7];[17;21;18;20];[19;12;20;13];[21;17;22;16];[23;10;24;11]],12,171,17.37223812
12a_123,[[1;5;2;4];[3;8;4;9];[5;14;6;15];[7;11;8;10];[9;2;10;3];[11;16;12;17];[13;21;14;20];[15;6;16;7];[17;22;18;23];[19;24;20;1];[21;13;22;12];[23;18;24;19]],12,149,16.59448264
12a_124,[[1;5;2;4];[3;8;4;9];[5;14;6;15];[7;11;8;10];[9;2;10;3];[11;16;12;17];[13;21;14;20];[15;6;16;7];[17;24;18;1];[19;22;20;23];[21;13;22;12];[23;18;24;19]],12,151,16.04289783
12a_125,[[1;5;2;4];[3;8;4;9];[5;15;6;14];[7;11;8;10];[9;2;10;3];[11;18;12;19];[13;7;14;6];[15;23;16;22];[17;12;18;13];[19;24;20;1];[21;17;22;16];[23;20;24;21]],12,181,17.82961037
12a_126,[[1;5;2;4];[3;8;4;9];[5;14;6;15];[7;11;8;10];[9;2;10;3];[11;18;12;19];[13;21;14;20];[15;6;16;7];[17;23;18;22];[19;24;20;1];[21;17;22;16];[23;13;24;12]],12,229,19.55131807
12a_127,[[1;5;2;4];[3;8;4;9];[5;15;6;14];[7;11;8;10];[9;2;10;3];[11;20;12;21];[13;7;14;6];[15;23;16;22];[17;1;18;24];[19;12;20;13];[21;19;22;18];[23;17;24;16]],12,159,16.8506639
12a_128,[[1;5;2;4];[3;8;4;9];[5;15;6;14];[7;11;8;10];[9;2;10;3];[11;20;12;21];[13;7;14;6];[15;1;16;24];[17;23;18;22];[19;12;20;13];[21;19;22;18];[23;17;24;16]],12,101,13.91717988
12a_129,[[1;5;2;4];[3;8;4;9];[5;14;6;15];[7;11;8;10];[9;2;10;3];[11;21;12;20];[13;16;14;17];[15;6;16;7];[17;23;18;22];[19;1;20;24];[21;13;22;12];[23;19;24;18]],12,155,16.60800005
12a_130,[[1;5;2;4];[3;8;4;9];[5;14;6;15];[7;11;8;10];[9;2;10;3];[11;21;12;20];[13;16;14;17];[15;6;16;7];[17;1;18;24];[19;23;20;22];[21;13;22;12];[23;19;24;18]],12,153,16.04224526
12a_131,[[1;5;2;4];[3;8;4;9];[5;14;6;15];[7;11;8;10];[9;2;10;3];[11;21;12;20];[13;18;14;19];[15;6;16;7];[17;22;18;23];[19;1;20;24];[21;16;22;17];[23;13;24;12]],12,227,19.54815951
12a_132,[[1;5;2;4];[3;8;4;9];[5;14;6;15];[7;11;8;10];[9;2;10;3];[11;21;12;20];[13;22;14;23];[15;6;16;7];[17;13;18;12];[19;1;20;24];[21;16;22;17];[23;19;24;18]],12,229,19.55131807
12a_133,[[1;5;2;4];[3;8;4;9];[5;14;6;15];[7;11;8;10];[9;2;10;3];[11;22;12;23];[13;21;14;20];[15;6;16;7];[17;13;18;12];[19;24;20;1];[21;17;22;16];[23;18;24;19]],12,227,19.54815951
12a_134,[[1;5;2;4];[3;8;4;9];[5;14;6;15];[7;13;8;12];[9;2;10;3];[11;18;12;19];[13;24;14;1];[15;21;16;20];[17;23;18;22];[19;10;20;11];[21;17;22;16];[23;6;24;7]],12,221,19.35175648
12a_135,[[1;5;2;4];[3;8;4;9];[5;14;6;15];[7;13;8;12];[9;2;10;3];[11;18;12;19];[13;24;14;1];[15;23;16;22];[17;21;18;20];[19;10;20;11];[21;17;22;16];[23;6;24;7]],12,175,17.5409659
12a_136,[[1;5;2;4];[3;8;4;9];[5;14;6;15];[7;17;8;16];[9;2;10;3];[11;6;12;7];[13;21;14;20];[15;11;16;10];[17;22;18;23];[19;24;20;1];[21;13;22;12];[23;18;24;19]],12,219,19.32127448
12a_137,[[1;5;2;4];[3;8;4;9];[5;15;6;14];[7;16;8;17];[9;2;10;3];[11;18;12;19];[13;21;14;20];[15;1;16;24];[17;10;18;11];[19;22;20;23];[21;13;22;12];[23;6;24;7]],12,215,18.61518194
12a_138,[[1;5;2;4];[3;8;4;9];[5;15;6;14];[7;16;8;17];[9;2;10;3];[11;19;12;18];[13;21;14;20];[15;1;16;24];[17;22;18;23];[19;13;20;12];[21;11;22;10];[23;6;24;7]],12,223,18.58316299
12a_139,[[1;5;2;4];[3;8;4;9];[5;15;6;14];[7;16;8;17];[9;2;10;3];[11;19;12;18];[13;22;14;23];[15;1;16;24];[17;21;18;20];[19;13;20;12];[21;10;22;11];[23;6;24;7]],12,257,19.65837306
12a_140,[[1;5;2;4];[3;8;4;9];[5;15;6;14];[7;16;8;17];[9;2;10;3];[11;21;12;20];[13;19;14;18];[15;1;16;24];[17;22;18;23];[19;13;20;12];[21;11;22;10];[23;6;24;7]],12,181,17.27026797
12a_141,[[1;5;2;4];[3;9;4;8];[5;17;6;16];[7;3;8;2];[9;18;10;19];[11;20;12;21];[13;23;14;22];[15;7;16;6];[17;14;18;15];[19;10;20;11];[21;24;22;1];[23;13;24;12]],12,161,16.06930983
12a_142,[[1;5;2;4];[3;9;4;8];[5;17;6;16];[7;3;8;2];[9;18;10;19];[11;21;12;20];[13;23;14;22];[15;7;16;6];[17;14;18;15];[19;24;20;1];[21;13;22;12];[23;11;24;10]],12,185,16.62882516
12a_143,[[1;5;2;4];[3;9;4;8];[5;17;6;16];[7;3;8;2];[9;19;10;18];[11;21;12;20];[13;23;14;22];[15;7;16;6];[17;1;18;24];[19;11;20;10];[21;13;22;12];[23;15;24;14]],12,85,11.87404495
12a_144,[[1;5;2;4];[3;9;4;8];[5;17;6;16];[7;3;8;2];[9;19;10;18];[11;21;12;20];[13;23;14;22];[15;7;16;6];[17;1;18;24];[19;11;20;10];[21;15;22;14];[23;13;24;12]],12,151,15.81841739
12a_145,[[1;5;2;4];[3;9;4;8];[5;17;6;16];[7;3;8;2];[9;19;10;18];[11;21;12;20];[13;23;14;22];[15;7;16;6];[17;1;18;24];[19;15;20;14];[21;13;22;12];[23;11;24;10]],12,179,16.76000981
12a_146,[[1;5;2;4];[3;9;4;8];[5;16;6;17];[7;3;8;2];[9;18;10;19];[11;20;12;21];[13;22;14;23];[15;24;16;1];[17;6;18;7];[19;10;20;11];[21;12;22;13];[23;14;24;15]],12,55,9.64339891
12a_147,[[1;5;2;4];[3;9;4;8];[5;16;6;17];[7;3;8;2];[9;18;10;19];[11;20;12;21];[13;22;14;23];[15;24;16;1];[17;6;18;7];[19;10;20;11];[21;14;22;15];[23;12;24;13]],12,109,14.12166948
12a_148,[[1;5;2;4];[3;9;4;8];[5;16;6;17];[7;3;8;2];[9;18;10;19];[11;20;12;21];[13;22;14;23];[15;24;16;1];[17;6;18;7];[19;14;20;15];[21;12;22;13];[23;10;24;11]],12,161,16.25264242
12a_149,[[1;5;2;4];[3;9;4;8];[5;17;6;16];[7;3;8;2];[9;18;10;19];[11;21;12;20];[13;24;14;1];[15;7;16;6];[17;14;18;15];[19;23;20;22];[21;13;22;12];[23;10;24;11]],12,199,17.36965698
12a_150,[[1;5;2;4];[3;9;4;8];[5;16;6;17];[7;3;8;2];[9;18;10;19];[11;20;12;21];[13;24;14;1];[15;22;16;23];[17;6;18;7];[19;12;20;13];[21;10;22;11];[23;14;24;15]],12,159,16.60179612
12a_151,[[1;5;2;4];[3;9;4;8];[5;17;6;16];[7;3;8;2];[9;18;10;19];[11;23;12;22];[13;21;14;20];[15;7;16;6];[17;14;18;15];[19;24;20;1];[21;13;22;12];[23;11;24;10]],12,147,15.15310954
12a_152,[[1;5;2;4];[3;9;4;8];[5;17;6;16];[7;3;8;2];[9;19;10;18];[11;23;12;22];[13;21;14;20];[15;7;16;6];[17;1;18;24];[19;15;20;14];[21;13;22;12];[23;11;24;10]],12,113,13.58078102
12a_153,[[1;5;2;4];[3;9;4;8];[5;16;6;17];[7;3;8;2];[9;18;10;19];[11;22;12;23];[13;20;14;21];[15;24;16;1];[17;6;18;7];[19;14;20;15];[21;12;22;13];[23;10;24;11]],12,107,13.5111258
12a_154,[[1;5;2;4];[3;9;4;8];[5;17;6;16];[7;3;8;2];[9;21;10;20];[11;18;12;19];[13;23;14;22];[15;7;16;6];[17;12;18;13];[19;1;20;24];[21;15;22;14];[23;11;24;10]],12,241,20.07033913
12a_155,[[1;5;2;4];[3;9;4;8];[5;17;6;16];[7;3;8;2];[9;20;10;21];[11;18;12;19];[13;23;14;22];[15;7;16;6];[17;14;18;15];[19;10;20;11];[21;24;22;1];[23;13;24;12]],12,171,17.13517494
12a_156,[[1;5;2;4];[3;9;4;8];[5;17;6;16];[7;3;8;2];[9;21;10;20];[11;19;12;18];[13;23;14;22];[15;7;16;6];[17;1;18;24];[19;11;20;10];[21;15;22;14];[23;13;24;12]],12,141,16.22420609
12a_157,[[1;5;2;4];[3;9;4;8];[5;17;6;16];[7;3;8;2];[9;20;10;21];[11;23;12;22];[13;18;14;19];[15;7;16;6];[17;12;18;13];[19;14;20;15];[21;24;22;1];[23;11;24;10]],12,189,17.75495224
12a_158,[[1;5;2;4];[3;9;4;8];[5;17;6;16];[7;3;8;2];[9;21;10;20];[11;23;12;22];[13;18;14;19];[15;7;16;6];[17;14;18;15];[19;1;20;24];[21;11;22;10];[23;13;24;12]],12,119,13.74531953
12a_159,[[1;5;2;4];[3;9;4;8];[5;17;6;16];[7;3;8;2];[9;21;10;20];[11;23;12;22];[13;18;14;19];[15;7;16;6];[17;14;18;15];[19;1;20;24];[21;13;22;12];[23;11;24;10]],12,157,15.73576621
12a_160,[[1;5;2;4];[3;9;4;8];[5;16;6;17];[7;3;8;2];[9;20;10;21];[11;22;12;23];[13;24;14;1];[15;18;16;19];[17;6;18;7];[19;14;20;15];[21;10;22;11];[23;12;24;13]],12,101,13.02044632
12a_161,[[1;5;2;4];[3;9;4;8];[5;16;6;17];[7;3;8;2];[9;20;10;21];[11;22;12;23];[13;24;14;1];[15;18;16;19];[17;6;18;7];[19;14;20;15];[21;12;22;13];[23;10;24;11]],12,151,15.64954811
12a_162,[[1;5;2;4];[3;9;4;8];[5;17;6;16];[7;3;8;2];[9;21;10;20];[11;24;12;1];[13;19;14;18];[15;7;16;6];[17;23;18;22];[19;11;20;10];[21;15;22;14];[23;12;24;13]],12,241,20.07033913
12a_163,[[1;5;2;4];[3;9;4;8];[5;17;6;16];[7;3;8;2];[9;21;10;20];[11;24;12;1];[13;23;14;22];[15;7;16;6];[17;12;18;13];[19;11;20;10];[21;15;22;14];[23;18;24;19]],12,231,19.8840749
12a_164,[[1;5;2;4];[3;9;4;8];[5;17;6;16];[7;3;8;2];[9;23;10;22];[11;18;12;19];[13;20;14;21];[15;7;16;6];[17;14;18;15];[19;12;20;13];[21;1;22;24];[23;11;24;10]],12,171,16.86573145
12a_165,[[1;5;2;4];[3;9;4;8];[5;17;6;16];[7;3;8;2];[9;23;10;22];[11;20;12;21];[13;18;14;19];[15;7;16;6];[17;14;18;15];[19;12;20;13];[21;1;22;24];[23;11;24;10]],12,105,13.41235851
12a_166,[[1;5;2;4];[3;9;4;8];[5;17;6;16];[7;3;8;2];[9;22;10;23];[11;24;12;1];[13;19;14;18];[15;7;16;6];[17;21;18;20];[19;15;20;14];[21;12;22;13];[23;10;24;11]],12,171,16.86573145
12a_167,[[1;5;2;4];[3;9;4;8];[5;16;6;17];[7;3;8;2];[9;22;10;23];[11;24;12;1];[13;18;14;19];[15;20;16;21];[17;6;18;7];[19;14;20;15];[21;12;22;13];[23;10;24;11]],12,153,16.29486511
12a_168,[[1;5;2;4];[3;9;4;8];[5;16;6;17];[7;3;8;2];[9;22;10;23];[11;24;12;1];[13;20;14;21];[15;18;16;19];[17;6;18;7];[19;14;20;15];[21;12;22;13];[23;10;24;11]],12,99,13.25230155
12a_169,[[1;5;2;4];[3;9;4;8];[5;16;6;17];[7;3;8;2];[9;24;10;1];[11;22;12;23];[13;20;14;21];[15;18;16;19];[17;6;18;7];[19;14;20;15];[21;12;22;13];[23;10;24;11]],12,49,8.663851324
12a_170,[[1;5;2;4];[3;8;4;9];[5;17;6;16];[7;11;8;10];[9;2;10;3];[11;19;12;18];[13;20;14;21];[15;7;16;6];[17;1;18;24];[19;23;20;22];[21;12;22;13];[23;15;24;14]],12,179,16.95311252
12a_171,[[1;5;2;4];[3;8;4;9];[5;17;6;16];[7;11;8;10];[9;2;10;3];[11;19;12;18];[13;20;14;21];[15;7;16;6];[17;1;18;24];[19;22;20;23];[21;14;22;15];[23;13;24;12]],12,197,17.52699423
12a_172,[[1;5;2;4];[3;8;4;9];[5;16;6;17];[7;11;8;10];[9;2;10;3];[11;18;12;19];[13;20;14;21];[15;23;16;22];[17;6;18;7];[19;12;20;13];[21;24;22;1];[23;15;24;14]],12,129,15.19070673
12a_173,[[1;5;2;4];[3;8;4;9];[5;16;6;17];[7;11;8;10];[9;2;10;3];[11;18;12;19];[13;21;14;20];[15;23;16;22];[17;6;18;7];[19;24;20;1];[21;15;22;14];[23;13;24;12]],12,169,16.47193608
12a_174,[[1;5;2;4];[3;8;4;9];[5;16;6;17];[7;11;8;10];[9;2;10;3];[11;18;12;19];[13;21;14;20];[15;24;16;1];[17;6;18;7];[19;23;20;22];[21;15;22;14];[23;12;24;13]],12,167,16.72478144
12a_175,[[1;5;2;4];[3;8;4;9];[5;17;6;16];[7;11;8;10];[9;2;10;3];[11;18;12;19];[13;22;14;23];[15;7;16;6];[17;14;18;15];[19;24;20;1];[21;12;22;13];[23;20;24;21]],12,183,17.00669348
12a_176,[[1;5;2;4];[3;8;4;9];[5;16;6;17];[7;11;8;10];[9;2;10;3];[11;18;12;19];[13;23;14;22];[15;21;16;20];[17;6;18;7];[19;24;20;1];[21;15;22;14];[23;13;24;12]],12,131,14.772526
12a_177,[[1;5;2;4];[3;8;4;9];[5;16;6;17];[7;11;8;10];[9;2;10;3];[11;20;12;21];[13;18;14;19];[15;23;16;22];[17;6;18;7];[19;12;20;13];[21;24;22;1];[23;15;24;14]],12,171,17.36902809
12a_178,[[1;5;2;4];[3;8;4;9];[5;17;6;16];[7;11;8;10];[9;2;10;3];[11;20;12;21];[13;22;14;23];[15;7;16;6];[17;1;18;24];[19;14;20;15];[21;12;22;13];[23;19;24;18]],12,139,15.37079566
12a_179,[[1;5;2;4];[3;8;4;9];[5;16;6;17];[7;11;8;10];[9;2;10;3];[11;21;12;20];[13;23;14;22];[15;18;16;19];[17;6;18;7];[19;1;20;24];[21;13;22;12];[23;15;24;14]],12,135,14.77437092
12a_180,[[1;5;2;4];[3;8;4;9];[5;16;6;17];[7;11;8;10];[9;2;10;3];[11;21;12;20];[13;23;14;22];[15;18;16;19];[17;6;18;7];[19;1;20;24];[21;15;22;14];[23;13;24;12]],12,173,16.47040675
12a_181,[[1;5;2;4];[3;8;4;9];[5;17;6;16];[7;11;8;10];[9;2;10;3];[11;22;12;23];[13;18;14;19];[15;7;16;6];[17;14;18;15];[19;1;20;24];[21;12;22;13];[23;21;24;20]],12,165,16.50268238
12a_182,[[1;5;2;4];[3;8;4;9];[5;16;6;17];[7;11;8;10];[9;2;10;3];[11;23;12;22];[13;18;14;19];[15;20;16;21];[17;6;18;7];[19;14;20;15];[21;1;22;24];[23;13;24;12]],12,171,17.37223812
12a_183,[[1;5;2;4];[3;8;4;9];[5;17;6;16];[7;11;8;10];[9;2;10;3];[11;22;12;23];[13;20;14;21];[15;7;16;6];[17;1;18;24];[19;14;20;15];[21;12;22;13];[23;19;24;18]],12,121,14.61991713
12a_184,[[1;5;2;4];[3;8;4;9];[5;16;6;17];[7;13;8;12];[9;2;10;3];[11;19;12;18];[13;20;14;21];[15;23;16;22];[17;11;18;10];[19;6;20;7];[21;24;22;1];[23;15;24;14]],12,241,19.39436819
12a_185,[[1;5;2;4];[3;8;4;9];[5;16;6;17];[7;13;8;12];[9;2;10;3];[11;19;12;18];[13;23;14;22];[15;20;16;21];[17;11;18;10];[19;6;20;7];[21;1;22;24];[23;15;24;14]],12,247,19.53192716
12a_186,[[1;5;2;4];[3;8;4;9];[5;16;6;17];[7;13;8;12];[9;2;10;3];[11;18;12;19];[13;22;14;23];[15;24;16;1];[17;21;18;20];[19;10;20;11];[21;6;22;7];[23;14;24;15]],12,193,18.15453405
12a_187,[[1;5;2;4];[3;8;4;9];[5;16;6;17];[7;13;8;12];[9;2;10;3];[11;18;12;19];[13;24;14;1];[15;22;16;23];[17;21;18;20];[19;10;20;11];[21;6;22;7];[23;14;24;15]],12,203,18.34925365
12a_188,[[1;5;2;4];[3;8;4;9];[5;17;6;16];[7;14;8;15];[9;2;10;3];[11;6;12;7];[13;20;14;21];[15;10;16;11];[17;23;18;22];[19;1;20;24];[21;12;22;13];[23;19;24;18]],12,221,19.35175648
12a_189,[[1;5;2;4];[3;8;4;9];[5;16;6;17];[7;15;8;14];[9;2;10;3];[11;19;12;18];[13;20;14;21];[15;24;16;1];[17;11;18;10];[19;23;20;22];[21;12;22;13];[23;6;24;7]],12,225,18.82333677
12a_190,[[1;5;2;4];[3;8;4;9];[5;16;6;17];[7;15;8;14];[9;2;10;3];[11;18;12;19];[13;20;14;21];[15;24;16;1];[17;23;18;22];[19;12;20;13];[21;10;22;11];[23;6;24;7]],12,217,18.45224715
12a_191,[[1;5;2;4];[3;8;4;9];[5;16;6;17];[7;15;8;14];[9;2;10;3];[11;18;12;19];[13;23;14;22];[15;24;16;1];[17;20;18;21];[19;12;20;13];[21;11;22;10];[23;6;24;7]],12,263,19.75415193
12a_192,[[1;5;2;4];[3;8;4;9];[5;16;6;17];[7;15;8;14];[9;2;10;3];[11;20;12;21];[13;18;14;19];[15;24;16;1];[17;23;18;22];[19;12;20;13];[21;10;22;11];[23;6;24;7]],12,179,17.25147651
12a_193,[[1;5;2;4];[3;8;4;9];[5;19;6;18];[7;11;8;10];[9;2;10;3];[11;20;12;21];[13;22;14;23];[15;24;16;1];[17;7;18;6];[19;16;20;17];[21;12;22;13];[23;14;24;15]],12,105,13.34985488
12a_194,[[1;5;2;4];[3;8;4;9];[5;19;6;18];[7;11;8;10];[9;2;10;3];[11;20;12;21];[13;22;14;23];[15;24;16;1];[17;7;18;6];[19;16;20;17];[21;14;22;15];[23;12;24;13]],12,163,16.29644544
12a_195,[[1;5;2;4];[3;8;4;9];[5;19;6;18];[7;11;8;10];[9;2;10;3];[11;22;12;23];[13;24;14;1];[15;20;16;21];[17;7;18;6];[19;14;20;15];[21;16;22;17];[23;12;24;13]],12,141,16.4286088
12a_196,[[1;5;2;4];[3;8;4;9];[5;19;6;18];[7;11;8;10];[9;2;10;3];[11;22;12;23];[13;24;14;1];[15;20;16;21];[17;7;18;6];[19;16;20;17];[21;14;22;15];[23;12;24;13]],12,127,14.90643458
12a_197,[[1;5;2;4];[3;8;4;9];[5;19;6;18];[7;11;8;10];[9;2;10;3];[11;24;12;1];[13;22;14;23];[15;20;16;21];[17;7;18;6];[19;16;20;17];[21;14;22;15];[23;12;24;13]],12,69,10.86641813
12a_198,[[1;5;2;4];[3;8;4;9];[5;19;6;18];[7;13;8;12];[9;2;10;3];[11;16;12;17];[13;22;14;23];[15;7;16;6];[17;10;18;11];[19;1;20;24];[21;14;22;15];[23;21;24;20]],12,209,18.6708446
12a_199,[[1;5;2;4];[3;8;4;9];[5;21;6;20];[7;13;8;12];[9;2;10;3];[11;19;12;18];[13;23;14;22];[15;7;16;6];[17;11;18;10];[19;17;20;16];[21;1;22;24];[23;15;24;14]],12,245,19.74826294
12a_200,[[1;5;2;4];[3;8;4;9];[5;21;6;20];[7;13;8;12];[9;2;10;3];[11;18;12;19];[13;22;14;23];[15;24;16;1];[17;7;18;6];[19;10;20;11];[21;16;22;17];[23;14;24;15]],12,215,18.61394827
12a_201,[[1;5;2;4];[3;8;4;9];[5;21;6;20];[7;13;8;12];[9;2;10;3];[11;18;12;19];[13;24;14;1];[15;22;16;23];[17;7;18;6];[19;10;20;11];[21;16;22;17];[23;14;24;15]],12,157,16.5763561
12a_202,[[1;5;2;4];[3;10;4;11];[5;13;6;12];[7;14;8;15];[9;17;10;16];[11;2;12;3];[13;23;14;22];[15;20;16;21];[17;24;18;1];[19;9;20;8];[21;6;22;7];[23;18;24;19]],12,265,20.45548724
12a_203,[[1;5;2;4];[3;10;4;11];[5;13;6;12];[7;14;8;15];[9;19;10;18];[11;2;12;3];[13;1;14;24];[15;20;16;21];[17;22;18;23];[19;9;20;8];[21;16;22;17];[23;6;24;7]],12,183,16.82194442
12a_204,[[1;5;2;4];[3;10;4;11];[5;13;6;12];[7;14;8;15];[9;19;10;18];[11;2;12;3];[13;1;14;24];[15;22;16;23];[17;20;18;21];[19;9;20;8];[21;16;22;17];[23;6;24;7]],12,173,16.06822886
12a_205,[[1;5;2;4];[3;10;4;11];[5;13;6;12];[7;15;8;14];[9;21;10;20];[11;2;12;3];[13;7;14;6];[15;23;16;22];[17;1;18;24];[19;9;20;8];[21;19;22;18];[23;17;24;16]],12,139,15.12874879
12a_206,[[1;5;2;4];[3;10;4;11];[5;13;6;12];[7;15;8;14];[9;21;10;20];[11;2;12;3];[13;7;14;6];[15;1;16;24];[17;23;18;22];[19;9;20;8];[21;19;22;18];[23;17;24;16]],12,105,13.28747368
12a_207,[[1;5;2;4];[3;10;4;11];[5;13;6;12];[7;14;8;15];[9;20;10;21];[11;2;12;3];[13;17;14;16];[15;6;16;7];[17;23;18;22];[19;1;20;24];[21;8;22;9];[23;19;24;18]],12,159,16.51198611
12a_208,[[1;5;2;4];[3;10;4;11];[5;13;6;12];[7;14;8;15];[9;20;10;21];[11;2;12;3];[13;17;14;16];[15;6;16;7];[17;1;18;24];[19;23;20;22];[21;8;22;9];[23;19;24;18]],12,165,16.33753421
12a_209,[[1;5;2;4];[3;10;4;11];[5;13;6;12];[7;14;8;15];[9;20;10;21];[11;2;12;3];[13;19;14;18];[15;23;16;22];[17;6;18;7];[19;1;20;24];[21;17;22;16];[23;8;24;9]],12,273,20.50749067
12a_210,[[1;5;2;4];[3;11;4;10];[5;13;6;12];[7;16;8;17];[9;3;10;2];[11;9;12;8];[13;19;14;18];[15;23;16;22];[17;6;18;7];[19;1;20;24];[21;15;22;14];[23;21;24;20]],12,189,17.25951085
12a_211,[[1;5;2;4];[3;11;4;10];[5;13;6;12];[7;17;8;16];[9;3;10;2];[11;9;12;8];[13;20;14;21];[15;7;16;6];[17;22;18;23];[19;24;20;1];[21;14;22;15];[23;18;24;19]],12,169,17.08175765
12a_212,[[1;5;2;4];[3;11;4;10];[5;13;6;12];[7;17;8;16];[9;3;10;2];[11;9;12;8];[13;20;14;21];[15;7;16;6];[17;24;18;1];[19;22;20;23];[21;14;22;15];[23;18;24;19]],12,147,15.95517109
12a_213,[[1;5;2;4];[3;10;4;11];[5;13;6;12];[7;17;8;16];[9;14;10;15];[11;2;12;3];[13;1;14;24];[15;20;16;21];[17;23;18;22];[19;7;20;6];[21;8;22;9];[23;19;24;18]],12,247,19.18347456
12a_214,[[1;5;2;4];[3;10;4;11];[5;13;6;12];[7;17;8;16];[9;14;10;15];[11;2;12;3];[13;1;14;24];[15;21;16;20];[17;22;18;23];[19;9;20;8];[21;6;22;7];[23;18;24;19]],12,257,19.4150826
12a_215,[[1;5;2;4];[3;10;4;11];[5;13;6;12];[7;16;8;17];[9;18;10;19];[11;2;12;3];[13;21;14;20];[15;22;16;23];[17;8;18;9];[19;6;20;7];[21;1;22;24];[23;14;24;15]],12,195,17.24624221
12a_216,[[1;5;2;4];[3;10;4;11];[5;13;6;12];[7;17;8;16];[9;19;10;18];[11;2;12;3];[13;23;14;22];[15;7;16;6];[17;9;18;8];[19;24;20;1];[21;15;22;14];[23;20;24;21]],12,125,14.99791278
12a_217,[[1;5;2;4];[3;10;4;11];[5;13;6;12];[7;17;8;16];[9;18;10;19];[11;2;12;3];[13;22;14;23];[15;7;16;6];[17;21;18;20];[19;8;20;9];[21;24;22;1];[23;14;24;15]],12,197,17.54680302
12a_218,[[1;5;2;4];[3;10;4;11];[5;13;6;12];[7;17;8;16];[9;19;10;18];[11;2;12;3];[13;23;14;22];[15;9;16;8];[17;7;18;6];[19;24;20;1];[21;15;22;14];[23;20;24;21]],12,175,16.80650594
12a_219,[[1;5;2;4];[3;10;4;11];[5;13;6;12];[7;16;8;17];[9;18;10;19];[11;2;12;3];[13;22;14;23];[15;21;16;20];[17;8;18;9];[19;6;20;7];[21;24;22;1];[23;14;24;15]],12,181,16.49783467
12a_220,[[1;5;2;4];[3;10;4;11];[5;13;6;12];[7;16;8;17];[9;19;10;18];[11;2;12;3];[13;23;14;22];[15;1;16;24];[17;20;18;21];[19;9;20;8];[21;6;22;7];[23;15;24;14]],12,187,17.1758723
12a_221,[[1;5;2;4];[3;10;4;11];[5;13;6;12];[7;16;8;17];[9;19;10;18];[11;2;12;3];[13;1;14;24];[15;23;16;22];[17;20;18;21];[19;9;20;8];[21;6;22;7];[23;15;24;14]],12,169,15.91665899
12a_222,[[1;5;2;4];[3;10;4;11];[5;13;6;12];[7;17;8;16];[9;20;10;21];[11;2;12;3];[13;19;14;18];[15;9;16;8];[17;22;18;23];[19;1;20;24];[21;6;22;7];[23;14;24;15]],12,281,20.66937891
12a_223,[[1;5;2;4];[3;10;4;11];[5;13;6;12];[7;16;8;17];[9;20;10;21];[11;2;12;3];[13;19;14;18];[15;22;16;23];[17;6;18;7];[19;1;20;24];[21;8;22;9];[23;14;24;15]],12,189,18.16747553
12a_224,[[1;5;2;4];[3;10;4;11];[5;13;6;12];[7;17;8;16];[9;20;10;21];[11;2;12;3];[13;23;14;22];[15;9;16;8];[17;14;18;15];[19;1;20;24];[21;6;22;7];[23;19;24;18]],12,231,19.1535514
12a_225,[[1;5;2;4];[3;10;4;11];[5;13;6;12];[7;16;8;17];[9;21;10;20];[11;2;12;3];[13;22;14;23];[15;18;16;19];[17;8;18;9];[19;7;20;6];[21;24;22;1];[23;14;24;15]],12,227,18.26739143
12a_226,[[1;5;2;4];[3;10;4;11];[5;13;6;12];[7;17;8;16];[9;21;10;20];[11;2;12;3];[13;1;14;24];[15;7;16;6];[17;23;18;22];[19;9;20;8];[21;19;22;18];[23;15;24;14]],12,181,16.54463581
12a_227,[[1;5;2;4];[3;10;4;11];[5;13;6;12];[7;17;8;16];[9;21;10;20];[11;2;12;3];[13;1;14;24];[15;9;16;8];[17;23;18;22];[19;7;20;6];[21;15;22;14];[23;19;24;18]],12,245,19.32046127
12a_228,[[1;5;2;4];[3;10;4;11];[5;13;6;12];[7;17;8;16];[9;20;10;21];[11;2;12;3];[13;1;14;24];[15;9;16;8];[17;22;18;23];[19;14;20;15];[21;6;22;7];[23;18;24;19]],12,223,18.78560867
12a_229,[[1;5;2;4];[3;10;4;11];[5;13;6;12];[7;16;8;17];[9;20;10;21];[11;2;12;3];[13;1;14;24];[15;19;16;18];[17;6;18;7];[19;23;20;22];[21;8;22;9];[23;15;24;14]],12,201,17.65020625
12a_230,[[1;5;2;4];[3;10;4;11];[5;13;6;12];[7;16;8;17];[9;20;10;21];[11;2;12;3];[13;1;14;24];[15;22;16;23];[17;6;18;7];[19;14;20;15];[21;8;22;9];[23;18;24;19]],12,235,19.16843639
12a_231,[[1;5;2;4];[3;10;4;11];[5;13;6;12];[7;17;8;16];[9;23;10;22];[11;2;12;3];[13;7;14;6];[15;21;16;20];[17;1;18;24];[19;9;20;8];[21;15;22;14];[23;19;24;18]],12,213,18.58165596
12a_232,[[1;5;2;4];[3;10;4;11];[5;13;6;12];[7;17;8;16];[9;23;10;22];[11;2;12;3];[13;19;14;18];[15;7;16;6];[17;15;18;14];[19;1;20;24];[21;9;22;8];[23;21;24;20]],12,185,17.15742362
12a_233,[[1;5;2;4];[3;10;4;11];[5;13;6;12];[7;17;8;16];[9;23;10;22];[11;2;12;3];[13;20;14;21];[15;9;16;8];[17;14;18;15];[19;24;20;1];[21;7;22;6];[23;18;24;19]],12,249,19.53565896
12a_234,[[1;5;2;4];[3;11;4;10];[5;13;6;12];[7;19;8;18];[9;3;10;2];[11;9;12;8];[13;20;14;21];[15;22;16;23];[17;7;18;6];[19;24;20;1];[21;14;22;15];[23;16;24;17]],12,141,15.11241696
12a_235,[[1;5;2;4];[3;11;4;10];[5;13;6;12];[7;19;8;18];[9;3;10;2];[11;9;12;8];[13;20;14;21];[15;22;16;23];[17;7;18;6];[19;24;20;1];[21;16;22;17];[23;14;24;15]],12,175,16.59118558
12a_236,[[1;5;2;4];[3;11;4;10];[5;13;6;12];[7;18;8;19];[9;3;10;2];[11;9;12;8];[13;21;14;20];[15;23;16;22];[17;1;18;24];[19;6;20;7];[21;15;22;14];[23;17;24;16]],12,99,13.19021758
12a_237,[[1;5;2;4];[3;11;4;10];[5;13;6;12];[7;18;8;19];[9;3;10;2];[11;9;12;8];[13;21;14;20];[15;23;16;22];[17;1;18;24];[19;6;20;7];[21;17;22;16];[23;15;24;14]],12,161,16.3522161
12a_238,[[1;5;2;4];[3;11;4;10];[5;13;6;12];[7;18;8;19];[9;3;10;2];[11;9;12;8];[13;23;14;22];[15;1;16;24];[17;21;18;20];[19;6;20;7];[21;17;22;16];[23;15;24;14]],12,149,15.66424123
12a_239,[[1;5;2;4];[3;11;4;10];[5;13;6;12];[7;18;8;19];[9;3;10;2];[11;9;12;8];[13;1;14;24];[15;23;16;22];[17;21;18;20];[19;6;20;7];[21;17;22;16];[23;15;24;14]],12,87,12.00587072
12a_240,[[1;5;2;4];[3;11;4;10];[5;12;6;13];[7;18;8;19];[9;3;10;2];[11;24;12;1];[13;6;14;7];[15;20;16;21];[17;22;18;23];[19;8;20;9];[21;16;22;17];[23;14;24;15]],12,173,16.49608557
12a_241,[[1;5;2;4];[3;11;4;10];[5;12;6;13];[7;18;8;19];[9;3;10;2];[11;24;12;1];[13;6;14;7];[15;22;16;23];[17;20;18;21];[19;8;20;9];[21;16;22;17];[23;14;24;15]],12,127,14.40044669
12a_242,[[1;5;2;4];[3;11;4;10];[5;12;6;13];[7;18;8;19];[9;3;10;2];[11;24;12;1];[13;8;14;9];[15;21;16;20];[17;23;18;22];[19;6;20;7];[21;17;22;16];[23;15;24;14]],12,191,17.00538724
12a_243,[[1;5;2;4];[3;11;4;10];[5;12;6;13];[7;18;8;19];[9;3;10;2];[11;24;12;1];[13;8;14;9];[15;23;16;22];[17;21;18;20];[19;6;20;7];[21;17;22;16];[23;15;24;14]],12,133,14.50441209
12a_244,[[1;5;2;4];[3;11;4;10];[5;12;6;13];[7;18;8;19];[9;3;10;2];[11;24;12;1];[13;20;14;21];[15;6;16;7];[17;22;18;23];[19;14;20;15];[21;8;22;9];[23;16;24;17]],12,243,19.33284546
12a_245,[[1;5;2;4];[3;11;4;10];[5;12;6;13];[7;18;8;19];[9;3;10;2];[11;24;12;1];[13;21;14;20];[15;8;16;9];[17;23;18;22];[19;15;20;14];[21;6;22;7];[23;17;24;16]],12,225,18.95097145
12a_246,[[1;5;2;4];[3;10;4;11];[5;13;6;12];[7;19;8;18];[9;14;10;15];[11;2;12;3];[13;1;14;24];[15;21;16;20];[17;23;18;22];[19;9;20;8];[21;17;22;16];[23;6;24;7]],12,153,15.86697127
12a_247,[[1;5;2;4];[3;10;4;11];[5;13;6;12];[7;19;8;18];[9;14;10;15];[11;2;12;3];[13;1;14;24];[15;23;16;22];[17;21;18;20];[19;9;20;8];[21;17;22;16];[23;6;24;7]],12,163,15.86548544
12a_248,[[1;5;2;4];[3;10;4;11];[5;13;6;12];[7;18;8;19];[9;16;10;17];[11;2;12;3];[13;21;14;20];[15;22;16;23];[17;8;18;9];[19;6;20;7];[21;1;22;24];[23;14;24;15]],12,145,15.61697363
12a_249,[[1;5;2;4];[3;10;4;11];[5;13;6;12];[7;18;8;19];[9;16;10;17];[11;2;12;3];[13;22;14;23];[15;21;16;20];[17;8;18;9];[19;6;20;7];[21;24;22;1];[23;14;24;15]],12,151,15.53751162
12a_250,[[1;5;2;4];[3;10;4;11];[5;13;6;12];[7;19;8;18];[9;16;10;17];[11;2;12;3];[13;23;14;22];[15;1;16;24];[17;21;18;20];[19;9;20;8];[21;6;22;7];[23;15;24;14]],12,157,16.27520915
12a_251,[[1;5;2;4];[3;10;4;11];[5;13;6;12];[7;19;8;18];[9;16;10;17];[11;2;12;3];[13;1;14;24];[15;23;16;22];[17;21;18;20];[19;9;20;8];[21;6;22;7];[23;15;24;14]],12,159,15.69114524
12a_252,[[1;5;2;4];[3;10;4;11];[5;13;6;12];[7;19;8;18];[9;21;10;20];[11;2;12;3];[13;23;14;22];[15;1;16;24];[17;7;18;6];[19;9;20;8];[21;17;22;16];[23;15;24;14]],12,131,14.6758905
12a_253,[[1;5;2;4];[3;10;4;11];[5;13;6;12];[7;19;8;18];[9;21;10;20];[11;2;12;3];[13;23;14;22];[15;1;16;24];[17;9;18;8];[19;7;20;6];[21;17;22;16];[23;15;24;14]],12,161,15.88721515
12a_254,[[1;5;2;4];[3;10;4;11];[5;13;6;12];[7;19;8;18];[9;21;10;20];[11;2;12;3];[13;1;14;24];[15;23;16;22];[17;7;18;6];[19;9;20;8];[21;17;22;16];[23;15;24;14]],12,97,12.63258331
12a_255,[[1;5;2;4];[3;10;4;11];[5;13;6;12];[7;19;8;18];[9;21;10;20];[11;2;12;3];[13;1;14;24];[15;23;16;22];[17;9;18;8];[19;7;20;6];[21;17;22;16];[23;15;24;14]],12,107,12.92192788
12a_256,[[1;5;2;4];[3;10;4;11];[5;13;6;12];[7;19;8;18];[9;23;10;22];[11;2;12;3];[13;20;14;21];[15;1;16;24];[17;9;18;8];[19;14;20;15];[21;7;22;6];[23;17;24;16]],12,219,19.07557123
12a_257,[[1;5;2;4];[3;10;4;11];[5;13;6;12];[7;19;8;18];[9;23;10;22];[11;2;12;3];[13;1;14;24];[15;9;16;8];[17;20;18;21];[19;7;20;6];[21;16;22;17];[23;15;24;14]],12,191,16.75237002
12a_258,[[1;5;2;4];[3;10;4;11];[5;13;6;12];[7;19;8;18];[9;1;10;24];[11;2;12;3];[13;9;14;8];[15;20;16;21];[17;22;18;23];[19;7;20;6];[21;16;22;17];[23;14;24;15]],12,169,16.25467546
12a_259,[[1;5;2;4];[3;10;4;11];[5;13;6;12];[7;19;8;18];[9;1;10;24];[11;2;12;3];[13;9;14;8];[15;22;16;23];[17;20;18;21];[19;7;20;6];[21;16;22;17];[23;14;24;15]],12,115,13.52325526
12a_260,[[1;5;2;4];[3;10;4;11];[5;13;6;12];[7;19;8;18];[9;1;10;24];[11;2;12;3];[13;20;14;21];[15;9;16;8];[17;22;18;23];[19;14;20;15];[21;7;22;6];[23;16;24;17]],12,183,17.75865089
12a_261,[[1;5;2;4];[3;10;4;11];[5;13;6;12];[7;20;8;21];[9;17;10;16];[11;2;12;3];[13;18;14;19];[15;9;16;8];[17;24;18;1];[19;23;20;22];[21;6;22;7];[23;14;24;15]],12,241,19.53706383
12a_262,[[1;5;2;4];[3;10;4;11];[5;13;6;12];[7;20;8;21];[9;17;10;16];[11;2;12;3];[13;23;14;22];[15;9;16;8];[17;24;18;1];[19;15;20;14];[21;6;22;7];[23;18;24;19]],12,191,18.35342812
12a_263,[[1;5;2;4];[3;10;4;11];[5;13;6;12];[7;20;8;21];[9;17;10;16];[11;2;12;3];[13;1;14;24];[15;9;16;8];[17;15;18;14];[19;23;20;22];[21;6;22;7];[23;19;24;18]],12,203,17.80018536
12a_264,[[1;5;2;4];[3;10;4;11];[5;13;6;12];[7;23;8;22];[9;20;10;21];[11;2;12;3];[13;19;14;18];[15;9;16;8];[17;6;18;7];[19;1;20;24];[21;17;22;16];[23;14;24;15]],12,295,21.16894649
12a_265,[[1;5;2;4];[3;10;4;11];[5;13;6;12];[7;23;8;22];[9;20;10;21];[11;2;12;3];[13;1;14;24];[15;9;16;8];[17;6;18;7];[19;14;20;15];[21;17;22;16];[23;18;24;19]],12,297,20.75933601
12a_266,[[1;5;2;4];[3;11;4;10];[5;15;6;14];[7;12;8;13];[9;3;10;2];[11;19;12;18];[13;20;14;21];[15;23;16;22];[17;1;18;24];[19;9;20;8];[21;6;22;7];[23;17;24;16]],12,221,19.24217282
12a_267,[[1;5;2;4];[3;11;4;10];[5;15;6;14];[7;12;8;13];[9;3;10;2];[11;19;12;18];[13;20;14;21];[15;1;16;24];[17;23;18;22];[19;9;20;8];[21;6;22;7];[23;17;24;16]],12,223,19.53003739
12a_268,[[1;5;2;4];[3;11;4;10];[5;15;6;14];[7;12;8;13];[9;3;10;2];[11;20;12;21];[13;19;14;18];[15;22;16;23];[17;7;18;6];[19;8;20;9];[21;24;22;1];[23;16;24;17]],12,277,20.816118
12a_269,[[1;5;2;4];[3;10;4;11];[5;15;6;14];[7;13;8;12];[9;21;10;20];[11;2;12;3];[13;7;14;6];[15;23;16;22];[17;1;18;24];[19;9;20;8];[21;19;22;18];[23;17;24;16]],12,153,16.48697837
12a_270,[[1;5;2;4];[3;10;4;11];[5;15;6;14];[7;13;8;12];[9;21;10;20];[11;2;12;3];[13;7;14;6];[15;1;16;24];[17;23;18;22];[19;9;20;8];[21;19;22;18];[23;17;24;16]],12,99,13.68857119
12a_271,[[1;5;2;4];[3;10;4;11];[5;14;6;15];[7;13;8;12];[9;20;10;21];[11;2;12;3];[13;16;14;17];[15;6;16;7];[17;23;18;22];[19;1;20;24];[21;8;22;9];[23;19;24;18]],12,185,17.60401586
12a_272,[[1;5;2;4];[3;10;4;11];[5;14;6;15];[7;13;8;12];[9;20;10;21];[11;2;12;3];[13;16;14;17];[15;6;16;7];[17;1;18;24];[19;23;20;22];[21;8;22;9];[23;19;24;18]],12,163,16.5880143
12a_273,[[1;5;2;4];[3;11;4;10];[5;15;6;14];[7;16;8;17];[9;3;10;2];[11;9;12;8];[13;20;14;21];[15;1;16;24];[17;22;18;23];[19;12;20;13];[21;18;22;19];[23;6;24;7]],12,205,18.48560622
12a_274,[[1;5;2;4];[3;11;4;10];[5;14;6;15];[7;16;8;17];[9;3;10;2];[11;18;12;19];[13;22;14;23];[15;6;16;7];[17;8;18;9];[19;24;20;1];[21;12;22;13];[23;20;24;21]],12,137,15.25449602
12a_275,[[1;5;2;4];[3;11;4;10];[5;14;6;15];[7;16;8;17];[9;3;10;2];[11;18;12;19];[13;22;14;23];[15;8;16;9];[17;6;18;7];[19;24;20;1];[21;12;22;13];[23;20;24;21]],12,179,16.67731126
12a_276,[[1;5;2;4];[3;11;4;10];[5;15;6;14];[7;17;8;16];[9;3;10;2];[11;21;12;20];[13;9;14;8];[15;7;16;6];[17;23;18;22];[19;1;20;24];[21;13;22;12];[23;19;24;18]],12,157,16.37958425
12a_277,[[1;5;2;4];[3;11;4;10];[5;15;6;14];[7;17;8;16];[9;3;10;2];[11;21;12;20];[13;9;14;8];[15;7;16;6];[17;1;18;24];[19;23;20;22];[21;13;22;12];[23;19;24;18]],12,143,15.62749764
12a_278,[[1;5;2;4];[3;11;4;10];[5;14;6;15];[7;16;8;17];[9;3;10;2];[11;22;12;23];[13;18;14;19];[15;6;16;7];[17;8;18;9];[19;1;20;24];[21;12;22;13];[23;21;24;20]],12,139,15.17192961
12a_279,[[1;5;2;4];[3;11;4;10];[5;14;6;15];[7;16;8;17];[9;3;10;2];[11;22;12;23];[13;18;14;19];[15;8;16;9];[17;6;18;7];[19;1;20;24];[21;12;22;13];[23;21;24;20]],12,169,16.2426743
12a_280,[[1;5;2;4];[3;11;4;10];[5;14;6;15];[7;17;8;16];[9;3;10;2];[11;23;12;22];[13;20;14;21];[15;18;16;19];[17;7;18;6];[19;8;20;9];[21;1;22;24];[23;13;24;12]],12,195,17.1898342
12a_281,[[1;5;2;4];[3;11;4;10];[5;14;6;15];[7;17;8;16];[9;3;10;2];[11;23;12;22];[13;20;14;21];[15;19;16;18];[17;9;18;8];[19;6;20;7];[21;1;22;24];[23;13;24;12]],12,213,17.60228204
12a_282,[[1;5;2;4];[3;10;4;11];[5;14;6;15];[7;17;8;16];[9;13;10;12];[11;2;12;3];[13;24;14;1];[15;20;16;21];[17;23;18;22];[19;7;20;6];[21;8;22;9];[23;19;24;18]],12,233,18.9105596
12a_283,[[1;5;2;4];[3;10;4;11];[5;14;6;15];[7;17;8;16];[9;13;10;12];[11;2;12;3];[13;24;14;1];[15;21;16;20];[17;22;18;23];[19;9;20;8];[21;6;22;7];[23;18;24;19]],12,223,18.64430768
12a_284,[[1;5;2;4];[3;10;4;11];[5;15;6;14];[7;17;8;16];[9;18;10;19];[11;2;12;3];[13;21;14;20];[15;7;16;6];[17;1;18;24];[19;22;20;23];[21;13;22;12];[23;8;24;9]],12,203,18.66977426
12a_285,[[1;5;2;4];[3;10;4;11];[5;15;6;14];[7;16;8;17];[9;19;10;18];[11;2;12;3];[13;22;14;23];[15;1;16;24];[17;20;18;21];[19;9;20;8];[21;12;22;13];[23;6;24;7]],12,227,19.38260024
12a_286,[[1;5;2;4];[3;10;4;11];[5;15;6;14];[7;16;8;17];[9;21;10;20];[11;2;12;3];[13;19;14;18];[15;1;16;24];[17;22;18;23];[19;13;20;12];[21;9;22;8];[23;6;24;7]],12,233,20.05045225
12a_287,[[1;5;2;4];[3;10;4;11];[5;15;6;14];[7;16;8;17];[9;20;10;21];[11;2;12;3];[13;22;14;23];[15;19;16;18];[17;6;18;7];[19;1;20;24];[21;12;22;13];[23;8;24;9]],12,243,19.62130304
12a_288,[[1;5;2;4];[3;10;4;11];[5;15;6;14];[7;16;8;17];[9;22;10;23];[11;2;12;3];[13;18;14;19];[15;21;16;20];[17;12;18;13];[19;6;20;7];[21;1;22;24];[23;8;24;9]],12,255,20.00213693
12a_289,[[1;5;2;4];[3;10;4;11];[5;15;6;14];[7;17;8;16];[9;23;10;22];[11;2;12;3];[13;21;14;20];[15;7;16;6];[17;1;18;24];[19;9;20;8];[21;13;22;12];[23;19;24;18]],12,193,18.55371918
12a_290,[[1;5;2;4];[3;11;4;10];[5;15;6;14];[7;18;8;19];[9;3;10;2];[11;9;12;8];[13;20;14;21];[15;23;16;22];[17;1;18;24];[19;12;20;13];[21;6;22;7];[23;17;24;16]],12,171,17.2916062
12a_291,[[1;5;2;4];[3;11;4;10];[5;15;6;14];[7;18;8;19];[9;3;10;2];[11;9;12;8];[13;20;14;21];[15;1;16;24];[17;23;18;22];[19;12;20;13];[21;6;22;7];[23;17;24;16]],12,153,16.82564196
12a_292,[[1;5;2;4];[3;11;4;10];[5;15;6;14];[7;18;8;19];[9;3;10;2];[11;20;12;21];[13;7;14;6];[15;22;16;23];[17;12;18;13];[19;8;20;9];[21;24;22;1];[23;16;24;17]],12,219,19.2112645
12a_293,[[1;5;2;4];[3;11;4;10];[5;15;6;14];[7;19;8;18];[9;3;10;2];[11;21;12;20];[13;9;14;8];[15;1;16;24];[17;7;18;6];[19;23;20;22];[21;13;22;12];[23;17;24;16]],12,227,19.47836898
12a_294,[[1;5;2;4];[3;11;4;10];[5;14;6;15];[7;18;8;19];[9;3;10;2];[11;20;12;21];[13;24;14;1];[15;6;16;7];[17;22;18;23];[19;8;20;9];[21;12;22;13];[23;16;24;17]],12,197,18.90516555
12a_295,[[1;5;2;4];[3;11;4;10];[5;15;6;14];[7;19;8;18];[9;3;10;2];[11;23;12;22];[13;9;14;8];[15;21;16;20];[17;7;18;6];[19;17;20;16];[21;1;22;24];[23;13;24;12]],12,207,17.73720142
12a_296,[[1;5;2;4];[3;11;4;10];[5;15;6;14];[7;18;8;19];[9;3;10;2];[11;22;12;23];[13;9;14;8];[15;1;16;24];[17;21;18;20];[19;6;20;7];[21;12;22;13];[23;17;24;16]],12,231,19.6385254
12a_297,[[1;5;2;4];[3;11;4;10];[5;14;6;15];[7;18;8;19];[9;3;10;2];[11;22;12;23];[13;24;14;1];[15;6;16;7];[17;20;18;21];[19;8;20;9];[21;16;22;17];[23;12;24;13]],12,153,16.18463167
12a_298,[[1;5;2;4];[3;11;4;10];[5;14;6;15];[7;18;8;19];[9;3;10;2];[11;22;12;23];[13;24;14;1];[15;8;16;9];[17;21;18;20];[19;6;20;7];[21;17;22;16];[23;12;24;13]],12,171,16.64335052
12a_299,[[1;5;2;4];[3;11;4;10];[5;15;6;14];[7;18;8;19];[9;3;10;2];[11;24;12;1];[13;9;14;8];[15;21;16;20];[17;23;18;22];[19;6;20;7];[21;17;22;16];[23;12;24;13]],12,161,16.02794826
12a_300,[[1;5;2;4];[3;11;4;10];[5;15;6;14];[7;18;8;19];[9;3;10;2];[11;24;12;1];[13;9;14;8];[15;23;16;22];[17;21;18;20];[19;6;20;7];[21;17;22;16];[23;12;24;13]],12,155,15.45050573
12a_301,[[1;5;2;4];[3;11;4;10];[5;14;6;15];[7;18;8;19];[9;3;10;2];[11;24;12;1];[13;20;14;21];[15;8;16;9];[17;23;18;22];[19;6;20;7];[21;12;22;13];[23;17;24;16]],12,221,19.18501397
12a_302,[[1;5;2;4];[3;11;4;10];[5;14;6;15];[7;18;8;19];[9;3;10;2];[11;24;12;1];[13;22;14;23];[15;6;16;7];[17;20;18;21];[19;8;20;9];[21;16;22;17];[23;12;24;13]],12,147,15.23712596
12a_303,[[1;5;2;4];[3;11;4;10];[5;14;6;15];[7;18;8;19];[9;3;10;2];[11;24;12;1];[13;22;14;23];[15;8;16;9];[17;21;18;20];[19;6;20;7];[21;17;22;16];[23;12;24;13]],12,153,15.34179756
12a_304,[[1;5;2;4];[3;10;4;11];[5;14;6;15];[7;19;8;18];[9;13;10;12];[11;2;12;3];[13;24;14;1];[15;20;16;21];[17;22;18;23];[19;7;20;6];[21;16;22;17];[23;8;24;9]],12,137,15.2671348
12a_305,[[1;5;2;4];[3;10;4;11];[5;14;6;15];[7;19;8;18];[9;13;10;12];[11;2;12;3];[13;24;14;1];[15;21;16;20];[17;23;18;22];[19;9;20;8];[21;17;22;16];[23;6;24;7]],12,167,16.36648802
12a_306,[[1;5;2;4];[3;10;4;11];[5;14;6;15];[7;19;8;18];[9;13;10;12];[11;2;12;3];[13;24;14;1];[15;22;16;23];[17;20;18;21];[19;7;20;6];[21;16;22;17];[23;8;24;9]],12,147,15.32003805
12a_307,[[1;5;2;4];[3;10;4;11];[5;14;6;15];[7;19;8;18];[9;13;10;12];[11;2;12;3];[13;24;14;1];[15;23;16;22];[17;21;18;20];[19;9;20;8];[21;17;22;16];[23;6;24;7]],12,157,15.55467753
12a_308,[[1;5;2;4];[3;10;4;11];[5;15;6;14];[7;18;8;19];[9;16;10;17];[11;2;12;3];[13;21;14;20];[15;1;16;24];[17;8;18;9];[19;22;20;23];[21;13;22;12];[23;6;24;7]],12,201,18.52672758
12a_309,[[1;5;2;4];[3;10;4;11];[5;15;6;14];[7;19;8;18];[9;16;10;17];[11;2;12;3];[13;21;14;20];[15;1;16;24];[17;22;18;23];[19;7;20;6];[21;13;22;12];[23;8;24;9]],12,245,20.26780973
12a_310,[[1;5;2;4];[3;10;4;11];[5;15;6;14];[7;19;8;18];[9;16;10;17];[11;2;12;3];[13;22;14;23];[15;1;16;24];[17;21;18;20];[19;9;20;8];[21;12;22;13];[23;6;24;7]],12,245,19.74242306
12a_311,[[1;5;2;4];[3;10;4;11];[5;15;6;14];[7;19;8;18];[9;23;10;22];[11;2;12;3];[13;21;14;20];[15;1;16;24];[17;7;18;6];[19;9;20;8];[21;13;22;12];[23;17;24;16]],12,189,18.10006199
12a_312,[[1;5;2;4];[3;10;4;11];[5;15;6;14];[7;19;8;18];[9;23;10;22];[11;2;12;3];[13;21;14;20];[15;1;16;24];[17;9;18;8];[19;7;20;6];[21;13;22;12];[23;17;24;16]],12,159,17.27819445
12a_313,[[1;5;2;4];[3;11;4;10];[5;15;6;14];[7;21;8;20];[9;3;10;2];[11;9;12;8];[13;19;14;18];[15;22;16;23];[17;7;18;6];[19;13;20;12];[21;24;22;1];[23;16;24;17]],12,207,18.63952837
12a_314,[[1;5;2;4];[3;11;4;10];[5;15;6;14];[7;21;8;20];[9;3;10;2];[11;17;12;16];[13;7;14;6];[15;1;16;24];[17;22;18;23];[19;9;20;8];[21;18;22;19];[23;13;24;12]],12,217,19.08264905
12a_315,[[1;5;2;4];[3;11;4;10];[5;15;6;14];[7;20;8;21];[9;3;10;2];[11;17;12;16];[13;9;14;8];[15;1;16;24];[17;13;18;12];[19;23;20;22];[21;6;22;7];[23;19;24;18]],12,221,18.93230839
12a_316,[[1;5;2;4];[3;11;4;10];[5;14;6;15];[7;20;8;21];[9;3;10;2];[11;16;12;17];[13;19;14;18];[15;8;16;9];[17;24;18;1];[19;23;20;22];[21;6;22;7];[23;13;24;12]],12,281,20.77203274
12a_317,[[1;5;2;4];[3;11;4;10];[5;14;6;15];[7;20;8;21];[9;3;10;2];[11;16;12;17];[13;22;14;23];[15;8;16;9];[17;24;18;1];[19;12;20;13];[21;6;22;7];[23;18;24;19]],12,259,20.36356897
12a_318,[[1;5;2;4];[3;11;4;10];[5;14;6;15];[7;20;8;21];[9;3;10;2];[11;16;12;17];[13;24;14;1];[15;8;16;9];[17;12;18;13];[19;23;20;22];[21;6;22;7];[23;19;24;18]],12,199,18.39959891
12a_319,[[1;5;2;4];[3;11;4;10];[5;15;6;14];[7;21;8;20];[9;3;10;2];[11;19;12;18];[13;7;14;6];[15;23;16;22];[17;1;18;24];[19;9;20;8];[21;13;22;12];[23;17;24;16]],12,183,17.95510511
12a_320,[[1;5;2;4];[3;11;4;10];[5;15;6;14];[7;21;8;20];[9;3;10;2];[11;19;12;18];[13;7;14;6];[15;1;16;24];[17;23;18;22];[19;9;20;8];[21;13;22;12];[23;17;24;16]],12,157,17.32110437
12a_321,[[1;5;2;4];[3;11;4;10];[5;15;6;14];[7;20;8;21];[9;3;10;2];[11;19;12;18];[13;9;14;8];[15;23;16;22];[17;1;18;24];[19;13;20;12];[21;6;22;7];[23;17;24;16]],12,171,17.541895
12a_322,[[1;5;2;4];[3;11;4;10];[5;15;6;14];[7;20;8;21];[9;3;10;2];[11;19;12;18];[13;9;14;8];[15;1;16;24];[17;23;18;22];[19;13;20;12];[21;6;22;7];[23;17;24;16]],12,185,18.18197489
12a_323,[[1;5;2;4];[3;11;4;10];[5;14;6;15];[7;20;8;21];[9;3;10;2];[11;19;12;18];[13;16;14;17];[15;6;16;7];[17;1;18;24];[19;22;20;23];[21;8;22;9];[23;13;24;12]],12,253,20.08746879
12a_324,[[1;5;2;4];[3;11;4;10];[5;14;6;15];[7;20;8;21];[9;3;10;2];[11;19;12;18];[13;24;14;1];[15;6;16;7];[17;13;18;12];[19;22;20;23];[21;8;22;9];[23;16;24;17]],12,227,19.57983105
12a_325,[[1;5;2;4];[3;11;4;10];[5;14;6;15];[7;20;8;21];[9;3;10;2];[11;18;12;19];[13;24;14;1];[15;23;16;22];[17;8;18;9];[19;12;20;13];[21;17;22;16];[23;6;24;7]],12,243,20.1811096
12a_326,[[1;5;2;4];[3;11;4;10];[5;15;6;14];[7;21;8;20];[9;3;10;2];[11;22;12;23];[13;7;14;6];[15;1;16;24];[17;12;18;13];[19;9;20;8];[21;18;22;19];[23;17;24;16]],12,215,19.21569611
12a_327,[[1;5;2;4];[3;11;4;10];[5;14;6;15];[7;20;8;21];[9;3;10;2];[11;24;12;1];[13;16;14;17];[15;6;16;7];[17;12;18;13];[19;22;20;23];[21;8;22;9];[23;18;24;19]],12,175,17.22014516
12a_328,[[1;5;2;4];[3;11;4;10];[5;14;6;15];[7;20;8;21];[9;3;10;2];[11;24;12;1];[13;19;14;18];[15;8;16;9];[17;13;18;12];[19;23;20;22];[21;6;22;7];[23;17;24;16]],12,239,19.29840117
12a_329,[[1;5;2;4];[3;10;4;11];[5;15;6;14];[7;21;8;20];[9;13;10;12];[11;2;12;3];[13;9;14;8];[15;23;16;22];[17;1;18;24];[19;7;20;6];[21;19;22;18];[23;17;24;16]],12,141,15.27464842
12a_330,[[1;5;2;4];[3;10;4;11];[5;15;6;14];[7;21;8;20];[9;13;10;12];[11;2;12;3];[13;9;14;8];[15;1;16;24];[17;23;18;22];[19;7;20;6];[21;19;22;18];[23;17;24;16]],12,95,12.45860228
12a_331,[[1;5;2;4];[3;10;4;11];[5;14;6;15];[7;20;8;21];[9;17;10;16];[11;2;12;3];[13;6;14;7];[15;13;16;12];[17;22;18;23];[19;24;20;1];[21;8;22;9];[23;18;24;19]],12,177,17.35988633
12a_332,[[1;5;2;4];[3;10;4;11];[5;14;6;15];[7;20;8;21];[9;17;10;16];[11;2;12;3];[13;6;14;7];[15;13;16;12];[17;24;18;1];[19;22;20;23];[21;8;22;9];[23;18;24;19]],12,171,16.53305909
12a_333,[[1;5;2;4];[3;10;4;11];[5;15;6;14];[7;21;8;20];[9;16;10;17];[11;2;12;3];[13;18;14;19];[15;1;16;24];[17;12;18;13];[19;23;20;22];[21;9;22;8];[23;6;24;7]],12,241,19.37437808
12a_334,[[1;5;2;4];[3;10;4;11];[5;14;6;15];[7;20;8;21];[9;19;10;18];[11;2;12;3];[13;6;14;7];[15;13;16;12];[17;23;18;22];[19;24;20;1];[21;17;22;16];[23;8;24;9]],12,249,19.79900593
12a_335,[[1;5;2;4];[3;11;4;10];[5;15;6;14];[7;23;8;22];[9;3;10;2];[11;18;12;19];[13;9;14;8];[15;20;16;21];[17;12;18;13];[19;24;20;1];[21;7;22;6];[23;16;24;17]],12,271,20.79010793
12a_336,[[1;5;2;4];[3;11;4;10];[5;15;6;14];[7;22;8;23];[9;3;10;2];[11;19;12;18];[13;9;14;8];[15;1;16;24];[17;21;18;20];[19;13;20;12];[21;17;22;16];[23;6;24;7]],12,213,18.84228636
12a_337,[[1;5;2;4];[3;10;4;11];[5;15;6;14];[7;23;8;22];[9;16;10;17];[11;2;12;3];[13;21;14;20];[15;1;16;24];[17;8;18;9];[19;7;20;6];[21;13;22;12];[23;19;24;18]],12,259,20.56287198
12a_338,[[1;5;2;4];[3;10;4;11];[5;15;6;14];[7;23;8;22];[9;19;10;18];[11;2;12;3];[13;17;14;16];[15;7;16;6];[17;13;18;12];[19;24;20;1];[21;9;22;8];[23;20;24;21]],12,187,17.360148
12a_339,[[1;5;2;4];[3;10;4;11];[5;15;6;14];[7;23;8;22];[9;21;10;20];[11;2;12;3];[13;19;14;18];[15;1;16;24];[17;7;18;6];[19;13;20;12];[21;9;22;8];[23;17;24;16]],12,155,17.28623593
12a_340,[[1;5;2;4];[3;10;4;11];[5;15;6;14];[7;22;8;23];[9;21;10;20];[11;2;12;3];[13;19;14;18];[15;1;16;24];[17;9;18;8];[19;13;20;12];[21;17;22;16];[23;6;24;7]],12,247,20.22665739
12a_341,[[1;5;2;4];[3;10;4;11];[5;15;6;14];[7;1;8;24];[9;18;10;19];[11;2;12;3];[13;21;14;20];[15;7;16;6];[17;8;18;9];[19;22;20;23];[21;13;22;12];[23;16;24;17]],12,229,19.60855177
12a_342,[[1;5;2;4];[3;10;4;11];[5;15;6;14];[7;1;8;24];[9;19;10;18];[11;2;12;3];[13;22;14;23];[15;7;16;6];[17;20;18;21];[19;9;20;8];[21;12;22;13];[23;16;24;17]],12,237,19.80112583
12a_343,[[1;5;2;4];[3;10;4;11];[5;15;6;14];[7;1;8;24];[9;21;10;20];[11;2;12;3];[13;19;14;18];[15;7;16;6];[17;22;18;23];[19;13;20;12];[21;9;22;8];[23;16;24;17]],12,199,18.91262276
12a_344,[[1;5;2;4];[3;11;4;10];[5;17;6;16];[7;13;8;12];[9;3;10;2];[11;9;12;8];[13;21;14;20];[15;7;16;6];[17;23;18;22];[19;1;20;24];[21;15;22;14];[23;19;24;18]],12,139,16.14807994
12a_345,[[1;5;2;4];[3;11;4;10];[5;17;6;16];[7;13;8;12];[9;3;10;2];[11;9;12;8];[13;21;14;20];[15;7;16;6];[17;1;18;24];[19;23;20;22];[21;15;22;14];[23;19;24;18]],12,105,14.21738093
12a_346,[[1;5;2;4];[3;11;4;10];[5;17;6;16];[7;12;8;13];[9;3;10;2];[11;19;12;18];[13;20;14;21];[15;22;16;23];[17;1;18;24];[19;9;20;8];[21;14;22;15];[23;6;24;7]],12,213,18.97170061
12a_347,[[1;5;2;4];[3;11;4;10];[5;17;6;16];[7;12;8;13];[9;3;10;2];[11;19;12;18];[13;22;14;23];[15;20;16;21];[17;1;18;24];[19;9;20;8];[21;14;22;15];[23;6;24;7]],12,231,19.53983272
12a_348,[[1;5;2;4];[3;10;4;11];[5;17;6;16];[7;13;8;12];[9;18;10;19];[11;2;12;3];[13;22;14;23];[15;7;16;6];[17;1;18;24];[19;8;20;9];[21;14;22;15];[23;21;24;20]],12,225,19.22397388
12a_349,[[1;5;2;4];[3;10;4;11];[5;16;6;17];[7;13;8;12];[9;20;10;21];[11;2;12;3];[13;18;14;19];[15;24;16;1];[17;6;18;7];[19;23;20;22];[21;8;22;9];[23;14;24;15]],12,205,18.99724495
12a_350,[[1;5;2;4];[3;10;4;11];[5;17;6;16];[7;13;8;12];[9;21;10;20];[11;2;12;3];[13;23;14;22];[15;7;16;6];[17;1;18;24];[19;9;20;8];[21;19;22;18];[23;15;24;14]],12,229,19.39670907
12a_351,[[1;5;2;4];[3;10;4;11];[5;16;6;17];[7;13;8;12];[9;20;10;21];[11;2;12;3];[13;23;14;22];[15;18;16;19];[17;6;18;7];[19;1;20;24];[21;8;22;9];[23;15;24;14]],12,221,19.16364638
12a_352,[[1;5;2;4];[3;10;4;11];[5;16;6;17];[7;13;8;12];[9;20;10;21];[11;2;12;3];[13;23;14;22];[15;24;16;1];[17;6;18;7];[19;15;20;14];[21;8;22;9];[23;18;24;19]],12,259,20.64759136
12a_353,[[1;5;2;4];[3;11;4;10];[5;16;6;17];[7;15;8;14];[9;3;10;2];[11;9;12;8];[13;21;14;20];[15;24;16;1];[17;23;18;22];[19;13;20;12];[21;19;22;18];[23;6;24;7]],12,187,18.01724451
12a_354,[[1;5;2;4];[3;11;4;10];[5;17;6;16];[7;14;8;15];[9;3;10;2];[11;19;12;18];[13;23;14;22];[15;20;16;21];[17;1;18;24];[19;9;20;8];[21;6;22;7];[23;13;24;12]],12,259,20.60801849
12a_355,[[1;5;2;4];[3;11;4;10];[5;17;6;16];[7;15;8;14];[9;3;10;2];[11;21;12;20];[13;9;14;8];[15;7;16;6];[17;23;18;22];[19;1;20;24];[21;13;22;12];[23;19;24;18]],12,127,15.32593441
12a_356,[[1;5;2;4];[3;11;4;10];[5;17;6;16];[7;15;8;14];[9;3;10;2];[11;21;12;20];[13;9;14;8];[15;7;16;6];[17;1;18;24];[19;23;20;22];[21;13;22;12];[23;19;24;18]],12,101,13.76002168
12a_357,[[1;5;2;4];[3;11;4;10];[5;16;6;17];[7;15;8;14];[9;3;10;2];[11;22;12;23];[13;9;14;8];[15;18;16;19];[17;6;18;7];[19;1;20;24];[21;12;22;13];[23;21;24;20]],12,173,16.99347944
12a_358,[[1;5;2;4];[3;11;4;10];[5;17;6;16];[7;14;8;15];[9;3;10;2];[11;24;12;1];[13;19;14;18];[15;20;16;21];[17;23;18;22];[19;9;20;8];[21;6;22;7];[23;12;24;13]],12,255,19.88465631
12a_359,[[1;5;2;4];[3;11;4;10];[5;17;6;16];[7;14;8;15];[9;3;10;2];[11;24;12;1];[13;23;14;22];[15;20;16;21];[17;12;18;13];[19;9;20;8];[21;6;22;7];[23;18;24;19]],12,305,21.3392363
12a_360,[[1;5;2;4];[3;10;4;11];[5;17;6;16];[7;14;8;15];[9;13;10;12];[11;2;12;3];[13;22;14;23];[15;21;16;20];[17;1;18;24];[19;7;20;6];[21;8;22;9];[23;19;24;18]],12,225,19.6210023
12a_361,[[1;5;2;4];[3;10;4;11];[5;16;6;17];[7;15;8;14];[9;19;10;18];[11;2;12;3];[13;22;14;23];[15;21;16;20];[17;13;18;12];[19;24;20;1];[21;7;22;6];[23;8;24;9]],12,329,22.16324267
12a_362,[[1;5;2;4];[3;10;4;11];[5;16;6;17];[7;15;8;14];[9;20;10;21];[11;2;12;3];[13;18;14;19];[15;24;16;1];[17;23;18;22];[19;8;20;9];[21;12;22;13];[23;6;24;7]],12,261,20.8348746
12a_363,[[1;5;2;4];[3;10;4;11];[5;16;6;17];[7;15;8;14];[9;20;10;21];[11;2;12;3];[13;22;14;23];[15;18;16;19];[17;6;18;7];[19;1;20;24];[21;12;22;13];[23;8;24;9]],12,229,19.23716993
12a_364,[[1;5;2;4];[3;10;4;11];[5;16;6;17];[7;15;8;14];[9;20;10;21];[11;2;12;3];[13;23;14;22];[15;24;16;1];[17;13;18;12];[19;8;20;9];[21;18;22;19];[23;6;24;7]],12,283,20.9044609
12a_365,[[1;5;2;4];[3;11;4;10];[5;17;6;16];[7;18;8;19];[9;3;10;2];[11;9;12;8];[13;20;14;21];[15;22;16;23];[17;1;18;24];[19;12;20;13];[21;14;22;15];[23;6;24;7]],12,131,15.5605513
12a_366,[[1;5;2;4];[3;11;4;10];[5;17;6;16];[7;18;8;19];[9;3;10;2];[11;9;12;8];[13;20;14;21];[15;22;16;23];[17;1;18;24];[19;14;20;15];[21;12;22;13];[23;6;24;7]],12,193,18.00045452
12a_367,[[1;5;2;4];[3;11;4;10];[5;17;6;16];[7;19;8;18];[9;3;10;2];[11;21;12;20];[13;23;14;22];[15;9;16;8];[17;7;18;6];[19;1;20;24];[21;13;22;12];[23;15;24;14]],12,133,14.47233807
12a_368,[[1;5;2;4];[3;11;4;10];[5;17;6;16];[7;19;8;18];[9;3;10;2];[11;21;12;20];[13;23;14;22];[15;9;16;8];[17;7;18;6];[19;1;20;24];[21;15;22;14];[23;13;24;12]],12,167,16.10638576
12a_369,[[1;5;2;4];[3;11;4;10];[5;16;6;17];[7;18;8;19];[9;3;10;2];[11;20;12;21];[13;22;14;23];[15;24;16;1];[17;6;18;7];[19;8;20;9];[21;12;22;13];[23;14;24;15]],12,67,10.97543502
12a_370,[[1;5;2;4];[3;11;4;10];[5;16;6;17];[7;18;8;19];[9;3;10;2];[11;20;12;21];[13;22;14;23];[15;24;16;1];[17;6;18;7];[19;8;20;9];[21;14;22;15];[23;12;24;13]],12,113,14.22632077
12a_371,[[1;5;2;4];[3;11;4;10];[5;16;6;17];[7;18;8;19];[9;3;10;2];[11;20;12;21];[13;22;14;23];[15;24;16;1];[17;8;18;9];[19;6;20;7];[21;12;22;13];[23;14;24;15]],12,97,12.92193403
12a_372,[[1;5;2;4];[3;11;4;10];[5;16;6;17];[7;18;8;19];[9;3;10;2];[11;20;12;21];[13;22;14;23];[15;24;16;1];[17;8;18;9];[19;6;20;7];[21;14;22;15];[23;12;24;13]],12,155,15.9153561
12a_373,[[1;5;2;4];[3;11;4;10];[5;17;6;16];[7;19;8;18];[9;3;10;2];[11;23;12;22];[13;20;14;21];[15;9;16;8];[17;7;18;6];[19;14;20;15];[21;1;22;24];[23;13;24;12]],12,147,15.08366247
12a_374,[[1;5;2;4];[3;11;4;10];[5;17;6;16];[7;18;8;19];[9;3;10;2];[11;22;12;23];[13;24;14;1];[15;9;16;8];[17;21;18;20];[19;6;20;7];[21;14;22;15];[23;12;24;13]],12,189,16.96330965
12a_375,[[1;5;2;4];[3;11;4;10];[5;16;6;17];[7;18;8;19];[9;3;10;2];[11;22;12;23];[13;24;14;1];[15;20;16;21];[17;6;18;7];[19;8;20;9];[21;14;22;15];[23;12;24;13]],12,117,14.01602873
12a_376,[[1;5;2;4];[3;11;4;10];[5;16;6;17];[7;18;8;19];[9;3;10;2];[11;22;12;23];[13;24;14;1];[15;20;16;21];[17;8;18;9];[19;6;20;7];[21;14;22;15];[23;12;24;13]],12,135,14.72853443
12a_377,[[1;5;2;4];[3;11;4;10];[5;17;6;16];[7;18;8;19];[9;3;10;2];[11;24;12;1];[13;9;14;8];[15;20;16;21];[17;23;18;22];[19;14;20;15];[21;6;22;7];[23;12;24;13]],12,225,18.669491
12a_378,[[1;5;2;4];[3;11;4;10];[5;17;6;16];[7;18;8;19];[9;3;10;2];[11;24;12;1];[13;22;14;23];[15;9;16;8];[17;21;18;20];[19;6;20;7];[21;14;22;15];[23;12;24;13]],12,127,14.08144573
12a_379,[[1;5;2;4];[3;11;4;10];[5;16;6;17];[7;18;8;19];[9;3;10;2];[11;24;12;1];[13;22;14;23];[15;20;16;21];[17;6;18;7];[19;8;20;9];[21;14;22;15];[23;12;24;13]],12,71,10.69106751
12a_380,[[1;5;2;4];[3;11;4;10];[5;16;6;17];[7;18;8;19];[9;3;10;2];[11;24;12;1];[13;22;14;23];[15;20;16;21];[17;8;18;9];[19;6;20;7];[21;14;22;15];[23;12;24;13]],12,77,10.85221573
12a_381,[[1;5;2;4];[3;10;4;11];[5;17;6;16];[7;19;8;18];[9;13;10;12];[11;2;12;3];[13;22;14;23];[15;9;16;8];[17;7;18;6];[19;1;20;24];[21;14;22;15];[23;21;24;20]],12,155,16.31519424
12a_382,[[1;5;2;4];[3;10;4;11];[5;16;6;17];[7;19;8;18];[9;13;10;12];[11;2;12;3];[13;22;14;23];[15;24;16;1];[17;20;18;21];[19;7;20;6];[21;8;22;9];[23;14;24;15]],12,133,15.58665184
12a_383,[[1;5;2;4];[3;10;4;11];[5;16;6;17];[7;19;8;18];[9;13;10;12];[11;2;12;3];[13;22;14;23];[15;24;16;1];[17;21;18;20];[19;9;20;8];[21;6;22;7];[23;14;24;15]],12,163,16.58764817
12a_384,[[1;5;2;4];[3;10;4;11];[5;16;6;17];[7;19;8;18];[9;13;10;12];[11;2;12;3];[13;24;14;1];[15;22;16;23];[17;20;18;21];[19;7;20;6];[21;8;22;9];[23;14;24;15]],12,151,15.51438591
12a_385,[[1;5;2;4];[3;10;4;11];[5;16;6;17];[7;19;8;18];[9;13;10;12];[11;2;12;3];[13;24;14;1];[15;22;16;23];[17;21;18;20];[19;9;20;8];[21;6;22;7];[23;14;24;15]],12,161,15.77218061
12a_386,[[1;5;2;4];[3;10;4;11];[5;16;6;17];[7;18;8;19];[9;15;10;14];[11;2;12;3];[13;20;14;21];[15;24;16;1];[17;6;18;7];[19;23;20;22];[21;12;22;13];[23;8;24;9]],12,189,18.17760825
12a_387,[[1;5;2;4];[3;10;4;11];[5;16;6;17];[7;19;8;18];[9;15;10;14];[11;2;12;3];[13;20;14;21];[15;24;16;1];[17;23;18;22];[19;9;20;8];[21;12;22;13];[23;6;24;7]],12,245,20.15148861
12a_388,[[1;5;2;4];[3;10;4;11];[5;16;6;17];[7;19;8;18];[9;15;10;14];[11;2;12;3];[13;23;14;22];[15;24;16;1];[17;20;18;21];[19;7;20;6];[21;13;22;12];[23;8;24;9]],12,245,19.73950396
12a_389,[[1;5;2;4];[3;10;4;11];[5;16;6;17];[7;19;8;18];[9;20;10;21];[11;2;12;3];[13;8;14;9];[15;24;16;1];[17;23;18;22];[19;15;20;14];[21;12;22;13];[23;6;24;7]],12,315,22.02633991
12a_390,[[1;5;2;4];[3;11;4;10];[5;17;6;16];[7;20;8;21];[9;3;10;2];[11;19;12;18];[13;9;14;8];[15;22;16;23];[17;1;18;24];[19;13;20;12];[21;14;22;15];[23;6;24;7]],12,243,19.95145834
12a_391,[[1;5;2;4];[3;11;4;10];[5;17;6;16];[7;21;8;20];[9;3;10;2];[11;19;12;18];[13;23;14;22];[15;7;16;6];[17;1;18;24];[19;9;20;8];[21;13;22;12];[23;15;24;14]],12,187,18.11803974
12a_392,[[1;5;2;4];[3;11;4;10];[5;17;6;16];[7;21;8;20];[9;3;10;2];[11;19;12;18];[13;23;14;22];[15;7;16;6];[17;1;18;24];[19;9;20;8];[21;15;22;14];[23;13;24;12]],12,153,17.043038
12a_393,[[1;5;2;4];[3;11;4;10];[5;17;6;16];[7;20;8;21];[9;3;10;2];[11;19;12;18];[13;23;14;22];[15;9;16;8];[17;1;18;24];[19;15;20;14];[21;6;22;7];[23;13;24;12]],12,261,20.42026759
12a_394,[[1;5;2;4];[3;11;4;10];[5;16;6;17];[7;20;8;21];[9;3;10;2];[11;18;12;19];[13;22;14;23];[15;24;16;1];[17;8;18;9];[19;12;20;13];[21;6;22;7];[23;14;24;15]],12,181,17.98362185
12a_395,[[1;5;2;4];[3;11;4;10];[5;16;6;17];[7;20;8;21];[9;3;10;2];[11;18;12;19];[13;24;14;1];[15;22;16;23];[17;8;18;9];[19;12;20;13];[21;6;22;7];[23;14;24;15]],12,183,18.1097429
12a_396,[[1;5;2;4];[3;11;4;10];[5;17;6;16];[7;21;8;20];[9;3;10;2];[11;22;12;23];[13;24;14;1];[15;7;16;6];[17;14;18;15];[19;9;20;8];[21;18;22;19];[23;12;24;13]],12,189,17.78085902
12a_397,[[1;5;2;4];[3;11;4;10];[5;17;6;16];[7;21;8;20];[9;3;10;2];[11;24;12;1];[13;19;14;18];[15;7;16;6];[17;23;18;22];[19;9;20;8];[21;15;22;14];[23;12;24;13]],12,205,18.41647294
12a_398,[[1;5;2;4];[3;11;4;10];[5;17;6;16];[7;20;8;21];[9;3;10;2];[11;24;12;1];[13;19;14;18];[15;9;16;8];[17;23;18;22];[19;15;20;14];[21;6;22;7];[23;12;24;13]],12,185,17.686195
12a_399,[[1;5;2;4];[3;11;4;10];[5;16;6;17];[7;20;8;21];[9;3;10;2];[11;24;12;1];[13;18;14;19];[15;22;16;23];[17;8;18;9];[19;14;20;15];[21;6;22;7];[23;12;24;13]],12,211,18.43659661
12a_400,[[1;5;2;4];[3;11;4;10];[5;17;6;16];[7;21;8;20];[9;3;10;2];[11;24;12;1];[13;23;14;22];[15;7;16;6];[17;12;18;13];[19;9;20;8];[21;15;22;14];[23;18;24;19]],12,203,18.5781958
12a_401,[[1;5;2;4];[3;11;4;10];[5;17;6;16];[7;21;8;20];[9;3;10;2];[11;24;12;1];[13;22;14;23];[15;7;16;6];[17;14;18;15];[19;9;20;8];[21;18;22;19];[23;12;24;13]],12,159,16.25000871
12a_402,[[1;5;2;4];[3;11;4;10];[5;17;6;16];[7;20;8;21];[9;3;10;2];[11;24;12;1];[13;23;14;22];[15;9;16;8];[17;12;18;13];[19;15;20;14];[21;6;22;7];[23;18;24;19]],12,271,20.40984372
12a_403,[[1;5;2;4];[3;10;4;11];[5;17;6;16];[7;20;8;21];[9;13;10;12];[11;2;12;3];[13;19;14;18];[15;7;16;6];[17;1;18;24];[19;22;20;23];[21;8;22;9];[23;15;24;14]],12,209,18.80783887
12a_404,[[1;5;2;4];[3;10;4;11];[5;17;6;16];[7;20;8;21];[9;13;10;12];[11;2;12;3];[13;22;14;23];[15;7;16;6];[17;1;18;24];[19;14;20;15];[21;8;22;9];[23;19;24;18]],12,159,17.45308793
12a_405,[[1;5;2;4];[3;10;4;11];[5;17;6;16];[7;21;8;20];[9;13;10;12];[11;2;12;3];[13;22;14;23];[15;9;16;8];[17;1;18;24];[19;7;20;6];[21;14;22;15];[23;19;24;18]],12,191,18.37437939
12a_406,[[1;5;2;4];[3;10;4;11];[5;17;6;16];[7;21;8;20];[9;13;10;12];[11;2;12;3];[13;24;14;1];[15;9;16;8];[17;23;18;22];[19;7;20;6];[21;19;22;18];[23;14;24;15]],12,179,16.47994849
12a_407,[[1;5;2;4];[3;10;4;11];[5;16;6;17];[7;20;8;21];[9;19;10;18];[11;2;12;3];[13;22;14;23];[15;6;16;7];[17;13;18;12];[19;24;20;1];[21;14;22;15];[23;8;24;9]],12,251,20.24164215
12a_408,[[1;5;2;4];[3;11;4;10];[5;17;6;16];[7;23;8;22];[9;3;10;2];[11;19;12;18];[13;7;14;6];[15;20;16;21];[17;1;18;24];[19;9;20;8];[21;14;22;15];[23;13;24;12]],12,285,21.20278414
12a_409,[[1;5;2;4];[3;11;4;10];[5;17;6;16];[7;22;8;23];[9;3;10;2];[11;19;12;18];[13;21;14;20];[15;9;16;8];[17;1;18;24];[19;13;20;12];[21;15;22;14];[23;6;24;7]],12,147,16.26521177
12a_410,[[1;5;2;4];[3;11;4;10];[5;17;6;16];[7;22;8;23];[9;3;10;2];[11;19;12;18];[13;21;14;20];[15;9;16;8];[17;1;18;24];[19;15;20;14];[21;13;22;12];[23;6;24;7]],12,209,18.5018987
12a_411,[[1;5;2;4];[3;11;4;10];[5;16;6;17];[7;22;8;23];[9;3;10;2];[11;18;12;19];[13;20;14;21];[15;24;16;1];[17;8;18;9];[19;12;20;13];[21;14;22;15];[23;6;24;7]],12,153,16.55655393
12a_412,[[1;5;2;4];[3;11;4;10];[5;16;6;17];[7;22;8;23];[9;3;10;2];[11;18;12;19];[13;20;14;21];[15;24;16;1];[17;8;18;9];[19;14;20;15];[21;12;22;13];[23;6;24;7]],12,211,18.54186241
12a_413,[[1;5;2;4];[3;11;4;10];[5;17;6;16];[7;23;8;22];[9;3;10;2];[11;24;12;1];[13;7;14;6];[15;20;16;21];[17;12;18;13];[19;9;20;8];[21;14;22;15];[23;18;24;19]],12,279,20.64152085
12a_414,[[1;5;2;4];[3;10;4;11];[5;17;6;16];[7;23;8;22];[9;13;10;12];[11;2;12;3];[13;9;14;8];[15;21;16;20];[17;1;18;24];[19;7;20;6];[21;15;22;14];[23;19;24;18]],12,147,16.63418982
12a_415,[[1;5;2;4];[3;10;4;11];[5;16;6;17];[7;23;8;22];[9;13;10;12];[11;2;12;3];[13;18;14;19];[15;21;16;20];[17;8;18;9];[19;24;20;1];[21;7;22;6];[23;15;24;14]],12,249,20.07763609
12a_416,[[1;5;2;4];[3;10;4;11];[5;16;6;17];[7;23;8;22];[9;13;10;12];[11;2;12;3];[13;24;14;1];[15;21;16;20];[17;8;18;9];[19;15;20;14];[21;7;22;6];[23;19;24;18]],12,207,18.43439029
12a_417,[[1;5;2;4];[3;10;4;11];[5;16;6;17];[7;23;8;22];[9;15;10;14];[11;2;12;3];[13;20;14;21];[15;24;16;1];[17;6;18;7];[19;9;20;8];[21;12;22;13];[23;18;24;19]],12,251,20.30472063
12a_418,[[1;5;2;4];[3;10;4;11];[5;16;6;17];[7;22;8;23];[9;19;10;18];[11;2;12;3];[13;6;14;7];[15;21;16;20];[17;13;18;12];[19;24;20;1];[21;15;22;14];[23;8;24;9]],12,247,20.13412645
12a_419,[[1;5;2;4];[3;10;4;11];[5;16;6;17];[7;23;8;22];[9;19;10;18];[11;2;12;3];[13;8;14;9];[15;21;16;20];[17;13;18;12];[19;24;20;1];[21;7;22;6];[23;15;24;14]],12,279,21.02964593
12a_420,[[1;5;2;4];[3;11;4;10];[5;19;6;18];[7;13;8;12];[9;3;10;2];[11;9;12;8];[13;21;14;20];[15;23;16;22];[17;7;18;6];[19;1;20;24];[21;15;22;14];[23;17;24;16]],12,111,13.93152495
12a_421,[[1;5;2;4];[3;11;4;10];[5;19;6;18];[7;13;8;12];[9;3;10;2];[11;9;12;8];[13;21;14;20];[15;23;16;22];[17;7;18;6];[19;1;20;24];[21;17;22;16];[23;15;24;14]],12,133,15.11632953
12a_422,[[1;5;2;4];[3;11;4;10];[5;18;6;19];[7;13;8;12];[9;3;10;2];[11;9;12;8];[13;20;14;21];[15;22;16;23];[17;24;18;1];[19;6;20;7];[21;14;22;15];[23;16;24;17]],12,69,11.37465099
12a_423,[[1;5;2;4];[3;11;4;10];[5;18;6;19];[7;13;8;12];[9;3;10;2];[11;9;12;8];[13;20;14;21];[15;22;16;23];[17;24;18;1];[19;6;20;7];[21;16;22;17];[23;14;24;15]],12,119,14.78768965
12a_424,[[1;5;2;4];[3;11;4;10];[5;18;6;19];[7;13;8;12];[9;3;10;2];[11;9;12;8];[13;22;14;23];[15;24;16;1];[17;20;18;21];[19;6;20;7];[21;16;22;17];[23;14;24;15]],12,131,15.03504389
12a_425,[[1;5;2;4];[3;11;4;10];[5;18;6;19];[7;13;8;12];[9;3;10;2];[11;9;12;8];[13;24;14;1];[15;22;16;23];[17;20;18;21];[19;6;20;7];[21;16;22;17];[23;14;24;15]],12,81,11.87709513
12a_426,[[1;5;2;4];[3;11;4;10];[5;18;6;19];[7;12;8;13];[9;3;10;2];[11;16;12;17];[13;21;14;20];[15;8;16;9];[17;24;18;1];[19;23;20;22];[21;15;22;14];[23;6;24;7]],12,273,20.67293334
12a_427,[[1;5;2;4];[3;10;4;11];[5;18;6;19];[7;13;8;12];[9;17;10;16];[11;2;12;3];[13;23;14;22];[15;9;16;8];[17;24;18;1];[19;6;20;7];[21;15;22;14];[23;20;24;21]],12,225,19.20931048
12a_428,[[1;5;2;4];[3;11;4;10];[5;18;6;19];[7;15;8;14];[9;3;10;2];[11;9;12;8];[13;21;14;20];[15;22;16;23];[17;24;18;1];[19;13;20;12];[21;6;22;7];[23;16;24;17]],12,165,17.10272435
12a_429,[[1;5;2;4];[3;11;4;10];[5;18;6;19];[7;15;8;14];[9;3;10;2];[11;9;12;8];[13;21;14;20];[15;24;16;1];[17;22;18;23];[19;13;20;12];[21;6;22;7];[23;16;24;17]],12,183,17.72777242
12a_430,[[1;5;2;4];[3;11;4;10];[5;18;6;19];[7;14;8;15];[9;3;10;2];[11;16;12;17];[13;22;14;23];[15;8;16;9];[17;24;18;1];[19;6;20;7];[21;12;22;13];[23;20;24;21]],12,221,19.24271189
12a_431,[[1;5;2;4];[3;11;4;10];[5;19;6;18];[7;15;8;14];[9;3;10;2];[11;21;12;20];[13;7;14;6];[15;23;16;22];[17;9;18;8];[19;1;20;24];[21;17;22;16];[23;13;24;12]],12,275,20.917523
12a_432,[[1;5;2;4];[3;11;4;10];[5;19;6;18];[7;15;8;14];[9;3;10;2];[11;21;12;20];[13;9;14;8];[15;23;16;22];[17;7;18;6];[19;1;20;24];[21;13;22;12];[23;17;24;16]],12,211,19.16491584
12a_433,[[1;5;2;4];[3;11;4;10];[5;19;6;18];[7;15;8;14];[9;3;10;2];[11;23;12;22];[13;9;14;8];[15;20;16;21];[17;7;18;6];[19;16;20;17];[21;1;22;24];[23;13;24;12]],12,189,17.3796546
12a_434,[[1;5;2;4];[3;11;4;10];[5;18;6;19];[7;15;8;14];[9;3;10;2];[11;22;12;23];[13;9;14;8];[15;20;16;21];[17;24;18;1];[19;6;20;7];[21;12;22;13];[23;16;24;17]],12,195,18.84036452
12a_435,[[1;5;2;4];[3;11;4;10];[5;18;6;19];[7;14;8;15];[9;3;10;2];[11;23;12;22];[13;16;14;17];[15;8;16;9];[17;20;18;21];[19;6;20;7];[21;1;22;24];[23;13;24;12]],12,225,18.77706673
12a_436,[[1;5;2;4];[3;11;4;10];[5;18;6;19];[7;15;8;14];[9;3;10;2];[11;24;12;1];[13;9;14;8];[15;20;16;21];[17;22;18;23];[19;6;20;7];[21;16;22;17];[23;12;24;13]],12,143,15.54803076
12a_437,[[1;5;2;4];[3;11;4;10];[5;18;6;19];[7;15;8;14];[9;3;10;2];[11;24;12;1];[13;9;14;8];[15;22;16;23];[17;20;18;21];[19;6;20;7];[21;16;22;17];[23;12;24;13]],12,149,15.35055979
12a_438,[[1;5;2;4];[3;10;4;11];[5;18;6;19];[7;15;8;14];[9;17;10;16];[11;2;12;3];[13;20;14;21];[15;9;16;8];[17;24;18;1];[19;23;20;22];[21;12;22;13];[23;6;24;7]],12,209,18.7694129
12a_439,[[1;5;2;4];[3;10;4;11];[5;19;6;18];[7;15;8;14];[9;16;10;17];[11;2;12;3];[13;23;14;22];[15;20;16;21];[17;12;18;13];[19;1;20;24];[21;9;22;8];[23;6;24;7]],12,321,22.02253892
12a_440,[[1;5;2;4];[3;11;4;10];[5;18;6;19];[7;17;8;16];[9;3;10;2];[11;9;12;8];[13;21;14;20];[15;23;16;22];[17;24;18;1];[19;13;20;12];[21;15;22;14];[23;6;24;7]],12,149,16.24130393
12a_441,[[1;5;2;4];[3;11;4;10];[5;18;6;19];[7;17;8;16];[9;3;10;2];[11;9;12;8];[13;21;14;20];[15;23;16;22];[17;24;18;1];[19;15;20;14];[21;13;22;12];[23;6;24;7]],12,199,18.09126765
12a_442,[[1;5;2;4];[3;11;4;10];[5;19;6;18];[7;17;8;16];[9;3;10;2];[11;21;12;20];[13;23;14;22];[15;9;16;8];[17;7;18;6];[19;1;20;24];[21;13;22;12];[23;15;24;14]],12,103,13.1740772
12a_443,[[1;5;2;4];[3;11;4;10];[5;19;6;18];[7;17;8;16];[9;3;10;2];[11;21;12;20];[13;23;14;22];[15;9;16;8];[17;7;18;6];[19;1;20;24];[21;15;22;14];[23;13;24;12]],12,125,14.50705684
12a_444,[[1;5;2;4];[3;11;4;10];[5;19;6;18];[7;17;8;16];[9;3;10;2];[11;23;12;22];[13;20;14;21];[15;9;16;8];[17;7;18;6];[19;14;20;15];[21;1;22;24];[23;13;24;12]],12,129,14.52692045
12a_445,[[1;5;2;4];[3;11;4;10];[5;18;6;19];[7;17;8;16];[9;3;10;2];[11;22;12;23];[13;24;14;1];[15;9;16;8];[17;20;18;21];[19;6;20;7];[21;14;22;15];[23;12;24;13]],12,171,16.43587678
12a_446,[[1;5;2;4];[3;11;4;10];[5;18;6;19];[7;17;8;16];[9;3;10;2];[11;24;12;1];[13;9;14;8];[15;21;16;20];[17;22;18;23];[19;15;20;14];[21;6;22;7];[23;12;24;13]],12,231,18.7863913
12a_447,[[1;5;2;4];[3;11;4;10];[5;18;6;19];[7;17;8;16];[9;3;10;2];[11;24;12;1];[13;22;14;23];[15;9;16;8];[17;20;18;21];[19;6;20;7];[21;14;22;15];[23;12;24;13]],12,121,13.96304014
12a_448,[[1;5;2;4];[3;10;4;11];[5;19;6;18];[7;17;8;16];[9;13;10;12];[11;2;12;3];[13;22;14;23];[15;9;16;8];[17;7;18;6];[19;1;20;24];[21;14;22;15];[23;21;24;20]],12,105,14.31078603
12a_449,[[1;5;2;4];[3;10;4;11];[5;18;6;19];[7;17;8;16];[9;15;10;14];[11;2;12;3];[13;20;14;21];[15;9;16;8];[17;24;18;1];[19;23;20;22];[21;12;22;13];[23;6;24;7]],12,187,18.35609475
12a_450,[[1;5;2;4];[3;10;4;11];[5;18;6;19];[7;16;8;17];[9;15;10;14];[11;2;12;3];[13;20;14;21];[15;24;16;1];[17;6;18;7];[19;23;20;22];[21;12;22;13];[23;8;24;9]],12,207,18.75929083
12a_451,[[1;5;2;4];[3;10;4;11];[5;19;6;18];[7;16;8;17];[9;15;10;14];[11;2;12;3];[13;23;14;22];[15;24;16;1];[17;21;18;20];[19;7;20;6];[21;13;22;12];[23;8;24;9]],12,243,19.67280468
12a_452,[[1;5;2;4];[3;11;4;10];[5;18;6;19];[7;21;8;20];[9;3;10;2];[11;22;12;23];[13;9;14;8];[15;6;16;7];[17;24;18;1];[19;15;20;14];[21;12;22;13];[23;16;24;17]],12,253,20.50651353
12a_453,[[1;5;2;4];[3;10;4;11];[5;19;6;18];[7;21;8;20];[9;13;10;12];[11;2;12;3];[13;22;14;23];[15;24;16;1];[17;9;18;8];[19;7;20;6];[21;16;22;17];[23;14;24;15]],12,149,15.56260337
12a_454,[[1;5;2;4];[3;10;4;11];[5;19;6;18];[7;21;8;20];[9;13;10;12];[11;2;12;3];[13;24;14;1];[15;22;16;23];[17;9;18;8];[19;7;20;6];[21;16;22;17];[23;14;24;15]],12,103,12.84608988
12a_455,[[1;5;2;4];[3;10;4;11];[5;19;6;18];[7;20;8;21];[9;16;10;17];[11;2;12;3];[13;23;14;22];[15;8;16;9];[17;12;18;13];[19;1;20;24];[21;15;22;14];[23;6;24;7]],12,239,19.95102906
12a_456,[[1;5;2;4];[3;10;4;11];[5;19;6;18];[7;23;8;22];[9;13;10;12];[11;2;12;3];[13;24;14;1];[15;20;16;21];[17;9;18;8];[19;14;20;15];[21;7;22;6];[23;16;24;17]],12,225,18.90081648
12a_457,[[1;5;2;4];[3;10;4;11];[5;19;6;18];[7;23;8;22];[9;16;10;17];[11;2;12;3];[13;6;14;7];[15;20;16;21];[17;12;18;13];[19;1;20;24];[21;9;22;8];[23;14;24;15]],12,271,20.89759887
12a_458,[[1;5;2;4];[3;10;4;11];[5;19;6;18];[7;23;8;22];[9;16;10;17];[11;2;12;3];[13;6;14;7];[15;1;16;24];[17;12;18;13];[19;15;20;14];[21;9;22;8];[23;20;24;21]],12,289,20.94959285
12a_459,[[1;5;2;4];[3;10;4;11];[5;19;6;18];[7;22;8;23];[9;16;10;17];[11;2;12;3];[13;8;14;9];[15;20;16;21];[17;12;18;13];[19;1;20;24];[21;14;22;15];[23;6;24;7]],12,243,20.03362682
12a_460,[[1;5;2;4];[3;10;4;11];[5;18;6;19];[7;1;8;24];[9;15;10;14];[11;2;12;3];[13;20;14;21];[15;9;16;8];[17;6;18;7];[19;23;20;22];[21;12;22;13];[23;17;24;16]],12,221,19.4776454
12a_461,[[1;5;2;4];[3;10;4;11];[5;19;6;18];[7;1;8;24];[9;15;10;14];[11;2;12;3];[13;23;14;22];[15;9;16;8];[17;21;18;20];[19;7;20;6];[21;13;22;12];[23;17;24;16]],12,233,19.75465186
12a_462,[[1;5;2;4];[3;10;4;11];[5;21;6;20];[7;13;8;12];[9;15;10;14];[11;2;12;3];[13;9;14;8];[15;22;16;23];[17;24;18;1];[19;7;20;6];[21;18;22;19];[23;16;24;17]],12,157,16.32310906
12a_463,[[1;5;2;4];[3;10;4;11];[5;21;6;20];[7;13;8;12];[9;15;10;14];[11;2;12;3];[13;9;14;8];[15;24;16;1];[17;22;18;23];[19;7;20;6];[21;18;22;19];[23;16;24;17]],12,111,13.91559983
12a_464,[[1;5;2;4];[3;10;4;11];[5;20;6;21];[7;13;8;12];[9;16;10;17];[11;2;12;3];[13;19;14;18];[15;1;16;24];[17;8;18;9];[19;22;20;23];[21;6;22;7];[23;15;24;14]],12,225,19.45349647
12a_465,[[1;5;2;4];[3;10;4;11];[5;21;6;20];[7;13;8;12];[9;17;10;16];[11;2;12;3];[13;22;14;23];[15;9;16;8];[17;24;18;1];[19;7;20;6];[21;18;22;19];[23;14;24;15]],12,241,19.63451471
12a_466,[[1;5;2;4];[3;10;4;11];[5;20;6;21];[7;13;8;12];[9;16;10;17];[11;2;12;3];[13;22;14;23];[15;19;16;18];[17;8;18;9];[19;24;20;1];[21;6;22;7];[23;14;24;15]],12,209,19.00085013
12a_467,[[1;5;2;4];[3;10;4;11];[5;20;6;21];[7;13;8;12];[9;16;10;17];[11;2;12;3];[13;22;14;23];[15;1;16;24];[17;8;18;9];[19;14;20;15];[21;6;22;7];[23;19;24;18]],12,271,20.93939538
12a_468,[[1;5;2;4];[3;11;4;10];[5;20;6;21];[7;15;8;14];[9;3;10;2];[11;18;12;19];[13;9;14;8];[15;22;16;23];[17;12;18;13];[19;24;20;1];[21;6;22;7];[23;16;24;17]],12,191,18.59395917
12a_469,[[1;5;2;4];[3;11;4;10];[5;21;6;20];[7;14;8;15];[9;3;10;2];[11;24;12;1];[13;18;14;19];[15;8;16;9];[17;23;18;22];[19;7;20;6];[21;12;22;13];[23;17;24;16]],12,217,19.08624069
12a_470,[[1;5;2;4];[3;11;4;10];[5;21;6;20];[7;14;8;15];[9;3;10;2];[11;24;12;1];[13;23;14;22];[15;8;16;9];[17;13;18;12];[19;7;20;6];[21;18;22;19];[23;17;24;16]],12,247,19.744522
12a_471,[[1;5;2;4];[3;10;4;11];[5;21;6;20];[7;15;8;14];[9;13;10;12];[11;2;12;3];[13;9;14;8];[15;24;16;1];[17;22;18;23];[19;7;20;6];[21;18;22;19];[23;16;24;17]],12,85,12.16970059
12a_472,[[1;5;2;4];[3;10;4;11];[5;20;6;21];[7;14;8;15];[9;13;10;12];[11;2;12;3];[13;18;14;19];[15;22;16;23];[17;8;18;9];[19;24;20;1];[21;16;22;17];[23;6;24;7]],12,237,19.78986718
12a_473,[[1;5;2;4];[3;10;4;11];[5;20;6;21];[7;15;8;14];[9;16;10;17];[11;2;12;3];[13;19;14;18];[15;1;16;24];[17;22;18;23];[19;6;20;7];[21;13;22;12];[23;8;24;9]],12,289,21.39332375
12a_474,[[1;5;2;4];[3;10;4;11];[5;20;6;21];[7;15;8;14];[9;16;10;17];[11;2;12;3];[13;22;14;23];[15;1;16;24];[17;12;18;13];[19;6;20;7];[21;19;22;18];[23;8;24;9]],12,287,21.06891851
12a_475,[[1;5;2;4];[3;11;4;10];[5;20;6;21];[7;17;8;16];[9;3;10;2];[11;18;12;19];[13;9;14;8];[15;23;16;22];[17;12;18;13];[19;24;20;1];[21;15;22;14];[23;6;24;7]],12,255,20.35144893
12a_476,[[1;5;2;4];[3;10;4;11];[5;20;6;21];[7;16;8;17];[9;13;10;12];[11;2;12;3];[13;18;14;19];[15;23;16;22];[17;8;18;9];[19;24;20;1];[21;6;22;7];[23;15;24;14]],12,161,17.35786051
12a_477,[[1;5;2;4];[3;10;4;11];[5;21;6;20];[7;17;8;16];[9;13;10;12];[11;2;12;3];[13;24;14;1];[15;9;16;8];[17;22;18;23];[19;7;20;6];[21;18;22;19];[23;14;24;15]],12,169,16.24111256
12a_478,[[1;5;2;4];[3;10;4;11];[5;20;6;21];[7;16;8;17];[9;13;10;12];[11;2;12;3];[13;24;14;1];[15;23;16;22];[17;8;18;9];[19;15;20;14];[21;6;22;7];[23;19;24;18]],12,215,18.71232221
12a_479,[[1;5;2;4];[3;10;4;11];[5;21;6;20];[7;16;8;17];[9;15;10;14];[11;2;12;3];[13;18;14;19];[15;24;16;1];[17;23;18;22];[19;12;20;13];[21;7;22;6];[23;8;24;9]],12,257,20.56703788
12a_480,[[1;5;2;4];[3;11;4;10];[5;21;6;20];[7;18;8;19];[9;3;10;2];[11;24;12;1];[13;7;14;6];[15;8;16;9];[17;23;18;22];[19;15;20;14];[21;12;22;13];[23;17;24;16]],12,287,20.95769612
12a_481,[[1;5;2;4];[3;10;4;11];[5;21;6;20];[7;19;8;18];[9;13;10;12];[11;2;12;3];[13;22;14;23];[15;24;16;1];[17;9;18;8];[19;7;20;6];[21;16;22;17];[23;14;24;15]],12,119,14.21917693
12a_482,[[1;5;2;4];[3;10;4;11];[5;21;6;20];[7;19;8;18];[9;13;10;12];[11;2;12;3];[13;24;14;1];[15;22;16;23];[17;9;18;8];[19;7;20;6];[21;16;22;17];[23;14;24;15]],12,93,12.51941163
12a_483,[[1;5;2;4];[3;10;4;11];[5;20;6;21];[7;19;8;18];[9;16;10;17];[11;2;12;3];[13;6;14;7];[15;1;16;24];[17;22;18;23];[19;14;20;15];[21;13;22;12];[23;8;24;9]],12,335,22.41978066
12a_484,[[1;5;2;4];[3;11;4;10];[5;20;6;21];[7;23;8;22];[9;3;10;2];[11;18;12;19];[13;9;14;8];[15;6;16;7];[17;12;18;13];[19;24;20;1];[21;15;22;14];[23;16;24;17]],12,289,21.35461949
12a_485,[[1;5;2;4];[3;10;4;11];[5;20;6;21];[7;23;8;22];[9;13;10;12];[11;2;12;3];[13;18;14;19];[15;7;16;6];[17;8;18;9];[19;24;20;1];[21;16;22;17];[23;15;24;14]],12,255,20.43880624
12a_486,[[1;5;2;4];[3;10;4;11];[5;20;6;21];[7;23;8;22];[9;13;10;12];[11;2;12;3];[13;24;14;1];[15;7;16;6];[17;8;18;9];[19;15;20;14];[21;16;22;17];[23;19;24;18]],12,273,20.33891654
12a_487,[[1;5;2;4];[3;10;4;11];[5;21;6;20];[7;22;8;23];[9;15;10;14];[11;2;12;3];[13;18;14;19];[15;24;16;1];[17;7;18;6];[19;12;20;13];[21;16;22;17];[23;8;24;9]],12,263,20.58556056
12a_488,[[1;5;2;4];[3;10;4;11];[5;21;6;20];[7;23;8;22];[9;15;10;14];[11;2;12;3];[13;18;14;19];[15;24;16;1];[17;9;18;8];[19;12;20;13];[21;7;22;6];[23;16;24;17]],12,175,17.88249518
12a_489,[[1;5;2;4];[3;10;4;11];[5;21;6;20];[7;1;8;24];[9;15;10;14];[11;2;12;3];[13;18;14;19];[15;9;16;8];[17;23;18;22];[19;12;20;13];[21;7;22;6];[23;17;24;16]],12,211,19.22744158
12a_490,[[1;5;2;4];[3;11;4;10];[5;23;6;22];[7;15;8;14];[9;3;10;2];[11;19;12;18];[13;9;14;8];[15;21;16;20];[17;1;18;24];[19;13;20;12];[21;7;22;6];[23;17;24;16]],12,207,19.0152786
12a_491,[[1;5;2;4];[3;10;4;11];[5;23;6;22];[7;17;8;16];[9;13;10;12];[11;2;12;3];[13;9;14;8];[15;20;16;21];[17;24;18;1];[19;7;20;6];[21;14;22;15];[23;18;24;19]],12,177,17.61911559
12a_492,[[1;5;2;4];[3;10;4;11];[5;23;6;22];[7;17;8;16];[9;15;10;14];[11;2;12;3];[13;20;14;21];[15;9;16;8];[17;24;18;1];[19;7;20;6];[21;12;22;13];[23;18;24;19]],12,197,18.65520222
12a_493,[[1;5;2;4];[3;10;4;11];[5;23;6;22];[7;19;8;18];[9;15;10;14];[11;2;12;3];[13;20;14;21];[15;24;16;1];[17;7;18;6];[19;9;20;8];[21;12;22;13];[23;16;24;17]],12,171,17.50031186
12a_494,[[1;5;2;4];[3;10;4;11];[5;23;6;22];[7;19;8;18];[9;15;10;14];[11;2;12;3];[13;20;14;21];[15;24;16;1];[17;9;18;8];[19;7;20;6];[21;12;22;13];[23;16;24;17]],12,201,18.39220057
12a_495,[[1;5;2;4];[3;11;4;10];[5;23;6;22];[7;20;8;21];[9;3;10;2];[11;19;12;18];[13;9;14;8];[15;6;16;7];[17;1;18;24];[19;13;20;12];[21;14;22;15];[23;17;24;16]],12,245,20.08595404
12a_496,[[1;5;2;4];[3;13;4;12];[5;15;6;14];[7;16;8;17];[9;19;10;18];[11;3;12;2];[13;11;14;10];[15;20;16;21];[17;23;18;22];[19;24;20;1];[21;7;22;6];[23;8;24;9]],12,267,20.20676867
12a_497,[[1;5;2;4];[3;13;4;12];[5;14;6;15];[7;17;8;16];[9;18;10;19];[11;3;12;2];[13;24;14;1];[15;22;16;23];[17;21;18;20];[19;8;20;9];[21;7;22;6];[23;10;24;11]],12,209,17.18897848
12a_498,[[1;5;2;4];[3;13;4;12];[5;14;6;15];[7;17;8;16];[9;18;10;19];[11;3;12;2];[13;24;14;1];[15;23;16;22];[17;21;18;20];[19;8;20;9];[21;11;22;10];[23;6;24;7]],12,207,17.0450996
12a_499,[[1;5;2;4];[3;13;4;12];[5;14;6;15];[7;17;8;16];[9;18;10;19];[11;3;12;2];[13;24;14;1];[15;23;16;22];[17;20;18;21];[19;10;20;11];[21;9;22;8];[23;6;24;7]],12,233,17.77241098
12a_500,[[1;5;2;4];[3;12;4;13];[5;15;6;14];[7;17;8;16];[9;18;10;19];[11;21;12;20];[13;2;14;3];[15;7;16;6];[17;1;18;24];[19;22;20;23];[21;11;22;10];[23;8;24;9]],12,167,15.75004813
12a_501,[[1;5;2;4];[3;12;4;13];[5;15;6;14];[7;16;8;17];[9;19;10;18];[11;21;12;20];[13;2;14;3];[15;1;16;24];[17;22;18;23];[19;11;20;10];[21;9;22;8];[23;6;24;7]],12,199,16.66797709
12a_502,[[1;5;2;4];[3;12;4;13];[5;15;6;14];[7;17;8;16];[9;19;10;18];[11;23;12;22];[13;2;14;3];[15;7;16;6];[17;9;18;8];[19;1;20;24];[21;11;22;10];[23;21;24;20]],12,91,12.33667439
12a_503,[[1;5;2;4];[3;12;4;13];[5;15;6;14];[7;17;8;16];[9;18;10;19];[11;22;12;23];[13;2;14;3];[15;7;16;6];[17;21;18;20];[19;8;20;9];[21;1;22;24];[23;10;24;11]],12,135,14.76347359
12a_504,[[1;5;2;4];[3;12;4;13];[5;15;6;14];[7;17;8;16];[9;19;10;18];[11;23;12;22];[13;2;14;3];[15;9;16;8];[17;7;18;6];[19;1;20;24];[21;11;22;10];[23;21;24;20]],12,153,15.87459945
12a_505,[[1;5;2;4];[3;12;4;13];[5;15;6;14];[7;16;8;17];[9;18;10;19];[11;22;12;23];[13;2;14;3];[15;21;16;20];[17;8;18;9];[19;6;20;7];[21;1;22;24];[23;10;24;11]],12,183,16.60039976
12a_506,[[1;5;2;4];[3;12;4;13];[5;15;6;14];[7;16;8;17];[9;19;10;18];[11;1;12;24];[13;2;14;3];[15;22;16;23];[17;20;18;21];[19;9;20;8];[21;10;22;11];[23;7;24;6]],12,185,16.39775719
12a_507,[[1;5;2;4];[3;13;4;12];[5;15;6;14];[7;17;8;16];[9;20;10;21];[11;3;12;2];[13;11;14;10];[15;7;16;6];[17;23;18;22];[19;1;20;24];[21;8;22;9];[23;19;24;18]],12,115,14.44094641
12a_508,[[1;5;2;4];[3;13;4;12];[5;15;6;14];[7;17;8;16];[9;20;10;21];[11;3;12;2];[13;11;14;10];[15;7;16;6];[17;1;18;24];[19;23;20;22];[21;8;22;9];[23;19;24;18]],12,129,14.71329476
12a_509,[[1;5;2;4];[3;13;4;12];[5;15;6;14];[7;16;8;17];[9;20;10;21];[11;3;12;2];[13;11;14;10];[15;23;16;22];[17;8;18;9];[19;1;20;24];[21;6;22;7];[23;19;24;18]],12,219,18.76800372
12a_510,[[1;5;2;4];[3;13;4;12];[5;15;6;14];[7;16;8;17];[9;20;10;21];[11;3;12;2];[13;11;14;10];[15;1;16;24];[17;22;18;23];[19;8;20;9];[21;18;22;19];[23;6;24;7]],12,193,16.81864372
12a_511,[[1;5;2;4];[3;13;4;12];[5;14;6;15];[7;16;8;17];[9;20;10;21];[11;3;12;2];[13;24;14;1];[15;6;16;7];[17;8;18;9];[19;22;20;23];[21;10;22;11];[23;18;24;19]],12,125,14.33435471
12a_512,[[1;5;2;4];[3;13;4;12];[5;14;6;15];[7;16;8;17];[9;20;10;21];[11;3;12;2];[13;24;14;1];[15;6;16;7];[17;10;18;11];[19;23;20;22];[21;8;22;9];[23;19;24;18]],12,151,15.28503399
12a_513,[[1;5;2;4];[3;13;4;12];[5;14;6;15];[7;16;8;17];[9;20;10;21];[11;3;12;2];[13;24;14;1];[15;8;16;9];[17;6;18;7];[19;22;20;23];[21;10;22;11];[23;18;24;19]],12,175,16.70659497
12a_514,[[1;5;2;4];[3;13;4;12];[5;14;6;15];[7;16;8;17];[9;20;10;21];[11;3;12;2];[13;24;14;1];[15;10;16;11];[17;22;18;23];[19;8;20;9];[21;18;22;19];[23;6;24;7]],12,187,16.52576957
12a_515,[[1;5;2;4];[3;13;4;12];[5;14;6;15];[7;17;8;16];[9;21;10;20];[11;3;12;2];[13;24;14;1];[15;18;16;19];[17;7;18;6];[19;22;20;23];[21;9;22;8];[23;10;24;11]],12,177,16.49513692
12a_516,[[1;5;2;4];[3;13;4;12];[5;14;6;15];[7;17;8;16];[9;21;10;20];[11;3;12;2];[13;24;14;1];[15;18;16;19];[17;7;18;6];[19;23;20;22];[21;11;22;10];[23;8;24;9]],12,215,17.77744935
12a_517,[[1;5;2;4];[3;12;4;13];[5;15;6;14];[7;17;8;16];[9;21;10;20];[11;18;12;19];[13;2;14;3];[15;7;16;6];[17;1;18;24];[19;23;20;22];[21;11;22;10];[23;8;24;9]],12,145,14.8000984
12a_518,[[1;5;2;4];[3;12;4;13];[5;15;6;14];[7;16;8;17];[9;21;10;20];[11;19;12;18];[13;2;14;3];[15;1;16;24];[17;22;18;23];[19;11;20;10];[21;9;22;8];[23;6;24;7]],12,157,15.08553405
12a_519,[[1;5;2;4];[3;12;4;13];[5;15;6;14];[7;17;8;16];[9;21;10;20];[11;23;12;22];[13;2;14;3];[15;7;16;6];[17;1;18;24];[19;9;20;8];[21;11;22;10];[23;19;24;18]],12,111,13.19610125
12a_520,[[1;5;2;4];[3;12;4;13];[5;15;6;14];[7;17;8;16];[9;21;10;20];[11;23;12;22];[13;2;14;3];[15;7;16;6];[17;1;18;24];[19;11;20;10];[21;9;22;8];[23;19;24;18]],12,133,14.34106847
12a_521,[[1;5;2;4];[3;12;4;13];[5;15;6;14];[7;17;8;16];[9;21;10;20];[11;1;12;24];[13;2;14;3];[15;7;16;6];[17;11;18;10];[19;22;20;23];[21;9;22;8];[23;18;24;19]],12,113,13.41984764
12a_522,[[1;5;2;4];[3;12;4;13];[5;15;6;14];[7;17;8;16];[9;21;10;20];[11;1;12;24];[13;2;14;3];[15;11;16;10];[17;23;18;22];[19;9;20;8];[21;19;22;18];[23;7;24;6]],12,173,16.16197035
12a_523,[[1;5;2;4];[3;13;4;12];[5;15;6;14];[7;16;8;17];[9;23;10;22];[11;3;12;2];[13;11;14;10];[15;20;16;21];[17;8;18;9];[19;24;20;1];[21;7;22;6];[23;18;24;19]],12,213,18.54707503
12a_524,[[1;5;2;4];[3;12;4;13];[5;15;6;14];[7;17;8;16];[9;23;10;22];[11;19;12;18];[13;2;14;3];[15;9;16;8];[17;7;18;6];[19;24;20;1];[21;11;22;10];[23;20;24;21]],12,171,16.43082313
12a_525,[[1;5;2;4];[3;12;4;13];[5;15;6;14];[7;16;8;17];[9;22;10;23];[11;20;12;21];[13;2;14;3];[15;19;16;18];[17;6;18;7];[19;1;20;24];[21;10;22;11];[23;8;24;9]],12,141,14.73960518
12a_526,[[1;5;2;4];[3;13;4;12];[5;15;6;14];[7;16;8;17];[9;1;10;24];[11;3;12;2];[13;11;14;10];[15;21;16;20];[17;22;18;23];[19;6;20;7];[21;9;22;8];[23;18;24;19]],12,211,18.45886013
12a_527,[[1;5;2;4];[3;13;4;12];[5;15;6;14];[7;16;8;17];[9;1;10;24];[11;3;12;2];[13;11;14;10];[15;20;16;21];[17;23;18;22];[19;8;20;9];[21;7;22;6];[23;19;24;18]],12,197,18.0608164
12a_528,[[1;5;2;4];[3;13;4;12];[5;14;6;15];[7;18;8;19];[9;17;10;16];[11;3;12;2];[13;24;14;1];[15;22;16;23];[17;20;18;21];[19;8;20;9];[21;7;22;6];[23;10;24;11]],12,183,16.32323257
12a_529,[[1;5;2;4];[3;12;4;13];[5;15;6;14];[7;18;8;19];[9;16;10;17];[11;21;12;20];[13;2;14;3];[15;1;16;24];[17;8;18;9];[19;22;20;23];[21;11;22;10];[23;6;24;7]],12,189,17.14944677
12a_530,[[1;5;2;4];[3;12;4;13];[5;15;6;14];[7;19;8;18];[9;16;10;17];[11;21;12;20];[13;2;14;3];[15;1;16;24];[17;22;18;23];[19;7;20;6];[21;11;22;10];[23;8;24;9]],12,217,18.90204373
12a_531,[[1;5;2;4];[3;13;4;12];[5;15;6;14];[7;18;8;19];[9;20;10;21];[11;3;12;2];[13;11;14;10];[15;23;16;22];[17;1;18;24];[19;8;20;9];[21;6;22;7];[23;17;24;16]],12,151,15.77996056
12a_532,[[1;5;2;4];[3;13;4;12];[5;15;6;14];[7;18;8;19];[9;20;10;21];[11;3;12;2];[13;11;14;10];[15;1;16;24];[17;23;18;22];[19;8;20;9];[21;6;22;7];[23;17;24;16]],12,125,13.83279503
12a_533,[[1;5;2;4];[3;13;4;12];[5;14;6;15];[7;18;8;19];[9;20;10;21];[11;3;12;2];[13;24;14;1];[15;6;16;7];[17;22;18;23];[19;8;20;9];[21;10;22;11];[23;16;24;17]],12,137,14.54049206
12a_534,[[1;5;2;4];[3;13;4;12];[5;14;6;15];[7;18;8;19];[9;20;10;21];[11;3;12;2];[13;24;14;1];[15;6;16;7];[17;22;18;23];[19;10;20;11];[21;8;22;9];[23;16;24;17]],12,163,15.57993813
12a_535,[[1;5;2;4];[3;13;4;12];[5;14;6;15];[7;18;8;19];[9;20;10;21];[11;3;12;2];[13;24;14;1];[15;10;16;11];[17;23;18;22];[19;8;20;9];[21;6;22;7];[23;17;24;16]],12,175,15.86065058
12a_536,[[1;5;2;4];[3;12;4;13];[5;15;6;14];[7;19;8;18];[9;21;10;20];[11;16;12;17];[13;2;14;3];[15;1;16;24];[17;23;18;22];[19;9;20;8];[21;11;22;10];[23;6;24;7]],12,137,14.20564634
12a_537,[[1;5;2;4];[3;12;4;13];[5;15;6;14];[7;19;8;18];[9;21;10;20];[11;16;12;17];[13;2;14;3];[15;1;16;24];[17;23;18;22];[19;11;20;10];[21;9;22;8];[23;6;24;7]],12,179,16.11552675
12a_538,[[1;5;2;4];[3;12;4;13];[5;15;6;14];[7;19;8;18];[9;21;10;20];[11;23;12;22];[13;2;14;3];[15;1;16;24];[17;7;18;6];[19;9;20;8];[21;11;22;10];[23;17;24;16]],12,83,11.37399631
12a_539,[[1;5;2;4];[3;12;4;13];[5;15;6;14];[7;19;8;18];[9;21;10;20];[11;23;12;22];[13;2;14;3];[15;1;16;24];[17;7;18;6];[19;11;20;10];[21;9;22;8];[23;17;24;16]],12,145,15.19387618
12a_540,[[1;5;2;4];[3;12;4;13];[5;15;6;14];[7;19;8;18];[9;21;10;20];[11;23;12;22];[13;2;14;3];[15;1;16;24];[17;11;18;10];[19;9;20;8];[21;7;22;6];[23;17;24;16]],12,165,15.78044312
12a_541,[[1;5;2;4];[3;12;4;13];[5;15;6;14];[7;19;8;18];[9;21;10;20];[11;1;12;24];[13;2;14;3];[15;11;16;10];[17;22;18;23];[19;9;20;8];[21;7;22;6];[23;16;24;17]],12,153,14.96960159
12a_542,[[1;5;2;4];[3;12;4;13];[5;15;6;14];[7;19;8;18];[9;23;10;22];[11;21;12;20];[13;2;14;3];[15;1;16;24];[17;9;18;8];[19;7;20;6];[21;11;22;10];[23;17;24;16]],12,123,14.91907683
12a_543,[[1;5;2;4];[3;12;4;13];[5;15;6;14];[7;19;8;18];[9;22;10;23];[11;21;12;20];[13;2;14;3];[15;1;16;24];[17;11;18;10];[19;7;20;6];[21;17;22;16];[23;8;24;9]],12,239,19.40359575
12a_544,[[1;5;2;4];[3;13;4;12];[5;15;6;14];[7;18;8;19];[9;1;10;24];[11;3;12;2];[13;11;14;10];[15;20;16;21];[17;22;18;23];[19;8;20;9];[21;16;22;17];[23;7;24;6]],12,157,16.09398604
12a_545,[[1;5;2;4];[3;13;4;12];[5;15;6;14];[7;18;8;19];[9;1;10;24];[11;3;12;2];[13;11;14;10];[15;22;16;23];[17;20;18;21];[19;8;20;9];[21;16;22;17];[23;7;24;6]],12,143,15.06915537
12a_546,[[1;5;2;4];[3;12;4;13];[5;15;6;14];[7;19;8;18];[9;1;10;24];[11;21;12;20];[13;2;14;3];[15;9;16;8];[17;22;18;23];[19;7;20;6];[21;11;22;10];[23;16;24;17]],12,231,19.44303193
12a_547,[[1;5;2;4];[3;12;4;13];[5;15;6;14];[7;21;8;20];[9;17;10;16];[11;23;12;22];[13;2;14;3];[15;9;16;8];[17;1;18;24];[19;11;20;10];[21;7;22;6];[23;19;24;18]],12,233,19.58109917
12a_548,[[1;5;2;4];[3;13;4;12];[5;15;6;14];[7;20;8;21];[9;18;10;19];[11;3;12;2];[13;11;14;10];[15;23;16;22];[17;1;18;24];[19;8;20;9];[21;6;22;7];[23;17;24;16]],12,109,14.00270423
12a_549,[[1;5;2;4];[3;13;4;12];[5;15;6;14];[7;20;8;21];[9;18;10;19];[11;3;12;2];[13;11;14;10];[15;1;16;24];[17;23;18;22];[19;8;20;9];[21;6;22;7];[23;17;24;16]],12,111,13.37796717
12a_550,[[1;5;2;4];[3;13;4;12];[5;14;6;15];[7;20;8;21];[9;18;10;19];[11;3;12;2];[13;24;14;1];[15;10;16;11];[17;23;18;22];[19;8;20;9];[21;6;22;7];[23;17;24;16]],12,149,14.98209798
12a_551,[[1;5;2;4];[3;12;4;13];[5;15;6;14];[7;21;8;20];[9;19;10;18];[11;23;12;22];[13;2;14;3];[15;1;16;24];[17;11;18;10];[19;9;20;8];[21;7;22;6];[23;17;24;16]],12,103,12.45554478
12a_552,[[1;5;2;4];[3;12;4;13];[5;15;6;14];[7;21;8;20];[9;19;10;18];[11;1;12;24];[13;2;14;3];[15;11;16;10];[17;22;18;23];[19;9;20;8];[21;7;22;6];[23;16;24;17]],12,131,14.17817594
12a_553,[[1;5;2;4];[3;13;4;12];[5;15;6;14];[7;23;8;22];[9;19;10;18];[11;3;12;2];[13;11;14;10];[15;20;16;21];[17;9;18;8];[19;24;20;1];[21;7;22;6];[23;16;24;17]],12,205,18.45531383
12a_554,[[1;5;2;4];[3;12;4;13];[5;17;6;16];[7;15;8;14];[9;18;10;19];[11;22;12;23];[13;2;14;3];[15;7;16;6];[17;21;18;20];[19;8;20;9];[21;1;22;24];[23;10;24;11]],12,189,17.63267886
12a_555,[[1;5;2;4];[3;13;4;12];[5;16;6;17];[7;15;8;14];[9;20;10;21];[11;3;12;2];[13;9;14;8];[15;24;16;1];[17;23;18;22];[19;10;20;11];[21;19;22;18];[23;6;24;7]],12,193,18.60941134
12a_556,[[1;5;2;4];[3;13;4;12];[5;17;6;16];[7;15;8;14];[9;20;10;21];[11;3;12;2];[13;11;14;10];[15;7;16;6];[17;23;18;22];[19;1;20;24];[21;8;22;9];[23;19;24;18]],12,145,16.47612115
12a_557,[[1;5;2;4];[3;13;4;12];[5;17;6;16];[7;15;8;14];[9;20;10;21];[11;3;12;2];[13;11;14;10];[15;7;16;6];[17;1;18;24];[19;23;20;22];[21;8;22;9];[23;19;24;18]],12,107,14.53832933
12a_558,[[1;5;2;4];[3;13;4;12];[5;17;6;16];[7;14;8;15];[9;21;10;20];[11;3;12;2];[13;19;14;18];[15;22;16;23];[17;1;18;24];[19;9;20;8];[21;11;22;10];[23;6;24;7]],12,233,19.66737854
12a_559,[[1;5;2;4];[3;13;4;12];[5;17;6;16];[7;14;8;15];[9;21;10;20];[11;3;12;2];[13;19;14;18];[15;22;16;23];[17;1;18;24];[19;11;20;10];[21;9;22;8];[23;6;24;7]],12,211,18.86379878
12a_560,[[1;5;2;4];[3;13;4;12];[5;16;6;17];[7;14;8;15];[9;20;10;21];[11;3;12;2];[13;24;14;1];[15;6;16;7];[17;10;18;11];[19;23;20;22];[21;8;22;9];[23;19;24;18]],12,173,16.77023217
12a_561,[[1;5;2;4];[3;13;4;12];[5;17;6;16];[7;14;8;15];[9;21;10;20];[11;3;12;2];[13;24;14;1];[15;19;16;18];[17;7;18;6];[19;23;20;22];[21;11;22;10];[23;8;24;9]],12,225,18.28952997
12a_562,[[1;5;2;4];[3;12;4;13];[5;17;6;16];[7;15;8;14];[9;21;10;20];[11;18;12;19];[13;2;14;3];[15;7;16;6];[17;1;18;24];[19;23;20;22];[21;11;22;10];[23;8;24;9]],12,171,16.53106463
12a_563,[[1;5;2;4];[3;12;4;13];[5;17;6;16];[7;15;8;14];[9;21;10;20];[11;23;12;22];[13;2;14;3];[15;7;16;6];[17;1;18;24];[19;9;20;8];[21;11;22;10];[23;19;24;18]],12,117,14.28685935
12a_564,[[1;5;2;4];[3;12;4;13];[5;17;6;16];[7;15;8;14];[9;21;10;20];[11;23;12;22];[13;2;14;3];[15;7;16;6];[17;1;18;24];[19;11;20;10];[21;9;22;8];[23;19;24;18]],12,135,15.08767223
12a_565,[[1;5;2;4];[3;12;4;13];[5;16;6;17];[7;15;8;14];[9;20;10;21];[11;22;12;23];[13;2;14;3];[15;18;16;19];[17;6;18;7];[19;1;20;24];[21;10;22;11];[23;8;24;9]],12,193,17.16452221
12a_566,[[1;5;2;4];[3;12;4;13];[5;16;6;17];[7;15;8;14];[9;22;10;23];[11;20;12;21];[13;2;14;3];[15;18;16;19];[17;6;18;7];[19;1;20;24];[21;10;22;11];[23;8;24;9]],12,155,15.63399099
12a_567,[[1;5;2;4];[3;13;4;12];[5;17;6;16];[7;18;8;19];[9;14;10;15];[11;3;12;2];[13;21;14;20];[15;22;16;23];[17;1;18;24];[19;8;20;9];[21;11;22;10];[23;6;24;7]],12,249,20.56754653
12a_568,[[1;5;2;4];[3;12;4;13];[5;17;6;16];[7;19;8;18];[9;15;10;14];[11;23;12;22];[13;2;14;3];[15;9;16;8];[17;7;18;6];[19;1;20;24];[21;11;22;10];[23;21;24;20]],12,157,16.41884193
12a_569,[[1;5;2;4];[3;12;4;13];[5;16;6;17];[7;18;8;19];[9;15;10;14];[11;22;12;23];[13;2;14;3];[15;20;16;21];[17;6;18;7];[19;8;20;9];[21;1;22;24];[23;10;24;11]],12,153,15.54374018
12a_570,[[1;5;2;4];[3;12;4;13];[5;16;6;17];[7;18;8;19];[9;15;10;14];[11;22;12;23];[13;2;14;3];[15;20;16;21];[17;8;18;9];[19;6;20;7];[21;1;22;24];[23;10;24;11]],12,195,17.11459188
12a_571,[[1;5;2;4];[3;13;4;12];[5;17;6;16];[7;18;8;19];[9;21;10;20];[11;3;12;2];[13;9;14;8];[15;22;16;23];[17;1;18;24];[19;14;20;15];[21;11;22;10];[23;6;24;7]],12,279,21.23555754
12a_572,[[1;5;2;4];[3;13;4;12];[5;17;6;16];[7;19;8;18];[9;20;10;21];[11;3;12;2];[13;11;14;10];[15;22;16;23];[17;7;18;6];[19;1;20;24];[21;14;22;15];[23;8;24;9]],12,175,17.69498347
12a_573,[[1;5;2;4];[3;13;4;12];[5;17;6;16];[7;18;8;19];[9;20;10;21];[11;3;12;2];[13;11;14;10];[15;22;16;23];[17;1;18;24];[19;8;20;9];[21;14;22;15];[23;6;24;7]],12,143,16.75490407
12a_574,[[1;5;2;4];[3;13;4;12];[5;17;6;16];[7;19;8;18];[9;21;10;20];[11;3;12;2];[13;23;14;22];[15;11;16;10];[17;7;18;6];[19;9;20;8];[21;1;22;24];[23;15;24;14]],12,117,13.76897833
12a_575,[[1;5;2;4];[3;13;4;12];[5;17;6;16];[7;19;8;18];[9;21;10;20];[11;3;12;2];[13;23;14;22];[15;11;16;10];[17;9;18;8];[19;7;20;6];[21;1;22;24];[23;15;24;14]],12,183,16.89864074
12a_576,[[1;5;2;4];[3;13;4;12];[5;16;6;17];[7;18;8;19];[9;20;10;21];[11;3;12;2];[13;22;14;23];[15;24;16;1];[17;6;18;7];[19;8;20;9];[21;10;22;11];[23;14;24;15]],12,63,10.60069628
12a_577,[[1;5;2;4];[3;13;4;12];[5;16;6;17];[7;18;8;19];[9;20;10;21];[11;3;12;2];[13;22;14;23];[15;24;16;1];[17;6;18;7];[19;10;20;11];[21;8;22;9];[23;14;24;15]],12,117,14.62155006
12a_578,[[1;5;2;4];[3;13;4;12];[5;16;6;17];[7;18;8;19];[9;20;10;21];[11;3;12;2];[13;22;14;23];[15;24;16;1];[17;10;18;11];[19;8;20;9];[21;6;22;7];[23;14;24;15]],12,153,15.89246585
12a_579,[[1;5;2;4];[3;13;4;12];[5;17;6;16];[7;18;8;19];[9;20;10;21];[11;3;12;2];[13;24;14;1];[15;11;16;10];[17;23;18;22];[19;8;20;9];[21;6;22;7];[23;14;24;15]],12,177,15.96685175
12a_580,[[1;5;2;4];[3;13;4;12];[5;16;6;17];[7;18;8;19];[9;20;10;21];[11;3;12;2];[13;24;14;1];[15;22;16;23];[17;6;18;7];[19;8;20;9];[21;10;22;11];[23;14;24;15]],12,69,10.31645994
12a_581,[[1;5;2;4];[3;13;4;12];[5;16;6;17];[7;18;8;19];[9;20;10;21];[11;3;12;2];[13;24;14;1];[15;22;16;23];[17;6;18;7];[19;10;20;11];[21;8;22;9];[23;14;24;15]],12,119,13.99044999
12a_582,[[1;5;2;4];[3;13;4;12];[5;16;6;17];[7;18;8;19];[9;20;10;21];[11;3;12;2];[13;24;14;1];[15;22;16;23];[17;10;18;11];[19;8;20;9];[21;6;22;7];[23;14;24;15]],12,131,14.28686815
12a_583,[[1;5;2;4];[3;12;4;13];[5;16;6;17];[7;19;8;18];[9;21;10;20];[11;15;12;14];[13;2;14;3];[15;24;16;1];[17;22;18;23];[19;9;20;8];[21;7;22;6];[23;10;24;11]],12,161,15.54111262
12a_584,[[1;5;2;4];[3;12;4;13];[5;16;6;17];[7;19;8;18];[9;21;10;20];[11;15;12;14];[13;2;14;3];[15;24;16;1];[17;23;18;22];[19;9;20;8];[21;11;22;10];[23;6;24;7]],12,143,14.62154196
12a_585,[[1;5;2;4];[3;12;4;13];[5;16;6;17];[7;19;8;18];[9;21;10;20];[11;15;12;14];[13;2;14;3];[15;24;16;1];[17;23;18;22];[19;11;20;10];[21;9;22;8];[23;6;24;7]],12,181,16.17928095
12a_586,[[1;5;2;4];[3;13;4;12];[5;17;6;16];[7;19;8;18];[9;23;10;22];[11;3;12;2];[13;21;14;20];[15;9;16;8];[17;7;18;6];[19;1;20;24];[21;11;22;10];[23;15;24;14]],12,203,18.49136859
12a_587,[[1;5;2;4];[3;13;4;12];[5;17;6;16];[7;19;8;18];[9;22;10;23];[11;3;12;2];[13;21;14;20];[15;11;16;10];[17;7;18;6];[19;1;20;24];[21;15;22;14];[23;8;24;9]],12,175,17.63214764
12a_588,[[1;5;2;4];[3;13;4;12];[5;17;6;16];[7;18;8;19];[9;22;10;23];[11;3;12;2];[13;21;14;20];[15;11;16;10];[17;1;18;24];[19;8;20;9];[21;15;22;14];[23;6;24;7]],12,255,20.44748883
12a_589,[[1;5;2;4];[3;13;4;12];[5;16;6;17];[7;18;8;19];[9;22;10;23];[11;3;12;2];[13;20;14;21];[15;24;16;1];[17;6;18;7];[19;10;20;11];[21;14;22;15];[23;8;24;9]],12,185,18.00895665
12a_590,[[1;5;2;4];[3;13;4;12];[5;17;6;16];[7;20;8;21];[9;15;10;14];[11;3;12;2];[13;9;14;8];[15;11;16;10];[17;23;18;22];[19;1;20;24];[21;6;22;7];[23;19;24;18]],12,151,16.16166854
12a_591,[[1;5;2;4];[3;13;4;12];[5;17;6;16];[7;20;8;21];[9;15;10;14];[11;3;12;2];[13;11;14;10];[15;9;16;8];[17;23;18;22];[19;1;20;24];[21;6;22;7];[23;19;24;18]],12,109,13.87993667
12a_592,[[1;5;2;4];[3;12;4;13];[5;17;6;16];[7;21;8;20];[9;15;10;14];[11;23;12;22];[13;2;14;3];[15;9;16;8];[17;1;18;24];[19;7;20;6];[21;11;22;10];[23;19;24;18]],12,217,19.50394593
12a_593,[[1;5;2;4];[3;13;4;12];[5;17;6;16];[7;20;8;21];[9;18;10;19];[11;3;12;2];[13;11;14;10];[15;22;16;23];[17;1;18;24];[19;8;20;9];[21;14;22;15];[23;6;24;7]],12,181,17.95170829
12a_594,[[1;5;2;4];[3;13;4;12];[5;16;6;17];[7;20;8;21];[9;18;10;19];[11;3;12;2];[13;22;14;23];[15;24;16;1];[17;10;18;11];[19;8;20;9];[21;6;22;7];[23;14;24;15]],12,99,12.89225575
12a_595,[[1;5;2;4];[3;13;4;12];[5;17;6;16];[7;20;8;21];[9;18;10;19];[11;3;12;2];[13;24;14;1];[15;11;16;10];[17;23;18;22];[19;8;20;9];[21;6;22;7];[23;14;24;15]],12,139,14.30719811
12a_596,[[1;5;2;4];[3;13;4;12];[5;16;6;17];[7;20;8;21];[9;18;10;19];[11;3;12;2];[13;24;14;1];[15;22;16;23];[17;10;18;11];[19;8;20;9];[21;6;22;7];[23;14;24;15]],12,81,10.87600674
12a_597,[[1;5;2;4];[3;12;4;13];[5;16;6;17];[7;21;8;20];[9;19;10;18];[11;15;12;14];[13;2;14;3];[15;24;16;1];[17;22;18;23];[19;9;20;8];[21;7;22;6];[23;10;24;11]],12,123,13.60644093
12a_598,[[1;5;2;4];[3;13;4;12];[5;17;6;16];[7;20;8;21];[9;22;10;23];[11;3;12;2];[13;19;14;18];[15;11;16;10];[17;1;18;24];[19;15;20;14];[21;8;22;9];[23;6;24;7]],12,211,18.51045942
12a_599,[[1;5;2;4];[3;13;4;12];[5;16;6;17];[7;20;8;21];[9;22;10;23];[11;3;12;2];[13;18;14;19];[15;24;16;1];[17;10;18;11];[19;14;20;15];[21;8;22;9];[23;6;24;7]],12,209,18.42871076
12a_600,[[1;5;2;4];[3;12;4;13];[5;17;6;16];[7;21;8;20];[9;23;10;22];[11;15;12;14];[13;2;14;3];[15;11;16;10];[17;1;18;24];[19;7;20;6];[21;9;22;8];[23;19;24;18]],12,109,13.17435772
12a_601,[[1;5;2;4];[3;12;4;13];[5;17;6;16];[7;21;8;20];[9;23;10;22];[11;15;12;14];[13;2;14;3];[15;11;16;10];[17;1;18;24];[19;9;20;8];[21;7;22;6];[23;19;24;18]],12,127,13.9353415
12a_602,[[1;5;2;4];[3;13;4;12];[5;17;6;16];[7;22;8;23];[9;14;10;15];[11;3;12;2];[13;19;14;18];[15;20;16;21];[17;1;18;24];[19;11;20;10];[21;6;22;7];[23;8;24;9]],12,229,19.42683975
12a_603,[[1;5;2;4];[3;13;4;12];[5;17;6;16];[7;22;8;23];[9;14;10;15];[11;3;12;2];[13;19;14;18];[15;20;16;21];[17;1;18;24];[19;11;20;10];[21;8;22;9];[23;6;24;7]],12,215,18.87836059
12a_604,[[1;5;2;4];[3;12;4;13];[5;17;6;16];[7;22;8;23];[9;15;10;14];[11;21;12;20];[13;2;14;3];[15;9;16;8];[17;1;18;24];[19;11;20;10];[21;19;22;18];[23;6;24;7]],12,223,19.5340566
12a_605,[[1;5;2;4];[3;13;4;12];[5;17;6;16];[7;22;8;23];[9;18;10;19];[11;3;12;2];[13;11;14;10];[15;20;16;21];[17;1;18;24];[19;14;20;15];[21;6;22;7];[23;8;24;9]],12,155,16.71688515
12a_606,[[1;5;2;4];[3;13;4;12];[5;17;6;16];[7;22;8;23];[9;18;10;19];[11;3;12;2];[13;11;14;10];[15;20;16;21];[17;1;18;24];[19;14;20;15];[21;8;22;9];[23;6;24;7]],12,169,17.15330087
12a_607,[[1;5;2;4];[3;13;4;12];[5;16;6;17];[7;22;8;23];[9;18;10;19];[11;3;12;2];[13;20;14;21];[15;24;16;1];[17;8;18;9];[19;10;20;11];[21;14;22;15];[23;6;24;7]],12,173,17.94900991
12a_608,[[1;5;2;4];[3;13;4;12];[5;16;6;17];[7;22;8;23];[9;18;10;19];[11;3;12;2];[13;20;14;21];[15;24;16;1];[17;10;18;11];[19;8;20;9];[21;14;22;15];[23;6;24;7]],12,191,18.43396591
12a_609,[[1;5;2;4];[3;13;4;12];[5;16;6;17];[7;22;8;23];[9;18;10;19];[11;3;12;2];[13;24;14;1];[15;20;16;21];[17;10;18;11];[19;6;20;7];[21;14;22;15];[23;8;24;9]],12,223,19.35087694
12a_610,[[1;5;2;4];[3;13;4;12];[5;17;6;16];[7;23;8;22];[9;21;10;20];[11;3;12;2];[13;19;14;18];[15;7;16;6];[17;1;18;24];[19;11;20;10];[21;9;22;8];[23;15;24;14]],12,137,15.95909452
12a_611,[[1;5;2;4];[3;13;4;12];[5;17;6;16];[7;22;8;23];[9;21;10;20];[11;3;12;2];[13;19;14;18];[15;9;16;8];[17;1;18;24];[19;11;20;10];[21;15;22;14];[23;6;24;7]],12,237,19.63880991
12a_612,[[1;5;2;4];[3;13;4;12];[5;17;6;16];[7;22;8;23];[9;20;10;21];[11;3;12;2];[13;19;14;18];[15;11;16;10];[17;1;18;24];[19;15;20;14];[21;8;22;9];[23;6;24;7]],12,145,16.05950813
12a_613,[[1;5;2;4];[3;13;4;12];[5;16;6;17];[7;22;8;23];[9;20;10;21];[11;3;12;2];[13;18;14;19];[15;24;16;1];[17;10;18;11];[19;14;20;15];[21;8;22;9];[23;6;24;7]],12,155,16.47454377
12a_614,[[1;5;2;4];[3;13;4;12];[5;16;6;17];[7;1;8;24];[9;20;10;21];[11;3;12;2];[13;9;14;8];[15;6;16;7];[17;23;18;22];[19;10;20;11];[21;19;22;18];[23;15;24;14]],12,215,19.10781275
12a_615,[[1;5;2;4];[3;13;4;12];[5;17;6;16];[7;1;8;24];[9;21;10;20];[11;3;12;2];[13;9;14;8];[15;19;16;18];[17;7;18;6];[19;23;20;22];[21;11;22;10];[23;15;24;14]],12,243,19.85346051
12a_616,[[1;5;2;4];[3;13;4;12];[5;17;6;16];[7;1;8;24];[9;21;10;20];[11;3;12;2];[13;9;14;8];[15;22;16;23];[17;7;18;6];[19;14;20;15];[21;11;22;10];[23;18;24;19]],12,265,20.74224309
12a_617,[[1;5;2;4];[3;13;4;12];[5;17;6;16];[7;1;8;24];[9;20;10;21];[11;3;12;2];[13;11;14;10];[15;22;16;23];[17;7;18;6];[19;8;20;9];[21;14;22;15];[23;18;24;19]],12,177,18.11938038
12a_618,[[1;5;2;4];[3;13;4;12];[5;17;6;16];[7;1;8;24];[9;22;10;23];[11;3;12;2];[13;21;14;20];[15;11;16;10];[17;7;18;6];[19;8;20;9];[21;15;22;14];[23;18;24;19]],12,257,20.46828602
12a_619,[[1;5;2;4];[3;12;4;13];[5;17;6;16];[7;1;8;24];[9;23;10;22];[11;21;12;20];[13;2;14;3];[15;19;16;18];[17;7;18;6];[19;15;20;14];[21;11;22;10];[23;9;24;8]],12,95,13.24080937
12a_620,[[1;5;2;4];[3;13;4;12];[5;19;6;18];[7;14;8;15];[9;17;10;16];[11;3;12;2];[13;21;14;20];[15;22;16;23];[17;11;18;10];[19;1;20;24];[21;9;22;8];[23;6;24;7]],12,269,20.84135226
12a_621,[[1;5;2;4];[3;13;4;12];[5;18;6;19];[7;15;8;14];[9;20;10;21];[11;3;12;2];[13;9;14;8];[15;22;16;23];[17;24;18;1];[19;10;20;11];[21;6;22;7];[23;16;24;17]],12,175,17.65681235
12a_622,[[1;5;2;4];[3;13;4;12];[5;18;6;19];[7;15;8;14];[9;20;10;21];[11;3;12;2];[13;9;14;8];[15;24;16;1];[17;22;18;23];[19;10;20;11];[21;6;22;7];[23;16;24;17]],12,197,18.54386538
12a_623,[[1;5;2;4];[3;13;4;12];[5;19;6;18];[7;15;8;14];[9;20;10;21];[11;3;12;2];[13;11;14;10];[15;23;16;22];[17;7;18;6];[19;1;20;24];[21;8;22;9];[23;17;24;16]],12,189,18.07950869
12a_624,[[1;5;2;4];[3;13;4;12];[5;18;6;19];[7;14;8;15];[9;20;10;21];[11;3;12;2];[13;22;14;23];[15;6;16;7];[17;24;18;1];[19;10;20;11];[21;8;22;9];[23;16;24;17]],12,179,17.65746732
12a_625,[[1;5;2;4];[3;13;4;12];[5;18;6;19];[7;14;8;15];[9;20;10;21];[11;3;12;2];[13;24;14;1];[15;23;16;22];[17;6;18;7];[19;10;20;11];[21;17;22;16];[23;8;24;9]],12,209,18.88024051
12a_626,[[1;5;2;4];[3;13;4;12];[5;19;6;18];[7;14;8;15];[9;22;10;23];[11;3;12;2];[13;21;14;20];[15;8;16;9];[17;11;18;10];[19;1;20;24];[21;17;22;16];[23;6;24;7]],12,291,21.28635651
12a_627,[[1;5;2;4];[3;12;4;13];[5;18;6;19];[7;15;8;14];[9;23;10;22];[11;17;12;16];[13;2;14;3];[15;9;16;8];[17;24;18;1];[19;6;20;7];[21;11;22;10];[23;20;24;21]],12,229,19.56812062
12a_628,[[1;5;2;4];[3;13;4;12];[5;19;6;18];[7;16;8;17];[9;15;10;14];[11;3;12;2];[13;11;14;10];[15;21;16;20];[17;22;18;23];[19;1;20;24];[21;9;22;8];[23;6;24;7]],12,195,18.33593006
12a_629,[[1;5;2;4];[3;13;4;12];[5;18;6;19];[7;17;8;16];[9;14;10;15];[11;3;12;2];[13;20;14;21];[15;23;16;22];[17;24;18;1];[19;10;20;11];[21;9;22;8];[23;6;24;7]],12,297,21.23403253
12a_630,[[1;5;2;4];[3;13;4;12];[5;18;6;19];[7;17;8;16];[9;20;10;21];[11;3;12;2];[13;9;14;8];[15;23;16;22];[17;24;18;1];[19;10;20;11];[21;15;22;14];[23;6;24;7]],12,239,19.75604409
12a_631,[[1;5;2;4];[3;13;4;12];[5;19;6;18];[7;16;8;17];[9;20;10;21];[11;3;12;2];[13;11;14;10];[15;8;16;9];[17;22;18;23];[19;1;20;24];[21;14;22;15];[23;6;24;7]],12,225,19.25419437
12a_632,[[1;5;2;4];[3;13;4;12];[5;19;6;18];[7;17;8;16];[9;20;10;21];[11;3;12;2];[13;11;14;10];[15;22;16;23];[17;7;18;6];[19;1;20;24];[21;14;22;15];[23;8;24;9]],12,149,16.56462197
12a_633,[[1;5;2;4];[3;13;4;12];[5;18;6;19];[7;17;8;16];[9;21;10;20];[11;3;12;2];[13;11;14;10];[15;23;16;22];[17;24;18;1];[19;15;20;14];[21;9;22;8];[23;6;24;7]],12,219,19.14496607
12a_634,[[1;5;2;4];[3;13;4;12];[5;18;6;19];[7;16;8;17];[9;20;10;21];[11;3;12;2];[13;22;14;23];[15;24;16;1];[17;6;18;7];[19;10;20;11];[21;8;22;9];[23;14;24;15]],12,135,15.94220113
12a_635,[[1;5;2;4];[3;13;4;12];[5;18;6;19];[7;17;8;16];[9;20;10;21];[11;3;12;2];[13;24;14;1];[15;9;16;8];[17;22;18;23];[19;10;20;11];[21;6;22;7];[23;14;24;15]],12,201,18.39152214
12a_636,[[1;5;2;4];[3;13;4;12];[5;18;6;19];[7;16;8;17];[9;20;10;21];[11;3;12;2];[13;24;14;1];[15;22;16;23];[17;6;18;7];[19;10;20;11];[21;8;22;9];[23;14;24;15]],12,93,13.34921861
12a_637,[[1;5;2;4];[3;13;4;12];[5;18;6;19];[7;17;8;16];[9;22;10;23];[11;3;12;2];[13;20;14;21];[15;9;16;8];[17;24;18;1];[19;10;20;11];[21;14;22;15];[23;6;24;7]],12,231,19.56134581
12a_638,[[1;5;2;4];[3;13;4;12];[5;19;6;18];[7;17;8;16];[9;22;10;23];[11;3;12;2];[13;21;14;20];[15;11;16;10];[17;7;18;6];[19;1;20;24];[21;15;22;14];[23;8;24;9]],12,181,17.73850685
12a_639,[[1;5;2;4];[3;13;4;12];[5;19;6;18];[7;20;8;21];[9;15;10;14];[11;3;12;2];[13;9;14;8];[15;11;16;10];[17;22;18;23];[19;1;20;24];[21;16;22;17];[23;6;24;7]],12,199,18.46591189
12a_640,[[1;5;2;4];[3;13;4;12];[5;19;6;18];[7;20;8;21];[9;15;10;14];[11;3;12;2];[13;11;14;10];[15;9;16;8];[17;22;18;23];[19;1;20;24];[21;16;22;17];[23;6;24;7]],12,125,15.34606222
12a_641,[[1;5;2;4];[3;13;4;12];[5;18;6;19];[7;20;8;21];[9;15;10;14];[11;3;12;2];[13;11;14;10];[15;22;16;23];[17;24;18;1];[19;6;20;7];[21;8;22;9];[23;16;24;17]],12,73,12.18056281
12a_642,[[1;5;2;4];[3;13;4;12];[5;18;6;19];[7;20;8;21];[9;15;10;14];[11;3;12;2];[13;11;14;10];[15;22;16;23];[17;24;18;1];[19;8;20;9];[21;6;22;7];[23;16;24;17]],12,115,14.45709239
12a_643,[[1;5;2;4];[3;13;4;12];[5;18;6;19];[7;20;8;21];[9;15;10;14];[11;3;12;2];[13;11;14;10];[15;24;16;1];[17;22;18;23];[19;6;20;7];[21;8;22;9];[23;16;24;17]],12,99,12.86764942
12a_644,[[1;5;2;4];[3;13;4;12];[5;18;6;19];[7;20;8;21];[9;15;10;14];[11;3;12;2];[13;11;14;10];[15;24;16;1];[17;22;18;23];[19;8;20;9];[21;6;22;7];[23;16;24;17]],12,113,13.50236001
12a_645,[[1;5;2;4];[3;13;4;12];[5;19;6;18];[7;20;8;21];[9;17;10;16];[11;3;12;2];[13;9;14;8];[15;22;16;23];[17;11;18;10];[19;1;20;24];[21;14;22;15];[23;6;24;7]],12,259,20.46130674
12a_646,[[1;5;2;4];[3;13;4;12];[5;18;6;19];[7;20;8;21];[9;17;10;16];[11;3;12;2];[13;11;14;10];[15;23;16;22];[17;24;18;1];[19;6;20;7];[21;15;22;14];[23;8;24;9]],12,169,17.54377011
12a_647,[[1;5;2;4];[3;13;4;12];[5;19;6;18];[7;21;8;20];[9;17;10;16];[11;3;12;2];[13;23;14;22];[15;9;16;8];[17;11;18;10];[19;7;20;6];[21;1;22;24];[23;15;24;14]],12,153,16.59165847
12a_648,[[1;5;2;4];[3;13;4;12];[5;19;6;18];[7;21;8;20];[9;17;10;16];[11;3;12;2];[13;23;14;22];[15;11;16;10];[17;9;18;8];[19;7;20;6];[21;1;22;24];[23;15;24;14]],12,147,15.90158938
12a_649,[[1;5;2;4];[3;13;4;12];[5;18;6;19];[7;20;8;21];[9;17;10;16];[11;3;12;2];[13;24;14;1];[15;11;16;10];[17;22;18;23];[19;6;20;7];[21;8;22;9];[23;14;24;15]],12,127,13.87130737
12a_650,[[1;5;2;4];[3;13;4;12];[5;18;6;19];[7;20;8;21];[9;17;10;16];[11;3;12;2];[13;24;14;1];[15;11;16;10];[17;22;18;23];[19;8;20;9];[21;6;22;7];[23;14;24;15]],12,165,15.69456731
12a_651,[[1;5;2;4];[3;12;4;13];[5;19;6;18];[7;21;8;20];[9;23;10;22];[11;15;12;14];[13;2;14;3];[15;24;16;1];[17;11;18;10];[19;7;20;6];[21;9;22;8];[23;16;24;17]],12,97,12.23682305
12a_652,[[1;5;2;4];[3;12;4;13];[5;19;6;18];[7;21;8;20];[9;23;10;22];[11;15;12;14];[13;2;14;3];[15;24;16;1];[17;11;18;10];[19;9;20;8];[21;7;22;6];[23;16;24;17]],12,155,15.53364447
12a_653,[[1;5;2;4];[3;13;4;12];[5;19;6;18];[7;23;8;22];[9;15;10;14];[11;3;12;2];[13;11;14;10];[15;21;16;20];[17;7;18;6];[19;1;20;24];[21;9;22;8];[23;17;24;16]],12,145,16.41170897
12a_654,[[1;5;2;4];[3;13;4;12];[5;19;6;18];[7;22;8;23];[9;15;10;14];[11;3;12;2];[13;11;14;10];[15;21;16;20];[17;9;18;8];[19;1;20;24];[21;17;22;16];[23;6;24;7]],12,165,17.05372251
12a_655,[[1;5;2;4];[3;13;4;12];[5;18;6;19];[7;22;8;23];[9;15;10;14];[11;3;12;2];[13;11;14;10];[15;20;16;21];[17;24;18;1];[19;8;20;9];[21;16;22;17];[23;6;24;7]],12,159,16.87390119
12a_656,[[1;5;2;4];[3;13;4;12];[5;18;6;19];[7;22;8;23];[9;14;10;15];[11;3;12;2];[13;20;14;21];[15;8;16;9];[17;24;18;1];[19;10;20;11];[21;16;22;17];[23;6;24;7]],12,235,19.55856291
12a_657,[[1;5;2;4];[3;13;4;12];[5;18;6;19];[7;22;8;23];[9;17;10;16];[11;3;12;2];[13;11;14;10];[15;21;16;20];[17;24;18;1];[19;15;20;14];[21;6;22;7];[23;8;24;9]],12,181,17.5605276
12a_658,[[1;5;2;4];[3;13;4;12];[5;18;6;19];[7;22;8;23];[9;17;10;16];[11;3;12;2];[13;11;14;10];[15;21;16;20];[17;24;18;1];[19;15;20;14];[21;8;22;9];[23;6;24;7]],12,167,17.04158103
12a_659,[[1;5;2;4];[3;13;4;12];[5;19;6;18];[7;23;8;22];[9;17;10;16];[11;3;12;2];[13;21;14;20];[15;7;16;6];[17;11;18;10];[19;1;20;24];[21;9;22;8];[23;15;24;14]],12,263,20.53070196
12a_660,[[1;5;2;4];[3;13;4;12];[5;19;6;18];[7;22;8;23];[9;17;10;16];[11;3;12;2];[13;21;14;20];[15;9;16;8];[17;11;18;10];[19;1;20;24];[21;15;22;14];[23;6;24;7]],12,163,17.4120829
12a_661,[[1;5;2;4];[3;13;4;12];[5;19;6;18];[7;22;8;23];[9;17;10;16];[11;3;12;2];[13;21;14;20];[15;11;16;10];[17;9;18;8];[19;1;20;24];[21;15;22;14];[23;6;24;7]],12,193,18.4962438
12a_662,[[1;5;2;4];[3;13;4;12];[5;18;6;19];[7;23;8;22];[9;20;10;21];[11;3;12;2];[13;9;14;8];[15;6;16;7];[17;24;18;1];[19;10;20;11];[21;15;22;14];[23;16;24;17]],12,241,19.83898549
12a_663,[[1;5;2;4];[3;13;4;12];[5;18;6;19];[7;23;8;22];[9;20;10;21];[11;3;12;2];[13;24;14;1];[15;9;16;8];[17;6;18;7];[19;10;20;11];[21;17;22;16];[23;14;24;15]],12,175,17.67721037
12a_664,[[1;5;2;4];[3;13;4;12];[5;18;6;19];[7;1;8;24];[9;20;10;21];[11;3;12;2];[13;9;14;8];[15;23;16;22];[17;6;18;7];[19;10;20;11];[21;15;22;14];[23;17;24;16]],12,169,17.36044083
12a_665,[[1;5;2;4];[3;13;4;12];[5;18;6;19];[7;1;8;24];[9;20;10;21];[11;3;12;2];[13;9;14;8];[15;23;16;22];[17;6;18;7];[19;10;20;11];[21;17;22;16];[23;15;24;14]],12,195,18.38235621
12a_666,[[1;5;2;4];[3;12;4;13];[5;19;6;18];[7;1;8;24];[9;21;10;20];[11;15;12;14];[13;2;14;3];[15;22;16;23];[17;11;18;10];[19;7;20;6];[21;16;22;17];[23;9;24;8]],12,207,19.01309007
12a_667,[[1;5;2;4];[3;13;4;12];[5;20;6;21];[7;15;8;14];[9;17;10;16];[11;3;12;2];[13;11;14;10];[15;9;16;8];[17;22;18;23];[19;24;20;1];[21;6;22;7];[23;18;24;19]],12,121,15.09089203
12a_668,[[1;5;2;4];[3;13;4;12];[5;20;6;21];[7;15;8;14];[9;19;10;18];[11;3;12;2];[13;11;14;10];[15;22;16;23];[17;9;18;8];[19;24;20;1];[21;6;22;7];[23;16;24;17]],12,189,18.15708414
12a_669,[[1;5;2;4];[3;13;4;12];[5;20;6;21];[7;17;8;16];[9;15;10;14];[11;3;12;2];[13;11;14;10];[15;9;16;8];[17;22;18;23];[19;24;20;1];[21;6;22;7];[23;18;24;19]],12,67,11.27677783
12a_670,[[1;5;2;4];[3;13;4;12];[5;20;6;21];[7;16;8;17];[9;19;10;18];[11;3;12;2];[13;11;14;10];[15;6;16;7];[17;23;18;22];[19;24;20;1];[21;15;22;14];[23;8;24;9]],12,237,19.67128906
12a_671,[[1;5;2;4];[3;13;4;12];[5;20;6;21];[7;17;8;16];[9;19;10;18];[11;3;12;2];[13;11;14;10];[15;23;16;22];[17;9;18;8];[19;24;20;1];[21;15;22;14];[23;6;24;7]],12,173,17.54129112
12a_672,[[1;5;2;4];[3;13;4;12];[5;21;6;20];[7;17;8;16];[9;18;10;19];[11;3;12;2];[13;11;14;10];[15;22;16;23];[17;1;18;24];[19;14;20;15];[21;7;22;6];[23;8;24;9]],12,243,19.88995065
12a_673,[[1;5;2;4];[3;12;4;13];[5;21;6;20];[7;16;8;17];[9;19;10;18];[11;15;12;14];[13;2;14;3];[15;24;16;1];[17;23;18;22];[19;11;20;10];[21;7;22;6];[23;8;24;9]],12,203,18.59675357
12a_674,[[1;5;2;4];[3;12;4;13];[5;21;6;20];[7;16;8;17];[9;23;10;22];[11;15;12;14];[13;2;14;3];[15;24;16;1];[17;8;18;9];[19;11;20;10];[21;7;22;6];[23;18;24;19]],12,221,19.03092188
12a_675,[[1;5;2;4];[3;13;4;12];[5;20;6;21];[7;19;8;18];[9;15;10;14];[11;3;12;2];[13;9;14;8];[15;11;16;10];[17;23;18;22];[19;24;20;1];[21;17;22;16];[23;6;24;7]],12,209,18.72318174
12a_676,[[1;5;2;4];[3;13;4;12];[5;20;6;21];[7;19;8;18];[9;15;10;14];[11;3;12;2];[13;11;14;10];[15;9;16;8];[17;23;18;22];[19;24;20;1];[21;17;22;16];[23;6;24;7]],12,139,15.96194756
12a_677,[[1;5;2;4];[3;13;4;12];[5;20;6;21];[7;19;8;18];[9;17;10;16];[11;3;12;2];[13;11;14;10];[15;23;16;22];[17;9;18;8];[19;24;20;1];[21;15;22;14];[23;6;24;7]],12,175,17.75626521
12a_678,[[1;5;2;4];[3;13;4;12];[5;20;6;21];[7;18;8;19];[9;17;10;16];[11;3;12;2];[13;11;14;10];[15;23;16;22];[17;24;18;1];[19;6;20;7];[21;15;22;14];[23;8;24;9]],12,179,17.85761873
12a_679,[[1;5;2;4];[3;13;4;12];[5;21;6;20];[7;19;8;18];[9;17;10;16];[11;3;12;2];[13;23;14;22];[15;11;16;10];[17;9;18;8];[19;7;20;6];[21;1;22;24];[23;15;24;14]],12,81,11.96284804
12a_680,[[1;5;2;4];[3;13;4;12];[5;20;6;21];[7;23;8;22];[9;15;10;14];[11;3;12;2];[13;9;14;8];[15;11;16;10];[17;6;18;7];[19;24;20;1];[21;17;22;16];[23;18;24;19]],12,199,18.46591189
12a_681,[[1;5;2;4];[3;12;4;13];[5;21;6;20];[7;23;8;22];[9;15;10;14];[11;17;12;16];[13;2;14;3];[15;11;16;10];[17;24;18;1];[19;9;20;8];[21;7;22;6];[23;18;24;19]],12,145,15.1903565
12a_682,[[1;5;2;4];[3;12;4;13];[5;21;6;20];[7;23;8;22];[9;17;10;16];[11;15;12;14];[13;2;14;3];[15;11;16;10];[17;24;18;1];[19;9;20;8];[21;7;22;6];[23;18;24;19]],12,107,13.1723406
12a_683,[[1;5;2;4];[3;12;4;13];[5;21;6;20];[7;23;8;22];[9;19;10;18];[11;15;12;14];[13;2;14;3];[15;24;16;1];[17;9;18;8];[19;11;20;10];[21;7;22;6];[23;16;24;17]],12,117,14.70703813
12a_684,[[1;5;2;4];[3;12;4;13];[5;21;6;20];[7;23;8;22];[9;19;10;18];[11;15;12;14];[13;2;14;3];[15;24;16;1];[17;11;18;10];[19;9;20;8];[21;7;22;6];[23;16;24;17]],12,135,14.85992372
12a_685,[[1;5;2;4];[3;13;4;12];[5;20;6;21];[7;1;8;24];[9;17;10;16];[11;3;12;2];[13;11;14;10];[15;23;16;22];[17;9;18;8];[19;6;20;7];[21;15;22;14];[23;19;24;18]],12,201,18.79805009
12a_686,[[1;5;2;4];[3;12;4;13];[5;21;6;20];[7;1;8;24];[9;19;10;18];[11;15;12;14];[13;2;14;3];[15;9;16;8];[17;23;18;22];[19;11;20;10];[21;7;22;6];[23;17;24;16]],12,209,18.95987618
12a_687,[[1;5;2;4];[3;12;4;13];[5;23;6;22];[7;15;8;14];[9;21;10;20];[11;17;12;16];[13;2;14;3];[15;9;16;8];[17;24;18;1];[19;11;20;10];[21;7;22;6];[23;18;24;19]],12,223,19.65000351
12a_688,[[1;5;2;4];[3;13;4;12];[5;23;6;22];[7;20;8;21];[9;15;10;14];[11;3;12;2];[13;9;14;8];[15;11;16;10];[17;6;18;7];[19;1;20;24];[21;16;22;17];[23;19;24;18]],12,209,18.72318174
12a_689,[[1;5;2;4];[3;12;4;13];[5;23;6;22];[7;21;8;20];[9;15;10;14];[11;17;12;16];[13;2;14;3];[15;11;16;10];[17;24;18;1];[19;9;20;8];[21;7;22;6];[23;18;24;19]],12,123,14.25915221
12a_690,[[1;5;2;4];[3;12;4;13];[5;23;6;22];[7;21;8;20];[9;17;10;16];[11;15;12;14];[13;2;14;3];[15;11;16;10];[17;24;18;1];[19;9;20;8];[21;7;22;6];[23;18;24;19]],12,89,11.98717788
12a_691,[[1;5;2;4];[3;12;4;13];[5;23;6;22];[7;21;8;20];[9;19;10;18];[11;15;12;14];[13;2;14;3];[15;24;16;1];[17;11;18;10];[19;9;20;8];[21;7;22;6];[23;16;24;17]],12,77,11.00061933
12a_692,[[1;5;2;4];[3;15;4;14];[5;10;6;11];[7;12;8;13];[9;20;10;21];[11;6;12;7];[13;3;14;2];[15;22;16;23];[17;24;18;1];[19;8;20;9];[21;18;22;19];[23;16;24;17]],12,153,16.29486511
12a_693,[[1;5;2;4];[3;14;4;15];[5;10;6;11];[7;12;8;13];[9;21;10;20];[11;6;12;7];[13;17;14;16];[15;2;16;3];[17;22;18;23];[19;24;20;1];[21;9;22;8];[23;18;24;19]],12,141,16.4286088
12a_694,[[1;5;2;4];[3;14;4;15];[5;11;6;10];[7;13;8;12];[9;21;10;20];[11;7;12;6];[13;1;14;24];[15;2;16;3];[17;23;18;22];[19;9;20;8];[21;17;22;16];[23;19;24;18]],12,159,16.88089049
12a_695,[[1;5;2;4];[3;15;4;14];[5;10;6;11];[7;18;8;19];[9;17;10;16];[11;21;12;20];[13;3;14;2];[15;24;16;1];[17;23;18;22];[19;13;20;12];[21;6;22;7];[23;9;24;8]],12,275,20.61572428
12a_696,[[1;5;2;4];[3;14;4;15];[5;11;6;10];[7;19;8;18];[9;16;10;17];[11;20;12;21];[13;1;14;24];[15;2;16;3];[17;22;18;23];[19;12;20;13];[21;7;22;6];[23;8;24;9]],12,277,20.75771971
12a_697,[[1;5;2;4];[3;14;4;15];[5;11;6;10];[7;19;8;18];[9;16;10;17];[11;1;12;24];[13;20;14;21];[15;2;16;3];[17;23;18;22];[19;12;20;13];[21;9;22;8];[23;6;24;7]],12,301,21.75515698
12a_698,[[1;5;2;4];[3;14;4;15];[5;11;6;10];[7;19;8;18];[9;22;10;23];[11;1;12;24];[13;20;14;21];[15;2;16;3];[17;9;18;8];[19;12;20;13];[21;16;22;17];[23;6;24;7]],12,251,20.55945299
12a_699,[[1;5;2;4];[3;14;4;15];[5;10;6;11];[7;19;8;18];[9;24;10;1];[11;17;12;16];[13;20;14;21];[15;2;16;3];[17;23;18;22];[19;9;20;8];[21;12;22;13];[23;6;24;7]],12,261,20.73425997
12a_700,[[1;5;2;4];[3;15;4;14];[5;10;6;11];[7;18;8;19];[9;24;10;1];[11;21;12;20];[13;3;14;2];[15;8;16;9];[17;23;18;22];[19;13;20;12];[21;6;22;7];[23;17;24;16]],12,253,20.31851218
12a_701,[[1;5;2;4];[3;15;4;14];[5;10;6;11];[7;18;8;19];[9;24;10;1];[11;20;12;21];[13;3;14;2];[15;22;16;23];[17;6;18;7];[19;16;20;17];[21;12;22;13];[23;8;24;9]],12,225,19.32128326
12a_702,[[1;5;2;4];[3;14;4;15];[5;10;6;11];[7;19;8;18];[9;24;10;1];[11;20;12;21];[13;17;14;16];[15;2;16;3];[17;22;18;23];[19;7;20;6];[21;12;22;13];[23;8;24;9]],12,165,17.62502268
12a_703,[[1;5;2;4];[3;14;4;15];[5;10;6;11];[7;19;8;18];[9;24;10;1];[11;23;12;22];[13;20;14;21];[15;2;16;3];[17;12;18;13];[19;9;20;8];[21;16;22;17];[23;6;24;7]],12,291,21.62623741
12a_704,[[1;5;2;4];[3;15;4;14];[5;10;6;11];[7;20;8;21];[9;24;10;1];[11;19;12;18];[13;3;14;2];[15;22;16;23];[17;13;18;12];[19;6;20;7];[21;16;22;17];[23;8;24;9]],12,203,19.22485604
12a_705,[[1;5;2;4];[3;14;4;15];[5;11;6;10];[7;23;8;22];[9;16;10;17];[11;19;12;18];[13;20;14;21];[15;2;16;3];[17;6;18;7];[19;1;20;24];[21;9;22;8];[23;12;24;13]],12,309,21.96351001
12a_706,[[1;5;2;4];[3;15;4;14];[5;10;6;11];[7;22;8;23];[9;17;10;16];[11;21;12;20];[13;3;14;2];[15;24;16;1];[17;9;18;8];[19;13;20;12];[21;6;22;7];[23;18;24;19]],12,213,18.7790901
12a_707,[[1;5;2;4];[3;14;4;15];[5;11;6;10];[7;23;8;22];[9;16;10;17];[11;20;12;21];[13;19;14;18];[15;2;16;3];[17;8;18;9];[19;24;20;1];[21;7;22;6];[23;12;24;13]],12,269,20.89861737
12a_708,[[1;5;2;4];[3;14;4;15];[5;11;6;10];[7;23;8;22];[9;16;10;17];[11;20;12;21];[13;1;14;24];[15;2;16;3];[17;8;18;9];[19;12;20;13];[21;7;22;6];[23;19;24;18]],12,195,18.41056766
12a_709,[[1;5;2;4];[3;14;4;15];[5;11;6;10];[7;23;8;22];[9;16;10;17];[11;1;12;24];[13;20;14;21];[15;2;16;3];[17;6;18;7];[19;12;20;13];[21;9;22;8];[23;18;24;19]],12,259,20.75028685
12a_710,[[1;5;2;4];[3;14;4;15];[5;10;6;11];[7;23;8;22];[9;24;10;1];[11;17;12;16];[13;20;14;21];[15;2;16;3];[17;6;18;7];[19;9;20;8];[21;12;22;13];[23;18;24;19]],12,299,21.72424658
12a_711,[[1;5;2;4];[3;14;4;15];[5;10;6;11];[7;23;8;22];[9;24;10;1];[11;20;12;21];[13;17;14;16];[15;2;16;3];[17;8;18;9];[19;7;20;6];[21;12;22;13];[23;19;24;18]],12,243,20.14035083
12a_712,[[1;5;2;4];[3;14;4;15];[5;17;6;16];[7;12;8;13];[9;24;10;1];[11;23;12;22];[13;20;14;21];[15;2;16;3];[17;10;18;11];[19;9;20;8];[21;6;22;7];[23;18;24;19]],12,315,21.67515861
12a_713,[[1;5;2;4];[3;15;4;14];[5;17;6;16];[7;19;8;18];[9;20;10;21];[11;22;12;23];[13;3;14;2];[15;13;16;12];[17;7;18;6];[19;1;20;24];[21;10;22;11];[23;8;24;9]],12,139,14.82244504
12a_714,[[1;5;2;4];[3;15;4;14];[5;17;6;16];[7;18;8;19];[9;20;10;21];[11;22;12;23];[13;3;14;2];[15;13;16;12];[17;1;18;24];[19;8;20;9];[21;10;22;11];[23;6;24;7]],12,107,12.75643122
12a_715,[[1;5;2;4];[3;15;4;14];[5;17;6;16];[7;18;8;19];[9;20;10;21];[11;22;12;23];[13;3;14;2];[15;13;16;12];[17;1;18;24];[19;10;20;11];[21;8;22;9];[23;6;24;7]],12,169,15.95579402
12a_716,[[1;5;2;4];[3;15;4;14];[5;16;6;17];[7;18;8;19];[9;20;10;21];[11;22;12;23];[13;3;14;2];[15;24;16;1];[17;6;18;7];[19;8;20;9];[21;10;22;11];[23;12;24;13]],12,43,7.510945301
12a_717,[[1;5;2;4];[3;15;4;14];[5;16;6;17];[7;18;8;19];[9;20;10;21];[11;22;12;23];[13;3;14;2];[15;24;16;1];[17;6;18;7];[19;8;20;9];[21;12;22;13];[23;10;24;11]],12,89,12.26997933
12a_718,[[1;5;2;4];[3;15;4;14];[5;16;6;17];[7;18;8;19];[9;20;10;21];[11;22;12;23];[13;3;14;2];[15;24;16;1];[17;6;18;7];[19;12;20;13];[21;10;22;11];[23;8;24;9]],12,141,14.91029012
12a_719,[[1;5;2;4];[3;15;4;14];[5;16;6;17];[7;18;8;19];[9;20;10;21];[11;22;12;23];[13;3;14;2];[15;24;16;1];[17;8;18;9];[19;6;20;7];[21;12;22;13];[23;10;24;11]],12,147,15.571348
12a_720,[[1;5;2;4];[3;15;4;14];[5;16;6;17];[7;18;8;19];[9;20;10;21];[11;22;12;23];[13;3;14;2];[15;24;16;1];[17;12;18;13];[19;8;20;9];[21;10;22;11];[23;6;24;7]],12,113,13.22004692
12a_721,[[1;5;2;4];[3;15;4;14];[5;16;6;17];[7;18;8;19];[9;20;10;21];[11;22;12;23];[13;3;14;2];[15;24;16;1];[17;12;18;13];[19;10;20;11];[21;8;22;9];[23;6;24;7]],12,171,15.99964003
12a_722,[[1;5;2;4];[3;14;4;15];[5;17;6;16];[7;19;8;18];[9;21;10;20];[11;23;12;22];[13;1;14;24];[15;2;16;3];[17;7;18;6];[19;9;20;8];[21;11;22;10];[23;13;24;12]],12,29,5.195590325
12a_723,[[1;5;2;4];[3;14;4;15];[5;17;6;16];[7;19;8;18];[9;21;10;20];[11;23;12;22];[13;1;14;24];[15;2;16;3];[17;7;18;6];[19;9;20;8];[21;13;22;12];[23;11;24;10]],12,63,10.14565759
12a_724,[[1;5;2;4];[3;14;4;15];[5;17;6;16];[7;19;8;18];[9;21;10;20];[11;23;12;22];[13;1;14;24];[15;2;16;3];[17;7;18;6];[19;13;20;12];[21;11;22;10];[23;9;24;8]],12,107,13.14151371
12a_725,[[1;5;2;4];[3;14;4;15];[5;17;6;16];[7;19;8;18];[9;21;10;20];[11;23;12;22];[13;1;14;24];[15;2;16;3];[17;9;18;8];[19;7;20;6];[21;13;22;12];[23;11;24;10]],12,117,14.23273857
12a_726,[[1;5;2;4];[3;14;4;15];[5;17;6;16];[7;19;8;18];[9;21;10;20];[11;23;12;22];[13;1;14;24];[15;2;16;3];[17;13;18;12];[19;9;20;8];[21;11;22;10];[23;7;24;6]],12,103,12.66613661
12a_727,[[1;5;2;4];[3;14;4;15];[5;17;6;16];[7;19;8;18];[9;21;10;20];[11;23;12;22];[13;1;14;24];[15;2;16;3];[17;13;18;12];[19;11;20;10];[21;9;22;8];[23;7;24;6]],12,157,15.55192045
12a_728,[[1;5;2;4];[3;15;4;14];[5;17;6;16];[7;18;8;19];[9;20;10;21];[11;1;12;24];[13;3;14;2];[15;13;16;12];[17;22;18;23];[19;8;20;9];[21;10;22;11];[23;7;24;6]],12,133,14.31601986
12a_729,[[1;5;2;4];[3;15;4;14];[5;17;6;16];[7;18;8;19];[9;20;10;21];[11;1;12;24];[13;3;14;2];[15;13;16;12];[17;22;18;23];[19;10;20;11];[21;8;22;9];[23;7;24;6]],12,167,15.78408342
12a_730,[[1;5;2;4];[3;14;4;15];[5;17;6;16];[7;19;8;18];[9;21;10;20];[11;1;12;24];[13;23;14;22];[15;2;16;3];[17;11;18;10];[19;9;20;8];[21;7;22;6];[23;13;24;12]],12,153,15.76310545
12a_731,[[1;5;2;4];[3;15;4;14];[5;17;6;16];[7;19;8;18];[9;22;10;23];[11;20;12;21];[13;3;14;2];[15;13;16;12];[17;7;18;6];[19;1;20;24];[21;10;22;11];[23;8;24;9]],12,105,12.7892095
12a_732,[[1;5;2;4];[3;15;4;14];[5;16;6;17];[7;18;8;19];[9;22;10;23];[11;20;12;21];[13;3;14;2];[15;24;16;1];[17;6;18;7];[19;12;20;13];[21;10;22;11];[23;8;24;9]],12,95,12.33848806
12a_733,[[1;5;2;4];[3;14;4;15];[5;17;6;16];[7;19;8;18];[9;23;10;22];[11;21;12;20];[13;1;14;24];[15;2;16;3];[17;7;18;6];[19;13;20;12];[21;11;22;10];[23;9;24;8]],12,73,10.71512584
12a_734,[[1;5;2;4];[3;15;4;14];[5;17;6;16];[7;18;8;19];[9;1;10;24];[11;20;12;21];[13;3;14;2];[15;13;16;12];[17;23;18;22];[19;10;20;11];[21;6;22;7];[23;9;24;8]],12,223,19.08068957
12a_735,[[1;5;2;4];[3;14;4;15];[5;17;6;16];[7;19;8;18];[9;1;10;24];[11;23;12;22];[13;21;14;20];[15;2;16;3];[17;9;18;8];[19;7;20;6];[21;13;22;12];[23;11;24;10]],12,99,12.87309147
12a_736,[[1;5;2;4];[3;15;4;14];[5;17;6;16];[7;20;8;21];[9;22;10;23];[11;18;12;19];[13;3;14;2];[15;13;16;12];[17;1;18;24];[19;10;20;11];[21;8;22;9];[23;6;24;7]],12,141,15.0026229
12a_737,[[1;5;2;4];[3;15;4;14];[5;16;6;17];[7;20;8;21];[9;22;10;23];[11;18;12;19];[13;3;14;2];[15;24;16;1];[17;10;18;11];[19;12;20;13];[21;8;22;9];[23;6;24;7]],12,165,16.15319112
12a_738,[[1;5;2;4];[3;15;4;14];[5;16;6;17];[7;20;8;21];[9;22;10;23];[11;18;12;19];[13;3;14;2];[15;24;16;1];[17;12;18;13];[19;10;20;11];[21;8;22;9];[23;6;24;7]],12,119,13.89600245
12a_739,[[1;5;2;4];[3;14;4;15];[5;17;6;16];[7;21;8;20];[9;23;10;22];[11;19;12;18];[13;1;14;24];[15;2;16;3];[17;11;18;10];[19;13;20;12];[21;9;22;8];[23;7;24;6]],12,147,15.48996623
12a_740,[[1;5;2;4];[3;14;4;15];[5;17;6;16];[7;21;8;20];[9;23;10;22];[11;19;12;18];[13;1;14;24];[15;2;16;3];[17;13;18;12];[19;11;20;10];[21;9;22;8];[23;7;24;6]],12,113,13.73946116
12a_741,[[1;5;2;4];[3;14;4;15];[5;17;6;16];[7;21;8;20];[9;1;10;24];[11;19;12;18];[13;23;14;22];[15;2;16;3];[17;9;18;8];[19;13;20;12];[21;7;22;6];[23;11;24;10]],12,237,19.40851386
12a_742,[[1;5;2;4];[3;15;4;14];[5;17;6;16];[7;22;8;23];[9;18;10;19];[11;20;12;21];[13;3;14;2];[15;13;16;12];[17;1;18;24];[19;10;20;11];[21;6;22;7];[23;8;24;9]],12,135,15.2836008
12a_743,[[1;5;2;4];[3;15;4;14];[5;17;6;16];[7;22;8;23];[9;20;10;21];[11;18;12;19];[13;3;14;2];[15;13;16;12];[17;1;18;24];[19;10;20;11];[21;8;22;9];[23;6;24;7]],12,79,11.0210417
12a_744,[[1;5;2;4];[3;15;4;14];[5;16;6;17];[7;22;8;23];[9;20;10;21];[11;18;12;19];[13;3;14;2];[15;24;16;1];[17;12;18;13];[19;10;20;11];[21;8;22;9];[23;6;24;7]],12,61,9.397824517
12a_745,[[1;5;2;4];[3;14;4;15];[5;17;6;16];[7;23;8;22];[9;21;10;20];[11;19;12;18];[13;1;14;24];[15;2;16;3];[17;13;18;12];[19;11;20;10];[21;9;22;8];[23;7;24;6]],12,59,9.372594304
12a_746,[[1;5;2;4];[3;15;4;14];[5;17;6;16];[7;22;8;23];[9;1;10;24];[11;20;12;21];[13;3;14;2];[15;13;16;12];[17;9;18;8];[19;10;20;11];[21;6;22;7];[23;18;24;19]],12,217,18.88893286
12a_747,[[1;5;2;4];[3;15;4;14];[5;18;6;19];[7;17;8;16];[9;20;10;21];[11;22;12;23];[13;3;14;2];[15;9;16;8];[17;24;18;1];[19;12;20;13];[21;10;22;11];[23;6;24;7]],12,211,18.74152922
12a_748,[[1;5;2;4];[3;15;4;14];[5;19;6;18];[7;17;8;16];[9;20;10;21];[11;22;12;23];[13;3;14;2];[15;13;16;12];[17;7;18;6];[19;1;20;24];[21;10;22;11];[23;8;24;9]],12,137,15.39558113
12a_749,[[1;5;2;4];[3;15;4;14];[5;18;6;19];[7;16;8;17];[9;20;10;21];[11;22;12;23];[13;3;14;2];[15;24;16;1];[17;6;18;7];[19;12;20;13];[21;10;22;11];[23;8;24;9]],12,143,15.73075723
12a_750,[[1;5;2;4];[3;14;4;15];[5;19;6;18];[7;17;8;16];[9;21;10;20];[11;1;12;24];[13;23;14;22];[15;2;16;3];[17;7;18;6];[19;11;20;10];[21;9;22;8];[23;13;24;12]],12,135,16.02159194
12a_751,[[1;5;2;4];[3;15;4;14];[5;18;6;19];[7;17;8;16];[9;22;10;23];[11;20;12;21];[13;3;14;2];[15;9;16;8];[17;24;18;1];[19;12;20;13];[21;10;22;11];[23;6;24;7]],12,161,17.03463958
12a_752,[[1;5;2;4];[3;15;4;14];[5;19;6;18];[7;17;8;16];[9;22;10;23];[11;20;12;21];[13;3;14;2];[15;13;16;12];[17;7;18;6];[19;1;20;24];[21;10;22;11];[23;8;24;9]],12,115,14.19405249
12a_753,[[1;5;2;4];[3;15;4;14];[5;18;6;19];[7;16;8;17];[9;22;10;23];[11;20;12;21];[13;3;14;2];[15;24;16;1];[17;6;18;7];[19;12;20;13];[21;10;22;11];[23;8;24;9]],12,85,12.47329875
12a_754,[[1;5;2;4];[3;15;4;14];[5;18;6;19];[7;17;8;16];[9;1;10;24];[11;20;12;21];[13;3;14;2];[15;11;16;10];[17;22;18;23];[19;12;20;13];[21;6;22;7];[23;9;24;8]],12,263,20.55441284
12a_755,[[1;5;2;4];[3;15;4;14];[5;19;6;18];[7;20;8;21];[9;17;10;16];[11;22;12;23];[13;3;14;2];[15;9;16;8];[17;13;18;12];[19;1;20;24];[21;10;22;11];[23;6;24;7]],12,271,20.88659916
12a_756,[[1;5;2;4];[3;15;4;14];[5;18;6;19];[7;20;8;21];[9;17;10;16];[11;22;12;23];[13;3;14;2];[15;11;16;10];[17;24;18;1];[19;6;20;7];[21;12;22;13];[23;8;24;9]],12,187,18.33422424
12a_757,[[1;5;2;4];[3;15;4;14];[5;19;6;18];[7;20;8;21];[9;22;10;23];[11;17;12;16];[13;3;14;2];[15;11;16;10];[17;13;18;12];[19;1;20;24];[21;8;22;9];[23;6;24;7]],12,163,15.89294939
12a_758,[[1;5;2;4];[3;15;4;14];[5;19;6;18];[7;20;8;21];[9;22;10;23];[11;17;12;16];[13;3;14;2];[15;13;16;12];[17;11;18;10];[19;1;20;24];[21;8;22;9];[23;6;24;7]],12,113,13.3172002
12a_759,[[1;5;2;4];[3;15;4;14];[5;18;6;19];[7;20;8;21];[9;22;10;23];[11;17;12;16];[13;3;14;2];[15;13;16;12];[17;24;18;1];[19;6;20;7];[21;8;22;9];[23;10;24;11]],12,61,9.315768506
12a_760,[[1;5;2;4];[3;15;4;14];[5;18;6;19];[7;20;8;21];[9;22;10;23];[11;17;12;16];[13;3;14;2];[15;13;16;12];[17;24;18;1];[19;6;20;7];[21;10;22;11];[23;8;24;9]],12,111,13.4565922
12a_761,[[1;5;2;4];[3;15;4;14];[5;18;6;19];[7;20;8;21];[9;22;10;23];[11;17;12;16];[13;3;14;2];[15;13;16;12];[17;24;18;1];[19;10;20;11];[21;8;22;9];[23;6;24;7]],12,139,14.81612045
12a_762,[[1;5;2;4];[3;14;4;15];[5;19;6;18];[7;21;8;20];[9;23;10;22];[11;1;12;24];[13;17;14;16];[15;2;16;3];[17;13;18;12];[19;7;20;6];[21;9;22;8];[23;11;24;10]],12,51,8.667005187
12a_763,[[1;5;2;4];[3;14;4;15];[5;19;6;18];[7;21;8;20];[9;23;10;22];[11;1;12;24];[13;17;14;16];[15;2;16;3];[17;13;18;12];[19;7;20;6];[21;11;22;10];[23;9;24;8]],12,97,12.97910999
12a_764,[[1;5;2;4];[3;14;4;15];[5;19;6;18];[7;21;8;20];[9;23;10;22];[11;1;12;24];[13;17;14;16];[15;2;16;3];[17;13;18;12];[19;11;20;10];[21;9;22;8];[23;7;24;6]],12,133,14.67807942
12a_765,[[1;5;2;4];[3;15;4;14];[5;19;6;18];[7;20;8;21];[9;24;10;1];[11;7;12;6];[13;3;14;2];[15;22;16;23];[17;13;18;12];[19;10;20;11];[21;16;22;17];[23;8;24;9]],12,277,21.22255571
12a_766,[[1;5;2;4];[3;15;4;14];[5;18;6;19];[7;20;8;21];[9;1;10;24];[11;22;12;23];[13;3;14;2];[15;11;16;10];[17;8;18;9];[19;6;20;7];[21;12;22;13];[23;17;24;16]],12,213,18.81395686
12a_767,[[1;5;2;4];[3;14;4;15];[5;19;6;18];[7;21;8;20];[9;1;10;24];[11;23;12;22];[13;17;14;16];[15;2;16;3];[17;13;18;12];[19;9;20;8];[21;7;22;6];[23;11;24;10]],12,123,14.55338664
12a_768,[[1;5;2;4];[3;15;4;14];[5;18;6;19];[7;22;8;23];[9;17;10;16];[11;20;12;21];[13;3;14;2];[15;11;16;10];[17;24;18;1];[19;12;20;13];[21;6;22;7];[23;8;24;9]],12,183,18.07241657
12a_769,[[1;5;2;4];[3;15;4;14];[5;18;6;19];[7;22;8;23];[9;17;10;16];[11;20;12;21];[13;3;14;2];[15;11;16;10];[17;24;18;1];[19;12;20;13];[21;8;22;9];[23;6;24;7]],12,189,18.26951397
12a_770,[[1;5;2;4];[3;15;4;14];[5;19;6;18];[7;22;8;23];[9;17;10;16];[11;20;12;21];[13;3;14;2];[15;13;16;12];[17;9;18;8];[19;1;20;24];[21;10;22;11];[23;6;24;7]],12,199,18.68282972
12a_771,[[1;5;2;4];[3;15;4;14];[5;18;6;19];[7;22;8;23];[9;16;10;17];[11;20;12;21];[13;3;14;2];[15;24;16;1];[17;8;18;9];[19;12;20;13];[21;6;22;7];[23;10;24;11]],12,219,18.9626501
12a_772,[[1;5;2;4];[3;15;4;14];[5;19;6;18];[7;22;8;23];[9;20;10;21];[11;17;12;16];[13;3;14;2];[15;11;16;10];[17;13;18;12];[19;1;20;24];[21;8;22;9];[23;6;24;7]],12,129,14.35223254
12a_773,[[1;5;2;4];[3;15;4;14];[5;19;6;18];[7;22;8;23];[9;20;10;21];[11;17;12;16];[13;3;14;2];[15;13;16;12];[17;11;18;10];[19;1;20;24];[21;8;22;9];[23;6;24;7]],12,91,12.00603936
12a_774,[[1;5;2;4];[3;15;4;14];[5;18;6;19];[7;22;8;23];[9;20;10;21];[11;17;12;16];[13;3;14;2];[15;13;16;12];[17;24;18;1];[19;10;20;11];[21;8;22;9];[23;6;24;7]],12,89,11.77362307
12a_775,[[1;5;2;4];[3;14;4;15];[5;19;6;18];[7;23;8;22];[9;21;10;20];[11;1;12;24];[13;17;14;16];[15;2;16;3];[17;13;18;12];[19;11;20;10];[21;9;22;8];[23;7;24;6]],12,87,11.75528214
12a_776,[[1;5;2;4];[3;15;4;14];[5;18;6;19];[7;23;8;22];[9;1;10;24];[11;16;12;17];[13;3;14;2];[15;20;16;21];[17;6;18;7];[19;12;20;13];[21;11;22;10];[23;9;24;8]],12,215,18.79657783
12a_777,[[1;5;2;4];[3;15;4;14];[5;18;6;19];[7;23;8;22];[9;1;10;24];[11;20;12;21];[13;3;14;2];[15;11;16;10];[17;6;18;7];[19;12;20;13];[21;17;22;16];[23;9;24;8]],12,177,17.83287894
12a_778,[[1;5;2;4];[3;15;4;14];[5;18;6;19];[7;22;8;23];[9;1;10;24];[11;20;12;21];[13;3;14;2];[15;11;16;10];[17;8;18;9];[19;12;20;13];[21;6;22;7];[23;17;24;16]],12,265,20.61543494
12a_779,[[1;5;2;4];[3;15;4;14];[5;18;6;19];[7;1;8;24];[9;16;10;17];[11;20;12;21];[13;3;14;2];[15;22;16;23];[17;6;18;7];[19;12;20;13];[21;10;22;11];[23;9;24;8]],12,185,18.1428318
12a_780,[[1;5;2;4];[3;14;4;15];[5;19;6;18];[7;1;8;24];[9;21;10;20];[11;17;12;16];[13;23;14;22];[15;2;16;3];[17;11;18;10];[19;7;20;6];[21;13;22;12];[23;9;24;8]],12,225,19.77701544
12a_781,[[1;5;2;4];[3;15;4;14];[5;18;6;19];[7;1;8;24];[9;23;10;22];[11;16;12;17];[13;3;14;2];[15;20;16;21];[17;6;18;7];[19;12;20;13];[21;11;22;10];[23;9;24;8]],12,157,16.89729552
12a_782,[[1;5;2;4];[3;15;4;14];[5;18;6;19];[7;1;8;24];[9;22;10;23];[11;20;12;21];[13;3;14;2];[15;9;16;8];[17;6;18;7];[19;12;20;13];[21;10;22;11];[23;17;24;16]],12,151,16.65977437
12a_783,[[1;5;2;4];[3;15;4;14];[5;18;6;19];[7;1;8;24];[9;23;10;22];[11;20;12;21];[13;3;14;2];[15;11;16;10];[17;6;18;7];[19;12;20;13];[21;17;22;16];[23;9;24;8]],12,187,18.20092859
12a_784,[[1;5;2;4];[3;15;4;14];[5;20;6;21];[7;17;8;16];[9;22;10;23];[11;19;12;18];[13;3;14;2];[15;13;16;12];[17;9;18;8];[19;24;20;1];[21;6;22;7];[23;10;24;11]],12,193,18.54369617
12a_785,[[1;5;2;4];[3;15;4;14];[5;21;6;20];[7;18;8;19];[9;17;10;16];[11;7;12;6];[13;3;14;2];[15;24;16;1];[17;23;18;22];[19;13;20;12];[21;10;22;11];[23;9;24;8]],12,285,21.04571967
12a_786,[[1;5;2;4];[3;15;4;14];[5;20;6;21];[7;19;8;18];[9;22;10;23];[11;17;12;16];[13;3;14;2];[15;13;16;12];[17;9;18;8];[19;24;20;1];[21;10;22;11];[23;6;24;7]],12,169,17.5346213
12a_787,[[1;5;2;4];[3;15;4;14];[5;20;6;21];[7;18;8;19];[9;22;10;23];[11;17;12;16];[13;3;14;2];[15;13;16;12];[17;24;18;1];[19;6;20;7];[21;10;22;11];[23;8;24;9]],12,117,14.44308413
12a_788,[[1;5;2;4];[3;15;4;14];[5;21;6;20];[7;18;8;19];[9;24;10;1];[11;7;12;6];[13;3;14;2];[15;8;16;9];[17;23;18;22];[19;13;20;12];[21;10;22;11];[23;17;24;16]],12,299,21.50450985
12a_789,[[1;5;2;4];[3;15;4;14];[5;20;6;21];[7;22;8;23];[9;17;10;16];[11;19;12;18];[13;3;14;2];[15;13;16;12];[17;11;18;10];[19;24;20;1];[21;6;22;7];[23;8;24;9]],12,109,13.35375231
12a_790,[[1;5;2;4];[3;15;4;14];[5;20;6;21];[7;22;8;23];[9;17;10;16];[11;19;12;18];[13;3;14;2];[15;13;16;12];[17;11;18;10];[19;24;20;1];[21;8;22;9];[23;6;24;7]],12,143,15.25884959
12a_791,[[1;5;2;4];[3;15;4;14];[5;20;6;21];[7;22;8;23];[9;19;10;18];[11;17;12;16];[13;3;14;2];[15;13;16;12];[17;11;18;10];[19;24;20;1];[21;6;22;7];[23;8;24;9]],12,63,9.597383236
12a_792,[[1;5;2;4];[3;15;4;14];[5;20;6;21];[7;22;8;23];[9;19;10;18];[11;17;12;16];[13;3;14;2];[15;13;16;12];[17;11;18;10];[19;24;20;1];[21;8;22;9];[23;6;24;7]],12,85,11.78899569
12a_793,[[1;5;2;4];[3;14;4;15];[5;20;6;21];[7;23;8;22];[9;24;10;1];[11;7;12;6];[13;17;14;16];[15;2;16;3];[17;8;18;9];[19;11;20;10];[21;12;22;13];[23;19;24;18]],12,285,21.21084617
12a_794,[[1;5;2;4];[3;14;4;15];[5;21;6;20];[7;23;8;22];[9;1;10;24];[11;17;12;16];[13;19;14;18];[15;2;16;3];[17;13;18;12];[19;11;20;10];[21;7;22;6];[23;9;24;8]],12,91,12.41819959
12a_795,[[1;5;2;4];[3;14;4;15];[5;21;6;20];[7;23;8;22];[9;1;10;24];[11;17;12;16];[13;19;14;18];[15;2;16;3];[17;13;18;12];[19;11;20;10];[21;9;22;8];[23;7;24;6]],12,137,15.1466335
12a_796,[[1;5;2;4];[3;14;4;15];[5;21;6;20];[7;23;8;22];[9;1;10;24];[11;19;12;18];[13;17;14;16];[15;2;16;3];[17;13;18;12];[19;11;20;10];[21;7;22;6];[23;9;24;8]],12,57,9.398894074
12a_797,[[1;5;2;4];[3;14;4;15];[5;21;6;20];[7;23;8;22];[9;1;10;24];[11;19;12;18];[13;17;14;16];[15;2;16;3];[17;13;18;12];[19;11;20;10];[21;9;22;8];[23;7;24;6]],12,83,11.76618592
12a_798,[[1;5;2;4];[3;14;4;15];[5;21;6;20];[7;1;8;24];[9;19;10;18];[11;23;12;22];[13;17;14;16];[15;2;16;3];[17;9;18;8];[19;13;20;12];[21;7;22;6];[23;11;24;10]],12,213,18.87920273
12a_799,[[1;5;2;4];[3;15;4;14];[5;20;6;21];[7;1;8;24];[9;22;10;23];[11;17;12;16];[13;3;14;2];[15;13;16;12];[17;9;18;8];[19;6;20;7];[21;10;22;11];[23;19;24;18]],12,175,17.71836274
12a_800,[[1;5;2;4];[3;14;4;15];[5;23;6;22];[7;1;8;24];[9;19;10;18];[11;21;12;20];[13;17;14;16];[15;2;16;3];[17;13;18;12];[19;11;20;10];[21;9;22;8];[23;7;24;6]],12,93,13.04863681
12a_801,[[1;5;2;4];[3;14;4;15];[5;23;6;22];[7;1;8;24];[9;21;10;20];[11;17;12;16];[13;19;14;18];[15;2;16;3];[17;13;18;12];[19;9;20;8];[21;11;22;10];[23;7;24;6]],12,135,15.60146987
12a_802,[[1;5;2;4];[3;14;4;15];[5;23;6;22];[7;1;8;24];[9;21;10;20];[11;19;12;18];[13;17;14;16];[15;2;16;3];[17;13;18;12];[19;11;20;10];[21;9;22;8];[23;7;24;6]],12,47,8.619105061
12a_804,[[1;7;2;6];[3;8;4;9];[5;11;6;10];[7;17;8;16];[9;14;10;15];[11;21;12;20];[13;5;14;4];[15;2;16;3];[17;23;18;22];[19;1;20;24];[21;13;22;12];[23;19;24;18]],12,249,20.31022145
12a_805,[[1;7;2;6];[3;8;4;9];[5;11;6;10];[7;16;8;17];[9;19;10;18];[11;20;12;21];[13;22;14;23];[15;24;16;1];[17;3;18;2];[19;4;20;5];[21;12;22;13];[23;14;24;15]],12,129,15.44103523
12a_806,[[1;7;2;6];[3;8;4;9];[5;11;6;10];[7;16;8;17];[9;19;10;18];[11;20;12;21];[13;22;14;23];[15;24;16;1];[17;3;18;2];[19;4;20;5];[21;14;22;15];[23;12;24;13]],12,219,18.97492838
12a_807,[[1;7;2;6];[3;8;4;9];[5;11;6;10];[7;16;8;17];[9;19;10;18];[11;22;12;23];[13;24;14;1];[15;20;16;21];[17;3;18;2];[19;4;20;5];[21;14;22;15];[23;12;24;13]],12,231,19.33572594
12a_808,[[1;7;2;6];[3;8;4;9];[5;11;6;10];[7;16;8;17];[9;19;10;18];[11;24;12;1];[13;22;14;23];[15;20;16;21];[17;3;18;2];[19;4;20;5];[21;14;22;15];[23;12;24;13]],12,141,16.07185858
12a_809,[[1;7;2;6];[3;8;4;9];[5;11;6;10];[7;19;8;18];[9;16;10;17];[11;21;12;20];[13;23;14;22];[15;5;16;4];[17;2;18;3];[19;1;20;24];[21;13;22;12];[23;15;24;14]],12,201,18.19135903
12a_810,[[1;7;2;6];[3;8;4;9];[5;11;6;10];[7;19;8;18];[9;16;10;17];[11;21;12;20];[13;23;14;22];[15;5;16;4];[17;2;18;3];[19;1;20;24];[21;15;22;14];[23;13;24;12]],12,243,19.32407613
12a_811,[[1;7;2;6];[3;9;4;8];[5;13;6;12];[7;3;8;2];[9;17;10;16];[11;5;12;4];[13;21;14;20];[15;11;16;10];[17;23;18;22];[19;1;20;24];[21;15;22;14];[23;19;24;18]],12,145,16.87030862
12a_812,[[1;7;2;6];[3;9;4;8];[5;12;6;13];[7;3;8;2];[9;17;10;16];[11;23;12;22];[13;4;14;5];[15;21;16;20];[17;1;18;24];[19;11;20;10];[21;15;22;14];[23;19;24;18]],12,201,18.89505174
12a_813,[[1;7;2;6];[3;9;4;8];[5;13;6;12];[7;3;8;2];[9;19;10;18];[11;5;12;4];[13;21;14;20];[15;23;16;22];[17;11;18;10];[19;1;20;24];[21;15;22;14];[23;17;24;16]],12,125,14.87523393
12a_814,[[1;7;2;6];[3;9;4;8];[5;13;6;12];[7;3;8;2];[9;19;10;18];[11;5;12;4];[13;21;14;20];[15;23;16;22];[17;11;18;10];[19;1;20;24];[21;17;22;16];[23;15;24;14]],12,159,16.54374938
12a_815,[[1;7;2;6];[3;9;4;8];[5;13;6;12];[7;3;8;2];[9;18;10;19];[11;5;12;4];[13;20;14;21];[15;22;16;23];[17;24;18;1];[19;10;20;11];[21;14;22;15];[23;16;24;17]],12,95,13.5020313
12a_816,[[1;7;2;6];[3;9;4;8];[5;13;6;12];[7;3;8;2];[9;18;10;19];[11;5;12;4];[13;20;14;21];[15;22;16;23];[17;24;18;1];[19;10;20;11];[21;16;22;17];[23;14;24;15]],12,149,16.37056551
12a_817,[[1;7;2;6];[3;9;4;8];[5;13;6;12];[7;3;8;2];[9;23;10;22];[11;5;12;4];[13;19;14;18];[15;21;16;20];[17;1;18;24];[19;15;20;14];[21;11;22;10];[23;17;24;16]],12,145,16.87030862
12a_818,[[1;7;2;6];[3;9;4;8];[5;12;6;13];[7;3;8;2];[9;23;10;22];[11;17;12;16];[13;4;14;5];[15;20;16;21];[17;24;18;1];[19;11;20;10];[21;14;22;15];[23;18;24;19]],12,195,18.77407133
12a_819,[[1;7;2;6];[3;8;4;9];[5;13;6;12];[7;16;8;17];[9;19;10;18];[11;21;12;20];[13;22;14;23];[15;24;16;1];[17;3;18;2];[19;11;20;10];[21;4;22;5];[23;14;24;15]],12,169,17.16024317
12a_820,[[1;7;2;6];[3;8;4;9];[5;13;6;12];[7;16;8;17];[9;19;10;18];[11;21;12;20];[13;24;14;1];[15;22;16;23];[17;3;18;2];[19;11;20;10];[21;4;22;5];[23;14;24;15]],12,179,17.70078324
12a_821,[[1;7;2;6];[3;8;4;9];[5;13;6;12];[7;16;8;17];[9;21;10;20];[11;19;12;18];[13;24;14;1];[15;22;16;23];[17;3;18;2];[19;11;20;10];[21;4;22;5];[23;14;24;15]],12,193,18.27413278
12a_822,[[1;7;2;6];[3;9;4;8];[5;14;6;15];[7;3;8;2];[9;17;10;16];[11;21;12;20];[13;23;14;22];[15;4;16;5];[17;1;18;24];[19;11;20;10];[21;13;22;12];[23;19;24;18]],12,119,14.11956773
12a_823,[[1;7;2;6];[3;9;4;8];[5;14;6;15];[7;3;8;2];[9;17;10;16];[11;21;12;20];[13;23;14;22];[15;4;16;5];[17;1;18;24];[19;13;20;12];[21;11;22;10];[23;19;24;18]],12,141,15.09970913
12a_824,[[1;7;2;6];[3;9;4;8];[5;15;6;14];[7;3;8;2];[9;18;10;19];[11;20;12;21];[13;5;14;4];[15;22;16;23];[17;24;18;1];[19;10;20;11];[21;12;22;13];[23;16;24;17]],12,107,14.48238219
12a_825,[[1;7;2;6];[3;9;4;8];[5;15;6;14];[7;3;8;2];[9;18;10;19];[11;20;12;21];[13;5;14;4];[15;22;16;23];[17;24;18;1];[19;12;20;13];[21;10;22;11];[23;16;24;17]],12,137,15.7029489
12a_826,[[1;7;2;6];[3;9;4;8];[5;15;6;14];[7;3;8;2];[9;18;10;19];[11;20;12;21];[13;5;14;4];[15;24;16;1];[17;22;18;23];[19;10;20;11];[21;12;22;13];[23;16;24;17]],12,89,12.68964069
12a_827,[[1;7;2;6];[3;9;4;8];[5;15;6;14];[7;3;8;2];[9;18;10;19];[11;20;12;21];[13;5;14;4];[15;24;16;1];[17;22;18;23];[19;12;20;13];[21;10;22;11];[23;16;24;17]],12,99,13.11754376
12a_828,[[1;7;2;6];[3;9;4;8];[5;15;6;14];[7;3;8;2];[9;19;10;18];[11;23;12;22];[13;5;14;4];[15;21;16;20];[17;11;18;10];[19;1;20;24];[21;13;22;12];[23;17;24;16]],12,195,18.68691693
12a_829,[[1;7;2;6];[3;9;4;8];[5;15;6;14];[7;3;8;2];[9;19;10;18];[11;22;12;23];[13;5;14;4];[15;21;16;20];[17;13;18;12];[19;1;20;24];[21;17;22;16];[23;10;24;11]],12,191,18.46099123
12a_830,[[1;7;2;6];[3;9;4;8];[5;15;6;14];[7;3;8;2];[9;18;10;19];[11;22;12;23];[13;5;14;4];[15;20;16;21];[17;24;18;1];[19;12;20;13];[21;16;22;17];[23;10;24;11]],12,205,18.84013653
12a_831,[[1;7;2;6];[3;9;4;8];[5;15;6;14];[7;3;8;2];[9;20;10;21];[11;16;12;17];[13;5;14;4];[15;22;16;23];[17;10;18;11];[19;24;20;1];[21;12;22;13];[23;18;24;19]],12,205,18.84013653
12a_832,[[1;7;2;6];[3;9;4;8];[5;15;6;14];[7;3;8;2];[9;23;10;22];[11;16;12;17];[13;5;14;4];[15;21;16;20];[17;10;18;11];[19;1;20;24];[21;13;22;12];[23;19;24;18]],12,191,18.46099123
12a_833,[[1;7;2;6];[3;8;4;9];[5;14;6;15];[7;17;8;16];[9;4;10;5];[11;21;12;20];[13;23;14;22];[15;2;16;3];[17;1;18;24];[19;11;20;10];[21;13;22;12];[23;19;24;18]],12,151,16.21115913
12a_834,[[1;7;2;6];[3;8;4;9];[5;14;6;15];[7;17;8;16];[9;4;10;5];[11;21;12;20];[13;23;14;22];[15;2;16;3];[17;1;18;24];[19;13;20;12];[21;11;22;10];[23;19;24;18]],12,173,16.88715448
12a_835,[[1;7;2;6];[3;9;4;8];[5;17;6;16];[7;3;8;2];[9;18;10;19];[11;20;12;21];[13;22;14;23];[15;5;16;4];[17;24;18;1];[19;10;20;11];[21;12;22;13];[23;14;24;15]],12,71,10.85275762
12a_836,[[1;7;2;6];[3;9;4;8];[5;17;6;16];[7;3;8;2];[9;18;10;19];[11;20;12;21];[13;22;14;23];[15;5;16;4];[17;24;18;1];[19;10;20;11];[21;14;22;15];[23;12;24;13]],12,125,14.69501592
12a_837,[[1;7;2;6];[3;9;4;8];[5;17;6;16];[7;3;8;2];[9;18;10;19];[11;20;12;21];[13;22;14;23];[15;5;16;4];[17;24;18;1];[19;14;20;15];[21;12;22;13];[23;10;24;11]],12,145,15.45639109
12a_838,[[1;7;2;6];[3;9;4;8];[5;16;6;17];[7;3;8;2];[9;19;10;18];[11;21;12;20];[13;23;14;22];[15;1;16;24];[17;4;18;5];[19;11;20;10];[21;13;22;12];[23;15;24;14]],12,41,7.98933933
12a_839,[[1;7;2;6];[3;9;4;8];[5;16;6;17];[7;3;8;2];[9;19;10;18];[11;21;12;20];[13;23;14;22];[15;1;16;24];[17;4;18;5];[19;11;20;10];[21;15;22;14];[23;13;24;12]],12,83,12.51530812
12a_840,[[1;7;2;6];[3;9;4;8];[5;16;6;17];[7;3;8;2];[9;19;10;18];[11;21;12;20];[13;23;14;22];[15;1;16;24];[17;4;18;5];[19;15;20;14];[21;13;22;12];[23;11;24;10]],12,127,14.80020733
12a_841,[[1;7;2;6];[3;9;4;8];[5;16;6;17];[7;3;8;2];[9;19;10;18];[11;21;12;20];[13;1;14;24];[15;23;16;22];[17;4;18;5];[19;13;20;12];[21;11;22;10];[23;15;24;14]],12,129,15.41786108
12a_842,[[1;7;2;6];[3;9;4;8];[5;17;6;16];[7;3;8;2];[9;18;10;19];[11;22;12;23];[13;20;14;21];[15;5;16;4];[17;24;18;1];[19;14;20;15];[21;12;22;13];[23;10;24;11]],12,91,12.23182362
12a_843,[[1;7;2;6];[3;9;4;8];[5;16;6;17];[7;3;8;2];[9;19;10;18];[11;23;12;22];[13;21;14;20];[15;1;16;24];[17;4;18;5];[19;15;20;14];[21;13;22;12];[23;11;24;10]],12,85,12.13809065
12a_844,[[1;7;2;6];[3;9;4;8];[5;17;6;16];[7;3;8;2];[9;20;10;21];[11;19;12;18];[13;22;14;23];[15;5;16;4];[17;13;18;12];[19;24;20;1];[21;14;22;15];[23;10;24;11]],12,203,19.10812573
12a_845,[[1;7;2;6];[3;9;4;8];[5;17;6;16];[7;3;8;2];[9;20;10;21];[11;18;12;19];[13;22;14;23];[15;5;16;4];[17;24;18;1];[19;10;20;11];[21;14;22;15];[23;12;24;13]],12,111,14.92439881
12a_846,[[1;7;2;6];[3;9;4;8];[5;17;6;16];[7;3;8;2];[9;20;10;21];[11;1;12;24];[13;18;14;19];[15;5;16;4];[17;22;18;23];[19;10;20;11];[21;14;22;15];[23;13;24;12]],12,203,19.10812573
12a_847,[[1;7;2;6];[3;9;4;8];[5;17;6;16];[7;3;8;2];[9;20;10;21];[11;1;12;24];[13;22;14;23];[15;5;16;4];[17;13;18;12];[19;10;20;11];[21;14;22;15];[23;19;24;18]],12,189,18.78105773
12a_848,[[1;7;2;6];[3;8;4;9];[5;17;6;16];[7;14;8;15];[9;4;10;5];[11;20;12;21];[13;22;14;23];[15;3;16;2];[17;24;18;1];[19;10;20;11];[21;12;22;13];[23;18;24;19]],12,161,16.55625917
12a_849,[[1;7;2;6];[3;8;4;9];[5;17;6;16];[7;14;8;15];[9;4;10;5];[11;20;12;21];[13;22;14;23];[15;3;16;2];[17;24;18;1];[19;12;20;13];[21;10;22;11];[23;18;24;19]],12,187,17.36194817
12a_850,[[1;7;2;6];[3;8;4;9];[5;16;6;17];[7;19;8;18];[9;4;10;5];[11;21;12;20];[13;23;14;22];[15;1;16;24];[17;2;18;3];[19;11;20;10];[21;13;22;12];[23;15;24;14]],12,89,12.86846481
12a_851,[[1;7;2;6];[3;8;4;9];[5;16;6;17];[7;19;8;18];[9;4;10;5];[11;21;12;20];[13;23;14;22];[15;1;16;24];[17;2;18;3];[19;11;20;10];[21;15;22;14];[23;13;24;12]],12,163,16.89814934
12a_852,[[1;7;2;6];[3;8;4;9];[5;16;6;17];[7;19;8;18];[9;4;10;5];[11;21;12;20];[13;23;14;22];[15;1;16;24];[17;2;18;3];[19;15;20;14];[21;13;22;12];[23;11;24;10]],12,207,18.15262559
12a_853,[[1;7;2;6];[3;8;4;9];[5;16;6;17];[7;19;8;18];[9;4;10;5];[11;21;12;20];[13;1;14;24];[15;23;16;22];[17;2;18;3];[19;13;20;12];[21;11;22;10];[23;15;24;14]],12,177,18.06115665
12a_854,[[1;7;2;6];[3;8;4;9];[5;16;6;17];[7;19;8;18];[9;4;10;5];[11;23;12;22];[13;21;14;20];[15;1;16;24];[17;2;18;3];[19;15;20;14];[21;13;22;12];[23;11;24;10]],12,133,15.12979314
12a_855,[[1;7;2;6];[3;8;4;9];[5;16;6;17];[7;21;8;20];[9;18;10;19];[11;4;12;5];[13;23;14;22];[15;1;16;24];[17;10;18;11];[19;2;20;3];[21;13;22;12];[23;15;24;14]],12,171,17.38952375
12a_856,[[1;7;2;6];[3;8;4;9];[5;16;6;17];[7;21;8;20];[9;18;10;19];[11;4;12;5];[13;23;14;22];[15;1;16;24];[17;10;18;11];[19;2;20;3];[21;15;22;14];[23;13;24;12]],12,233,19.31160041
12a_857,[[1;7;2;6];[3;8;4;9];[5;16;6;17];[7;23;8;22];[9;18;10;19];[11;20;12;21];[13;4;14;5];[15;1;16;24];[17;12;18;13];[19;10;20;11];[21;2;22;3];[23;15;24;14]],12,239,19.62753151
12a_858,[[1;7;2;6];[3;8;4;9];[5;16;6;17];[7;23;8;22];[9;20;10;21];[11;18;12;19];[13;4;14;5];[15;1;16;24];[17;12;18;13];[19;10;20;11];[21;2;22;3];[23;15;24;14]],12,165,17.17433907
12a_859,[[1;7;2;6];[3;8;4;9];[5;19;6;18];[7;16;8;17];[9;4;10;5];[11;20;12;21];[13;22;14;23];[15;24;16;1];[17;3;18;2];[19;10;20;11];[21;12;22;13];[23;14;24;15]],12,79,12.19660755
12a_860,[[1;7;2;6];[3;8;4;9];[5;19;6;18];[7;16;8;17];[9;4;10;5];[11;20;12;21];[13;22;14;23];[15;24;16;1];[17;3;18;2];[19;10;20;11];[21;14;22;15];[23;12;24;13]],12,149,16.37755054
12a_861,[[1;7;2;6];[3;8;4;9];[5;19;6;18];[7;16;8;17];[9;4;10;5];[11;20;12;21];[13;22;14;23];[15;24;16;1];[17;3;18;2];[19;14;20;15];[21;12;22;13];[23;10;24;11]],12,201,17.9930871
12a_862,[[1;7;2;6];[3;8;4;9];[5;19;6;18];[7;16;8;17];[9;4;10;5];[11;20;12;21];[13;24;14;1];[15;22;16;23];[17;3;18;2];[19;12;20;13];[21;10;22;11];[23;14;24;15]],12,183,18.17787719
12a_863,[[1;7;2;6];[3;8;4;9];[5;19;6;18];[7;16;8;17];[9;4;10;5];[11;22;12;23];[13;20;14;21];[15;24;16;1];[17;3;18;2];[19;14;20;15];[21;12;22;13];[23;10;24;11]],12,131,15.10662962
12a_864,[[1;7;2;6];[3;8;4;9];[5;21;6;20];[7;16;8;17];[9;19;10;18];[11;4;12;5];[13;22;14;23];[15;24;16;1];[17;3;18;2];[19;11;20;10];[21;12;22;13];[23;14;24;15]],12,159,16.78713041
12a_865,[[1;7;2;6];[3;8;4;9];[5;21;6;20];[7;16;8;17];[9;19;10;18];[11;4;12;5];[13;22;14;23];[15;24;16;1];[17;3;18;2];[19;11;20;10];[21;14;22;15];[23;12;24;13]],12,229,19.23153616
12a_866,[[1;7;2;6];[3;10;4;11];[5;13;6;12];[7;14;8;15];[9;18;10;19];[11;21;12;20];[13;24;14;1];[15;8;16;9];[17;22;18;23];[19;3;20;2];[21;4;22;5];[23;16;24;17]],12,295,21.67260168
12a_867,[[1;7;2;6];[3;10;4;11];[5;13;6;12];[7;14;8;15];[9;20;10;21];[11;19;12;18];[13;24;14;1];[15;23;16;22];[17;3;18;2];[19;4;20;5];[21;17;22;16];[23;8;24;9]],12,313,22.03959889
12a_868,[[1;7;2;6];[3;10;4;11];[5;13;6;12];[7;17;8;16];[9;14;10;15];[11;20;12;21];[13;19;14;18];[15;22;16;23];[17;1;18;24];[19;5;20;4];[21;2;22;3];[23;8;24;9]],12,377,23.43868771
12a_869,[[1;7;2;6];[3;10;4;11];[5;13;6;12];[7;16;8;17];[9;18;10;19];[11;21;12;20];[13;22;14;23];[15;24;16;1];[17;8;18;9];[19;3;20;2];[21;4;22;5];[23;14;24;15]],12,161,16.94960612
12a_870,[[1;7;2;6];[3;10;4;11];[5;13;6;12];[7;16;8;17];[9;18;10;19];[11;21;12;20];[13;24;14;1];[15;22;16;23];[17;8;18;9];[19;3;20;2];[21;4;22;5];[23;14;24;15]],12,187,18.11633556
12a_871,[[1;7;2;6];[3;10;4;11];[5;13;6;12];[7;16;8;17];[9;20;10;21];[11;19;12;18];[13;22;14;23];[15;24;16;1];[17;3;18;2];[19;4;20;5];[21;8;22;9];[23;14;24;15]],12,223,19.59453668
12a_872,[[1;7;2;6];[3;10;4;11];[5;13;6;12];[7;16;8;17];[9;20;10;21];[11;19;12;18];[13;24;14;1];[15;22;16;23];[17;3;18;2];[19;4;20;5];[21;8;22;9];[23;14;24;15]],12,197,18.84057565
12a_873,[[1;7;2;6];[3;10;4;11];[5;12;6;13];[7;17;8;16];[9;23;10;22];[11;4;12;5];[13;2;14;3];[15;21;16;20];[17;1;18;24];[19;9;20;8];[21;15;22;14];[23;19;24;18]],12,189,17.6988421
12a_874,[[1;7;2;6];[3;10;4;11];[5;13;6;12];[7;16;8;17];[9;22;10;23];[11;19;12;18];[13;20;14;21];[15;24;16;1];[17;3;18;2];[19;4;20;5];[21;14;22;15];[23;8;24;9]],12,283,21.38301879
12a_875,[[1;7;2;6];[3;10;4;11];[5;13;6;12];[7;17;8;16];[9;23;10;22];[11;20;12;21];[13;19;14;18];[15;9;16;8];[17;1;18;24];[19;5;20;4];[21;2;22;3];[23;15;24;14]],12,307,21.95538923
12a_876,[[1;7;2;6];[3;11;4;10];[5;13;6;12];[7;19;8;18];[9;3;10;2];[11;5;12;4];[13;21;14;20];[15;23;16;22];[17;9;18;8];[19;1;20;24];[21;15;22;14];[23;17;24;16]],12,105,12.93748451
12a_877,[[1;7;2;6];[3;11;4;10];[5;13;6;12];[7;19;8;18];[9;3;10;2];[11;5;12;4];[13;21;14;20];[15;23;16;22];[17;9;18;8];[19;1;20;24];[21;17;22;16];[23;15;24;14]],12,131,14.49087993
12a_878,[[1;7;2;6];[3;11;4;10];[5;13;6;12];[7;18;8;19];[9;3;10;2];[11;5;12;4];[13;20;14;21];[15;22;16;23];[17;24;18;1];[19;8;20;9];[21;14;22;15];[23;16;24;17]],12,75,11.19534434
12a_879,[[1;7;2;6];[3;11;4;10];[5;13;6;12];[7;18;8;19];[9;3;10;2];[11;5;12;4];[13;20;14;21];[15;22;16;23];[17;24;18;1];[19;8;20;9];[21;16;22;17];[23;14;24;15]],12,121,14.27530942
12a_880,[[1;7;2;6];[3;11;4;10];[5;13;6;12];[7;19;8;18];[9;5;10;4];[11;3;12;2];[13;21;14;20];[15;23;16;22];[17;9;18;8];[19;1;20;24];[21;17;22;16];[23;15;24;14]],12,161,15.85540697
12a_881,[[1;7;2;6];[3;11;4;10];[5;13;6;12];[7;18;8;19];[9;5;10;4];[11;3;12;2];[13;20;14;21];[15;22;16;23];[17;24;18;1];[19;8;20;9];[21;14;22;15];[23;16;24;17]],12,89,12.3199086
12a_882,[[1;7;2;6];[3;11;4;10];[5;13;6;12];[7;18;8;19];[9;5;10;4];[11;3;12;2];[13;20;14;21];[15;22;16;23];[17;24;18;1];[19;8;20;9];[21;16;22;17];[23;14;24;15]],12,147,15.58218549
12a_883,[[1;7;2;6];[3;10;4;11];[5;13;6;12];[7;18;8;19];[9;16;10;17];[11;21;12;20];[13;24;14;1];[15;22;16;23];[17;8;18;9];[19;3;20;2];[21;4;22;5];[23;14;24;15]],12,185,18.34392959
12a_884,[[1;7;2;6];[3;10;4;11];[5;13;6;12];[7;19;8;18];[9;22;10;23];[11;16;12;17];[13;21;14;20];[15;5;16;4];[17;2;18;3];[19;1;20;24];[21;15;22;14];[23;8;24;9]],12,299,22.02877523
12a_885,[[1;7;2;6];[3;10;4;11];[5;13;6;12];[7;23;8;22];[9;14;10;15];[11;20;12;21];[13;19;14;18];[15;8;16;9];[17;1;18;24];[19;5;20;4];[21;2;22;3];[23;17;24;16]],12,287,21.54161756
12a_886,[[1;7;2;6];[3;10;4;11];[5;12;6;13];[7;23;8;22];[9;17;10;16];[11;4;12;5];[13;2;14;3];[15;20;16;21];[17;24;18;1];[19;9;20;8];[21;14;22;15];[23;18;24;19]],12,207,18.21861978
12a_887,[[1;7;2;6];[3;10;4;11];[5;13;6;12];[7;23;8;22];[9;16;10;17];[11;19;12;18];[13;24;14;1];[15;20;16;21];[17;3;18;2];[19;4;20;5];[21;9;22;8];[23;14;24;15]],12,289,21.4390241
12a_888,[[1;7;2;6];[3;10;4;11];[5;13;6;12];[7;23;8;22];[9;20;10;21];[11;19;12;18];[13;24;14;1];[15;9;16;8];[17;3;18;2];[19;4;20;5];[21;17;22;16];[23;14;24;15]],12,303,21.81742341
12a_889,[[1;7;2;6];[3;10;4;11];[5;13;6;12];[7;1;8;24];[9;16;10;17];[11;19;12;18];[13;20;14;21];[15;22;16;23];[17;3;18;2];[19;4;20;5];[21;14;22;15];[23;9;24;8]],12,167,17.60494123
12a_890,[[1;7;2;6];[3;10;4;11];[5;13;6;12];[7;1;8;24];[9;16;10;17];[11;19;12;18];[13;22;14;23];[15;20;16;21];[17;3;18;2];[19;4;20;5];[21;14;22;15];[23;9;24;8]],12,205,18.90966258
12a_891,[[1;7;2;6];[3;10;4;11];[5;13;6;12];[7;1;8;24];[9;20;10;21];[11;19;12;18];[13;9;14;8];[15;23;16;22];[17;3;18;2];[19;4;20;5];[21;15;22;14];[23;17;24;16]],12,233,19.94468109
12a_892,[[1;7;2;6];[3;10;4;11];[5;13;6;12];[7;1;8;24];[9;20;10;21];[11;19;12;18];[13;9;14;8];[15;23;16;22];[17;3;18;2];[19;4;20;5];[21;17;22;16];[23;15;24;14]],12,227,19.70667043
12a_893,[[1;7;2;6];[3;10;4;11];[5;13;6;12];[7;1;8;24];[9;22;10;23];[11;16;12;17];[13;21;14;20];[15;5;16;4];[17;2;18;3];[19;8;20;9];[21;15;22;14];[23;18;24;19]],12,309,22.16093104
12a_894,[[1;7;2;6];[3;10;4;11];[5;13;6;12];[7;1;8;24];[9;22;10;23];[11;19;12;18];[13;20;14;21];[15;9;16;8];[17;3;18;2];[19;4;20;5];[21;14;22;15];[23;17;24;16]],12,273,21.14629297
12a_895,[[1;7;2;6];[3;10;4;11];[5;14;6;15];[7;17;8;16];[9;21;10;20];[11;4;12;5];[13;23;14;22];[15;2;16;3];[17;1;18;24];[19;9;20;8];[21;13;22;12];[23;19;24;18]],12,243,20.40896208
12a_896,[[1;7;2;6];[3;10;4;11];[5;15;6;14];[7;16;8;17];[9;22;10;23];[11;19;12;18];[13;21;14;20];[15;24;16;1];[17;3;18;2];[19;13;20;12];[21;4;22;5];[23;8;24;9]],12,203,18.98947239
12a_897,[[1;7;2;6];[3;10;4;11];[5;15;6;14];[7;16;8;17];[9;22;10;23];[11;21;12;20];[13;19;14;18];[15;24;16;1];[17;3;18;2];[19;13;20;12];[21;4;22;5];[23;8;24;9]],12,217,19.27761428
12a_898,[[1;7;2;6];[3;11;4;10];[5;15;6;14];[7;18;8;19];[9;3;10;2];[11;20;12;21];[13;5;14;4];[15;22;16;23];[17;24;18;1];[19;8;20;9];[21;12;22;13];[23;16;24;17]],12,167,17.5314016
12a_899,[[1;7;2;6];[3;11;4;10];[5;15;6;14];[7;18;8;19];[9;3;10;2];[11;20;12;21];[13;5;14;4];[15;24;16;1];[17;22;18;23];[19;8;20;9];[21;12;22;13];[23;16;24;17]],12,173,17.9473908
12a_900,[[1;7;2;6];[3;11;4;10];[5;15;6;14];[7;19;8;18];[9;3;10;2];[11;23;12;22];[13;5;14;4];[15;21;16;20];[17;9;18;8];[19;1;20;24];[21;13;22;12];[23;17;24;16]],12,247,20.49843885
12a_901,[[1;7;2;6];[3;11;4;10];[5;15;6;14];[7;18;8;19];[9;5;10;4];[11;20;12;21];[13;3;14;2];[15;22;16;23];[17;24;18;1];[19;12;20;13];[21;8;22;9];[23;16;24;17]],12,223,19.49141459
12a_902,[[1;7;2;6];[3;11;4;10];[5;15;6;14];[7;18;8;19];[9;5;10;4];[11;20;12;21];[13;3;14;2];[15;24;16;1];[17;22;18;23];[19;12;20;13];[21;8;22;9];[23;16;24;17]],12,213,19.21336834
12a_903,[[1;7;2;6];[3;11;4;10];[5;14;6;15];[7;21;8;20];[9;3;10;2];[11;19;12;18];[13;1;14;24];[15;4;16;5];[17;23;18;22];[19;9;20;8];[21;13;22;12];[23;17;24;16]],12,249,20.580749
12a_904,[[1;7;2;6];[3;10;4;11];[5;15;6;14];[7;1;8;24];[9;16;10;17];[11;19;12;18];[13;21;14;20];[15;22;16;23];[17;3;18;2];[19;13;20;12];[21;4;22;5];[23;9;24;8]],12,183,17.96756596
12a_905,[[1;7;2;6];[3;10;4;11];[5;15;6;14];[7;1;8;24];[9;16;10;17];[11;21;12;20];[13;19;14;18];[15;22;16;23];[17;3;18;2];[19;13;20;12];[21;4;22;5];[23;9;24;8]],12,189,18.14685143
12a_906,[[1;7;2;6];[3;10;4;11];[5;14;6;15];[7;1;8;24];[9;19;10;18];[11;4;12;5];[13;21;14;20];[15;2;16;3];[17;22;18;23];[19;13;20;12];[21;9;22;8];[23;16;24;17]],12,245,20.36058483
12a_907,[[1;7;2;6];[3;10;4;11];[5;15;6;14];[7;1;8;24];[9;22;10;23];[11;19;12;18];[13;21;14;20];[15;9;16;8];[17;3;18;2];[19;13;20;12];[21;4;22;5];[23;17;24;16]],12,225,19.6384501
12a_908,[[1;7;2;6];[3;10;4;11];[5;15;6;14];[7;1;8;24];[9;22;10;23];[11;21;12;20];[13;19;14;18];[15;9;16;8];[17;3;18;2];[19;13;20;12];[21;4;22;5];[23;17;24;16]],12,235,19.77779011
12a_909,[[1;7;2;6];[3;11;4;10];[5;16;6;17];[7;3;8;2];[9;18;10;19];[11;21;12;20];[13;23;14;22];[15;1;16;24];[17;8;18;9];[19;4;20;5];[21;13;22;12];[23;15;24;14]],12,105,13.96390574
12a_910,[[1;7;2;6];[3;11;4;10];[5;16;6;17];[7;3;8;2];[9;18;10;19];[11;21;12;20];[13;23;14;22];[15;1;16;24];[17;8;18;9];[19;4;20;5];[21;15;22;14];[23;13;24;12]],12,179,17.52800482
12a_911,[[1;7;2;6];[3;11;4;10];[5;16;6;17];[7;3;8;2];[9;18;10;19];[11;23;12;22];[13;1;14;24];[15;21;16;20];[17;8;18;9];[19;4;20;5];[21;15;22;14];[23;13;24;12]],12,191,17.89250363
12a_912,[[1;7;2;6];[3;11;4;10];[5;16;6;17];[7;3;8;2];[9;18;10;19];[11;1;12;24];[13;23;14;22];[15;21;16;20];[17;8;18;9];[19;4;20;5];[21;15;22;14];[23;13;24;12]],12,117,14.60665745
12a_913,[[1;7;2;6];[3;10;4;11];[5;17;6;16];[7;13;8;12];[9;20;10;21];[11;2;12;3];[13;23;14;22];[15;5;16;4];[17;24;18;1];[19;15;20;14];[21;8;22;9];[23;18;24;19]],12,219,19.85528143
12a_914,[[1;7;2;6];[3;10;4;11];[5;17;6;16];[7;14;8;15];[9;20;10;21];[11;4;12;5];[13;22;14;23];[15;3;16;2];[17;24;18;1];[19;12;20;13];[21;8;22;9];[23;18;24;19]],12,255,20.84338106
12a_915,[[1;7;2;6];[3;10;4;11];[5;16;6;17];[7;15;8;14];[9;23;10;22];[11;2;12;3];[13;21;14;20];[15;1;16;24];[17;4;18;5];[19;9;20;8];[21;13;22;12];[23;19;24;18]],12,271,21.22873035
12a_916,[[1;7;2;6];[3;11;4;10];[5;17;6;16];[7;18;8;19];[9;3;10;2];[11;20;12;21];[13;22;14;23];[15;5;16;4];[17;24;18;1];[19;8;20;9];[21;12;22;13];[23;14;24;15]],12,147,16.66749975
12a_917,[[1;7;2;6];[3;11;4;10];[5;17;6;16];[7;18;8;19];[9;3;10;2];[11;20;12;21];[13;22;14;23];[15;5;16;4];[17;24;18;1];[19;8;20;9];[21;14;22;15];[23;12;24;13]],12,193,18.28296145
12a_918,[[1;7;2;6];[3;11;4;10];[5;17;6;16];[7;18;8;19];[9;5;10;4];[11;20;12;21];[13;22;14;23];[15;3;16;2];[17;24;18;1];[19;14;20;15];[21;12;22;13];[23;8;24;9]],12,247,19.91523379
12a_919,[[1;7;2;6];[3;11;4;10];[5;17;6;16];[7;18;8;19];[9;5;10;4];[11;22;12;23];[13;20;14;21];[15;3;16;2];[17;24;18;1];[19;14;20;15];[21;12;22;13];[23;8;24;9]],12,189,18.30105683
12a_920,[[1;7;2;6];[3;10;4;11];[5;16;6;17];[7;19;8;18];[9;21;10;20];[11;4;12;5];[13;23;14;22];[15;1;16;24];[17;2;18;3];[19;9;20;8];[21;13;22;12];[23;15;24;14]],12,125,15.45837269
12a_921,[[1;7;2;6];[3;10;4;11];[5;16;6;17];[7;19;8;18];[9;21;10;20];[11;4;12;5];[13;23;14;22];[15;1;16;24];[17;2;18;3];[19;9;20;8];[21;15;22;14];[23;13;24;12]],12,175,17.50208015
12a_922,[[1;7;2;6];[3;10;4;11];[5;16;6;17];[7;19;8;18];[9;23;10;22];[11;4;12;5];[13;21;14;20];[15;1;16;24];[17;2;18;3];[19;15;20;14];[21;9;22;8];[23;13;24;12]],12,283,21.48032877
12a_923,[[1;7;2;6];[3;11;4;10];[5;16;6;17];[7;21;8;20];[9;3;10;2];[11;19;12;18];[13;23;14;22];[15;1;16;24];[17;4;18;5];[19;9;20;8];[21;13;22;12];[23;15;24;14]],12,135,15.81536134
12a_924,[[1;7;2;6];[3;11;4;10];[5;16;6;17];[7;21;8;20];[9;3;10;2];[11;19;12;18];[13;23;14;22];[15;1;16;24];[17;4;18;5];[19;9;20;8];[21;15;22;14];[23;13;24;12]],12,189,17.92242492
12a_925,[[1;7;2;6];[3;11;4;10];[5;17;6;16];[7;20;8;21];[9;3;10;2];[11;22;12;23];[13;18;14;19];[15;5;16;4];[17;24;18;1];[19;12;20;13];[21;8;22;9];[23;14;24;15]],12,245,20.39125449
12a_926,[[1;7;2;6];[3;10;4;11];[5;16;6;17];[7;21;8;20];[9;19;10;18];[11;4;12;5];[13;23;14;22];[15;1;16;24];[17;2;18;3];[19;9;20;8];[21;13;22;12];[23;15;24;14]],12,127,15.41602726
12a_927,[[1;7;2;6];[3;10;4;11];[5;16;6;17];[7;21;8;20];[9;19;10;18];[11;4;12;5];[13;23;14;22];[15;1;16;24];[17;2;18;3];[19;9;20;8];[21;15;22;14];[23;13;24;12]],12,165,16.94406735
12a_928,[[1;7;2;6];[3;10;4;11];[5;16;6;17];[7;20;8;21];[9;23;10;22];[11;2;12;3];[13;8;14;9];[15;1;16;24];[17;4;18;5];[19;14;20;15];[21;13;22;12];[23;19;24;18]],12,309,22.18826378
12a_929,[[1;7;2;6];[3;10;4;11];[5;16;6;17];[7;21;8;20];[9;23;10;22];[11;18;12;19];[13;4;14;5];[15;1;16;24];[17;12;18;13];[19;2;20;3];[21;9;22;8];[23;15;24;14]],12,203,18.93211331
12a_930,[[1;7;2;6];[3;11;4;10];[5;16;6;17];[7;23;8;22];[9;3;10;2];[11;19;12;18];[13;21;14;20];[15;1;16;24];[17;4;18;5];[19;13;20;12];[21;9;22;8];[23;15;24;14]],12,147,17.04490205
12a_931,[[1;7;2;6];[3;11;4;10];[5;16;6;17];[7;23;8;22];[9;3;10;2];[11;21;12;20];[13;19;14;18];[15;1;16;24];[17;4;18;5];[19;13;20;12];[21;9;22;8];[23;15;24;14]],12,177,18.1859285
12a_932,[[1;7;2;6];[3;10;4;11];[5;17;6;16];[7;23;8;22];[9;15;10;14];[11;2;12;3];[13;20;14;21];[15;5;16;4];[17;24;18;1];[19;9;20;8];[21;12;22;13];[23;18;24;19]],12,211,19.40533681
12a_933,[[1;7;2;6];[3;10;4;11];[5;17;6;16];[7;23;8;22];[9;14;10;15];[11;4;12;5];[13;20;14;21];[15;3;16;2];[17;24;18;1];[19;12;20;13];[21;9;22;8];[23;18;24;19]],12,227,20.05649982
12a_934,[[1;7;2;6];[3;10;4;11];[5;16;6;17];[7;23;8;22];[9;19;10;18];[11;4;12;5];[13;21;14;20];[15;1;16;24];[17;2;18;3];[19;13;20;12];[21;9;22;8];[23;15;24;14]],12,235,19.98581964
12a_935,[[1;7;2;6];[3;10;4;11];[5;17;6;16];[7;23;8;22];[9;20;10;21];[11;2;12;3];[13;8;14;9];[15;5;16;4];[17;24;18;1];[19;15;20;14];[21;12;22;13];[23;18;24;19]],12,269,21.15572863
12a_936,[[1;7;2;6];[3;10;4;11];[5;16;6;17];[7;23;8;22];[9;21;10;20];[11;18;12;19];[13;4;14;5];[15;1;16;24];[17;12;18;13];[19;2;20;3];[21;9;22;8];[23;15;24;14]],12,201,18.59456317
12a_937,[[1;7;2;6];[3;11;4;10];[5;16;6;17];[7;1;8;24];[9;3;10;2];[11;19;12;18];[13;21;14;20];[15;23;16;22];[17;4;18;5];[19;13;20;12];[21;15;22;14];[23;9;24;8]],12,79,11.97258301
12a_938,[[1;7;2;6];[3;11;4;10];[5;16;6;17];[7;1;8;24];[9;3;10;2];[11;19;12;18];[13;21;14;20];[15;23;16;22];[17;4;18;5];[19;15;20;14];[21;13;22;12];[23;9;24;8]],12,133,15.29089421
12a_939,[[1;7;2;6];[3;11;4;10];[5;17;6;16];[7;1;8;24];[9;5;10;4];[11;22;12;23];[13;20;14;21];[15;3;16;2];[17;9;18;8];[19;14;20;15];[21;12;22;13];[23;19;24;18]],12,159,16.66325445
12a_940,[[1;7;2;6];[3;11;4;10];[5;16;6;17];[7;1;8;24];[9;5;10;4];[11;23;12;22];[13;21;14;20];[15;8;16;9];[17;2;18;3];[19;15;20;14];[21;13;22;12];[23;18;24;19]],12,165,16.74008743
12a_941,[[1;7;2;6];[3;10;4;11];[5;16;6;17];[7;1;8;24];[9;19;10;18];[11;4;12;5];[13;21;14;20];[15;23;16;22];[17;2;18;3];[19;13;20;12];[21;15;22;14];[23;9;24;8]],12,135,15.61247357
12a_942,[[1;7;2;6];[3;10;4;11];[5;16;6;17];[7;1;8;24];[9;19;10;18];[11;4;12;5];[13;21;14;20];[15;23;16;22];[17;2;18;3];[19;15;20;14];[21;13;22;12];[23;9;24;8]],12,173,17.14699844
12a_943,[[1;7;2;6];[3;10;4;11];[5;16;6;17];[7;1;8;24];[9;21;10;20];[11;18;12;19];[13;4;14;5];[15;23;16;22];[17;12;18;13];[19;2;20;3];[21;15;22;14];[23;9;24;8]],12,221,19.51783133
12a_944,[[1;7;2;6];[3;11;4;10];[5;19;6;18];[7;3;8;2];[9;17;10;16];[11;20;12;21];[13;22;14;23];[15;5;16;4];[17;9;18;8];[19;24;20;1];[21;12;22;13];[23;14;24;15]],12,165,16.75052299
12a_945,[[1;7;2;6];[3;11;4;10];[5;19;6;18];[7;3;8;2];[9;17;10;16];[11;20;12;21];[13;22;14;23];[15;5;16;4];[17;9;18;8];[19;24;20;1];[21;14;22;15];[23;12;24;13]],12,199,17.87950579
12a_946,[[1;7;2;6];[3;11;4;10];[5;18;6;19];[7;15;8;14];[9;3;10;2];[11;21;12;20];[13;9;14;8];[15;23;16;22];[17;1;18;24];[19;4;20;5];[21;13;22;12];[23;17;24;16]],12,151,17.04447317
12a_947,[[1;7;2;6];[3;11;4;10];[5;18;6;19];[7;15;8;14];[9;3;10;2];[11;21;12;20];[13;9;14;8];[15;1;16;24];[17;23;18;22];[19;4;20;5];[21;13;22;12];[23;17;24;16]],12,157,17.23730254
12a_948,[[1;7;2;6];[3;11;4;10];[5;19;6;18];[7;15;8;14];[9;3;10;2];[11;22;12;23];[13;9;14;8];[15;20;16;21];[17;5;18;4];[19;24;20;1];[21;12;22;13];[23;16;24;17]],12,251,20.83639323
12a_949,[[1;7;2;6];[3;10;4;11];[5;18;6;19];[7;15;8;14];[9;21;10;20];[11;4;12;5];[13;9;14;8];[15;23;16;22];[17;1;18;24];[19;2;20;3];[21;13;22;12];[23;17;24;16]],12,207,18.95854716
12a_950,[[1;7;2;6];[3;10;4;11];[5;18;6;19];[7;15;8;14];[9;21;10;20];[11;4;12;5];[13;9;14;8];[15;1;16;24];[17;23;18;22];[19;2;20;3];[21;13;22;12];[23;17;24;16]],12,197,18.70544705
12a_951,[[1;7;2;6];[3;10;4;11];[5;19;6;18];[7;14;8;15];[9;20;10;21];[11;4;12;5];[13;24;14;1];[15;23;16;22];[17;3;18;2];[19;12;20;13];[21;17;22;16];[23;8;24;9]],12,295,21.6046001
12a_952,[[1;7;2;6];[3;11;4;10];[5;18;6;19];[7;17;8;16];[9;3;10;2];[11;21;12;20];[13;23;14;22];[15;9;16;8];[17;1;18;24];[19;4;20;5];[21;13;22;12];[23;15;24;14]],12,123,15.68458933
12a_953,[[1;7;2;6];[3;11;4;10];[5;18;6;19];[7;17;8;16];[9;3;10;2];[11;21;12;20];[13;23;14;22];[15;9;16;8];[17;1;18;24];[19;4;20;5];[21;15;22;14];[23;13;24;12]],12,185,18.14615104
12a_954,[[1;7;2;6];[3;10;4;11];[5;18;6;19];[7;17;8;16];[9;21;10;20];[11;4;12;5];[13;23;14;22];[15;9;16;8];[17;1;18;24];[19;2;20;3];[21;13;22;12];[23;15;24;14]],12,211,19.09747931
12a_955,[[1;7;2;6];[3;10;4;11];[5;18;6;19];[7;17;8;16];[9;21;10;20];[11;4;12;5];[13;23;14;22];[15;9;16;8];[17;1;18;24];[19;2;20;3];[21;15;22;14];[23;13;24;12]],12,193,18.88512297
12a_956,[[1;7;2;6];[3;10;4;11];[5;19;6;18];[7;16;8;17];[9;20;10;21];[11;4;12;5];[13;22;14;23];[15;24;16;1];[17;3;18;2];[19;12;20;13];[21;8;22;9];[23;14;24;15]],12,209,18.98784379
12a_957,[[1;7;2;6];[3;10;4;11];[5;19;6;18];[7;16;8;17];[9;20;10;21];[11;4;12;5];[13;24;14;1];[15;22;16;23];[17;3;18;2];[19;12;20;13];[21;8;22;9];[23;14;24;15]],12,203,18.92945227
12a_958,[[1;7;2;6];[3;10;4;11];[5;19;6;18];[7;16;8;17];[9;22;10;23];[11;4;12;5];[13;20;14;21];[15;24;16;1];[17;3;18;2];[19;12;20;13];[21;14;22;15];[23;8;24;9]],12,197,18.82495664
12a_959,[[1;7;2;6];[3;10;4;11];[5;19;6;18];[7;16;8;17];[9;22;10;23];[11;4;12;5];[13;20;14;21];[15;24;16;1];[17;3;18;2];[19;14;20;15];[21;12;22;13];[23;8;24;9]],12,215,19.51654304
12a_960,[[1;7;2;6];[3;10;4;11];[5;18;6;19];[7;17;8;16];[9;23;10;22];[11;20;12;21];[13;4;14;5];[15;9;16;8];[17;1;18;24];[19;12;20;13];[21;2;22;3];[23;15;24;14]],12,281,21.19264064
12a_961,[[1;7;2;6];[3;10;4;11];[5;18;6;19];[7;21;8;20];[9;14;10;15];[11;4;12;5];[13;23;14;22];[15;8;16;9];[17;1;18;24];[19;2;20;3];[21;17;22;16];[23;13;24;12]],12,277,21.46176239
12a_962,[[1;7;2;6];[3;11;4;10];[5;19;6;18];[7;23;8;22];[9;3;10;2];[11;16;12;17];[13;24;14;1];[15;20;16;21];[17;5;18;4];[19;12;20;13];[21;9;22;8];[23;14;24;15]],12,239,20.17565191
12a_963,[[1;7;2;6];[3;10;4;11];[5;18;6;19];[7;23;8;22];[9;14;10;15];[11;20;12;21];[13;4;14;5];[15;8;16;9];[17;1;18;24];[19;12;20;13];[21;2;22;3];[23;17;24;16]],12,221,19.73021096
12a_964,[[1;7;2;6];[3;10;4;11];[5;19;6;18];[7;23;8;22];[9;16;10;17];[11;4;12;5];[13;24;14;1];[15;20;16;21];[17;3;18;2];[19;12;20;13];[21;9;22;8];[23;14;24;15]],12,255,20.65011774
12a_965,[[1;7;2;6];[3;10;4;11];[5;19;6;18];[7;23;8;22];[9;20;10;21];[11;4;12;5];[13;24;14;1];[15;9;16;8];[17;3;18;2];[19;12;20;13];[21;17;22;16];[23;14;24;15]],12,297,21.65348503
12a_966,[[1;7;2;6];[3;10;4;11];[5;19;6;18];[7;1;8;24];[9;14;10;15];[11;4;12;5];[13;20;14;21];[15;23;16;22];[17;3;18;2];[19;12;20;13];[21;9;22;8];[23;17;24;16]],12,217,19.46484158
12a_967,[[1;7;2;6];[3;10;4;11];[5;18;6;19];[7;1;8;24];[9;14;10;15];[11;20;12;21];[13;4;14;5];[15;22;16;23];[17;8;18;9];[19;12;20;13];[21;2;22;3];[23;16;24;17]],12,253,20.57388445
12a_968,[[1;7;2;6];[3;10;4;11];[5;19;6;18];[7;1;8;24];[9;17;10;16];[11;2;12;3];[13;20;14;21];[15;22;16;23];[17;5;18;4];[19;9;20;8];[21;14;22;15];[23;12;24;13]],12,193,18.27214913
12a_969,[[1;7;2;6];[3;10;4;11];[5;19;6;18];[7;1;8;24];[9;17;10;16];[11;2;12;3];[13;22;14;23];[15;20;16;21];[17;5;18;4];[19;9;20;8];[21;14;22;15];[23;12;24;13]],12,139,16.25182334
12a_970,[[1;7;2;6];[3;10;4;11];[5;19;6;18];[7;1;8;24];[9;16;10;17];[11;4;12;5];[13;20;14;21];[15;22;16;23];[17;3;18;2];[19;12;20;13];[21;14;22;15];[23;9;24;8]],12,105,14.30945503
12a_971,[[1;7;2;6];[3;10;4;11];[5;19;6;18];[7;1;8;24];[9;16;10;17];[11;4;12;5];[13;20;14;21];[15;22;16;23];[17;3;18;2];[19;14;20;15];[21;12;22;13];[23;9;24;8]],12,163,16.96705138
12a_972,[[1;7;2;6];[3;10;4;11];[5;19;6;18];[7;1;8;24];[9;22;10;23];[11;4;12;5];[13;20;14;21];[15;9;16;8];[17;3;18;2];[19;12;20;13];[21;14;22;15];[23;17;24;16]],12,183,18.28585199
12a_973,[[1;7;2;6];[3;11;4;10];[5;21;6;20];[7;13;8;12];[9;5;10;4];[11;19;12;18];[13;23;14;22];[15;1;16;24];[17;9;18;8];[19;3;20;2];[21;17;22;16];[23;15;24;14]],12,243,19.72308578
12a_974,[[1;7;2;6];[3;11;4;10];[5;21;6;20];[7;13;8;12];[9;5;10;4];[11;19;12;18];[13;1;14;24];[15;23;16;22];[17;9;18;8];[19;3;20;2];[21;17;22;16];[23;15;24;14]],12,177,17.69862223
12a_975,[[1;7;2;6];[3;10;4;11];[5;20;6;21];[7;13;8;12];[9;16;10;17];[11;2;12;3];[13;19;14;18];[15;22;16;23];[17;8;18;9];[19;1;20;24];[21;4;22;5];[23;14;24;15]],12,225,20.32334039
12a_976,[[1;7;2;6];[3;10;4;11];[5;20;6;21];[7;13;8;12];[9;16;10;17];[11;2;12;3];[13;1;14;24];[15;22;16;23];[17;8;18;9];[19;14;20;15];[21;4;22;5];[23;18;24;19]],12,279,21.64965554
12a_977,[[1;7;2;6];[3;10;4;11];[5;21;6;20];[7;13;8;12];[9;19;10;18];[11;2;12;3];[13;23;14;22];[15;1;16;24];[17;9;18;8];[19;5;20;4];[21;17;22;16];[23;15;24;14]],12,175,17.56622552
12a_978,[[1;7;2;6];[3;10;4;11];[5;21;6;20];[7;13;8;12];[9;19;10;18];[11;2;12;3];[13;1;14;24];[15;23;16;22];[17;9;18;8];[19;5;20;4];[21;17;22;16];[23;15;24;14]],12,133,15.84464539
12a_979,[[1;7;2;6];[3;11;4;10];[5;21;6;20];[7;14;8;15];[9;3;10;2];[11;18;12;19];[13;24;14;1];[15;8;16;9];[17;22;18;23];[19;5;20;4];[21;12;22;13];[23;16;24;17]],12,225,19.76987167
12a_980,[[1;7;2;6];[3;10;4;11];[5;21;6;20];[7;14;8;15];[9;18;10;19];[11;4;12;5];[13;24;14;1];[15;8;16;9];[17;22;18;23];[19;3;20;2];[21;12;22;13];[23;16;24;17]],12,257,20.7353937
12a_981,[[1;7;2;6];[3;11;4;10];[5;21;6;20];[7;16;8;17];[9;3;10;2];[11;18;12;19];[13;22;14;23];[15;24;16;1];[17;8;18;9];[19;5;20;4];[21;12;22;13];[23;14;24;15]],12,135,15.7081507
12a_982,[[1;7;2;6];[3;11;4;10];[5;21;6;20];[7;16;8;17];[9;3;10;2];[11;18;12;19];[13;22;14;23];[15;24;16;1];[17;8;18;9];[19;5;20;4];[21;14;22;15];[23;12;24;13]],12,189,17.90702523
12a_983,[[1;7;2;6];[3;11;4;10];[5;20;6;21];[7;17;8;16];[9;3;10;2];[11;23;12;22];[13;19;14;18];[15;9;16;8];[17;1;18;24];[19;13;20;12];[21;4;22;5];[23;15;24;14]],12,229,19.75830075
12a_984,[[1;7;2;6];[3;10;4;11];[5;21;6;20];[7;16;8;17];[9;18;10;19];[11;4;12;5];[13;22;14;23];[15;24;16;1];[17;8;18;9];[19;3;20;2];[21;12;22;13];[23;14;24;15]],12,103,14.00238803
12a_985,[[1;7;2;6];[3;10;4;11];[5;21;6;20];[7;16;8;17];[9;18;10;19];[11;4;12;5];[13;22;14;23];[15;24;16;1];[17;8;18;9];[19;3;20;2];[21;14;22;15];[23;12;24;13]],12,157,16.75258929
12a_986,[[1;7;2;6];[3;10;4;11];[5;21;6;20];[7;16;8;17];[9;22;10;23];[11;19;12;18];[13;4;14;5];[15;24;16;1];[17;3;18;2];[19;13;20;12];[21;14;22;15];[23;8;24;9]],12,285,21.36437296
12a_987,[[1;7;2;6];[3;10;4;11];[5;21;6;20];[7;18;8;19];[9;14;10;15];[11;4;12;5];[13;22;14;23];[15;8;16;9];[17;24;18;1];[19;3;20;2];[21;12;22;13];[23;16;24;17]],12,225,19.76679984
12a_988,[[1;7;2;6];[3;10;4;11];[5;21;6;20];[7;18;8;19];[9;16;10;17];[11;4;12;5];[13;22;14;23];[15;24;16;1];[17;8;18;9];[19;3;20;2];[21;12;22;13];[23;14;24;15]],12,125,15.37029582
12a_989,[[1;7;2;6];[3;10;4;11];[5;21;6;20];[7;18;8;19];[9;16;10;17];[11;4;12;5];[13;22;14;23];[15;24;16;1];[17;8;18;9];[19;3;20;2];[21;14;22;15];[23;12;24;13]],12,175,17.48990541
12a_990,[[1;7;2;6];[3;10;4;11];[5;20;6;21];[7;23;8;22];[9;14;10;15];[11;4;12;5];[13;19;14;18];[15;8;16;9];[17;1;18;24];[19;13;20;12];[21;2;22;3];[23;17;24;16]],12,225,19.86796265
12a_991,[[1;7;2;6];[3;10;4;11];[5;20;6;21];[7;1;8;24];[9;14;10;15];[11;4;12;5];[13;19;14;18];[15;22;16;23];[17;8;18;9];[19;13;20;12];[21;2;22;3];[23;16;24;17]],12,209,19.30619102
12a_992,[[1;7;2;6];[3;10;4;11];[5;21;6;20];[7;1;8;24];[9;17;10;16];[11;18;12;19];[13;2;14;3];[15;22;16;23];[17;5;18;4];[19;12;20;13];[21;9;22;8];[23;14;24;15]],12,265,20.84424226
12a_993,[[1;7;2;6];[3;10;4;11];[5;21;6;20];[7;1;8;24];[9;16;10;17];[11;19;12;18];[13;4;14;5];[15;22;16;23];[17;3;18;2];[19;13;20;12];[21;14;22;15];[23;9;24;8]],12,193,18.54863784
12a_994,[[1;7;2;6];[3;10;4;11];[5;21;6;20];[7;1;8;24];[9;22;10;23];[11;19;12;18];[13;4;14;5];[15;9;16;8];[17;3;18;2];[19;13;20;12];[21;14;22;15];[23;17;24;16]],12,287,21.43127635
12a_995,[[1;7;2;6];[3;11;4;10];[5;23;6;22];[7;15;8;14];[9;5;10;4];[11;19;12;18];[13;21;14;20];[15;1;16;24];[17;9;18;8];[19;13;20;12];[21;3;22;2];[23;17;24;16]],12,227,19.65294667
12a_996,[[1;7;2;6];[3;11;4;10];[5;23;6;22];[7;15;8;14];[9;5;10;4];[11;21;12;20];[13;19;14;18];[15;1;16;24];[17;9;18;8];[19;13;20;12];[21;3;22;2];[23;17;24;16]],12,193,18.57349682
12a_997,[[1;7;2;6];[3;10;4;11];[5;23;6;22];[7;15;8;14];[9;17;10;16];[11;20;12;21];[13;2;14;3];[15;9;16;8];[17;1;18;24];[19;5;20;4];[21;12;22;13];[23;19;24;18]],12,215,19.17201054
12a_998,[[1;7;2;6];[3;10;4;11];[5;23;6;22];[7;15;8;14];[9;19;10;18];[11;20;12;21];[13;2;14;3];[15;1;16;24];[17;9;18;8];[19;5;20;4];[21;12;22;13];[23;17;24;16]],12,251,20.46977647
12a_999,[[1;7;2;6];[3;11;4;10];[5;23;6;22];[7;16;8;17];[9;3;10;2];[11;18;12;19];[13;20;14;21];[15;24;16;1];[17;8;18;9];[19;12;20;13];[21;5;22;4];[23;14;24;15]],12,171,17.79518461
12a_1000,[[1;7;2;6];[3;11;4;10];[5;23;6;22];[7;16;8;17];[9;3;10;2];[11;20;12;21];[13;18;14;19];[15;24;16;1];[17;8;18;9];[19;12;20;13];[21;5;22;4];[23;14;24;15]],12,153,17.24347071
12a_1001,[[1;7;2;6];[3;10;4;11];[5;23;6;22];[7;17;8;16];[9;15;10;14];[11;20;12;21];[13;2;14;3];[15;9;16;8];[17;1;18;24];[19;5;20;4];[21;12;22;13];[23;19;24;18]],12,189,18.20480164
12a_1002,[[1;7;2;6];[3;10;4;11];[5;23;6;22];[7;16;8;17];[9;18;10;19];[11;21;12;20];[13;4;14;5];[15;24;16;1];[17;8;18;9];[19;3;20;2];[21;13;22;12];[23;14;24;15]],12,183,17.79099705
12a_1003,[[1;7;2;6];[3;10;4;11];[5;23;6;22];[7;16;8;17];[9;20;10;21];[11;4;12;5];[13;18;14;19];[15;24;16;1];[17;8;18;9];[19;12;20;13];[21;3;22;2];[23;14;24;15]],12,233,20.02167665
12a_1004,[[1;7;2;6];[3;11;4;10];[5;23;6;22];[7;19;8;18];[9;3;10;2];[11;17;12;16];[13;1;14;24];[15;21;16;20];[17;9;18;8];[19;13;20;12];[21;5;22;4];[23;15;24;14]],12,259,20.84484301
12a_1005,[[1;7;2;6];[3;10;4;11];[5;23;6;22];[7;18;8;19];[9;14;10;15];[11;21;12;20];[13;4;14;5];[15;8;16;9];[17;24;18;1];[19;3;20;2];[21;13;22;12];[23;16;24;17]],12,241,20.29975574
12a_1006,[[1;7;2;6];[3;10;4;11];[5;23;6;22];[7;18;8;19];[9;16;10;17];[11;21;12;20];[13;4;14;5];[15;24;16;1];[17;8;18;9];[19;3;20;2];[21;13;22;12];[23;14;24;15]],12,205,18.7246902
12a_1007,[[1;7;2;6];[3;10;4;11];[5;23;6;22];[7;1;8;24];[9;17;10;16];[11;18;12;19];[13;20;14;21];[15;2;16;3];[17;5;18;4];[19;12;20;13];[21;14;22;15];[23;9;24;8]],12,143,15.75748203
12a_1008,[[1;7;2;6];[3;10;4;11];[5;23;6;22];[7;1;8;24];[9;17;10;16];[11;18;12;19];[13;20;14;21];[15;2;16;3];[17;5;18;4];[19;14;20;15];[21;12;22;13];[23;9;24;8]],12,197,17.84952713
12a_1009,[[1;7;2;6];[3;10;4;11];[5;23;6;22];[7;1;8;24];[9;16;10;17];[11;19;12;18];[13;21;14;20];[15;4;16;5];[17;3;18;2];[19;13;20;12];[21;15;22;14];[23;9;24;8]],12,137,15.62434089
12a_1010,[[1;7;2;6];[3;10;4;11];[5;23;6;22];[7;1;8;24];[9;16;10;17];[11;19;12;18];[13;21;14;20];[15;4;16;5];[17;3;18;2];[19;15;20;14];[21;13;22;12];[23;9;24;8]],12,195,17.83208
12a_1011,[[1;7;2;6];[3;10;4;11];[5;1;6;24];[7;17;8;16];[9;19;10;18];[11;20;12;21];[13;22;14;23];[15;2;16;3];[17;9;18;8];[19;5;20;4];[21;12;22;13];[23;14;24;15]],12,121,14.74374346
12a_1012,[[1;7;2;6];[3;10;4;11];[5;1;6;24];[7;17;8;16];[9;19;10;18];[11;20;12;21];[13;22;14;23];[15;2;16;3];[17;9;18;8];[19;5;20;4];[21;14;22;15];[23;12;24;13]],12,163,16.71704287
12a_1013,[[1;7;2;6];[3;10;4;11];[5;1;6;24];[7;16;8;17];[9;18;10;19];[11;21;12;20];[13;23;14;22];[15;4;16;5];[17;8;18;9];[19;3;20;2];[21;13;22;12];[23;15;24;14]],12,119,14.66505431
12a_1014,[[1;7;2;6];[3;10;4;11];[5;1;6;24];[7;16;8;17];[9;18;10;19];[11;21;12;20];[13;23;14;22];[15;4;16;5];[17;8;18;9];[19;3;20;2];[21;15;22;14];[23;13;24;12]],12,173,17.13761392
12a_1015,[[1;7;2;6];[3;10;4;11];[5;1;6;24];[7;19;8;18];[9;17;10;16];[11;20;12;21];[13;22;14;23];[15;2;16;3];[17;9;18;8];[19;5;20;4];[21;12;22;13];[23;14;24;15]],12,131,15.2575807
12a_1016,[[1;7;2;6];[3;10;4;11];[5;1;6;24];[7;19;8;18];[9;17;10;16];[11;20;12;21];[13;22;14;23];[15;2;16;3];[17;9;18;8];[19;5;20;4];[21;14;22;15];[23;12;24;13]],12,177,17.21440176
12a_1017,[[1;7;2;6];[3;10;4;11];[5;1;6;24];[7;18;8;19];[9;16;10;17];[11;21;12;20];[13;23;14;22];[15;4;16;5];[17;8;18;9];[19;3;20;2];[21;13;22;12];[23;15;24;14]],12,109,14.26536282
12a_1018,[[1;7;2;6];[3;10;4;11];[5;1;6;24];[7;18;8;19];[9;16;10;17];[11;21;12;20];[13;23;14;22];[15;4;16;5];[17;8;18;9];[19;3;20;2];[21;15;22;14];[23;13;24;12]],12,159,16.65550203
12a_1019,[[1;7;2;6];[3;13;4;12];[5;10;6;11];[7;16;8;17];[9;15;10;14];[11;21;12;20];[13;18;14;19];[15;24;16;1];[17;23;18;22];[19;5;20;4];[21;2;22;3];[23;8;24;9]],12,361,23.1517299
12a_1020,[[1;7;2;6];[3;13;4;12];[5;10;6;11];[7;16;8;17];[9;1;10;24];[11;21;12;20];[13;18;14;19];[15;8;16;9];[17;23;18;22];[19;5;20;4];[21;2;22;3];[23;15;24;14]],12,319,22.21071689
12a_1021,[[1;7;2;6];[3;13;4;12];[5;10;6;11];[7;19;8;18];[9;20;10;21];[11;17;12;16];[13;23;14;22];[15;5;16;4];[17;2;18;3];[19;1;20;24];[21;15;22;14];[23;8;24;9]],12,339,22.78132593
12a_1022,[[1;7;2;6];[3;13;4;12];[5;10;6;11];[7;1;8;24];[9;15;10;14];[11;21;12;20];[13;18;14;19];[15;9;16;8];[17;23;18;22];[19;5;20;4];[21;2;22;3];[23;17;24;16]],12,243,20.4660668
12a_1023,[[1;7;2;6];[3;12;4;13];[5;14;6;15];[7;17;8;16];[9;21;10;20];[11;23;12;22];[13;4;14;5];[15;2;16;3];[17;1;18;24];[19;9;20;8];[21;11;22;10];[23;19;24;18]],12,127,13.85251887
12a_1024,[[1;7;2;6];[3;12;4;13];[5;14;6;15];[7;17;8;16];[9;21;10;20];[11;23;12;22];[13;4;14;5];[15;2;16;3];[17;1;18;24];[19;11;20;10];[21;9;22;8];[23;19;24;18]],12,149,14.70259139
12a_1025,[[1;7;2;6];[3;12;4;13];[5;15;6;14];[7;16;8;17];[9;20;10;21];[11;22;12;23];[13;19;14;18];[15;24;16;1];[17;3;18;2];[19;4;20;5];[21;10;22;11];[23;8;24;9]],12,255,20.38700822
12a_1026,[[1;7;2;6];[3;12;4;13];[5;15;6;14];[7;16;8;17];[9;22;10;23];[11;20;12;21];[13;19;14;18];[15;24;16;1];[17;3;18;2];[19;4;20;5];[21;10;22;11];[23;8;24;9]],12,165,17.58037431
12a_1027,[[1;7;2;6];[3;13;4;12];[5;15;6;14];[7;18;8;19];[9;20;10;21];[11;3;12;2];[13;5;14;4];[15;22;16;23];[17;24;18;1];[19;8;20;9];[21;10;22;11];[23;16;24;17]],12,83,12.03308108
12a_1028,[[1;7;2;6];[3;13;4;12];[5;15;6;14];[7;18;8;19];[9;20;10;21];[11;3;12;2];[13;5;14;4];[15;22;16;23];[17;24;18;1];[19;10;20;11];[21;8;22;9];[23;16;24;17]],12,113,13.65092211
12a_1029,[[1;7;2;6];[3;13;4;12];[5;15;6;14];[7;18;8;19];[9;20;10;21];[11;3;12;2];[13;5;14;4];[15;24;16;1];[17;22;18;23];[19;8;20;9];[21;10;22;11];[23;16;24;17]],12,81,11.03144443
12a_1030,[[1;7;2;6];[3;13;4;12];[5;15;6;14];[7;18;8;19];[9;20;10;21];[11;3;12;2];[13;5;14;4];[15;24;16;1];[17;22;18;23];[19;10;20;11];[21;8;22;9];[23;16;24;17]],12,91,11.45612641
12a_1031,[[1;7;2;6];[3;13;4;12];[5;15;6;14];[7;18;8;19];[9;20;10;21];[11;5;12;4];[13;3;14;2];[15;22;16;23];[17;24;18;1];[19;8;20;9];[21;10;22;11];[23;16;24;17]],12,97,13.12234089
12a_1032,[[1;7;2;6];[3;13;4;12];[5;15;6;14];[7;18;8;19];[9;20;10;21];[11;5;12;4];[13;3;14;2];[15;22;16;23];[17;24;18;1];[19;10;20;11];[21;8;22;9];[23;16;24;17]],12,139,15.10017226
12a_1033,[[1;7;2;6];[3;13;4;12];[5;15;6;14];[7;18;8;19];[9;20;10;21];[11;5;12;4];[13;3;14;2];[15;24;16;1];[17;22;18;23];[19;8;20;9];[21;10;22;11];[23;16;24;17]],12,107,13.02298851
12a_1034,[[1;7;2;6];[3;13;4;12];[5;15;6;14];[7;18;8;19];[9;20;10;21];[11;5;12;4];[13;3;14;2];[15;24;16;1];[17;22;18;23];[19;10;20;11];[21;8;22;9];[23;16;24;17]],12,121,13.54335268
12a_1035,[[1;7;2;6];[3;13;4;12];[5;15;6;14];[7;19;8;18];[9;23;10;22];[11;3;12;2];[13;5;14;4];[15;21;16;20];[17;9;18;8];[19;1;20;24];[21;11;22;10];[23;17;24;16]],12,155,16.48649166
12a_1036,[[1;7;2;6];[3;13;4;12];[5;15;6;14];[7;19;8;18];[9;22;10;23];[11;3;12;2];[13;5;14;4];[15;21;16;20];[17;11;18;10];[19;1;20;24];[21;17;22;16];[23;8;24;9]],12,159,16.4458563
12a_1037,[[1;7;2;6];[3;13;4;12];[5;15;6;14];[7;19;8;18];[9;23;10;22];[11;5;12;4];[13;3;14;2];[15;21;16;20];[17;9;18;8];[19;1;20;24];[21;11;22;10];[23;17;24;16]],12,185,17.50682215
12a_1038,[[1;7;2;6];[3;13;4;12];[5;15;6;14];[7;19;8;18];[9;22;10;23];[11;5;12;4];[13;3;14;2];[15;21;16;20];[17;11;18;10];[19;1;20;24];[21;17;22;16];[23;8;24;9]],12,197,17.80422181
12a_1039,[[1;7;2;6];[3;12;4;13];[5;14;6;15];[7;21;8;20];[9;23;10;22];[11;17;12;16];[13;4;14;5];[15;2;16;3];[17;24;18;1];[19;11;20;10];[21;9;22;8];[23;18;24;19]],12,137,14.31295927
12a_1040,[[1;7;2;6];[3;12;4;13];[5;14;6;15];[7;23;8;22];[9;21;10;20];[11;17;12;16];[13;4;14;5];[15;2;16;3];[17;24;18;1];[19;11;20;10];[21;9;22;8];[23;18;24;19]],12,115,13.2409941
12a_1041,[[1;7;2;6];[3;12;4;13];[5;15;6;14];[7;23;8;22];[9;1;10;24];[11;20;12;21];[13;19;14;18];[15;11;16;10];[17;3;18;2];[19;4;20;5];[21;17;22;16];[23;9;24;8]],12,265,20.40833534
12a_1042,[[1;7;2;6];[3;12;4;13];[5;15;6;14];[7;1;8;24];[9;20;10;21];[11;22;12;23];[13;19;14;18];[15;9;16;8];[17;3;18;2];[19;4;20;5];[21;10;22;11];[23;17;24;16]],12,253,20.45472524
12a_1043,[[1;7;2;6];[3;12;4;13];[5;15;6;14];[7;1;8;24];[9;22;10;23];[11;20;12;21];[13;19;14;18];[15;9;16;8];[17;3;18;2];[19;4;20;5];[21;10;22;11];[23;17;24;16]],12,207,19.06027549
12a_1044,[[1;7;2;6];[3;12;4;13];[5;15;6;14];[7;1;8;24];[9;23;10;22];[11;20;12;21];[13;19;14;18];[15;11;16;10];[17;3;18;2];[19;4;20;5];[21;17;22;16];[23;9;24;8]],12,195,18.42725569
12a_1045,[[1;7;2;6];[3;12;4;13];[5;16;6;17];[7;15;8;14];[9;21;10;20];[11;23;12;22];[13;2;14;3];[15;1;16;24];[17;4;18;5];[19;9;20;8];[21;11;22;10];[23;19;24;18]],12,161,16.73721652
12a_1046,[[1;7;2;6];[3;12;4;13];[5;16;6;17];[7;15;8;14];[9;21;10;20];[11;23;12;22];[13;2;14;3];[15;1;16;24];[17;4;18;5];[19;11;20;10];[21;9;22;8];[23;19;24;18]],12,203,18.25850602
12a_1047,[[1;7;2;6];[3;13;4;12];[5;17;6;16];[7;18;8;19];[9;20;10;21];[11;3;12;2];[13;22;14;23];[15;5;16;4];[17;24;18;1];[19;8;20;9];[21;10;22;11];[23;14;24;15]],12,143,16.37658942
12a_1048,[[1;7;2;6];[3;13;4;12];[5;17;6;16];[7;18;8;19];[9;20;10;21];[11;3;12;2];[13;22;14;23];[15;5;16;4];[17;24;18;1];[19;10;20;11];[21;8;22;9];[23;14;24;15]],12,197,18.41507536
12a_1049,[[1;7;2;6];[3;13;4;12];[5;17;6;16];[7;18;8;19];[9;20;10;21];[11;5;12;4];[13;22;14;23];[15;3;16;2];[17;24;18;1];[19;8;20;9];[21;14;22;15];[23;10;24;11]],12,215,19.25546316
12a_1050,[[1;7;2;6];[3;13;4;12];[5;16;6;17];[7;19;8;18];[9;20;10;21];[11;5;12;4];[13;23;14;22];[15;10;16;11];[17;2;18;3];[19;1;20;24];[21;15;22;14];[23;8;24;9]],12,285,21.43368612
12a_1051,[[1;7;2;6];[3;12;4;13];[5;16;6;17];[7;19;8;18];[9;21;10;20];[11;23;12;22];[13;4;14;5];[15;1;16;24];[17;2;18;3];[19;9;20;8];[21;11;22;10];[23;15;24;14]],12,113,14.7349239
12a_1052,[[1;7;2;6];[3;12;4;13];[5;16;6;17];[7;19;8;18];[9;21;10;20];[11;23;12;22];[13;4;14;5];[15;1;16;24];[17;2;18;3];[19;11;20;10];[21;9;22;8];[23;15;24;14]],12,187,18.02357295
12a_1053,[[1;7;2;6];[3;13;4;12];[5;17;6;16];[7;18;8;19];[9;22;10;23];[11;3;12;2];[13;20;14;21];[15;5;16;4];[17;24;18;1];[19;10;20;11];[21;14;22;15];[23;8;24;9]],12,233,20.11148052
12a_1054,[[1;7;2;6];[3;13;4;12];[5;17;6;16];[7;18;8;19];[9;22;10;23];[11;5;12;4];[13;20;14;21];[15;3;16;2];[17;24;18;1];[19;14;20;15];[21;8;22;9];[23;10;24;11]],12,227,19.98503027
12a_1055,[[1;7;2;6];[3;13;4;12];[5;17;6;16];[7;18;8;19];[9;22;10;23];[11;5;12;4];[13;20;14;21];[15;3;16;2];[17;24;18;1];[19;14;20;15];[21;10;22;11];[23;8;24;9]],12,209,19.33122846
12a_1056,[[1;7;2;6];[3;12;4;13];[5;16;6;17];[7;19;8;18];[9;1;10;24];[11;21;12;20];[13;4;14;5];[15;23;16;22];[17;2;18;3];[19;9;20;8];[21;15;22;14];[23;11;24;10]],12,247,20.37882797
12a_1057,[[1;7;2;6];[3;13;4;12];[5;17;6;16];[7;20;8;21];[9;19;10;18];[11;5;12;4];[13;22;14;23];[15;3;16;2];[17;11;18;10];[19;24;20;1];[21;14;22;15];[23;8;24;9]],12,249,20.70116058
12a_1058,[[1;7;2;6];[3;13;4;12];[5;17;6;16];[7;20;8;21];[9;18;10;19];[11;5;12;4];[13;22;14;23];[15;3;16;2];[17;24;18;1];[19;8;20;9];[21;14;22;15];[23;10;24;11]],12,221,19.63563281
12a_1059,[[1;7;2;6];[3;13;4;12];[5;16;6;17];[7;21;8;20];[9;23;10;22];[11;3;12;2];[13;19;14;18];[15;1;16;24];[17;4;18;5];[19;11;20;10];[21;9;22;8];[23;15;24;14]],12,183,17.77848971
12a_1060,[[1;7;2;6];[3;12;4;13];[5;16;6;17];[7;21;8;20];[9;23;10;22];[11;19;12;18];[13;4;14;5];[15;1;16;24];[17;2;18;3];[19;11;20;10];[21;9;22;8];[23;15;24;14]],12,183,17.88823609
12a_1061,[[1;7;2;6];[3;13;4;12];[5;16;6;17];[7;23;8;22];[9;3;10;2];[11;18;12;19];[13;21;14;20];[15;1;16;24];[17;10;18;11];[19;4;20;5];[21;9;22;8];[23;15;24;14]],12,267,20.94921168
12a_1062,[[1;7;2;6];[3;13;4;12];[5;16;6;17];[7;23;8;22];[9;21;10;20];[11;3;12;2];[13;19;14;18];[15;1;16;24];[17;4;18;5];[19;11;20;10];[21;9;22;8];[23;15;24;14]],12,141,16.05157957
12a_1063,[[1;7;2;6];[3;12;4;13];[5;16;6;17];[7;23;8;22];[9;21;10;20];[11;19;12;18];[13;4;14;5];[15;1;16;24];[17;2;18;3];[19;11;20;10];[21;9;22;8];[23;15;24;14]],12,109,14.49718058
12a_1064,[[1;7;2;6];[3;13;4;12];[5;16;6;17];[7;1;8;24];[9;3;10;2];[11;18;12;19];[13;21;14;20];[15;23;16;22];[17;10;18;11];[19;4;20;5];[21;15;22;14];[23;9;24;8]],12,167,16.95526796
12a_1065,[[1;7;2;6];[3;13;4;12];[5;16;6;17];[7;1;8;24];[9;15;10;14];[11;5;12;4];[13;23;14;22];[15;20;16;21];[17;2;18;3];[19;8;20;9];[21;11;22;10];[23;18;24;19]],12,301,21.86990597
12a_1066,[[1;7;2;6];[3;12;4;13];[5;16;6;17];[7;1;8;24];[9;19;10;18];[11;21;12;20];[13;4;14;5];[15;23;16;22];[17;2;18;3];[19;11;20;10];[21;15;22;14];[23;9;24;8]],12,163,17.32162514
12a_1067,[[1;7;2;6];[3;13;4;12];[5;16;6;17];[7;1;8;24];[9;21;10;20];[11;5;12;4];[13;23;14;22];[15;8;16;9];[17;2;18;3];[19;15;20;14];[21;11;22;10];[23;18;24;19]],12,275,21.2219678
12a_1068,[[1;7;2;6];[3;12;4;13];[5;16;6;17];[7;1;8;24];[9;21;10;20];[11;19;12;18];[13;4;14;5];[15;23;16;22];[17;2;18;3];[19;11;20;10];[21;15;22;14];[23;9;24;8]],12,145,16.73580745
12a_1069,[[1;7;2;6];[3;13;4;12];[5;17;6;16];[7;1;8;24];[9;22;10;23];[11;5;12;4];[13;20;14;21];[15;3;16;2];[17;9;18;8];[19;14;20;15];[21;10;22;11];[23;19;24;18]],12,235,20.08799866
12a_1070,[[1;7;2;6];[3;13;4;12];[5;18;6;19];[7;17;8;16];[9;14;10;15];[11;3;12;2];[13;21;14;20];[15;22;16;23];[17;1;18;24];[19;4;20;5];[21;11;22;10];[23;8;24;9]],12,263,20.68823139
12a_1071,[[1;7;2;6];[3;12;4;13];[5;18;6;19];[7;17;8;16];[9;21;10;20];[11;23;12;22];[13;4;14;5];[15;9;16;8];[17;1;18;24];[19;2;20;3];[21;11;22;10];[23;15;24;14]],12,223,19.53327497
12a_1072,[[1;7;2;6];[3;12;4;13];[5;19;6;18];[7;16;8;17];[9;20;10;21];[11;22;12;23];[13;4;14;5];[15;24;16;1];[17;3;18;2];[19;14;20;15];[21;10;22;11];[23;8;24;9]],12,241,19.78677188
12a_1073,[[1;7;2;6];[3;13;4;12];[5;18;6;19];[7;17;8;16];[9;23;10;22];[11;3;12;2];[13;21;14;20];[15;9;16;8];[17;1;18;24];[19;4;20;5];[21;11;22;10];[23;15;24;14]],12,213,19.1895868
12a_1074,[[1;7;2;6];[3;13;4;12];[5;18;6;19];[7;17;8;16];[9;22;10;23];[11;3;12;2];[13;21;14;20];[15;11;16;10];[17;1;18;24];[19;4;20;5];[21;15;22;14];[23;8;24;9]],12,193,18.74812163
12a_1075,[[1;7;2;6];[3;12;4;13];[5;18;6;19];[7;17;8;16];[9;23;10;22];[11;21;12;20];[13;4;14;5];[15;9;16;8];[17;1;18;24];[19;2;20;3];[21;11;22;10];[23;15;24;14]],12,181,18.10986732
12a_1076,[[1;7;2;6];[3;12;4;13];[5;18;6;19];[7;17;8;16];[9;22;10;23];[11;21;12;20];[13;4;14;5];[15;11;16;10];[17;1;18;24];[19;2;20;3];[21;15;22;14];[23;8;24;9]],12,273,20.84287324
12a_1077,[[1;7;2;6];[3;12;4;13];[5;19;6;18];[7;16;8;17];[9;22;10;23];[11;20;12;21];[13;4;14;5];[15;24;16;1];[17;3;18;2];[19;14;20;15];[21;10;22;11];[23;8;24;9]],12,171,17.52069844
12a_1078,[[1;7;2;6];[3;13;4;12];[5;19;6;18];[7;20;8;21];[9;3;10;2];[11;17;12;16];[13;22;14;23];[15;5;16;4];[17;11;18;10];[19;24;20;1];[21;8;22;9];[23;14;24;15]],12,277,21.26836463
12a_1079,[[1;7;2;6];[3;12;4;13];[5;18;6;19];[7;21;8;20];[9;17;10;16];[11;23;12;22];[13;4;14;5];[15;11;16;10];[17;1;18;24];[19;2;20;3];[21;9;22;8];[23;15;24;14]],12,267,21.07290533
12a_1080,[[1;7;2;6];[3;13;4;12];[5;18;6;19];[7;23;8;22];[9;14;10;15];[11;3;12;2];[13;21;14;20];[15;8;16;9];[17;1;18;24];[19;4;20;5];[21;11;22;10];[23;17;24;16]],12,201,18.83834518
12a_1081,[[1;7;2;6];[3;12;4;13];[5;18;6;19];[7;23;8;22];[9;14;10;15];[11;21;12;20];[13;4;14;5];[15;8;16;9];[17;1;18;24];[19;2;20;3];[21;11;22;10];[23;17;24;16]],12,217,19.41395444
12a_1082,[[1;7;2;6];[3;12;4;13];[5;19;6;18];[7;23;8;22];[9;1;10;24];[11;17;12;16];[13;2;14;3];[15;20;16;21];[17;5;18;4];[19;11;20;10];[21;14;22;15];[23;9;24;8]],12,185,17.96543369
12a_1083,[[1;7;2;6];[3;12;4;13];[5;19;6;18];[7;23;8;22];[9;1;10;24];[11;16;12;17];[13;4;14;5];[15;20;16;21];[17;3;18;2];[19;14;20;15];[21;11;22;10];[23;9;24;8]],12,169,17.21880497
12a_1084,[[1;7;2;6];[3;13;4;12];[5;18;6;19];[7;1;8;24];[9;16;10;17];[11;3;12;2];[13;21;14;20];[15;23;16;22];[17;8;18;9];[19;4;20;5];[21;15;22;14];[23;11;24;10]],12,145,16.84955971
12a_1085,[[1;7;2;6];[3;13;4;12];[5;18;6;19];[7;1;8;24];[9;16;10;17];[11;3;12;2];[13;23;14;22];[15;21;16;20];[17;8;18;9];[19;4;20;5];[21;15;22;14];[23;11;24;10]],12,187,18.46488772
12a_1086,[[1;7;2;6];[3;12;4;13];[5;19;6;18];[7;1;8;24];[9;16;10;17];[11;20;12;21];[13;4;14;5];[15;22;16;23];[17;3;18;2];[19;14;20;15];[21;10;22;11];[23;9;24;8]],12,199,18.4916042
12a_1087,[[1;7;2;6];[3;12;4;13];[5;18;6;19];[7;1;8;24];[9;16;10;17];[11;21;12;20];[13;4;14;5];[15;23;16;22];[17;8;18;9];[19;2;20;3];[21;15;22;14];[23;11;24;10]],12,225,19.53247898
12a_1088,[[1;7;2;6];[3;12;4;13];[5;19;6;18];[7;1;8;24];[9;17;10;16];[11;22;12;23];[13;2;14;3];[15;20;16;21];[17;5;18;4];[19;9;20;8];[21;10;22;11];[23;14;24;15]],12,253,20.77413904
12a_1089,[[1;7;2;6];[3;12;4;13];[5;19;6;18];[7;1;8;24];[9;21;10;20];[11;17;12;16];[13;2;14;3];[15;22;16;23];[17;5;18;4];[19;9;20;8];[21;11;22;10];[23;14;24;15]],12,157,17.64681896
12a_1090,[[1;7;2;6];[3;12;4;13];[5;19;6;18];[7;1;8;24];[9;21;10;20];[11;17;12;16];[13;2;14;3];[15;22;16;23];[17;5;18;4];[19;11;20;10];[21;9;22;8];[23;14;24;15]],12,175,18.04152827
12a_1091,[[1;7;2;6];[3;12;4;13];[5;19;6;18];[7;1;8;24];[9;21;10;20];[11;16;12;17];[13;4;14;5];[15;22;16;23];[17;3;18;2];[19;9;20;8];[21;14;22;15];[23;11;24;10]],12,237,20.15490322
12a_1092,[[1;7;2;6];[3;12;4;13];[5;19;6;18];[7;1;8;24];[9;21;10;20];[11;22;12;23];[13;2;14;3];[15;10;16;11];[17;5;18;4];[19;9;20;8];[21;17;22;16];[23;14;24;15]],12,243,20.63337916
12a_1093,[[1;7;2;6];[3;13;4;12];[5;18;6;19];[7;1;8;24];[9;22;10;23];[11;3;12;2];[13;21;14;20];[15;11;16;10];[17;8;18;9];[19;4;20;5];[21;15;22;14];[23;16;24;17]],12,207,19.24672665
12a_1094,[[1;7;2;6];[3;12;4;13];[5;19;6;18];[7;1;8;24];[9;23;10;22];[11;17;12;16];[13;2;14;3];[15;20;16;21];[17;5;18;4];[19;11;20;10];[21;14;22;15];[23;9;24;8]],12,147,16.62991534
12a_1095,[[1;7;2;6];[3;12;4;13];[5;19;6;18];[7;1;8;24];[9;23;10;22];[11;16;12;17];[13;4;14;5];[15;20;16;21];[17;3;18;2];[19;14;20;15];[21;11;22;10];[23;9;24;8]],12,99,13.69592479
12a_1096,[[1;7;2;6];[3;12;4;13];[5;18;6;19];[7;1;8;24];[9;22;10;23];[11;21;12;20];[13;4;14;5];[15;11;16;10];[17;8;18;9];[19;2;20;3];[21;15;22;14];[23;16;24;17]],12,271,20.77036128
12a_1097,[[1;7;2;6];[3;13;4;12];[5;21;6;20];[7;15;8;14];[9;23;10;22];[11;5;12;4];[13;19;14;18];[15;1;16;24];[17;9;18;8];[19;3;20;2];[21;11;22;10];[23;17;24;16]],12,217,19.62089162
12a_1098,[[1;7;2;6];[3;13;4;12];[5;21;6;20];[7;15;8;14];[9;22;10;23];[11;5;12;4];[13;19;14;18];[15;1;16;24];[17;11;18;10];[19;3;20;2];[21;17;22;16];[23;8;24;9]],12,293,21.5083704
12a_1099,[[1;7;2;6];[3;12;4;13];[5;21;6;20];[7;16;8;17];[9;18;10;19];[11;22;12;23];[13;4;14;5];[15;24;16;1];[17;8;18;9];[19;3;20;2];[21;14;22;15];[23;10;24;11]],12,217,19.28199077
12a_1100,[[1;7;2;6];[3;13;4;12];[5;21;6;20];[7;16;8;17];[9;22;10;23];[11;3;12;2];[13;18;14;19];[15;24;16;1];[17;10;18;11];[19;5;20;4];[21;14;22;15];[23;8;24;9]],12,261,20.75208369
12a_1101,[[1;7;2;6];[3;12;4;13];[5;21;6;20];[7;16;8;17];[9;22;10;23];[11;18;12;19];[13;4;14;5];[15;24;16;1];[17;10;18;11];[19;3;20;2];[21;14;22;15];[23;8;24;9]],12,237,20.22106127
12a_1102,[[1;7;2;6];[3;13;4;12];[5;20;6;21];[7;16;8;17];[9;1;10;24];[11;5;12;4];[13;18;14;19];[15;8;16;9];[17;23;18;22];[19;10;20;11];[21;2;22;3];[23;15;24;14]],12,305,21.82624661
12a_1103,[[1;7;2;6];[3;12;4;13];[5;21;6;20];[7;18;8;19];[9;16;10;17];[11;22;12;23];[13;4;14;5];[15;24;16;1];[17;8;18;9];[19;3;20;2];[21;14;22;15];[23;10;24;11]],12,195,18.50016561
12a_1104,[[1;7;2;6];[3;12;4;13];[5;21;6;20];[7;18;8;19];[9;1;10;24];[11;16;12;17];[13;4;14;5];[15;22;16;23];[17;8;18;9];[19;3;20;2];[21;14;22;15];[23;11;24;10]],12,215,19.31284883
12a_1105,[[1;7;2;6];[3;13;4;12];[5;20;6;21];[7;23;8;22];[9;15;10;14];[11;5;12;4];[13;18;14;19];[15;24;16;1];[17;9;18;8];[19;10;20;11];[21;2;22;3];[23;16;24;17]],12,289,21.36154342
12a_1106,[[1;7;2;6];[3;13;4;12];[5;20;6;21];[7;1;8;24];[9;15;10;14];[11;5;12;4];[13;18;14;19];[15;9;16;8];[17;23;18;22];[19;10;20;11];[21;2;22;3];[23;17;24;16]],12,205,19.19198951
12a_1107,[[1;7;2;6];[3;12;4;13];[5;21;6;20];[7;1;8;24];[9;16;10;17];[11;18;12;19];[13;4;14;5];[15;22;16;23];[17;10;18;11];[19;3;20;2];[21;14;22;15];[23;9;24;8]],12,113,15.275177
12a_1108,[[1;7;2;6];[3;12;4;13];[5;21;6;20];[7;1;8;24];[9;18;10;19];[11;16;12;17];[13;4;14;5];[15;22;16;23];[17;10;18;11];[19;3;20;2];[21;14;22;15];[23;9;24;8]],12,155,17.05376756
12a_1109,[[1;7;2;6];[3;13;4;12];[5;21;6;20];[7;1;8;24];[9;22;10;23];[11;3;12;2];[13;18;14;19];[15;9;16;8];[17;10;18;11];[19;5;20;4];[21;14;22;15];[23;17;24;16]],12,247,20.52106562
12a_1110,[[1;7;2;6];[3;13;4;12];[5;21;6;20];[7;1;8;24];[9;22;10;23];[11;5;12;4];[13;19;14;18];[15;8;16;9];[17;11;18;10];[19;3;20;2];[21;17;22;16];[23;14;24;15]],12,283,21.2922212
12a_1111,[[1;7;2;6];[3;12;4;13];[5;21;6;20];[7;1;8;24];[9;22;10;23];[11;18;12;19];[13;4;14;5];[15;9;16;8];[17;10;18;11];[19;3;20;2];[21;14;22;15];[23;17;24;16]],12,207,19.40944817
12a_1112,[[1;7;2;6];[3;13;4;12];[5;23;6;22];[7;15;8;14];[9;19;10;18];[11;5;12;4];[13;21;14;20];[15;1;16;24];[17;9;18;8];[19;11;20;10];[21;3;22;2];[23;17;24;16]],12,215,19.27442538
12a_1113,[[1;7;2;6];[3;13;4;12];[5;23;6;22];[7;15;8;14];[9;19;10;18];[11;5;12;4];[13;21;14;20];[15;1;16;24];[17;11;18;10];[19;9;20;8];[21;3;22;2];[23;17;24;16]],12,205,19.33408758
12a_1114,[[1;7;2;6];[3;12;4;13];[5;23;6;22];[7;16;8;17];[9;18;10;19];[11;20;12;21];[13;4;14;5];[15;24;16;1];[17;8;18;9];[19;10;20;11];[21;3;22;2];[23;14;24;15]],12,95,13.48119955
12a_1115,[[1;7;2;6];[3;12;4;13];[5;23;6;22];[7;16;8;17];[9;18;10;19];[11;20;12;21];[13;4;14;5];[15;24;16;1];[17;10;18;11];[19;8;20;9];[21;3;22;2];[23;14;24;15]],12,165,17.12152799
12a_1116,[[1;7;2;6];[3;12;4;13];[5;23;6;22];[7;18;8;19];[9;20;10;21];[11;16;12;17];[13;4;14;5];[15;24;16;1];[17;10;18;11];[19;8;20;9];[21;3;22;2];[23;14;24;15]],12,185,17.82151718
12a_1117,[[1;7;2;6];[3;13;4;12];[5;23;6;22];[7;20;8;21];[9;15;10;14];[11;5;12;4];[13;19;14;18];[15;1;16;24];[17;11;18;10];[19;8;20;9];[21;3;22;2];[23;17;24;16]],12,273,21.4321775
12a_1118,[[1;7;2;6];[3;12;4;13];[5;23;6;22];[7;20;8;21];[9;18;10;19];[11;16;12;17];[13;4;14;5];[15;24;16;1];[17;10;18;11];[19;8;20;9];[21;3;22;2];[23;14;24;15]],12,115,14.70849723
12a_1119,[[1;7;2;6];[3;12;4;13];[5;23;6;22];[7;1;8;24];[9;16;10;17];[11;18;12;19];[13;21;14;20];[15;4;16;5];[17;10;18;11];[19;3;20;2];[21;15;22;14];[23;9;24;8]],12,169,16.99231936
12a_1120,[[1;7;2;6];[3;12;4;13];[5;1;6;24];[7;16;8;17];[9;18;10;19];[11;20;12;21];[13;23;14;22];[15;4;16;5];[17;8;18;9];[19;10;20;11];[21;3;22;2];[23;15;24;14]],12,111,14.25022968
12a_1121,[[1;7;2;6];[3;12;4;13];[5;1;6;24];[7;16;8;17];[9;18;10;19];[11;20;12;21];[13;23;14;22];[15;4;16;5];[17;10;18;11];[19;8;20;9];[21;3;22;2];[23;15;24;14]],12,181,17.52860548
12a_1122,[[1;7;2;6];[3;14;4;15];[5;11;6;10];[7;21;8;20];[9;3;10;2];[11;24;12;1];[13;18;14;19];[15;4;16;5];[17;23;18;22];[19;9;20;8];[21;12;22;13];[23;17;24;16]],12,285,21.64704334
12a_1123,[[1;7;2;6];[3;14;4;15];[5;10;6;11];[7;21;8;20];[9;1;10;24];[11;2;12;3];[13;18;14;19];[15;4;16;5];[17;23;18;22];[19;12;20;13];[21;9;22;8];[23;17;24;16]],12,261,21.1496898
12a_1124,[[1;7;2;6];[3;14;4;15];[5;10;6;11];[7;1;8;24];[9;21;10;20];[11;4;12;5];[13;19;14;18];[15;2;16;3];[17;22;18;23];[19;13;20;12];[21;9;22;8];[23;16;24;17]],12,205,19.42560882
12a_1125,[[1;7;2;6];[3;14;4;15];[5;12;6;13];[7;17;8;16];[9;21;10;20];[11;23;12;22];[13;4;14;5];[15;2;16;3];[17;1;18;24];[19;9;20;8];[21;11;22;10];[23;19;24;18]],12,101,12.34969926
12a_1126,[[1;7;2;6];[3;14;4;15];[5;12;6;13];[7;17;8;16];[9;21;10;20];[11;23;12;22];[13;4;14;5];[15;2;16;3];[17;1;18;24];[19;11;20;10];[21;9;22;8];[23;19;24;18]],12,119,13.29100534
12a_1127,[[1;7;2;6];[3;14;4;15];[5;12;6;13];[7;23;8;22];[9;21;10;20];[11;17;12;16];[13;4;14;5];[15;2;16;3];[17;24;18;1];[19;11;20;10];[21;9;22;8];[23;18;24;19]],12,97,12.27128461
12a_1128,[[1;7;2;6];[3;15;4;14];[5;17;6;16];[7;18;8;19];[9;20;10;21];[11;22;12;23];[13;3;14;2];[15;5;16;4];[17;24;18;1];[19;8;20;9];[21;10;22;11];[23;12;24;13]],12,59,8.93823052
12a_1129,[[1;7;2;6];[3;15;4;14];[5;17;6;16];[7;18;8;19];[9;20;10;21];[11;22;12;23];[13;3;14;2];[15;5;16;4];[17;24;18;1];[19;8;20;9];[21;12;22;13];[23;10;24;11]],12,105,12.87261229
12a_1130,[[1;7;2;6];[3;15;4;14];[5;17;6;16];[7;18;8;19];[9;20;10;21];[11;22;12;23];[13;3;14;2];[15;5;16;4];[17;24;18;1];[19;12;20;13];[21;10;22;11];[23;8;24;9]],12,125,13.73227829
12a_1131,[[1;7;2;6];[3;15;4;14];[5;17;6;16];[7;18;8;19];[9;20;10;21];[11;22;12;23];[13;5;14;4];[15;3;16;2];[17;24;18;1];[19;8;20;9];[21;10;22;11];[23;12;24;13]],12,73,10.20851724
12a_1132,[[1;7;2;6];[3;15;4;14];[5;17;6;16];[7;18;8;19];[9;20;10;21];[11;22;12;23];[13;5;14;4];[15;3;16;2];[17;24;18;1];[19;8;20;9];[21;12;22;13];[23;10;24;11]],12,131,14.25373199
12a_1133,[[1;7;2;6];[3;15;4;14];[5;17;6;16];[7;18;8;19];[9;20;10;21];[11;22;12;23];[13;5;14;4];[15;3;16;2];[17;24;18;1];[19;12;20;13];[21;10;22;11];[23;8;24;9]],12,159,15.36389041
12a_1134,[[1;7;2;6];[3;14;4;15];[5;16;6;17];[7;19;8;18];[9;21;10;20];[11;23;12;22];[13;1;14;24];[15;4;16;5];[17;2;18;3];[19;9;20;8];[21;11;22;10];[23;13;24;12]],12,53,8.523768656
12a_1135,[[1;7;2;6];[3;14;4;15];[5;16;6;17];[7;19;8;18];[9;21;10;20];[11;23;12;22];[13;1;14;24];[15;4;16;5];[17;2;18;3];[19;9;20;8];[21;13;22;12];[23;11;24;10]],12,103,12.97930712
12a_1136,[[1;7;2;6];[3;14;4;15];[5;16;6;17];[7;19;8;18];[9;21;10;20];[11;23;12;22];[13;1;14;24];[15;4;16;5];[17;2;18;3];[19;13;20;12];[21;11;22;10];[23;9;24;8]],12,147,14.98734135
12a_1137,[[1;7;2;6];[3;14;4;15];[5;16;6;17];[7;19;8;18];[9;21;10;20];[11;1;12;24];[13;23;14;22];[15;4;16;5];[17;2;18;3];[19;11;20;10];[21;9;22;8];[23;13;24;12]],12,141,15.06804767
12a_1138,[[1;7;2;6];[3;15;4;14];[5;17;6;16];[7;18;8;19];[9;22;10;23];[11;20;12;21];[13;3;14;2];[15;5;16;4];[17;24;18;1];[19;12;20;13];[21;10;22;11];[23;8;24;9]],12,79,10.50618805
12a_1139,[[1;7;2;6];[3;15;4;14];[5;17;6;16];[7;18;8;19];[9;22;10;23];[11;20;12;21];[13;5;14;4];[15;3;16;2];[17;24;18;1];[19;12;20;13];[21;10;22;11];[23;8;24;9]],12,101,12.22156418
12a_1140,[[1;7;2;6];[3;14;4;15];[5;16;6;17];[7;19;8;18];[9;23;10;22];[11;21;12;20];[13;1;14;24];[15;4;16;5];[17;2;18;3];[19;13;20;12];[21;11;22;10];[23;9;24;8]],12,97,12.17225949
12a_1141,[[1;7;2;6];[3;15;4;14];[5;17;6;16];[7;20;8;21];[9;19;10;18];[11;22;12;23];[13;3;14;2];[15;5;16;4];[17;11;18;10];[19;24;20;1];[21;12;22;13];[23;8;24;9]],12,167,17.00601144
12a_1142,[[1;7;2;6];[3;15;4;14];[5;17;6;16];[7;20;8;21];[9;18;10;19];[11;22;12;23];[13;3;14;2];[15;5;16;4];[17;24;18;1];[19;8;20;9];[21;12;22;13];[23;10;24;11]],12,99,13.03887413
12a_1143,[[1;7;2;6];[3;15;4;14];[5;17;6;16];[7;20;8;21];[9;19;10;18];[11;22;12;23];[13;5;14;4];[15;3;16;2];[17;11;18;10];[19;24;20;1];[21;12;22;13];[23;8;24;9]],12,205,18.3126867
12a_1144,[[1;7;2;6];[3;15;4;14];[5;17;6;16];[7;20;8;21];[9;18;10;19];[11;22;12;23];[13;5;14;4];[15;3;16;2];[17;24;18;1];[19;8;20;9];[21;12;22;13];[23;10;24;11]],12,129,14.78848705
12a_1145,[[1;7;2;6];[3;14;4;15];[5;16;6;17];[7;21;8;20];[9;23;10;22];[11;1;12;24];[13;19;14;18];[15;4;16;5];[17;2;18;3];[19;13;20;12];[21;9;22;8];[23;11;24;10]],12,79,10.95584039
12a_1146,[[1;7;2;6];[3;14;4;15];[5;16;6;17];[7;21;8;20];[9;23;10;22];[11;1;12;24];[13;19;14;18];[15;4;16;5];[17;2;18;3];[19;13;20;12];[21;11;22;10];[23;9;24;8]],12,117,13.48512191
12a_1147,[[1;7;2;6];[3;14;4;15];[5;16;6;17];[7;23;8;22];[9;1;10;24];[11;19;12;18];[13;21;14;20];[15;4;16;5];[17;2;18;3];[19;13;20;12];[21;11;22;10];[23;9;24;8]],12,123,14.27442911
12a_1148,[[1;7;2;6];[3;14;4;15];[5;16;6;17];[7;23;8;22];[9;1;10;24];[11;21;12;20];[13;19;14;18];[15;4;16;5];[17;2;18;3];[19;13;20;12];[21;11;22;10];[23;9;24;8]],12,73,10.74915764
12a_1149,[[1;7;2;6];[3;14;4;15];[5;16;6;17];[7;1;8;24];[9;23;10;22];[11;21;12;20];[13;19;14;18];[15;4;16;5];[17;2;18;3];[19;13;20;12];[21;11;22;10];[23;9;24;8]],12,35,5.945742344
12a_1150,[[1;7;2;6];[3;14;4;15];[5;18;6;19];[7;1;8;24];[9;16;10;17];[11;21;12;20];[13;23;14;22];[15;4;16;5];[17;8;18;9];[19;2;20;3];[21;13;22;12];[23;11;24;10]],12,197,18.54218531
12a_1151,[[1;7;2;6];[3;14;4;15];[5;18;6;19];[7;1;8;24];[9;16;10;17];[11;23;12;22];[13;21;14;20];[15;4;16;5];[17;8;18;9];[19;2;20;3];[21;13;22;12];[23;11;24;10]],12,135,16.26124073
12a_1152,[[1;7;2;6];[3;17;4;16];[5;10;6;11];[7;20;8;21];[9;1;10;24];[11;2;12;3];[13;19;14;18];[15;5;16;4];[17;22;18;23];[19;8;20;9];[21;13;22;12];[23;14;24;15]],12,325,22.57927307
12a_1153,[[1;7;2;6];[3;16;4;17];[5;12;6;13];[7;19;8;18];[9;21;10;20];[11;1;12;24];[13;4;14;5];[15;23;16;22];[17;2;18;3];[19;9;20;8];[21;11;22;10];[23;15;24;14]],12,137,16.16821214
12a_1154,[[1;7;2;6];[3;16;4;17];[5;12;6;13];[7;19;8;18];[9;21;10;20];[11;1;12;24];[13;4;14;5];[15;23;16;22];[17;2;18;3];[19;11;20;10];[21;9;22;8];[23;15;24;14]],12,195,18.38849101
12a_1155,[[1;7;2;6];[3;17;4;16];[5;13;6;12];[7;19;8;18];[9;22;10;23];[11;3;12;2];[13;21;14;20];[15;5;16;4];[17;11;18;10];[19;1;20;24];[21;15;22;14];[23;8;24;9]],12,273,21.3109334
12a_1156,[[1;7;2;6];[3;16;4;17];[5;13;6;12];[7;19;8;18];[9;22;10;23];[11;5;12;4];[13;21;14;20];[15;11;16;10];[17;2;18;3];[19;1;20;24];[21;15;22;14];[23;8;24;9]],12,205,19.46867444
12a_1157,[[1;7;2;6];[3;16;4;17];[5;14;6;15];[7;19;8;18];[9;21;10;20];[11;23;12;22];[13;1;14;24];[15;4;16;5];[17;2;18;3];[19;9;20;8];[21;11;22;10];[23;13;24;12]],12,39,6.289576746
12a_1158,[[1;7;2;6];[3;16;4;17];[5;14;6;15];[7;19;8;18];[9;21;10;20];[11;23;12;22];[13;1;14;24];[15;4;16;5];[17;2;18;3];[19;9;20;8];[21;13;22;12];[23;11;24;10]],12,77,10.85643899
12a_1159,[[1;7;2;6];[3;16;4;17];[5;14;6;15];[7;19;8;18];[9;21;10;20];[11;23;12;22];[13;1;14;24];[15;4;16;5];[17;2;18;3];[19;13;20;12];[21;11;22;10];[23;9;24;8]],12,113,13.13111584
12a_1160,[[1;7;2;6];[3;16;4;17];[5;14;6;15];[7;19;8;18];[9;21;10;20];[11;1;12;24];[13;23;14;22];[15;4;16;5];[17;2;18;3];[19;11;20;10];[21;9;22;8];[23;13;24;12]],12,111,13.48219198
12a_1161,[[1;7;2;6];[3;16;4;17];[5;14;6;15];[7;19;8;18];[9;23;10;22];[11;21;12;20];[13;1;14;24];[15;4;16;5];[17;2;18;3];[19;13;20;12];[21;11;22;10];[23;9;24;8]],12,75,10.42609893
12a_1162,[[1;7;2;6];[3;16;4;17];[5;14;6;15];[7;21;8;20];[9;23;10;22];[11;1;12;24];[13;19;14;18];[15;4;16;5];[17;2;18;3];[19;13;20;12];[21;9;22;8];[23;11;24;10]],12,69,10.26611226
12a_1163,[[1;7;2;6];[3;16;4;17];[5;14;6;15];[7;21;8;20];[9;23;10;22];[11;1;12;24];[13;19;14;18];[15;4;16;5];[17;2;18;3];[19;13;20;12];[21;11;22;10];[23;9;24;8]],12,103,12.93327003
12a_1164,[[1;7;2;6];[3;16;4;17];[5;14;6;15];[7;23;8;22];[9;1;10;24];[11;19;12;18];[13;21;14;20];[15;4;16;5];[17;2;18;3];[19;13;20;12];[21;11;22;10];[23;9;24;8]],12,105,13.36785601
12a_1165,[[1;7;2;6];[3;16;4;17];[5;14;6;15];[7;23;8;22];[9;1;10;24];[11;21;12;20];[13;19;14;18];[15;4;16;5];[17;2;18;3];[19;13;20;12];[21;11;22;10];[23;9;24;8]],12,67,10.54330295
12a_1166,[[1;7;2;6];[3;16;4;17];[5;14;6;15];[7;1;8;24];[9;23;10;22];[11;21;12;20];[13;19;14;18];[15;4;16;5];[17;2;18;3];[19;13;20;12];[21;11;22;10];[23;9;24;8]],12,33,5.90828682
12a_1167,[[1;7;2;6];[3;16;4;17];[5;19;6;18];[7;23;8;22];[9;3;10;2];[11;4;12;5];[13;24;14;1];[15;20;16;21];[17;11;18;10];[19;12;20;13];[21;9;22;8];[23;14;24;15]],12,313,22.05938451
12a_1168,[[1;7;2;6];[3;19;4;18];[5;13;6;12];[7;16;8;17];[9;20;10;21];[11;5;12;4];[13;22;14;23];[15;24;16;1];[17;3;18;2];[19;8;20;9];[21;10;22;11];[23;14;24;15]],12,155,17.046778
12a_1169,[[1;7;2;6];[3;19;4;18];[5;13;6;12];[7;16;8;17];[9;20;10;21];[11;5;12;4];[13;22;14;23];[15;24;16;1];[17;3;18;2];[19;10;20;11];[21;8;22;9];[23;14;24;15]],12,137,16.27597048
12a_1170,[[1;7;2;6];[3;19;4;18];[5;13;6;12];[7;16;8;17];[9;20;10;21];[11;5;12;4];[13;24;14;1];[15;22;16;23];[17;3;18;2];[19;8;20;9];[21;10;22;11];[23;14;24;15]],12,153,16.95734804
12a_1171,[[1;7;2;6];[3;19;4;18];[5;13;6;12];[7;16;8;17];[9;20;10;21];[11;5;12;4];[13;24;14;1];[15;22;16;23];[17;3;18;2];[19;10;20;11];[21;8;22;9];[23;14;24;15]],12,115,15.20603924
12a_1172,[[1;7;2;6];[3;19;4;18];[5;13;6;12];[7;16;8;17];[9;22;10;23];[11;5;12;4];[13;20;14;21];[15;24;16;1];[17;3;18;2];[19;10;20;11];[21;14;22;15];[23;8;24;9]],12,221,19.55744219
12a_1173,[[1;7;2;6];[3;18;4;19];[5;12;6;13];[7;21;8;20];[9;17;10;16];[11;1;12;24];[13;4;14;5];[15;23;16;22];[17;9;18;8];[19;2;20;3];[21;11;22;10];[23;15;24;14]],12,231,20.00645966
12a_1174,[[1;7;2;6];[3;19;4;18];[5;13;6;12];[7;1;8;24];[9;16;10;17];[11;5;12;4];[13;20;14;21];[15;22;16;23];[17;3;18;2];[19;10;20;11];[21;14;22;15];[23;9;24;8]],12,145,16.52305158
12a_1175,[[1;7;2;6];[3;19;4;18];[5;13;6;12];[7;1;8;24];[9;22;10;23];[11;5;12;4];[13;20;14;21];[15;9;16;8];[17;3;18;2];[19;10;20;11];[21;14;22;15];[23;17;24;16]],12,223,19.66109163
12a_1176,[[1;7;2;6];[3;19;4;18];[5;15;6;14];[7;16;8;17];[9;20;10;21];[11;22;12;23];[13;5;14;4];[15;24;16;1];[17;3;18;2];[19;8;20;9];[21;10;22;11];[23;12;24;13]],12,119,15.01885852
12a_1177,[[1;7;2;6];[3;19;4;18];[5;15;6;14];[7;16;8;17];[9;20;10;21];[11;22;12;23];[13;5;14;4];[15;24;16;1];[17;3;18;2];[19;8;20;9];[21;12;22;13];[23;10;24;11]],12,189,18.0401776
12a_1178,[[1;7;2;6];[3;19;4;18];[5;15;6;14];[7;16;8;17];[9;20;10;21];[11;22;12;23];[13;5;14;4];[15;24;16;1];[17;3;18;2];[19;12;20;13];[21;10;22;11];[23;8;24;9]],12,161,17.24816719
12a_1179,[[1;7;2;6];[3;19;4;18];[5;15;6;14];[7;16;8;17];[9;22;10;23];[11;20;12;21];[13;5;14;4];[15;24;16;1];[17;3;18;2];[19;12;20;13];[21;10;22;11];[23;8;24;9]],12,91,13.62526722
12a_1180,[[1;7;2;6];[3;19;4;18];[5;15;6;14];[7;1;8;24];[9;16;10;17];[11;20;12;21];[13;5;14;4];[15;22;16;23];[17;3;18;2];[19;10;20;11];[21;12;22;13];[23;9;24;8]],12,165,17.27732651
12a_1181,[[1;7;2;6];[3;19;4;18];[5;15;6;14];[7;1;8;24];[9;16;10;17];[11;20;12;21];[13;5;14;4];[15;22;16;23];[17;3;18;2];[19;12;20;13];[21;10;22;11];[23;9;24;8]],12,135,16.06630287
12a_1182,[[1;7;2;6];[3;19;4;18];[5;15;6;14];[7;1;8;24];[9;20;10;21];[11;22;12;23];[13;5;14;4];[15;9;16;8];[17;3;18;2];[19;12;20;13];[21;10;22;11];[23;17;24;16]],12,187,18.19765909
12a_1183,[[1;7;2;6];[3;19;4;18];[5;15;6;14];[7;1;8;24];[9;22;10;23];[11;20;12;21];[13;5;14;4];[15;9;16;8];[17;3;18;2];[19;12;20;13];[21;10;22;11];[23;17;24;16]],12,121,15.4641767
12a_1184,[[1;7;2;6];[3;19;4;18];[5;16;6;17];[7;21;8;20];[9;3;10;2];[11;4;12;5];[13;23;14;22];[15;1;16;24];[17;10;18;11];[19;9;20;8];[21;13;22;12];[23;15;24;14]],12,177,17.69011861
12a_1185,[[1;7;2;6];[3;19;4;18];[5;16;6;17];[7;21;8;20];[9;3;10;2];[11;4;12;5];[13;23;14;22];[15;1;16;24];[17;10;18;11];[19;9;20;8];[21;15;22;14];[23;13;24;12]],12,235,19.39622823
12a_1186,[[1;7;2;6];[3;19;4;18];[5;16;6;17];[7;23;8;22];[9;3;10;2];[11;4;12;5];[13;21;14;20];[15;1;16;24];[17;10;18;11];[19;13;20;12];[21;9;22;8];[23;15;24;14]],12,245,20.51404508
12a_1187,[[1;7;2;6];[3;18;4;19];[5;21;6;20];[7;14;8;15];[9;3;10;2];[11;4;12;5];[13;24;14;1];[15;8;16;9];[17;22;18;23];[19;11;20;10];[21;12;22;13];[23;16;24;17]],12,303,21.87269941
12a_1188,[[1;7;2;6];[3;18;4;19];[5;21;6;20];[7;15;8;14];[9;16;10;17];[11;5;12;4];[13;2;14;3];[15;1;16;24];[17;22;18;23];[19;12;20;13];[21;11;22;10];[23;8;24;9]],12,353,22.82375271
12a_1189,[[1;7;2;6];[3;18;4;19];[5;21;6;20];[7;15;8;14];[9;23;10;22];[11;5;12;4];[13;2;14;3];[15;1;16;24];[17;9;18;8];[19;12;20;13];[21;11;22;10];[23;17;24;16]],12,267,20.87850478
12a_1190,[[1;7;2;6];[3;18;4;19];[5;21;6;20];[7;15;8;14];[9;1;10;24];[11;5;12;4];[13;2;14;3];[15;9;16;8];[17;22;18;23];[19;12;20;13];[21;11;22;10];[23;16;24;17]],12,279,21.20808092
12a_1191,[[1;7;2;6];[3;18;4;19];[5;21;6;20];[7;16;8;17];[9;3;10;2];[11;4;12;5];[13;22;14;23];[15;24;16;1];[17;8;18;9];[19;11;20;10];[21;12;22;13];[23;14;24;15]],12,153,16.61332843
12a_1192,[[1;7;2;6];[3;18;4;19];[5;21;6;20];[7;16;8;17];[9;3;10;2];[11;4;12;5];[13;22;14;23];[15;24;16;1];[17;8;18;9];[19;11;20;10];[21;14;22;15];[23;12;24;13]],12,227,19.25214363
12a_1193,[[1;7;2;6];[3;18;4;19];[5;21;6;20];[7;16;8;17];[9;22;10;23];[11;3;12;2];[13;4;14;5];[15;24;16;1];[17;10;18;11];[19;13;20;12];[21;14;22;15];[23;8;24;9]],12,323,22.31074547
12a_1194,[[1;7;2;6];[3;18;4;19];[5;21;6;20];[7;1;8;24];[9;16;10;17];[11;3;12;2];[13;4;14;5];[15;22;16;23];[17;10;18;11];[19;13;20;12];[21;14;22;15];[23;9;24;8]],12,175,18.19874975
12a_1195,[[1;7;2;6];[3;18;4;19];[5;21;6;20];[7;1;8;24];[9;17;10;16];[11;5;12;4];[13;2;14;3];[15;22;16;23];[17;11;18;10];[19;12;20;13];[21;9;22;8];[23;14;24;15]],12,239,20.21629402
12a_1196,[[1;7;2;6];[3;18;4;19];[5;21;6;20];[7;1;8;24];[9;22;10;23];[11;3;12;2];[13;4;14;5];[15;9;16;8];[17;10;18;11];[19;13;20;12];[21;14;22;15];[23;17;24;16]],12,297,21.84700888
12a_1197,[[1;7;2;6];[3;18;4;19];[5;23;6;22];[7;15;8;14];[9;5;10;4];[11;20;12;21];[13;2;14;3];[15;1;16;24];[17;9;18;8];[19;10;20;11];[21;12;22;13];[23;17;24;16]],12,237,19.88765728
12a_1198,[[1;7;2;6];[3;18;4;19];[5;23;6;22];[7;15;8;14];[9;5;10;4];[11;20;12;21];[13;2;14;3];[15;1;16;24];[17;9;18;8];[19;12;20;13];[21;10;22;11];[23;17;24;16]],12,223,19.54771897
12a_1199,[[1;7;2;6];[3;18;4;19];[5;23;6;22];[7;16;8;17];[9;3;10;2];[11;21;12;20];[13;4;14;5];[15;24;16;1];[17;8;18;9];[19;11;20;10];[21;13;22;12];[23;14;24;15]],12,185,17.83717374
12a_1200,[[1;7;2;6];[3;18;4;19];[5;23;6;22];[7;16;8;17];[9;3;10;2];[11;21;12;20];[13;4;14;5];[15;24;16;1];[17;8;18;9];[19;13;20;12];[21;11;22;10];[23;14;24;15]],12,195,18.39805227
12a_1201,[[1;7;2;6];[3;18;4;19];[5;23;6;22];[7;17;8;16];[9;1;10;24];[11;5;12;4];[13;20;14;21];[15;2;16;3];[17;9;18;8];[19;12;20;13];[21;14;22;15];[23;11;24;10]],12,213,19.08736164
12a_1202,[[1;7;2;6];[3;20;4;21];[5;10;6;11];[7;1;8;24];[9;15;10;14];[11;4;12;5];[13;18;14;19];[15;9;16;8];[17;23;18;22];[19;12;20;13];[21;2;22;3];[23;17;24;16]],12,169,18.04872899
12a_1203,[[1;7;2;6];[3;21;4;20];[5;13;6;12];[7;16;8;17];[9;18;10;19];[11;5;12;4];[13;22;14;23];[15;24;16;1];[17;8;18;9];[19;3;20;2];[21;10;22;11];[23;14;24;15]],12,143,16.11954927
12a_1204,[[1;7;2;6];[3;21;4;20];[5;13;6;12];[7;16;8;17];[9;18;10;19];[11;5;12;4];[13;24;14;1];[15;22;16;23];[17;8;18;9];[19;3;20;2];[21;10;22;11];[23;14;24;15]],12,149,16.47328034
12a_1205,[[1;7;2;6];[3;21;4;20];[5;13;6;12];[7;18;8;19];[9;16;10;17];[11;5;12;4];[13;24;14;1];[15;22;16;23];[17;8;18;9];[19;3;20;2];[21;10;22;11];[23;14;24;15]],12,119,15.56869659
12a_1206,[[1;7;2;6];[3;21;4;20];[5;15;6;14];[7;1;8;24];[9;22;10;23];[11;5;12;4];[13;19;14;18];[15;9;16;8];[17;3;18;2];[19;13;20;12];[21;10;22;11];[23;17;24;16]],12,245,20.1773621
12a_1207,[[1;7;2;6];[3;21;4;20];[5;18;6;19];[7;17;8;16];[9;3;10;2];[11;4;12;5];[13;23;14;22];[15;9;16;8];[17;1;18;24];[19;10;20;11];[21;13;22;12];[23;15;24;14]],12,213,19.40117453
12a_1208,[[1;7;2;6];[3;21;4;20];[5;18;6;19];[7;17;8;16];[9;3;10;2];[11;4;12;5];[13;23;14;22];[15;9;16;8];[17;1;18;24];[19;10;20;11];[21;15;22;14];[23;13;24;12]],12,247,20.46900497
12a_1209,[[1;9;2;8];[3;11;4;10];[5;12;6;13];[7;15;8;14];[9;3;10;2];[11;18;12;19];[13;21;14;20];[15;22;16;23];[17;24;18;1];[19;5;20;4];[21;6;22;7];[23;16;24;17]],12,181,17.87653861
12a_1210,[[1;9;2;8];[3;10;4;11];[5;12;6;13];[7;15;8;14];[9;18;10;19];[11;4;12;5];[13;21;14;20];[15;22;16;23];[17;24;18;1];[19;3;20;2];[21;6;22;7];[23;16;24;17]],12,165,17.22073913
12a_1211,[[1;9;2;8];[3;10;4;11];[5;13;6;12];[7;17;8;16];[9;18;10;19];[11;21;12;20];[13;22;14;23];[15;7;16;6];[17;24;18;1];[19;3;20;2];[21;4;22;5];[23;14;24;15]],12,265,20.4895626
12a_1212,[[1;9;2;8];[3;10;4;11];[5;13;6;12];[7;16;8;17];[9;19;10;18];[11;20;12;21];[13;23;14;22];[15;1;16;24];[17;2;18;3];[19;5;20;4];[21;6;22;7];[23;15;24;14]],12,231,19.4342528
12a_1213,[[1;9;2;8];[3;10;4;11];[5;13;6;12];[7;16;8;17];[9;19;10;18];[11;20;12;21];[13;1;14;24];[15;23;16;22];[17;2;18;3];[19;5;20;4];[21;6;22;7];[23;15;24;14]],12,253,20.266494
12a_1214,[[1;9;2;8];[3;11;4;10];[5;13;6;12];[7;18;8;19];[9;3;10;2];[11;5;12;4];[13;21;14;20];[15;23;16;22];[17;1;18;24];[19;6;20;7];[21;15;22;14];[23;17;24;16]],12,45,8.52437743
12a_1215,[[1;9;2;8];[3;11;4;10];[5;12;6;13];[7;18;8;19];[9;3;10;2];[11;21;12;20];[13;6;14;7];[15;23;16;22];[17;1;18;24];[19;4;20;5];[21;15;22;14];[23;17;24;16]],12,117,14.73599657
12a_1216,[[1;9;2;8];[3;10;4;11];[5;13;6;12];[7;19;8;18];[9;16;10;17];[11;21;12;20];[13;22;14;23];[15;24;16;1];[17;3;18;2];[19;7;20;6];[21;4;22;5];[23;14;24;15]],12,183,18.50951172
12a_1217,[[1;9;2;8];[3;10;4;11];[5;13;6;12];[7;19;8;18];[9;16;10;17];[11;21;12;20];[13;24;14;1];[15;22;16;23];[17;3;18;2];[19;7;20;6];[21;4;22;5];[23;14;24;15]],12,237,20.16757275
12a_1218,[[1;9;2;8];[3;10;4;11];[5;12;6;13];[7;18;8;19];[9;21;10;20];[11;4;12;5];[13;6;14;7];[15;23;16;22];[17;1;18;24];[19;2;20;3];[21;15;22;14];[23;17;24;16]],12,109,14.05714392
12a_1219,[[1;9;2;8];[3;11;4;10];[5;12;6;13];[7;21;8;20];[9;3;10;2];[11;18;12;19];[13;6;14;7];[15;22;16;23];[17;24;18;1];[19;5;20;4];[21;14;22;15];[23;16;24;17]],12,123,15.01079271
12a_1220,[[1;9;2;8];[3;10;4;11];[5;12;6;13];[7;21;8;20];[9;18;10;19];[11;4;12;5];[13;6;14;7];[15;22;16;23];[17;24;18;1];[19;3;20;2];[21;14;22;15];[23;16;24;17]],12,91,13.0673145
12a_1221,[[1;9;2;8];[3;11;4;10];[5;12;6;13];[7;23;8;22];[9;3;10;2];[11;18;12;19];[13;21;14;20];[15;6;16;7];[17;24;18;1];[19;5;20;4];[21;15;22;14];[23;16;24;17]],12,195,18.45847921
12a_1222,[[1;9;2;8];[3;10;4;11];[5;13;6;12];[7;1;8;24];[9;19;10;18];[11;20;12;21];[13;7;14;6];[15;22;16;23];[17;2;18;3];[19;5;20;4];[21;14;22;15];[23;16;24;17]],12,205,18.89433541
12a_1223,[[1;9;2;8];[3;11;4;10];[5;14;6;15];[7;18;8;19];[9;3;10;2];[11;21;12;20];[13;23;14;22];[15;6;16;7];[17;1;18;24];[19;4;20;5];[21;13;22;12];[23;17;24;16]],12,137,16.00412883
12a_1224,[[1;9;2;8];[3;11;4;10];[5;14;6;15];[7;18;8;19];[9;3;10;2];[11;23;12;22];[13;21;14;20];[15;6;16;7];[17;1;18;24];[19;4;20;5];[21;13;22;12];[23;17;24;16]],12,147,16.58668732
12a_1225,[[1;9;2;8];[3;10;4;11];[5;14;6;15];[7;18;8;19];[9;21;10;20];[11;4;12;5];[13;23;14;22];[15;6;16;7];[17;1;18;24];[19;2;20;3];[21;13;22;12];[23;17;24;16]],12,225,19.5475895
12a_1226,[[1;9;2;8];[3;11;4;10];[5;14;6;15];[7;23;8;22];[9;3;10;2];[11;18;12;19];[13;20;14;21];[15;6;16;7];[17;24;18;1];[19;12;20;13];[21;5;22;4];[23;16;24;17]],12,147,16.50731127
12a_1227,[[1;9;2;8];[3;10;4;11];[5;14;6;15];[7;23;8;22];[9;18;10;19];[11;21;12;20];[13;4;14;5];[15;6;16;7];[17;24;18;1];[19;3;20;2];[21;13;22;12];[23;16;24;17]],12,191,18.20837125
12a_1228,[[1;9;2;8];[3;10;4;11];[5;14;6;15];[7;23;8;22];[9;18;10;19];[11;21;12;20];[13;6;14;7];[15;4;16;5];[17;24;18;1];[19;3;20;2];[21;13;22;12];[23;16;24;17]],12,197,18.64666951
12a_1229,[[1;9;2;8];[3;10;4;11];[5;14;6;15];[7;1;8;24];[9;19;10;18];[11;4;12;5];[13;21;14;20];[15;22;16;23];[17;2;18;3];[19;13;20;12];[21;7;22;6];[23;16;24;17]],12,221,19.42251378
12a_1230,[[1;9;2;8];[3;10;4;11];[5;14;6;15];[7;1;8;24];[9;18;10;19];[11;21;12;20];[13;4;14;5];[15;23;16;22];[17;6;18;7];[19;3;20;2];[21;13;22;12];[23;17;24;16]],12,215,19.16700868
12a_1231,[[1;9;2;8];[3;10;4;11];[5;15;6;14];[7;1;8;24];[9;19;10;18];[11;20;12;21];[13;22;14;23];[15;7;16;6];[17;2;18;3];[19;5;20;4];[21;12;22;13];[23;16;24;17]],12,193,18.25164092
12a_1232,[[1;9;2;8];[3;10;4;11];[5;15;6;14];[7;1;8;24];[9;19;10;18];[11;22;12;23];[13;20;14;21];[15;7;16;6];[17;2;18;3];[19;5;20;4];[21;12;22;13];[23;16;24;17]],12,187,18.2934446
12a_1233,[[1;9;2;8];[3;11;4;10];[5;16;6;17];[7;18;8;19];[9;3;10;2];[11;21;12;20];[13;23;14;22];[15;1;16;24];[17;6;18;7];[19;4;20;5];[21;13;22;12];[23;15;24;14]],12,77,11.70221111
12a_1234,[[1;9;2;8];[3;11;4;10];[5;16;6;17];[7;18;8;19];[9;3;10;2];[11;21;12;20];[13;23;14;22];[15;1;16;24];[17;6;18;7];[19;4;20;5];[21;15;22;14];[23;13;24;12]],12,127,14.85491056
12a_1235,[[1;9;2;8];[3;10;4;11];[5;16;6;17];[7;18;8;19];[9;21;10;20];[11;4;12;5];[13;23;14;22];[15;1;16;24];[17;6;18;7];[19;2;20;3];[21;13;22;12];[23;15;24;14]],12,133,15.81695331
12a_1236,[[1;9;2;8];[3;10;4;11];[5;16;6;17];[7;18;8;19];[9;21;10;20];[11;4;12;5];[13;23;14;22];[15;1;16;24];[17;6;18;7];[19;2;20;3];[21;15;22;14];[23;13;24;12]],12,167,17.18617228
12a_1237,[[1;9;2;8];[3;10;4;11];[5;16;6;17];[7;23;8;22];[9;18;10;19];[11;21;12;20];[13;6;14;7];[15;24;16;1];[17;4;18;5];[19;3;20;2];[21;13;22;12];[23;14;24;15]],12,225,19.86246426
12a_1238,[[1;9;2;8];[3;10;4;11];[5;16;6;17];[7;1;8;24];[9;18;10;19];[11;21;12;20];[13;23;14;22];[15;4;16;5];[17;6;18;7];[19;3;20;2];[21;13;22;12];[23;15;24;14]],12,131,15.73661555
12a_1239,[[1;9;2;8];[3;10;4;11];[5;16;6;17];[7;1;8;24];[9;18;10;19];[11;21;12;20];[13;23;14;22];[15;4;16;5];[17;6;18;7];[19;3;20;2];[21;15;22;14];[23;13;24;12]],12,177,17.55730104
12a_1240,[[1;9;2;8];[3;10;4;11];[5;16;6;17];[7;1;8;24];[9;18;10;19];[11;21;12;20];[13;23;14;22];[15;6;16;7];[17;4;18;5];[19;3;20;2];[21;13;22;12];[23;15;24;14]],12,97,14.21483893
12a_1241,[[1;9;2;8];[3;10;4;11];[5;16;6;17];[7;1;8;24];[9;18;10;19];[11;21;12;20];[13;23;14;22];[15;6;16;7];[17;4;18;5];[19;3;20;2];[21;15;22;14];[23;13;24;12]],12,155,16.96345045
12a_1242,[[1;9;2;8];[3;11;4;10];[5;18;6;19];[7;16;8;17];[9;3;10;2];[11;21;12;20];[13;23;14;22];[15;1;16;24];[17;6;18;7];[19;4;20;5];[21;13;22;12];[23;15;24;14]],12,47,9.356938982
12a_1243,[[1;9;2;8];[3;11;4;10];[5;18;6;19];[7;16;8;17];[9;3;10;2];[11;21;12;20];[13;23;14;22];[15;1;16;24];[17;6;18;7];[19;4;20;5];[21;15;22;14];[23;13;24;12]],12,85,12.76670753
12a_1244,[[1;9;2;8];[3;10;4;11];[5;18;6;19];[7;16;8;17];[9;21;10;20];[11;4;12;5];[13;23;14;22];[15;1;16;24];[17;6;18;7];[19;2;20;3];[21;13;22;12];[23;15;24;14]],12,119,15.14375277
12a_1245,[[1;9;2;8];[3;10;4;11];[5;18;6;19];[7;16;8;17];[9;21;10;20];[11;4;12;5];[13;23;14;22];[15;1;16;24];[17;6;18;7];[19;2;20;3];[21;15;22;14];[23;13;24;12]],12,173,17.4764218
12a_1246,[[1;9;2;8];[3;11;4;10];[5;21;6;20];[7;17;8;16];[9;3;10;2];[11;18;12;19];[13;22;14;23];[15;7;16;6];[17;24;18;1];[19;5;20;4];[21;12;22;13];[23;14;24;15]],12,143,16.20152739
12a_1247,[[1;9;2;8];[3;11;4;10];[5;21;6;20];[7;17;8;16];[9;3;10;2];[11;18;12;19];[13;22;14;23];[15;7;16;6];[17;24;18;1];[19;5;20;4];[21;14;22;15];[23;12;24;13]],12,117,15.24590272
12a_1248,[[1;9;2;8];[3;10;4;11];[5;20;6;21];[7;23;8;22];[9;16;10;17];[11;19;12;18];[13;6;14;7];[15;24;16;1];[17;3;18;2];[19;4;20;5];[21;13;22;12];[23;14;24;15]],12,255,20.17516075
12a_1249,[[1;9;2;8];[3;10;4;11];[5;23;6;22];[7;16;8;17];[9;19;10;18];[11;20;12;21];[13;6;14;7];[15;1;16;24];[17;2;18;3];[19;5;20;4];[21;12;22;13];[23;15;24;14]],12,257,20.19792313
12a_1250,[[1;9;2;8];[3;13;4;12];[5;14;6;15];[7;18;8;19];[9;3;10;2];[11;20;12;21];[13;23;14;22];[15;6;16;7];[17;1;18;24];[19;10;20;11];[21;4;22;5];[23;17;24;16]],12,217,19.19033095
12a_1251,[[1;9;2;8];[3;12;4;13];[5;15;6;14];[7;19;8;18];[9;16;10;17];[11;22;12;23];[13;21;14;20];[15;24;16;1];[17;3;18;2];[19;7;20;6];[21;4;22;5];[23;10;24;11]],12,265,20.80929879
12a_1252,[[1;9;2;8];[3;13;4;12];[5;14;6;15];[7;18;8;19];[9;23;10;22];[11;3;12;2];[13;21;14;20];[15;6;16;7];[17;1;18;24];[19;4;20;5];[21;11;22;10];[23;17;24;16]],12,231,19.78271086
12a_1253,[[1;9;2;8];[3;13;4;12];[5;14;6;15];[7;23;8;22];[9;18;10;19];[11;3;12;2];[13;20;14;21];[15;6;16;7];[17;24;18;1];[19;10;20;11];[21;5;22;4];[23;16;24;17]],12,207,18.79128718
12a_1254,[[1;9;2;8];[3;12;4;13];[5;14;6;15];[7;1;8;24];[9;19;10;18];[11;21;12;20];[13;4;14;5];[15;22;16;23];[17;2;18;3];[19;11;20;10];[21;7;22;6];[23;16;24;17]],12,145,16.19607009
12a_1255,[[1;9;2;8];[3;12;4;13];[5;15;6;14];[7;1;8;24];[9;19;10;18];[11;21;12;20];[13;22;14;23];[15;7;16;6];[17;2;18;3];[19;11;20;10];[21;5;22;4];[23;16;24;17]],12,177,17.67911146
12a_1256,[[1;9;2;8];[3;12;4;13];[5;14;6;15];[7;1;8;24];[9;21;10;20];[11;19;12;18];[13;4;14;5];[15;22;16;23];[17;2;18;3];[19;11;20;10];[21;7;22;6];[23;16;24;17]],12,139,16.11121314
12a_1257,[[1;9;2;8];[3;12;4;13];[5;15;6;14];[7;1;8;24];[9;21;10;20];[11;19;12;18];[13;22;14;23];[15;7;16;6];[17;2;18;3];[19;11;20;10];[21;5;22;4];[23;16;24;17]],12,203,18.77402751
12a_1258,[[1;9;2;8];[3;13;4;12];[5;16;6;17];[7;18;8;19];[9;3;10;2];[11;20;12;21];[13;23;14;22];[15;1;16;24];[17;6;18;7];[19;10;20;11];[21;4;22;5];[23;15;24;14]],12,157,17.12792989
12a_1259,[[1;9;2;8];[3;13;4;12];[5;16;6;17];[7;18;8;19];[9;3;10;2];[11;20;12;21];[13;1;14;24];[15;23;16;22];[17;6;18;7];[19;10;20;11];[21;4;22;5];[23;15;24;14]],12,143,16.65478812
12a_1260,[[1;9;2;8];[3;12;4;13];[5;16;6;17];[7;18;8;19];[9;21;10;20];[11;23;12;22];[13;4;14;5];[15;1;16;24];[17;6;18;7];[19;2;20;3];[21;11;22;10];[23;15;24;14]],12,153,16.8309951
12a_1261,[[1;9;2;8];[3;13;4;12];[5;16;6;17];[7;18;8;19];[9;23;10;22];[11;3;12;2];[13;21;14;20];[15;1;16;24];[17;6;18;7];[19;4;20;5];[21;11;22;10];[23;15;24;14]],12,195,18.24384742
12a_1262,[[1;9;2;8];[3;12;4;13];[5;16;6;17];[7;18;8;19];[9;23;10;22];[11;21;12;20];[13;4;14;5];[15;1;16;24];[17;6;18;7];[19;2;20;3];[21;11;22;10];[23;15;24;14]],12,147,16.64813416
12a_1263,[[1;9;2;8];[3;12;4;13];[5;16;6;17];[7;21;8;20];[9;1;10;24];[11;18;12;19];[13;6;14;7];[15;22;16;23];[17;4;18;5];[19;3;20;2];[21;14;22;15];[23;11;24;10]],12,211,19.3237014
12a_1264,[[1;9;2;8];[3;13;4;12];[5;18;6;19];[7;16;8;17];[9;3;10;2];[11;20;12;21];[13;23;14;22];[15;1;16;24];[17;6;18;7];[19;10;20;11];[21;4;22;5];[23;15;24;14]],12,127,15.96564169
12a_1265,[[1;9;2;8];[3;13;4;12];[5;18;6;19];[7;16;8;17];[9;3;10;2];[11;20;12;21];[13;1;14;24];[15;23;16;22];[17;6;18;7];[19;10;20;11];[21;4;22;5];[23;15;24;14]],12,165,17.44210766
12a_1266,[[1;9;2;8];[3;13;4;12];[5;18;6;19];[7;16;8;17];[9;23;10;22];[11;3;12;2];[13;21;14;20];[15;1;16;24];[17;6;18;7];[19;4;20;5];[21;11;22;10];[23;15;24;14]],12,129,15.60515552
12a_1267,[[1;9;2;8];[3;12;4;13];[5;18;6;19];[7;16;8;17];[9;23;10;22];[11;21;12;20];[13;4;14;5];[15;1;16;24];[17;6;18;7];[19;2;20;3];[21;11;22;10];[23;15;24;14]],12,145,16.41013295
12a_1268,[[1;9;2;8];[3;12;4;13];[5;19;6;18];[7;21;8;20];[9;16;10;17];[11;22;12;23];[13;4;14;5];[15;24;16;1];[17;3;18;2];[19;7;20;6];[21;14;22;15];[23;10;24;11]],12,221,19.45315505
12a_1269,[[1;9;2;8];[3;13;4;12];[5;20;6;21];[7;16;8;17];[9;3;10;2];[11;18;12;19];[13;1;14;24];[15;23;16;22];[17;10;18;11];[19;6;20;7];[21;4;22;5];[23;15;24;14]],12,169,17.24395695
12a_1270,[[1;9;2;8];[3;12;4;13];[5;21;6;20];[7;16;8;17];[9;23;10;22];[11;19;12;18];[13;6;14;7];[15;1;16;24];[17;2;18;3];[19;5;20;4];[21;11;22;10];[23;15;24;14]],12,255,20.64168483
12a_1271,[[1;9;2;8];[3;12;4;13];[5;21;6;20];[7;19;8;18];[9;16;10;17];[11;22;12;23];[13;4;14;5];[15;24;16;1];[17;3;18;2];[19;7;20;6];[21;14;22;15];[23;10;24;11]],12,191,18.42183468
12a_1272,[[1;9;2;8];[3;15;4;14];[5;12;6;13];[7;1;8;24];[9;18;10;19];[11;20;12;21];[13;23;14;22];[15;3;16;2];[17;6;18;7];[19;10;20;11];[21;5;22;4];[23;17;24;16]],12,201,18.79578431
12a_1273,[[1;9;2;8];[3;14;4;15];[5;16;6;17];[7;18;8;19];[9;21;10;20];[11;23;12;22];[13;1;14;24];[15;4;16;5];[17;6;18;7];[19;2;20;3];[21;11;22;10];[23;13;24;12]],12,61,9.051100456
12a_1274,[[1;9;2;8];[3;14;4;15];[5;16;6;17];[7;18;8;19];[9;21;10;20];[11;23;12;22];[13;1;14;24];[15;4;16;5];[17;6;18;7];[19;2;20;3];[21;13;22;12];[23;11;24;10]],12,95,12.04773557
12a_1275,[[1;9;2;8];[3;14;4;15];[5;16;6;17];[7;18;8;19];[9;21;10;20];[11;23;12;22];[13;1;14;24];[15;6;16;7];[17;4;18;5];[19;2;20;3];[21;13;22;12];[23;11;24;10]],12,149,15.16287372
12a_1276,[[1;9;2;8];[3;14;4;15];[5;16;6;17];[7;18;8;19];[9;23;10;22];[11;1;12;24];[13;21;14;20];[15;4;16;5];[17;6;18;7];[19;2;20;3];[21;13;22;12];[23;11;24;10]],12,75,10.5958219
12a_1277,[[1;9;2;8];[3;14;4;15];[5;16;6;17];[7;18;8;19];[9;23;10;22];[11;1;12;24];[13;21;14;20];[15;6;16;7];[17;4;18;5];[19;2;20;3];[21;13;22;12];[23;11;24;10]],12,121,13.97763642
12a_1278,[[1;9;2;8];[3;14;4;15];[5;16;6;17];[7;18;8;19];[9;1;10;24];[11;23;12;22];[13;21;14;20];[15;4;16;5];[17;6;18;7];[19;2;20;3];[21;13;22;12];[23;11;24;10]],12,41,6.426671907
12a_1279,[[1;9;2;8];[3;14;4;15];[5;16;6;17];[7;18;8;19];[9;1;10;24];[11;23;12;22];[13;21;14;20];[15;6;16;7];[17;4;18;5];[19;2;20;3];[21;13;22;12];[23;11;24;10]],12,67,9.900212474
12a_1280,[[1;9;2;8];[3;15;4;14];[5;16;6;17];[7;20;8;21];[9;1;10;24];[11;18;12;19];[13;3;14;2];[15;23;16;22];[17;6;18;7];[19;10;20;11];[21;4;22;5];[23;13;24;12]],12,241,20.07112544
12a_1281,[[1;9;2;8];[3;16;4;17];[5;18;6;19];[7;14;8;15];[9;23;10;22];[11;1;12;24];[13;21;14;20];[15;6;16;7];[17;4;18;5];[19;2;20;3];[21;13;22;12];[23;11;24;10]],12,109,13.57390421
12a_1282,[[1;9;2;8];[3;16;4;17];[5;18;6;19];[7;14;8;15];[9;1;10;24];[11;23;12;22];[13;21;14;20];[15;6;16;7];[17;4;18;5];[19;2;20;3];[21;13;22;12];[23;11;24;10]],12,63,9.84192674
12a_1283,[[1;9;2;8];[3;18;4;19];[5;14;6;15];[7;16;8;17];[9;21;10;20];[11;23;12;22];[13;1;14;24];[15;6;16;7];[17;2;18;3];[19;4;20;5];[21;11;22;10];[23;13;24;12]],12,81,11.80292131
12a_1284,[[1;9;2;8];[3;18;4;19];[5;14;6;15];[7;16;8;17];[9;21;10;20];[11;23;12;22];[13;1;14;24];[15;6;16;7];[17;2;18;3];[19;4;20;5];[21;13;22;12];[23;11;24;10]],12,123,14.63470377
12a_1285,[[1;9;2;8];[3;18;4;19];[5;14;6;15];[7;16;8;17];[9;23;10;22];[11;1;12;24];[13;21;14;20];[15;6;16;7];[17;2;18;3];[19;4;20;5];[21;13;22;12];[23;11;24;10]],12,87,13.05264599
12a_1286,[[1;9;2;8];[3;18;4;19];[5;14;6;15];[7;16;8;17];[9;1;10;24];[11;23;12;22];[13;21;14;20];[15;6;16;7];[17;2;18;3];[19;4;20;5];[21;13;22;12];[23;11;24;10]],12,45,8.959362017
12a_1287,[[1;9;2;8];[3;18;4;19];[5;16;6;17];[7;14;8;15];[9;1;10;24];[11;23;12;22];[13;21;14;20];[15;6;16;7];[17;4;18;5];[19;2;20;3];[21;13;22;12];[23;11;24;10]],12,37,6.309090392
12a_1288,[[1;11;2;10];[3;13;4;12];[5;20;6;21];[7;16;8;17];[9;18;10;19];[11;3;12;2];[13;23;14;22];[15;1;16;24];[17;8;18;9];[19;4;20;5];[21;6;22;7];[23;15;24;14]],12,117,15.23516172
12n_1,[[1;5;2;4];[3;8;4;9];[5;11;6;10];[14;8;15;7];[9;2;10;3];[16;11;17;12];[20;13;21;14];[6;16;7;15];[22;18;23;17];[12;19;13;20];[24;22;1;21];[18;24;19;23]],12,57,14.08254387
12n_2,[[1;5;2;4];[3;8;4;9];[5;11;6;10];[14;8;15;7];[9;2;10;3];[11;17;12;16];[13;21;14;20];[6;16;7;15];[17;22;18;23];[19;13;20;12];[21;24;22;1];[23;18;24;19]],12,83,15.15180589
12n_3,[[1;5;2;4];[3;8;4;9];[5;11;6;10];[7;14;8;15];[9;2;10;3];[16;11;17;12];[20;13;21;14];[15;6;16;7];[22;18;23;17];[12;19;13;20];[24;22;1;21];[18;24;19;23]],12,73,14.45187431
12n_4,[[1;5;2;4];[3;8;4;9];[5;11;6;10];[7;14;8;15];[9;2;10;3];[11;17;12;16];[20;13;21;14];[15;6;16;7];[22;18;23;17];[12;19;13;20];[24;22;1;21];[18;24;19;23]],12,81,14.75849481
12n_5,[[1;5;2;4];[3;8;4;9];[5;11;6;10];[7;14;8;15];[9;2;10;3];[11;17;12;16];[20;13;21;14];[15;6;16;7];[17;22;18;23];[12;19;13;20];[21;24;22;1];[23;18;24;19]],12,87,15.23921649
12n_6,[[1;5;2;4];[3;8;4;9];[5;11;6;10];[7;14;8;15];[9;2;10;3];[11;17;12;16];[13;21;14;20];[15;6;16;7];[22;18;23;17];[19;13;20;12];[24;22;1;21];[18;24;19;23]],12,45,12.91192364
12n_7,[[1;5;2;4];[3;8;4;9];[5;11;6;10];[14;8;15;7];[9;2;10;3];[16;11;17;12];[20;14;21;13];[6;16;7;15];[22;17;23;18];[24;19;1;20];[12;22;13;21];[18;23;19;24]],12,39,12.66572231
12n_8,[[1;5;2;4];[3;8;4;9];[5;11;6;10];[14;8;15;7];[9;2;10;3];[11;17;12;16];[13;20;14;21];[6;16;7;15];[17;23;18;22];[19;1;20;24];[21;12;22;13];[23;19;24;18]],12,61,13.73711098
12n_9,[[1;5;2;4];[3;8;4;9];[5;11;6;10];[7;14;8;15];[9;2;10;3];[16;11;17;12];[20;14;21;13];[15;6;16;7];[22;17;23;18];[24;19;1;20];[12;22;13;21];[18;23;19;24]],12,71,14.18963868
12n_10,[[1;5;2;4];[3;8;4;9];[5;11;6;10];[7;14;8;15];[9;2;10;3];[11;17;12;16];[20;14;21;13];[15;6;16;7];[22;17;23;18];[24;19;1;20];[12;22;13;21];[18;23;19;24]],12,39,12.34533284
12n_11,[[1;5;2;4];[3;8;4;9];[5;11;6;10];[14;8;15;7];[9;2;10;3];[16;11;17;12];[20;14;21;13];[6;16;7;15];[24;17;1;18];[22;19;23;20];[12;22;13;21];[18;23;19;24]],12,61,12.81497996
12n_12,[[1;5;2;4];[3;8;4;9];[5;11;6;10];[14;8;15;7];[9;2;10;3];[11;17;12;16];[13;20;14;21];[6;16;7;15];[17;1;18;24];[19;23;20;22];[21;12;22;13];[23;19;24;18]],12,79,13.73814562
12n_13,[[1;5;2;4];[3;8;4;9];[5;11;6;10];[7;14;8;15];[9;2;10;3];[16;11;17;12];[20;14;21;13];[15;6;16;7];[24;17;1;18];[22;19;23;20];[12;22;13;21];[18;23;19;24]],12,29,10.02522071
12n_14,[[1;5;2;4];[3;8;4;9];[5;11;6;10];[14;7;15;8];[9;2;10;3];[18;12;19;11];[6;13;7;14];[20;16;21;15];[22;17;23;18];[12;20;13;19];[24;22;1;21];[16;23;17;24]],12,89,15.50180935
12n_15,[[1;5;2;4];[3;8;4;9];[5;11;6;10];[14;7;15;8];[9;2;10;3];[11;18;12;19];[6;13;7;14];[15;20;16;21];[17;23;18;22];[19;12;20;13];[21;24;22;1];[23;17;24;16]],12,111,16.20412296
12n_16,[[1;5;2;4];[3;8;4;9];[5;11;6;10];[7;15;8;14];[9;2;10;3];[18;12;19;11];[13;7;14;6];[20;16;21;15];[22;17;23;18];[12;20;13;19];[24;22;1;21];[16;23;17;24]],12,21,13.69494792
12n_17,[[1;5;2;4];[3;8;4;9];[5;11;6;10];[14;7;15;8];[9;2;10;3];[18;11;19;12];[6;13;7;14];[22;16;23;15];[12;17;13;18];[24;19;1;20];[16;22;17;21];[20;23;21;24]],12,91,15.48348326
12n_18,[[1;5;2;4];[3;8;4;9];[5;11;6;10];[14;7;15;8];[9;2;10;3];[11;19;12;18];[6;13;7;14];[15;22;16;23];[17;13;18;12];[19;1;20;24];[21;16;22;17];[23;21;24;20]],12,109,16.0686178
12n_19,[[1;5;2;4];[3;8;4;9];[5;11;6;10];[7;15;8;14];[9;2;10;3];[18;11;19;12];[13;7;14;6];[22;16;23;15];[12;17;13;18];[24;19;1;20];[16;22;17;21];[20;23;21;24]],12,1,13.17324364
12n_20,[[1;5;2;4];[3;8;4;9];[5;11;6;10];[14;7;15;8];[9;2;10;3];[18;12;19;11];[6;13;7;14];[22;15;23;16];[20;18;21;17];[12;20;13;19];[24;21;1;22];[16;23;17;24]],12,47,13.30334275
12n_21,[[1;5;2;4];[3;8;4;9];[5;11;6;10];[14;8;15;7];[9;2;10;3];[18;11;19;12];[20;14;21;13];[6;16;7;15];[22;18;23;17];[24;19;1;20];[16;22;17;21];[12;24;13;23]],12,119,17.30907054
12n_22,[[1;5;2;4];[3;8;4;9];[5;11;6;10];[14;8;15;7];[9;2;10;3];[11;19;12;18];[13;20;14;21];[6;16;7;15];[17;22;18;23];[19;1;20;24];[21;16;22;17];[23;12;24;13]],12,141,17.89542539
12n_23,[[1;5;2;4];[3;8;4;9];[5;11;6;10];[7;14;8;15];[9;2;10;3];[18;11;19;12];[20;14;21;13];[15;6;16;7];[22;18;23;17];[24;19;1;20];[16;22;17;21];[12;24;13;23]],12,9,14.16639441
12n_24,[[1;5;2;4];[3;8;4;9];[5;11;6;10];[14;7;15;8];[9;2;10;3];[20;11;21;12];[6;13;7;14];[22;16;23;15];[24;18;1;17];[12;19;13;20];[18;22;19;21];[16;24;17;23]],12,49,13.19351634
12n_25,[[1;5;2;4];[3;8;4;9];[5;11;6;10];[14;7;15;8];[9;2;10;3];[20;11;21;12];[6;13;7;14];[24;16;1;15];[22;18;23;17];[12;19;13;20];[18;22;19;21];[16;24;17;23]],12,11,8.392103621
12n_26,[[1;5;2;4];[3;8;4;9];[5;11;6;10];[14;8;15;7];[9;2;10;3];[20;12;21;11];[18;13;19;14];[6;16;7;15];[22;17;23;18];[24;20;1;19];[16;21;17;22];[12;24;13;23]],12,97,16.7369115
12n_27,[[1;5;2;4];[3;8;4;9];[5;11;6;10];[14;8;15;7];[9;2;10;3];[11;20;12;21];[13;19;14;18];[6;16;7;15];[17;23;18;22];[19;24;20;1];[21;17;22;16];[23;12;24;13]],12,123,17.47411143
12n_28,[[1;5;2;4];[3;8;4;9];[5;11;6;10];[7;14;8;15];[9;2;10;3];[20;12;21;11];[18;13;19;14];[15;6;16;7];[22;17;23;18];[24;20;1;19];[16;21;17;22];[12;24;13;23]],12,33,14.97169302
12n_29,[[1;5;2;4];[3;8;4;9];[5;11;6;10];[14;8;15;7];[9;2;10;3];[20;12;21;11];[22;13;23;14];[6;16;7;15];[12;18;13;17];[24;20;1;19];[16;21;17;22];[18;24;19;23]],12,119,17.30907054
12n_30,[[1;5;2;4];[3;8;4;9];[5;11;6;10];[14;8;15;7];[9;2;10;3];[11;20;12;21];[13;23;14;22];[6;16;7;15];[17;12;18;13];[19;24;20;1];[21;17;22;16];[23;18;24;19]],12,141,17.89542539
12n_31,[[1;5;2;4];[3;8;4;9];[5;11;6;10];[7;14;8;15];[9;2;10;3];[20;12;21;11];[22;13;23;14];[15;6;16;7];[12;18;13;17];[24;20;1;19];[16;21;17;22];[18;24;19;23]],12,9,14.16639441
12n_32,[[1;5;2;4];[3;8;4;9];[5;11;6;10];[14;8;15;7];[9;2;10;3];[22;11;23;12];[20;14;21;13];[6;16;7;15];[12;18;13;17];[24;19;1;20];[16;22;17;21];[18;23;19;24]],12,97,16.7369115
12n_33,[[1;5;2;4];[3;8;4;9];[5;11;6;10];[14;8;15;7];[9;2;10;3];[11;23;12;22];[13;20;14;21];[6;16;7;15];[17;12;18;13];[19;1;20;24];[21;16;22;17];[23;19;24;18]],12,123,17.47411143
12n_34,[[1;5;2;4];[3;8;4;9];[5;11;6;10];[7;14;8;15];[9;2;10;3];[22;11;23;12];[20;14;21;13];[15;6;16;7];[12;18;13;17];[24;19;1;20];[16;22;17;21];[18;23;19;24]],12,33,14.97169302
12n_35,[[1;5;2;4];[3;8;4;9];[5;11;6;10];[16;7;17;8];[9;2;10;3];[18;12;19;11];[20;13;21;14];[6;15;7;16];[24;18;1;17];[22;20;23;19];[12;21;13;22];[14;24;15;23]],12,69,13.52972007
12n_36,[[1;5;2;4];[3;8;4;9];[5;11;6;10];[16;7;17;8];[9;2;10;3];[11;18;12;19];[13;21;14;20];[6;15;7;16];[17;24;18;1];[19;22;20;23];[21;13;22;12];[23;14;24;15]],12,91,14.51339104
12n_37,[[1;5;2;4];[3;8;4;9];[5;11;6;10];[7;17;8;16];[9;2;10;3];[18;12;19;11];[20;13;21;14];[15;7;16;6];[24;18;1;17];[22;20;23;19];[12;21;13;22];[14;24;15;23]],12,41,11.44268466
12n_38,[[1;5;2;4];[3;8;4;9];[5;11;6;10];[16;7;17;8];[9;2;10;3];[18;12;19;11];[20;13;21;14];[6;15;7;16];[24;18;1;17];[22;19;23;20];[14;21;15;22];[12;24;13;23]],12,67,13.62052308
12n_39,[[1;5;2;4];[3;8;4;9];[5;11;6;10];[16;7;17;8];[9;2;10;3];[11;18;12;19];[13;21;14;20];[6;15;7;16];[17;24;18;1];[19;23;20;22];[21;15;22;14];[23;12;24;13]],12,93,14.75002062
12n_40,[[1;5;2;4];[3;8;4;9];[5;11;6;10];[7;17;8;16];[9;2;10;3];[18;12;19;11];[20;13;21;14];[15;7;16;6];[24;18;1;17];[22;19;23;20];[14;21;15;22];[12;24;13;23]],12,63,13.33880577
12n_41,[[1;5;2;4];[3;8;4;9];[5;11;6;10];[16;8;17;7];[9;2;10;3];[18;11;19;12];[20;13;21;14];[22;16;23;15];[6;18;7;17];[12;19;13;20];[24;21;1;22];[14;24;15;23]],12,19,9.869967966
12n_42,[[1;5;2;4];[3;8;4;9];[5;11;6;10];[16;8;17;7];[9;2;10;3];[18;11;19;12];[20;14;21;13];[22;16;23;15];[6;18;7;17];[24;19;1;20];[14;22;15;21];[12;24;13;23]],12,59,12.72188195
12n_43,[[1;5;2;4];[3;8;4;9];[5;11;6;10];[16;8;17;7];[9;2;10;3];[11;19;12;18];[13;20;14;21];[15;22;16;23];[6;18;7;17];[19;1;20;24];[21;14;22;15];[23;12;24;13]],12,81,13.80465599
12n_44,[[1;5;2;4];[3;8;4;9];[5;11;6;10];[7;16;8;17];[9;2;10;3];[18;11;19;12];[20;14;21;13];[22;16;23;15];[17;6;18;7];[24;19;1;20];[14;22;15;21];[12;24;13;23]],12,51,11.89119848
12n_45,[[1;5;2;4];[3;8;4;9];[5;11;6;10];[16;8;17;7];[9;2;10;3];[18;11;19;12];[20;14;21;13];[24;15;1;16];[6;18;7;17];[22;20;23;19];[14;22;15;21];[12;23;13;24]],12,37,11.92460907
12n_46,[[1;5;2;4];[3;8;4;9];[5;11;6;10];[16;8;17;7];[9;2;10;3];[18;11;19;12];[22;14;23;13];[20;16;21;15];[6;18;7;17];[24;19;1;20];[14;22;15;21];[12;24;13;23]],12,41,10.61379286
12n_47,[[1;5;2;4];[3;8;4;9];[5;11;6;10];[16;8;17;7];[9;2;10;3];[11;19;12;18];[13;22;14;23];[15;20;16;21];[6;18;7;17];[19;1;20;24];[21;14;22;15];[23;12;24;13]],12,59,11.81231325
12n_48,[[1;5;2;4];[3;8;4;9];[5;11;6;10];[7;16;8;17];[9;2;10;3];[18;11;19;12];[22;14;23;13];[20;16;21;15];[17;6;18;7];[24;19;1;20];[14;22;15;21];[12;24;13;23]],12,49,11.5132972
12n_49,[[1;5;2;4];[3;8;4;9];[5;11;6;10];[16;8;17;7];[9;2;10;3];[20;11;21;12];[18;13;19;14];[22;16;23;15];[6;18;7;17];[12;19;13;20];[24;21;1;22];[14;24;15;23]],12,81,14.84483026
12n_50,[[1;5;2;4];[3;8;4;9];[5;11;6;10];[16;8;17;7];[9;2;10;3];[11;21;12;20];[13;19;14;18];[15;22;16;23];[6;18;7;17];[19;13;20;12];[21;1;22;24];[23;14;24;15]],12,99,15.46608161
12n_51,[[1;5;2;4];[3;8;4;9];[5;11;6;10];[7;16;8;17];[9;2;10;3];[20;11;21;12];[18;13;19;14];[22;16;23;15];[17;6;18;7];[12;19;13;20];[24;21;1;22];[14;24;15;23]],12,9,13.07266429
12n_52,[[1;5;2;4];[3;8;4;9];[5;11;6;10];[7;16;8;17];[9;2;10;3];[20;11;21;12];[18;13;19;14];[15;22;16;23];[17;6;18;7];[12;19;13;20];[21;1;22;24];[23;14;24;15]],12,123,16.6421753
12n_53,[[1;5;2;4];[3;8;4;9];[5;11;6;10];[7;16;8;17];[9;2;10;3];[11;21;12;20];[13;19;14;18];[22;16;23;15];[17;6;18;7];[19;13;20;12];[24;21;1;22];[14;24;15;23]],12,57,13.95958139
12n_54,[[1;5;2;4];[3;8;4;9];[5;11;6;10];[16;7;17;8];[9;2;10;3];[20;11;21;12];[22;13;23;14];[6;15;7;16];[24;18;1;17];[14;19;15;20];[12;21;13;22];[18;24;19;23]],12,29,10.44358266
12n_55,[[1;5;2;4];[3;8;4;9];[5;11;6;10];[16;7;17;8];[9;2;10;3];[22;12;23;11];[18;14;19;13];[6;15;7;16];[20;18;21;17];[14;20;15;19];[24;22;1;21];[12;24;13;23]],12,111,16.32842951
12n_56,[[1;5;2;4];[3;8;4;9];[5;11;6;10];[16;7;17;8];[9;2;10;3];[22;12;23;11];[13;18;14;19];[6;15;7;16];[17;20;18;21];[19;14;20;15];[24;22;1;21];[12;24;13;23]],12,9,12.93351068
12n_57,[[1;5;2;4];[3;8;4;9];[5;11;6;10];[16;7;17;8];[9;2;10;3];[11;22;12;23];[18;14;19;13];[6;15;7;16];[20;18;21;17];[14;20;15;19];[21;24;22;1];[23;12;24;13]],12,9,12.93351068
12n_58,[[1;5;2;4];[3;8;4;9];[5;11;6;10];[16;7;17;8];[9;2;10;3];[11;22;12;23];[13;18;14;19];[6;15;7;16];[17;20;18;21];[19;14;20;15];[21;24;22;1];[23;12;24;13]],12,129,16.81764564
12n_59,[[1;5;2;4];[3;8;4;9];[5;11;6;10];[7;17;8;16];[9;2;10;3];[22;12;23;11];[18;14;19;13];[15;7;16;6];[20;18;21;17];[14;20;15;19];[24;22;1;21];[12;24;13;23]],12,21,13.43455964
12n_60,[[1;5;2;4];[3;8;4;9];[5;11;6;10];[7;17;8;16];[9;2;10;3];[22;12;23;11];[13;18;14;19];[15;7;16;6];[17;20;18;21];[19;14;20;15];[24;22;1;21];[12;24;13;23]],12,99,15.72115902
12n_61,[[1;5;2;4];[3;8;4;9];[5;11;6;10];[7;17;8;16];[9;2;10;3];[11;22;12;23];[18;14;19;13];[15;7;16;6];[20;18;21;17];[14;20;15;19];[21;24;22;1];[23;12;24;13]],12,99,15.72115902
12n_62,[[1;5;2;4];[3;8;4;9];[5;11;6;10];[16;8;17;7];[9;2;10;3];[22;12;23;11];[18;13;19;14];[20;15;21;16];[6;18;7;17];[14;19;15;20];[24;22;1;21];[12;24;13;23]],12,81,15.14901769
12n_63,[[1;5;2;4];[3;8;4;9];[5;11;6;10];[16;8;17;7];[9;2;10;3];[11;22;12;23];[18;13;19;14];[20;15;21;16];[6;18;7;17];[14;19;15;20];[21;24;22;1];[23;12;24;13]],12,39,14.12424027
12n_64,[[1;5;2;4];[3;8;4;9];[5;11;6;10];[7;16;8;17];[9;2;10;3];[22;12;23;11];[13;19;14;18];[15;21;16;20];[17;6;18;7];[19;15;20;14];[24;22;1;21];[12;24;13;23]],12,69,14.49570528
12n_65,[[1;5;2;4];[3;8;4;9];[5;11;6;10];[16;7;17;8];[9;2;10;3];[22;11;23;12];[20;13;21;14];[6;15;7;16];[24;18;1;17];[14;19;15;20];[12;21;13;22];[18;24;19;23]],12,31,10.22762912
12n_66,[[1;5;2;4];[3;8;4;9];[5;11;6;10];[16;8;17;7];[9;2;10;3];[22;11;23;12];[24;13;1;14];[20;16;21;15];[6;18;7;17];[14;20;15;19];[18;22;19;21];[12;23;13;24]],12,81,15.14901769
12n_67,[[1;5;2;4];[3;8;4;9];[5;11;6;10];[18;7;19;8];[9;2;10;3];[22;11;23;12];[24;13;1;14];[20;15;21;16];[6;17;7;18];[14;19;15;20];[16;21;17;22];[12;23;13;24]],12,51,13.88991139
12n_68,[[1;5;2;4];[3;9;4;8];[12;6;13;5];[7;3;8;2];[14;10;15;9];[18;12;19;11];[6;14;7;13];[22;16;23;15];[10;18;11;17];[24;19;1;20];[16;22;17;21];[20;23;21;24]],12,35,12.252981
12n_69,[[1;5;2;4];[3;9;4;8];[12;6;13;5];[7;3;8;2];[9;14;10;15];[11;18;12;19];[6;14;7;13];[15;22;16;23];[17;10;18;11];[19;1;20;24];[21;16;22;17];[23;21;24;20]],12,73,14.5877951
12n_70,[[1;5;2;4];[3;9;4;8];[5;12;6;13];[7;3;8;2];[14;10;15;9];[18;12;19;11];[13;6;14;7];[22;16;23;15];[10;18;11;17];[24;19;1;20];[16;22;17;21];[20;23;21;24]],12,79,14.63163118
12n_71,[[1;5;2;4];[3;9;4;8];[12;6;13;5];[7;3;8;2];[14;10;15;9];[18;11;19;12];[6;14;7;13];[22;15;23;16];[20;18;21;17];[10;19;11;20];[24;21;1;22];[16;23;17;24]],12,59,13.08791131
12n_72,[[1;5;2;4];[3;9;4;8];[12;6;13;5];[7;3;8;2];[9;14;10;15];[11;19;12;18];[6;14;7;13];[15;23;16;22];[17;20;18;21];[19;11;20;10];[21;1;22;24];[23;17;24;16]],12,97,15.26280843
12n_73,[[1;5;2;4];[3;9;4;8];[5;12;6;13];[7;3;8;2];[14;10;15;9];[18;11;19;12];[13;6;14;7];[22;15;23;16];[20;18;21;17];[10;19;11;20];[24;21;1;22];[16;23;17;24]],12,55,12.89805667
12n_74,[[1;5;2;4];[3;9;4;8];[12;6;13;5];[7;3;8;2];[14;10;15;9];[20;12;21;11];[6;14;7;13];[22;16;23;15];[24;18;1;17];[10;20;11;19];[18;22;19;21];[16;24;17;23]],12,49,12.1264273
12n_75,[[1;5;2;4];[3;9;4;8];[12;6;13;5];[7;3;8;2];[9;14;10;15];[11;20;12;21];[6;14;7;13];[15;22;16;23];[17;24;18;1];[19;10;20;11];[21;18;22;19];[23;16;24;17]],12,83,14.36776874
12n_76,[[1;5;2;4];[3;9;4;8];[5;12;6;13];[7;3;8;2];[14;10;15;9];[20;12;21;11];[13;6;14;7];[22;16;23;15];[24;18;1;17];[10;20;11;19];[18;22;19;21];[16;24;17;23]],12,53,12.70030499
12n_77,[[1;5;2;4];[3;9;4;8];[12;6;13;5];[7;3;8;2];[14;10;15;9];[20;12;21;11];[6;14;7;13];[24;16;1;15];[22;18;23;17];[10;20;11;19];[18;22;19;21];[16;24;17;23]],12,43,10.50125282
12n_78,[[1;5;2;4];[3;9;4;8];[12;6;13;5];[7;3;8;2];[9;14;10;15];[11;20;12;21];[6;14;7;13];[15;24;16;1];[17;22;18;23];[19;10;20;11];[21;18;22;19];[23;16;24;17]],12,65,12.41430895
12n_79,[[1;5;2;4];[3;9;4;8];[5;12;6;13];[7;3;8;2];[14;10;15;9];[20;12;21;11];[13;6;14;7];[24;16;1;15];[22;18;23;17];[10;20;11;19];[18;22;19;21];[16;24;17;23]],12,23,8.247510508
12n_80,[[1;5;2;4];[3;9;4;8];[12;5;13;6];[7;3;8;2];[16;9;17;10];[6;11;7;12];[18;13;19;14];[22;15;23;16];[10;17;11;18];[24;19;1;20];[14;21;15;22];[20;23;21;24]],12,67,13.80287628
12n_81,[[1;5;2;4];[3;9;4;8];[12;5;13;6];[7;3;8;2];[9;17;10;16];[6;11;7;12];[13;19;14;18];[15;23;16;22];[17;11;18;10];[19;1;20;24];[21;15;22;14];[23;21;24;20]],12,101,15.50510658
12n_82,[[1;5;2;4];[3;9;4;8];[5;13;6;12];[7;3;8;2];[16;9;17;10];[11;7;12;6];[18;13;19;14];[22;15;23;16];[10;17;11;18];[24;19;1;20];[14;21;15;22];[20;23;21;24]],12,35,13.58705583
12n_83,[[1;5;2;4];[3;9;4;8];[5;13;6;12];[7;3;8;2];[16;9;17;10];[11;7;12;6];[13;19;14;18];[15;23;16;22];[10;17;11;18];[19;1;20;24];[21;15;22;14];[23;21;24;20]],12,105,15.7750209
12n_84,[[1;5;2;4];[3;9;4;8];[5;13;6;12];[7;3;8;2];[9;17;10;16];[11;7;12;6];[18;13;19;14];[22;15;23;16];[17;11;18;10];[24;19;1;20];[14;21;15;22];[20;23;21;24]],12,63,13.903895
12n_85,[[1;5;2;4];[3;9;4;8];[12;5;13;6];[7;3;8;2];[16;10;17;9];[6;11;7;12];[20;13;21;14];[10;16;11;15];[22;17;23;18];[14;19;15;20];[24;21;1;22];[18;23;19;24]],12,65,14.95903832
12n_86,[[1;5;2;4];[3;9;4;8];[12;5;13;6];[7;3;8;2];[9;16;10;17];[6;11;7;12];[13;21;14;20];[15;10;16;11];[17;23;18;22];[19;15;20;14];[21;1;22;24];[23;19;24;18]],12,103,16.50721979
12n_87,[[1;5;2;4];[3;9;4;8];[5;13;6;12];[7;3;8;2];[16;10;17;9];[11;7;12;6];[20;13;21;14];[10;16;11;15];[22;17;23;18];[14;19;15;20];[24;21;1;22];[18;23;19;24]],12,49,15.44410718
12n_88,[[1;5;2;4];[3;9;4;8];[5;13;6;12];[7;3;8;2];[16;10;17;9];[11;7;12;6];[13;21;14;20];[10;16;11;15];[17;23;18;22];[19;15;20;14];[21;1;22;24];[23;19;24;18]],12,119,17.05161201
12n_89,[[1;5;2;4];[3;9;4;8];[12;5;13;6];[7;3;8;2];[16;10;17;9];[6;11;7;12];[20;14;21;13];[10;16;11;15];[22;18;23;17];[24;20;1;19];[14;22;15;21];[18;24;19;23]],12,43,13.42857544
12n_90,[[1;5;2;4];[3;9;4;8];[12;5;13;6];[7;3;8;2];[9;16;10;17];[6;11;7;12];[13;20;14;21];[15;10;16;11];[17;22;18;23];[19;24;20;1];[21;14;22;15];[23;18;24;19]],12,77,15.09435774
12n_91,[[1;5;2;4];[3;9;4;8];[5;13;6;12];[7;3;8;2];[16;10;17;9];[11;7;12;6];[20;14;21;13];[10;16;11;15];[22;18;23;17];[24;20;1;19];[14;22;15;21];[18;24;19;23]],12,59,15.29742539
12n_92,[[1;5;2;4];[3;9;4;8];[5;13;6;12];[7;3;8;2];[16;10;17;9];[11;7;12;6];[13;20;14;21];[10;16;11;15];[17;22;18;23];[19;24;20;1];[21;14;22;15];[23;18;24;19]],12,109,16.44655552
12n_93,[[1;5;2;4];[3;9;4;8];[5;13;6;12];[7;3;8;2];[9;16;10;17];[11;7;12;6];[20;14;21;13];[15;10;16;11];[22;18;23;17];[24;20;1;19];[14;22;15;21];[18;24;19;23]],12,11,13.91104106
12n_94,[[1;5;2;4];[3;9;4;8];[12;5;13;6];[7;3;8;2];[16;10;17;9];[6;11;7;12];[20;14;21;13];[10;16;11;15];[24;18;1;17];[22;20;23;19];[14;22;15;21];[18;24;19;23]],12,73,14.01383143
12n_95,[[1;5;2;4];[3;9;4;8];[12;5;13;6];[7;3;8;2];[9;16;10;17];[6;11;7;12];[13;20;14;21];[15;10;16;11];[17;24;18;1];[19;22;20;23];[21;14;22;15];[23;18;24;19]],12,95,15.07127441
12n_96,[[1;5;2;4];[3;9;4;8];[5;13;6;12];[7;3;8;2];[16;10;17;9];[11;7;12;6];[20;14;21;13];[10;16;11;15];[24;18;1;17];[22;20;23;19];[14;22;15;21];[18;24;19;23]],12,7,12.06971218
12n_97,[[1;5;2;4];[3;9;4;8];[12;5;13;6];[7;3;8;2];[16;9;17;10];[6;11;7;12];[22;13;23;14];[18;15;19;16];[10;17;11;18];[24;20;1;19];[14;21;15;22];[20;24;21;23]],12,41,12.3738104
12n_98,[[1;5;2;4];[3;9;4;8];[12;6;13;5];[7;3;8;2];[16;10;17;9];[18;11;19;12];[6;14;7;13];[20;16;21;15];[24;18;1;17];[22;19;23;20];[14;22;15;21];[10;23;11;24]],12,93,16.46754035
12n_99,[[1;5;2;4];[3;9;4;8];[12;6;13;5];[7;3;8;2];[9;16;10;17];[11;19;12;18];[6;14;7;13];[15;20;16;21];[17;24;18;1];[19;23;20;22];[21;14;22;15];[23;11;24;10]],12,135,17.97481045
12n_100,[[1;5;2;4];[3;9;4;8];[12;6;13;5];[7;3;8;2];[16;10;17;9];[22;12;23;11];[6;14;7;13];[20;16;21;15];[24;18;1;17];[10;20;11;19];[14;22;15;21];[18;24;19;23]],12,111,16.86024067
12n_101,[[1;5;2;4];[3;9;4;8];[12;6;13;5];[7;3;8;2];[9;16;10;17];[11;22;12;23];[6;14;7;13];[15;20;16;21];[17;24;18;1];[19;10;20;11];[21;14;22;15];[23;18;24;19]],12,141,17.92577668
12n_102,[[1;5;2;4];[3;9;4;8];[5;12;6;13];[7;3;8;2];[16;10;17;9];[22;12;23;11];[13;6;14;7];[20;16;21;15];[24;18;1;17];[10;20;11;19];[14;22;15;21];[18;24;19;23]],12,21,14.4824079
12n_103,[[1;5;2;4];[3;9;4;8];[12;5;13;6];[7;3;8;2];[18;10;19;9];[6;11;7;12];[20;14;21;13];[22;16;23;15];[10;18;11;17];[24;20;1;19];[14;22;15;21];[16;24;17;23]],12,47,11.38217498
12n_104,[[1;5;2;4];[3;9;4;8];[12;5;13;6];[7;3;8;2];[9;18;10;19];[6;11;7;12];[13;20;14;21];[15;22;16;23];[17;10;18;11];[19;24;20;1];[21;14;22;15];[23;16;24;17]],12,73,13.1889278
12n_105,[[1;5;2;4];[3;9;4;8];[5;13;6;12];[7;3;8;2];[18;10;19;9];[11;7;12;6];[20;14;21;13];[22;16;23;15];[10;18;11;17];[24;20;1;19];[14;22;15;21];[16;24;17;23]],12,31,11.89133678
12n_106,[[1;5;2;4];[3;9;4;8];[5;13;6;12];[7;3;8;2];[18;10;19;9];[11;7;12;6];[13;20;14;21];[15;22;16;23];[10;18;11;17];[19;24;20;1];[21;14;22;15];[23;16;24;17]],12,81,13.84792413
12n_107,[[1;5;2;4];[3;9;4;8];[5;13;6;12];[7;3;8;2];[9;18;10;19];[11;7;12;6];[20;14;21;13];[22;16;23;15];[17;10;18;11];[24;20;1;19];[14;22;15;21];[16;24;17;23]],12,39,11.12718883
12n_108,[[1;5;2;4];[3;9;4;8];[12;5;13;6];[7;3;8;2];[18;10;19;9];[6;11;7;12];[20;14;21;13];[22;16;23;15];[10;18;11;17];[24;20;1;19];[16;22;17;21];[14;24;15;23]],12,69,13.69283543
12n_109,[[1;5;2;4];[3;9;4;8];[12;5;13;6];[7;3;8;2];[9;18;10;19];[6;11;7;12];[13;20;14;21];[15;22;16;23];[17;10;18;11];[19;24;20;1];[21;16;22;17];[23;14;24;15]],12,99,15.15931839
12n_110,[[1;5;2;4];[3;9;4;8];[5;13;6;12];[7;3;8;2];[18;10;19;9];[11;7;12;6];[20;14;21;13];[22;16;23;15];[10;18;11;17];[24;20;1;19];[16;22;17;21];[14;24;15;23]],12,21,12.48411513
12n_111,[[1;5;2;4];[3;9;4;8];[5;13;6;12];[7;3;8;2];[18;10;19;9];[11;7;12;6];[13;20;14;21];[15;22;16;23];[10;18;11;17];[19;24;20;1];[21;16;22;17];[23;14;24;15]],12,91,14.85918792
12n_112,[[1;5;2;4];[3;9;4;8];[5;13;6;12];[7;3;8;2];[9;18;10;19];[11;7;12;6];[20;14;21;13];[22;16;23;15];[17;10;18;11];[24;20;1;19];[16;22;17;21];[14;24;15;23]],12,77,14.48267962
12n_113,[[1;5;2;4];[3;9;4;8];[12;5;13;6];[7;3;8;2];[18;9;19;10];[6;11;7;12];[20;13;21;14];[22;15;23;16];[24;17;1;18];[10;19;11;20];[14;21;15;22];[16;23;17;24]],12,53,11.7038756
12n_114,[[1;5;2;4];[3;9;4;8];[12;5;13;6];[7;3;8;2];[9;19;10;18];[6;11;7;12];[13;21;14;20];[15;23;16;22];[17;1;18;24];[19;11;20;10];[21;15;22;14];[23;17;24;16]],12,67,12.55407259
12n_115,[[1;5;2;4];[3;9;4;8];[5;13;6;12];[7;3;8;2];[18;9;19;10];[11;7;12;6];[20;13;21;14];[22;15;23;16];[24;17;1;18];[10;19;11;20];[14;21;15;22];[16;23;17;24]],12,11,10.16716355
12n_116,[[1;5;2;4];[3;9;4;8];[12;5;13;6];[7;3;8;2];[18;9;19;10];[6;11;7;12];[20;13;21;14];[22;15;23;16];[24;17;1;18];[10;19;11;20];[16;21;17;22];[14;23;15;24]],12,71,13.73240532
12n_117,[[1;5;2;4];[3;9;4;8];[12;5;13;6];[7;3;8;2];[9;19;10;18];[6;11;7;12];[13;21;14;20];[15;23;16;22];[17;1;18;24];[19;11;20;10];[21;17;22;16];[23;15;24;14]],12,97,15.07881848
12n_118,[[1;5;2;4];[3;9;4;8];[5;13;6;12];[7;3;8;2];[18;9;19;10];[11;7;12;6];[20;13;21;14];[22;15;23;16];[24;17;1;18];[10;19;11;20];[16;21;17;22];[14;23;15;24]],12,7,12.04749287
12n_119,[[1;5;2;4];[3;9;4;8];[12;5;13;6];[7;3;8;2];[18;10;19;9];[6;11;7;12];[22;14;23;13];[20;15;21;16];[10;18;11;17];[16;19;17;20];[24;22;1;21];[14;24;15;23]],12,17,9.87594244
12n_120,[[1;5;2;4];[3;9;4;8];[12;5;13;6];[7;3;8;2];[18;9;19;10];[6;11;7;12];[22;13;23;14];[24;15;1;16];[20;17;21;18];[10;19;11;20];[16;21;17;22];[14;23;15;24]],12,19,9.87594244
12n_122,[[1;5;2;4];[3;9;4;8];[12;6;13;5];[7;3;8;2];[18;9;19;10];[16;12;17;11];[6;14;7;13];[20;15;21;16];[24;17;1;18];[22;20;23;19];[14;21;15;22];[10;23;11;24]],12,107,16.79325404
12n_123,[[1;5;2;4];[3;9;4;8];[12;6;13;5];[7;3;8;2];[9;19;10;18];[11;16;12;17];[6;14;7;13];[15;21;16;20];[17;1;18;24];[19;22;20;23];[21;15;22;14];[23;11;24;10]],12,145,18.15036328
12n_124,[[1;5;2;4];[3;9;4;8];[5;12;6;13];[7;3;8;2];[18;9;19;10];[16;12;17;11];[13;6;14;7];[20;15;21;16];[24;17;1;18];[22;20;23;19];[14;21;15;22];[10;23;11;24]],12,7,14.25726379
12n_125,[[1;5;2;4];[3;9;4;8];[12;6;13;5];[7;3;8;2];[18;9;19;10];[20;12;21;11];[6;14;7;13];[10;15;11;16];[22;18;23;17];[14;20;15;19];[24;21;1;22];[16;24;17;23]],12,93,16.46754035
12n_126,[[1;5;2;4];[3;9;4;8];[12;6;13;5];[7;3;8;2];[9;19;10;18];[11;20;12;21];[6;14;7;13];[15;11;16;10];[17;22;18;23];[19;14;20;15];[21;1;22;24];[23;16;24;17]],12,135,17.97481045
12n_127,[[1;5;2;4];[3;9;4;8];[12;6;13;5];[7;3;8;2];[20;10;21;9];[18;11;19;12];[6;14;7;13];[10;15;11;16];[22;17;23;18];[14;19;15;20];[24;22;1;21];[16;23;17;24]],12,107,16.79325404
12n_128,[[1;5;2;4];[3;9;4;8];[12;6;13;5];[7;3;8;2];[9;20;10;21];[11;19;12;18];[6;14;7;13];[15;11;16;10];[17;23;18;22];[19;15;20;14];[21;24;22;1];[23;17;24;16]],12,145,18.15036328
12n_129,[[1;5;2;4];[3;9;4;8];[5;12;6;13];[7;3;8;2];[20;10;21;9];[18;11;19;12];[13;6;14;7];[10;15;11;16];[22;17;23;18];[14;19;15;20];[24;22;1;21];[16;23;17;24]],12,7,14.25726379
12n_130,[[1;5;2;4];[3;9;4;8];[12;5;13;6];[7;3;8;2];[22;10;23;9];[6;11;7;12];[16;13;17;14];[20;15;21;16];[24;17;1;18];[14;19;15;20];[10;22;11;21];[18;23;19;24]],12,65,14.95903832
12n_131,[[1;5;2;4];[3;9;4;8];[12;5;13;6];[7;3;8;2];[9;22;10;23];[6;11;7;12];[13;17;14;16];[15;21;16;20];[17;1;18;24];[19;15;20;14];[21;10;22;11];[23;19;24;18]],12,103,16.50721979
12n_132,[[1;5;2;4];[3;9;4;8];[5;13;6;12];[7;3;8;2];[22;10;23;9];[11;7;12;6];[16;13;17;14];[20;15;21;16];[24;17;1;18];[14;19;15;20];[10;22;11;21];[18;23;19;24]],12,49,15.44410718
12n_133,[[1;5;2;4];[3;9;4;8];[5;13;6;12];[7;3;8;2];[22;10;23;9];[11;7;12;6];[13;17;14;16];[15;21;16;20];[17;1;18;24];[19;15;20;14];[10;22;11;21];[23;19;24;18]],12,119,17.05161201
12n_134,[[1;5;2;4];[3;9;4;8];[12;5;13;6];[7;3;8;2];[22;10;23;9];[6;11;7;12];[18;14;19;13];[20;16;21;15];[24;18;1;17];[14;20;15;19];[10;22;11;21];[16;24;17;23]],12,43,13.42857544
12n_135,[[1;5;2;4];[3;9;4;8];[12;5;13;6];[7;3;8;2];[9;22;10;23];[6;11;7;12];[13;18;14;19];[15;20;16;21];[17;24;18;1];[19;14;20;15];[21;10;22;11];[23;16;24;17]],12,77,15.09435774
12n_136,[[1;5;2;4];[3;9;4;8];[5;13;6;12];[7;3;8;2];[22;10;23;9];[11;7;12;6];[18;14;19;13];[20;16;21;15];[24;18;1;17];[14;20;15;19];[10;22;11;21];[16;24;17;23]],12,59,15.29742539
12n_137,[[1;5;2;4];[3;9;4;8];[5;13;6;12];[7;3;8;2];[22;10;23;9];[11;7;12;6];[13;18;14;19];[15;20;16;21];[17;24;18;1];[19;14;20;15];[10;22;11;21];[23;16;24;17]],12,109,16.44655552
12n_138,[[1;5;2;4];[3;9;4;8];[5;13;6;12];[7;3;8;2];[9;22;10;23];[11;7;12;6];[18;14;19;13];[20;16;21;15];[24;18;1;17];[14;20;15;19];[21;10;22;11];[16;24;17;23]],12,11,13.91104106
12n_139,[[1;5;2;4];[3;9;4;8];[12;6;13;5];[7;3;8;2];[22;10;23;9];[16;12;17;11];[6;14;7;13];[20;15;21;16];[24;17;1;18];[10;20;11;19];[14;21;15;22];[18;23;19;24]],12,69,15.65164157
12n_140,[[1;5;2;4];[3;9;4;8];[12;6;13;5];[7;3;8;2];[9;22;10;23];[11;16;12;17];[6;14;7;13];[15;21;16;20];[17;1;18;24];[19;10;20;11];[21;15;22;14];[23;19;24;18]],12,111,17.24474466
12n_141,[[1;5;2;4];[3;9;4;8];[5;12;6;13];[7;3;8;2];[22;10;23;9];[16;12;17;11];[13;6;14;7];[20;15;21;16];[24;17;1;18];[10;20;11;19];[14;21;15;22];[18;23;19;24]],12,57,15.89617949
12n_142,[[1;5;2;4];[3;8;4;9];[12;5;13;6];[16;8;17;7];[9;2;10;3];[18;12;19;11];[20;13;21;14];[22;16;23;15];[10;18;11;17];[6;20;7;19];[24;21;1;22];[14;24;15;23]],12,43,12.6268438
12n_143,[[1;5;2;4];[3;8;4;9];[12;5;13;6];[16;8;17;7];[9;2;10;3];[18;12;19;11];[22;14;23;13];[20;15;21;16];[10;18;11;17];[6;20;7;19];[24;22;1;21];[14;24;15;23]],12,13,10.95517145
12n_144,[[1;5;2;4];[3;8;4;9];[12;5;13;6];[16;8;17;7];[9;2;10;3];[18;11;19;12];[22;13;23;14];[24;15;1;16];[20;18;21;17];[10;19;11;20];[6;22;7;21];[14;23;15;24]],12,75,14.00334073
12n_145,[[1;5;2;4];[3;8;4;9];[12;5;13;6];[16;8;17;7];[9;2;10;3];[18;11;19;12];[24;13;1;14];[22;15;23;16];[20;18;21;17];[10;19;11;20];[6;22;7;21];[14;23;15;24]],12,25,10.88963559
12n_146,[[1;5;2;4];[3;8;4;9];[12;5;13;6];[18;7;19;8];[9;2;10;3];[16;11;17;12];[22;13;23;14];[6;15;7;16];[10;17;11;18];[24;20;1;19];[14;21;15;22];[20;24;21;23]],12,47,12.5329044
12n_147,[[1;5;2;4];[3;8;4;9];[12;5;13;6];[20;7;21;8];[9;2;10;3];[18;12;19;11];[22;14;23;13];[6;15;7;16];[10;18;11;17];[16;20;17;19];[24;22;1;21];[14;24;15;23]],12,75,14.50811231
12n_148,[[1;5;2;4];[3;8;4;9];[12;5;13;6];[20;7;21;8];[9;2;10;3];[18;11;19;12];[22;13;23;14];[24;15;1;16];[6;17;7;18];[10;19;11;20];[16;21;17;22];[14;23;15;24]],12,17,10.55499885
12n_149,[[1;5;2;4];[3;8;4;9];[12;5;13;6];[20;7;21;8];[9;2;10;3];[18;11;19;12];[24;13;1;14];[22;15;23;16];[6;17;7;18];[10;19;11;20];[16;21;17;22];[14;23;15;24]],12,5,8.469809794
12n_150,[[1;5;2;4];[3;9;4;8];[14;6;15;5];[7;3;8;2];[16;10;17;9];[18;11;19;12];[20;14;21;13];[6;16;7;15];[24;18;1;17];[22;19;23;20];[12;22;13;21];[10;23;11;24]],12,57,12.45679296
12n_151,[[1;5;2;4];[3;9;4;8];[14;6;15;5];[7;3;8;2];[9;16;10;17];[11;19;12;18];[13;20;14;21];[6;16;7;15];[17;24;18;1];[19;23;20;22];[21;12;22;13];[23;11;24;10]],12,99,14.92455013
12n_152,[[1;5;2;4];[3;9;4;8];[5;14;6;15];[7;3;8;2];[16;10;17;9];[18;11;19;12];[20;14;21;13];[15;6;16;7];[24;18;1;17];[22;19;23;20];[12;22;13;21];[10;23;11;24]],12,69,13.40803387
12n_153,[[1;5;2;4];[3;9;4;8];[14;6;15;5];[7;3;8;2];[16;10;17;9];[18;12;19;11];[22;14;23;13];[6;16;7;15];[10;18;11;17];[24;20;1;19];[12;22;13;21];[20;24;21;23]],12,13,8.275143802
12n_154,[[1;5;2;4];[3;9;4;8];[14;6;15;5];[7;3;8;2];[9;16;10;17];[11;18;12;19];[13;22;14;23];[6;16;7;15];[17;10;18;11];[19;24;20;1];[21;12;22;13];[23;20;24;21]],12,47,11.74456212
12n_155,[[1;5;2;4];[3;9;4;8];[5;14;6;15];[7;3;8;2];[16;10;17;9];[18;12;19;11];[22;14;23;13];[15;6;16;7];[10;18;11;17];[24;20;1;19];[12;22;13;21];[20;24;21;23]],12,89,14.37358323
12n_156,[[1;5;2;4];[3;9;4;8];[14;6;15;5];[7;3;8;2];[16;10;17;9];[18;11;19;12];[22;13;23;14];[6;16;7;15];[20;18;21;17];[10;19;11;20];[24;22;1;21];[12;23;13;24]],12,33,11.67141734
12n_157,[[1;5;2;4];[3;9;4;8];[14;6;15;5];[7;3;8;2];[9;16;10;17];[11;19;12;18];[13;23;14;22];[6;16;7;15];[17;20;18;21];[19;11;20;10];[21;24;22;1];[23;13;24;12]],12,75,14.23749119
12n_158,[[1;5;2;4];[3;9;4;8];[5;14;6;15];[7;3;8;2];[16;10;17;9];[18;11;19;12];[22;13;23;14];[15;6;16;7];[20;18;21;17];[10;19;11;20];[24;22;1;21];[12;23;13;24]],12,93,15.52534554
12n_159,[[1;5;2;4];[3;9;4;8];[14;5;15;6];[7;3;8;2];[16;9;17;10];[20;11;21;12];[6;13;7;14];[24;15;1;16];[10;17;11;18];[22;19;23;20];[12;21;13;22];[18;23;19;24]],12,55,12.11343445
12n_160,[[1;5;2;4];[3;9;4;8];[14;5;15;6];[7;3;8;2];[16;9;17;10];[20;11;21;12];[6;13;7;14];[24;15;1;16];[12;17;13;18];[22;20;23;19];[10;21;11;22];[18;24;19;23]],12,53,12.08275828
12n_161,[[1;5;2;4];[3;9;4;8];[14;5;15;6];[7;3;8;2];[9;17;10;16];[11;21;12;20];[6;13;7;14];[15;1;16;24];[17;13;18;12];[19;22;20;23];[21;11;22;10];[23;18;24;19]],12,91,14.50737936
12n_162,[[1;5;2;4];[3;9;4;8];[5;15;6;14];[7;3;8;2];[16;9;17;10];[20;11;21;12];[13;7;14;6];[24;15;1;16];[12;17;13;18];[22;20;23;19];[10;21;11;22];[18;24;19;23]],12,61,12.76513667
12n_163,[[1;5;2;4];[3;9;4;8];[14;6;15;5];[7;3;8;2];[16;10;17;9];[20;12;21;11];[18;13;19;14];[6;16;7;15];[24;18;1;17];[22;20;23;19];[12;22;13;21];[10;23;11;24]],12,47,11.43225053
12n_164,[[1;5;2;4];[3;9;4;8];[14;6;15;5];[7;3;8;2];[9;16;10;17];[11;20;12;21];[13;19;14;18];[6;16;7;15];[17;24;18;1];[19;22;20;23];[21;12;22;13];[23;11;24;10]],12,85,14.0150769
12n_165,[[1;5;2;4];[3;9;4;8];[5;14;6;15];[7;3;8;2];[16;10;17;9];[20;12;21;11];[18;13;19;14];[15;6;16;7];[24;18;1;17];[22;20;23;19];[12;22;13;21];[10;23;11;24]],12,67,13.24247668
12n_166,[[1;5;2;4];[3;9;4;8];[14;6;15;5];[7;3;8;2];[16;10;17;9];[20;12;21;11];[22;14;23;13];[6;16;7;15];[24;18;1;17];[10;20;11;19];[12;22;13;21];[18;24;19;23]],12,41,10.04449994
12n_167,[[1;5;2;4];[3;9;4;8];[14;6;15;5];[7;3;8;2];[9;16;10;17];[11;20;12;21];[13;22;14;23];[6;16;7;15];[17;24;18;1];[19;10;20;11];[21;12;22;13];[23;18;24;19]],12,67,12.35064319
12n_168,[[1;5;2;4];[3;9;4;8];[5;14;6;15];[7;3;8;2];[16;10;17;9];[20;12;21;11];[22;14;23;13];[15;6;16;7];[24;18;1;17];[10;20;11;19];[12;22;13;21];[18;24;19;23]],12,37,10.07586097
12n_169,[[1;5;2;4];[3;9;4;8];[14;6;15;5];[7;3;8;2];[16;10;17;9];[20;12;21;11];[22;14;23;13];[6;16;7;15];[24;18;1;17];[12;20;13;19];[10;22;11;21];[18;24;19;23]],12,51,11.32486681
12n_170,[[1;5;2;4];[3;9;4;8];[14;6;15;5];[7;3;8;2];[9;16;10;17];[11;20;12;21];[13;22;14;23];[6;16;7;15];[17;24;18;1];[19;12;20;13];[21;10;22;11];[23;18;24;19]],12,81,13.46927943
12n_171,[[1;5;2;4];[3;9;4;8];[5;14;6;15];[7;3;8;2];[16;10;17;9];[20;12;21;11];[22;14;23;13];[15;6;16;7];[24;18;1;17];[12;20;13;19];[10;22;11;21];[18;24;19;23]],12,39,10.31992293
12n_172,[[1;5;2;4];[3;9;4;8];[14;6;15;5];[7;3;8;2];[16;10;17;9];[20;12;21;11];[24;14;1;13];[6;16;7;15];[12;18;13;17];[22;19;23;20];[10;22;11;21];[18;23;19;24]],12,23,9.571291149
12n_173,[[1;5;2;4];[3;9;4;8];[14;5;15;6];[7;3;8;2];[18;10;19;9];[16;11;17;12];[6;13;7;14];[20;16;21;15];[22;17;23;18];[24;20;1;19];[12;22;13;21];[10;23;11;24]],12,123,17.87600087
12n_174,[[1;5;2;4];[3;9;4;8];[14;5;15;6];[7;3;8;2];[9;18;10;19];[11;17;12;16];[6;13;7;14];[15;20;16;21];[17;23;18;22];[19;24;20;1];[21;12;22;13];[23;11;24;10]],12,165,19.17894146
12n_175,[[1;5;2;4];[3;9;4;8];[5;15;6;14];[7;3;8;2];[18;10;19;9];[16;11;17;12];[13;7;14;6];[20;16;21;15];[22;17;23;18];[24;20;1;19];[12;22;13;21];[10;23;11;24]],12,3,14.96118389
12n_176,[[1;5;2;4];[3;9;4;8];[5;15;6;14];[7;3;8;2];[18;10;19;9];[11;17;12;16];[13;7;14;6];[15;20;16;21];[17;23;18;22];[24;20;1;19];[21;12;22;13];[10;23;11;24]],12,63,14.1819758
12n_177,[[1;5;2;4];[3;9;4;8];[14;6;15;5];[7;3;8;2];[18;10;19;9];[16;12;17;11];[22;14;23;13];[6;16;7;15];[10;18;11;17];[24;20;1;19];[12;22;13;21];[20;24;21;23]],12,79,14.53877557
12n_178,[[1;5;2;4];[3;9;4;8];[14;6;15;5];[7;3;8;2];[9;18;10;19];[11;16;12;17];[13;22;14;23];[6;16;7;15];[17;10;18;11];[19;24;20;1];[21;12;22;13];[23;20;24;21]],12,101,15.44696151
12n_179,[[1;5;2;4];[3;9;4;8];[5;14;6;15];[7;3;8;2];[18;10;19;9];[16;12;17;11];[22;14;23;13];[15;6;16;7];[10;18;11;17];[24;20;1;19];[12;22;13;21];[20;24;21;23]],12,13,13.23552212
12n_180,[[1;5;2;4];[3;9;4;8];[5;14;6;15];[7;3;8;2];[18;10;19;9];[16;12;17;11];[13;22;14;23];[15;6;16;7];[10;18;11;17];[19;24;20;1];[21;12;22;13];[23;20;24;21]],12,97,15.86904369
12n_181,[[1;5;2;4];[3;9;4;8];[5;14;6;15];[7;3;8;2];[9;18;10;19];[11;16;12;17];[22;14;23;13];[15;6;16;7];[17;10;18;11];[24;20;1;19];[12;22;13;21];[20;24;21;23]],12,83,15.123005
12n_182,[[1;5;2;4];[3;9;4;8];[14;6;15;5];[7;3;8;2];[18;9;19;10];[16;12;17;11];[22;13;23;14];[6;16;7;15];[20;17;21;18];[10;19;11;20];[24;22;1;21];[12;23;13;24]],12,71,14.2723076
12n_183,[[1;5;2;4];[3;9;4;8];[14;6;15;5];[7;3;8;2];[9;19;10;18];[11;16;12;17];[13;23;14;22];[6;16;7;15];[17;21;18;20];[19;11;20;10];[21;24;22;1];[23;13;24;12]],12,109,15.96974192
12n_184,[[1;5;2;4];[3;9;4;8];[5;14;6;15];[7;3;8;2];[18;9;19;10];[16;12;17;11];[22;13;23;14];[15;6;16;7];[20;17;21;18];[10;19;11;20];[24;22;1;21];[12;23;13;24]],12,43,14.59150949
12n_185,[[1;5;2;4];[3;9;4;8];[14;5;15;6];[7;3;8;2];[18;10;19;9];[20;12;21;11];[6;13;7;14];[22;16;23;15];[12;18;13;17];[10;20;11;19];[24;22;1;21];[16;24;17;23]],12,55,12.6641099
12n_186,[[1;5;2;4];[3;9;4;8];[14;5;15;6];[7;3;8;2];[9;18;10;19];[11;20;12;21];[6;13;7;14];[15;22;16;23];[17;12;18;13];[19;10;20;11];[21;24;22;1];[23;16;24;17]],12,89,14.56651464
12n_187,[[1;5;2;4];[3;9;4;8];[5;15;6;14];[7;3;8;2];[18;10;19;9];[20;12;21;11];[13;7;14;6];[22;16;23;15];[12;18;13;17];[10;20;11;19];[24;22;1;21];[16;24;17;23]],12,47,13.95581573
12n_188,[[1;5;2;4];[3;9;4;8];[5;15;6;14];[7;3;8;2];[18;10;19;9];[20;12;21;11];[13;7;14;6];[15;22;16;23];[12;18;13;17];[10;20;11;19];[21;24;22;1];[23;16;24;17]],12,65,13.62078875
12n_189,[[1;5;2;4];[3;9;4;8];[5;15;6;14];[7;3;8;2];[9;18;10;19];[11;20;12;21];[13;7;14;6];[22;16;23;15];[17;12;18;13];[19;10;20;11];[24;22;1;21];[16;24;17;23]],12,79,14.35886182
12n_190,[[1;5;2;4];[3;9;4;8];[14;5;15;6];[7;3;8;2];[18;9;19;10];[20;11;21;12];[6;13;7;14];[22;15;23;16];[24;17;1;18];[10;19;11;20];[12;21;13;22];[16;23;17;24]],12,65,13.12929307
12n_191,[[1;5;2;4];[3;9;4;8];[14;5;15;6];[7;3;8;2];[9;19;10;18];[11;21;12;20];[6;13;7;14];[15;23;16;22];[17;1;18;24];[19;11;20;10];[21;13;22;12];[23;17;24;16]],12,79,13.6938049
12n_192,[[1;5;2;4];[3;9;4;8];[5;15;6;14];[7;3;8;2];[18;9;19;10];[20;11;21;12];[13;7;14;6];[22;15;23;16];[24;17;1;18];[10;19;11;20];[12;21;13;22];[16;23;17;24]],12,23,12.38686438
12n_193,[[1;5;2;4];[3;9;4;8];[14;5;15;6];[7;3;8;2];[18;9;19;10];[20;11;21;12];[6;13;7;14];[22;15;23;16];[24;17;1;18];[12;19;13;20];[10;21;11;22];[16;23;17;24]],12,59,12.79422529
12n_194,[[1;5;2;4];[3;9;4;8];[14;5;15;6];[7;3;8;2];[9;19;10;18];[11;21;12;20];[6;13;7;14];[15;23;16;22];[17;1;18;24];[19;13;20;12];[21;11;22;10];[23;17;24;16]],12,85,14.24057314
12n_195,[[1;5;2;4];[3;9;4;8];[5;15;6;14];[7;3;8;2];[18;9;19;10];[20;11;21;12];[13;7;14;6];[22;15;23;16];[24;17;1;18];[12;19;13;20];[10;21;11;22];[16;23;17;24]],12,19,12.32655636
12n_196,[[1;5;2;4];[3;9;4;8];[5;15;6;14];[7;3;8;2];[18;9;19;10];[20;11;21;12];[13;7;14;6];[15;23;16;22];[17;1;18;24];[12;19;13;20];[10;21;11;22];[23;17;24;16]],12,37,12.23543583
12n_197,[[1;5;2;4];[3;9;4;8];[5;15;6;14];[7;3;8;2];[9;19;10;18];[11;21;12;20];[13;7;14;6];[22;15;23;16];[24;17;1;18];[19;13;20;12];[21;11;22;10];[16;23;17;24]],12,107,15.65174526
12n_198,[[1;5;2;4];[3;9;4;8];[14;5;15;6];[7;3;8;2];[18;10;19;9];[20;11;21;12];[6;13;7;14];[24;15;1;16];[12;18;13;17];[22;20;23;19];[10;21;11;22];[16;23;17;24]],12,27,10.25904745
12n_199,[[1;5;2;4];[3;9;4;8];[14;5;15;6];[7;3;8;2];[18;9;19;10];[20;11;21;12];[6;13;7;14];[24;15;1;16];[22;17;23;18];[10;19;11;20];[12;21;13;22];[16;23;17;24]],12,11,6.721993288
12n_200,[[1;5;2;4];[3;9;4;8];[14;5;15;6];[7;3;8;2];[18;9;19;10];[20;11;21;12];[6;13;7;14];[24;15;1;16];[22;17;23;18];[12;19;13;20];[10;21;11;22];[16;23;17;24]],12,9,6.7519711
12n_201,[[1;5;2;4];[3;9;4;8];[14;5;15;6];[7;3;8;2];[18;10;19;9];[22;12;23;11];[6;13;7;14];[20;16;21;15];[10;18;11;17];[24;20;1;19];[12;22;13;21];[16;24;17;23]],12,105,16.59738856
12n_202,[[1;5;2;4];[3;9;4;8];[14;5;15;6];[7;3;8;2];[9;18;10;19];[11;22;12;23];[6;13;7;14];[15;20;16;21];[17;10;18;11];[19;24;20;1];[21;12;22;13];[23;16;24;17]],12,135,17.71068471
12n_203,[[1;5;2;4];[3;9;4;8];[5;15;6;14];[7;3;8;2];[18;10;19;9];[22;12;23;11];[13;7;14;6];[20;16;21;15];[10;18;11;17];[24;20;1;19];[12;22;13;21];[16;24;17;23]],12,15,13.70463056
12n_204,[[1;5;2;4];[3;9;4;8];[5;15;6;14];[7;3;8;2];[18;10;19;9];[22;12;23;11];[13;7;14;6];[15;20;16;21];[10;18;11;17];[19;24;20;1];[12;22;13;21];[16;24;17;23]],12,93,15.46066809
12n_205,[[1;5;2;4];[3;9;4;8];[14;5;15;6];[7;3;8;2];[18;10;19;9];[22;11;23;12];[6;13;7;14];[20;16;21;15];[12;18;13;17];[24;20;1;19];[16;22;17;21];[10;23;11;24]],12,77,15.42693884
12n_206,[[1;5;2;4];[3;9;4;8];[14;5;15;6];[7;3;8;2];[9;18;10;19];[11;23;12;22];[6;13;7;14];[15;20;16;21];[17;12;18;13];[19;24;20;1];[21;16;22;17];[23;11;24;10]],12,115,17.03870748
12n_207,[[1;5;2;4];[3;9;4;8];[5;15;6;14];[7;3;8;2];[18;10;19;9];[22;11;23;12];[13;7;14;6];[20;16;21;15];[12;18;13;17];[24;20;1;19];[16;22;17;21];[10;23;11;24]],12,37,14.34835471
12n_208,[[1;5;2;4];[3;9;4;8];[14;5;15;6];[7;3;8;2];[18;9;19;10];[22;11;23;12];[6;13;7;14];[20;15;21;16];[24;17;1;18];[12;19;13;20];[16;21;17;22];[10;23;11;24]],12,103,16.34528326
12n_209,[[1;5;2;4];[3;9;4;8];[14;5;15;6];[7;3;8;2];[9;19;10;18];[11;23;12;22];[6;13;7;14];[15;21;16;20];[17;1;18;24];[19;13;20;12];[21;17;22;16];[23;11;24;10]],12,137,17.6948237
12n_210,[[1;5;2;4];[3;9;4;8];[5;15;6;14];[7;3;8;2];[18;9;19;10];[22;11;23;12];[13;7;14;6];[20;15;21;16];[24;17;1;18];[12;19;13;20];[16;21;17;22];[10;23;11;24]],12,1,12.94582783
12n_211,[[1;5;2;4];[3;9;4;8];[14;5;15;6];[7;3;8;2];[18;10;19;9];[22;12;23;11];[6;13;7;14];[24;15;1;16];[10;18;11;17];[16;19;17;20];[12;22;13;21];[20;23;21;24]],12,51,13.26811851
12n_212,[[1;5;2;4];[3;9;4;8];[14;5;15;6];[7;3;8;2];[20;9;21;10];[16;11;17;12];[6;13;7;14];[22;15;23;16];[10;17;11;18];[24;19;1;20];[12;21;13;22];[18;23;19;24]],12,103,16.34528326
12n_213,[[1;5;2;4];[3;9;4;8];[14;5;15;6];[7;3;8;2];[9;21;10;20];[11;17;12;16];[6;13;7;14];[15;23;16;22];[17;11;18;10];[19;1;20;24];[21;13;22;12];[23;19;24;18]],12,137,17.6948237
12n_214,[[1;5;2;4];[3;9;4;8];[5;15;6;14];[7;3;8;2];[20;9;21;10];[16;11;17;12];[13;7;14;6];[22;15;23;16];[10;17;11;18];[24;19;1;20];[12;21;13;22];[18;23;19;24]],12,1,12.94582783
12n_215,[[1;5;2;4];[3;9;4;8];[14;5;15;6];[7;3;8;2];[20;10;21;9];[18;12;19;11];[6;13;7;14];[22;16;23;15];[12;18;13;17];[10;20;11;19];[24;22;1;21];[16;24;17;23]],12,61,12.88451738
12n_216,[[1;5;2;4];[3;9;4;8];[14;5;15;6];[7;3;8;2];[9;20;10;21];[11;18;12;19];[6;13;7;14];[15;22;16;23];[17;12;18;13];[19;10;20;11];[21;24;22;1];[23;16;24;17]],12,83,14.06641495
12n_217,[[1;5;2;4];[3;9;4;8];[5;15;6;14];[7;3;8;2];[20;10;21;9];[18;12;19;11];[13;7;14;6];[22;16;23;15];[12;18;13;17];[10;20;11;19];[24;22;1;21];[16;24;17;23]],12,5,11.689993
12n_218,[[1;5;2;4];[3;9;4;8];[14;5;15;6];[7;3;8;2];[20;9;21;10];[18;12;19;11];[6;13;7;14];[24;15;1;16];[12;18;13;17];[22;19;23;20];[10;21;11;22];[16;23;17;24]],12,29,10.27289984
12n_219,[[1;5;2;4];[3;9;4;8];[14;6;15;5];[7;3;8;2];[20;10;21;9];[22;11;23;12];[18;13;19;14];[6;16;7;15];[12;17;13;18];[16;19;17;20];[24;22;1;21];[10;23;11;24]],12,99,15.72115902
12n_220,[[1;5;2;4];[3;9;4;8];[14;6;15;5];[7;3;8;2];[20;10;21;9];[22;11;23;12];[13;19;14;18];[6;16;7;15];[17;13;18;12];[19;17;20;16];[24;22;1;21];[10;23;11;24]],12,21,13.43455964
12n_221,[[1;5;2;4];[3;9;4;8];[14;6;15;5];[7;3;8;2];[9;20;10;21];[11;23;12;22];[18;13;19;14];[6;16;7;15];[12;17;13;18];[16;19;17;20];[21;24;22;1];[23;11;24;10]],12,9,12.93351068
12n_222,[[1;5;2;4];[3;9;4;8];[14;6;15;5];[7;3;8;2];[9;20;10;21];[11;23;12;22];[13;19;14;18];[6;16;7;15];[17;13;18;12];[19;17;20;16];[21;24;22;1];[23;11;24;10]],12,129,16.81764564
12n_223,[[1;5;2;4];[3;9;4;8];[5;14;6;15];[7;3;8;2];[20;10;21;9];[22;11;23;12];[13;19;14;18];[15;6;16;7];[17;13;18;12];[19;17;20;16];[24;22;1;21];[10;23;11;24]],12,111,16.32842951
12n_224,[[1;5;2;4];[3;9;4;8];[14;5;15;6];[7;3;8;2];[22;10;23;9];[16;11;17;12];[6;13;7;14];[18;15;19;16];[12;17;13;18];[24;19;1;20];[10;22;11;21];[20;23;21;24]],12,81,15.14901769
12n_225,[[1;5;2;4];[3;9;4;8];[14;5;15;6];[7;3;8;2];[22;10;23;9];[11;17;12;16];[6;13;7;14];[15;19;16;18];[17;13;18;12];[24;19;1;20];[10;22;11;21];[20;23;21;24]],12,39,14.12424027
12n_226,[[1;5;2;4];[3;9;4;8];[14;5;15;6];[7;3;8;2];[22;10;23;9];[16;11;17;12];[6;13;7;14];[20;16;21;15];[10;17;11;18];[24;20;1;19];[12;22;13;21];[18;24;19;23]],12,77,15.42693884
12n_227,[[1;5;2;4];[3;9;4;8];[14;5;15;6];[7;3;8;2];[9;22;10;23];[11;17;12;16];[6;13;7;14];[15;20;16;21];[17;11;18;10];[19;24;20;1];[21;12;22;13];[23;18;24;19]],12,115,17.03870748
12n_228,[[1;5;2;4];[3;9;4;8];[5;15;6;14];[7;3;8;2];[22;10;23;9];[16;11;17;12];[13;7;14;6];[20;16;21;15];[10;17;11;18];[24;20;1;19];[12;22;13;21];[18;24;19;23]],12,37,14.34835471
12n_229,[[1;5;2;4];[3;9;4;8];[14;6;15;5];[7;3;8;2];[22;10;23;9];[16;12;17;11];[18;14;19;13];[6;16;7;15];[12;18;13;17];[24;19;1;20];[10;22;11;21];[20;23;21;24]],12,51,13.88991139
12n_230,[[1;5;2;4];[3;8;4;9];[5;15;6;14];[7;11;8;10];[9;2;10;3];[18;12;19;11];[13;7;14;6];[22;15;23;16];[12;18;13;17];[24;20;1;19];[16;21;17;22];[20;24;21;23]],12,19,13.31609922
12n_231,[[1;5;2;4];[3;8;4;9];[5;14;6;15];[7;11;8;10];[9;2;10;3];[18;12;19;11];[20;13;21;14];[15;6;16;7];[22;17;23;18];[24;20;1;19];[16;21;17;22];[12;23;13;24]],12,31,14.7212069
12n_232,[[1;5;2;4];[3;8;4;9];[5;14;6;15];[7;11;8;10];[9;2;10;3];[20;11;21;12];[22;14;23;13];[15;6;16;7];[12;17;13;18];[24;19;1;20];[16;22;17;21];[18;23;19;24]],12,31,14.7212069
12n_233,[[1;5;2;4];[3;9;4;8];[16;5;17;6];[7;3;8;2];[18;9;19;10];[20;11;21;12];[22;13;23;14];[6;15;7;16];[24;17;1;18];[10;19;11;20];[12;21;13;22];[14;23;15;24]],12,29,7.681490618
12n_234,[[1;5;2;4];[3;9;4;8];[16;5;17;6];[7;3;8;2];[9;19;10;18];[11;21;12;20];[13;23;14;22];[6;15;7;16];[17;1;18;24];[19;11;20;10];[21;13;22;12];[23;15;24;14]],12,43,9.462928248
12n_236,[[1;5;2;4];[3;9;4;8];[16;5;17;6];[7;3;8;2];[18;9;19;10];[20;11;21;12];[22;13;23;14];[6;15;7;16];[24;17;1;18];[10;19;11;20];[14;21;15;22];[12;23;13;24]],12,47,11.02380772
12n_237,[[1;5;2;4];[3;9;4;8];[16;5;17;6];[7;3;8;2];[9;19;10;18];[11;21;12;20];[13;23;14;22];[6;15;7;16];[17;1;18;24];[19;11;20;10];[21;15;22;14];[23;13;24;12]],12,73,13.1109813
12n_238,[[1;5;2;4];[3;9;4;8];[5;17;6;16];[7;3;8;2];[18;9;19;10];[20;11;21;12];[22;13;23;14];[15;7;16;6];[24;17;1;18];[10;19;11;20];[14;21;15;22];[12;23;13;24]],12,31,9.635892772
12n_239,[[1;5;2;4];[3;9;4;8];[16;5;17;6];[7;3;8;2];[18;9;19;10];[20;11;21;12];[22;13;23;14];[6;15;7;16];[24;17;1;18];[14;19;15;20];[12;21;13;22];[10;23;11;24]],12,43,10.9371747
12n_240,[[1;5;2;4];[3;9;4;8];[16;5;17;6];[7;3;8;2];[9;19;10;18];[11;21;12;20];[13;23;14;22];[6;15;7;16];[17;1;18;24];[19;15;20;14];[21;13;22;12];[23;11;24;10]],12,77,13.48416122
12n_241,[[1;5;2;4];[3;9;4;8];[5;17;6;16];[7;3;8;2];[18;9;19;10];[20;11;21;12];[22;13;23;14];[15;7;16;6];[24;17;1;18];[14;19;15;20];[12;21;13;22];[10;23;11;24]],12,59,12.43682943
12n_244,[[1;5;2;4];[3;9;4;8];[16;6;17;5];[7;3;8;2];[18;10;19;9];[20;12;21;11];[22;14;23;13];[24;16;1;15];[6;18;7;17];[14;20;15;19];[12;22;13;21];[10;24;11;23]],12,25,9.400006568
12n_245,[[1;5;2;4];[3;9;4;8];[16;6;17;5];[7;3;8;2];[18;10;19;9];[20;12;21;11];[24;14;1;13];[22;16;23;15];[6;18;7;17];[12;20;13;19];[10;22;11;21];[14;24;15;23]],12,39,11.80194684
12n_246,[[1;5;2;4];[3;9;4;8];[16;6;17;5];[7;3;8;2];[9;18;10;19];[11;20;12;21];[13;24;14;1];[15;22;16;23];[6;18;7;17];[19;12;20;13];[21;10;22;11];[23;14;24;15]],12,69,13.68623298
12n_247,[[1;5;2;4];[3;9;4;8];[5;16;6;17];[7;3;8;2];[18;10;19;9];[20;12;21;11];[24;14;1;13];[22;16;23;15];[17;6;18;7];[12;20;13;19];[10;22;11;21];[14;24;15;23]],12,51,12.89428666
12n_248,[[1;5;2;4];[3;9;4;8];[16;5;17;6];[7;3;8;2];[18;9;19;10];[22;11;23;12];[20;13;21;14];[6;15;7;16];[24;17;1;18];[14;19;15;20];[12;21;13;22];[10;23;11;24]],12,25,7.504724085
12n_249,[[1;5;2;4];[3;9;4;8];[16;5;17;6];[7;3;8;2];[9;19;10;18];[11;23;12;22];[13;21;14;20];[6;15;7;16];[17;1;18;24];[19;15;20;14];[21;13;22;12];[23;11;24;10]],12,47,10.14091183
12n_250,[[1;5;2;4];[3;9;4;8];[5;17;6;16];[7;3;8;2];[18;9;19;10];[22;11;23;12];[20;13;21;14];[15;7;16;6];[24;17;1;18];[14;19;15;20];[12;21;13;22];[10;23;11;24]],12,41,9.981140698
12n_251,[[1;5;2;4];[3;9;4;8];[16;6;17;5];[7;3;8;2];[18;10;19;9];[22;12;23;11];[20;14;21;13];[24;16;1;15];[6;18;7;17];[14;20;15;19];[12;22;13;21];[10;24;11;23]],12,19,7.223516266
12n_252,[[1;5;2;4];[3;9;4;8];[16;5;17;6];[7;3;8;2];[20;9;21;10];[18;12;19;11];[22;13;23;14];[6;15;7;16];[12;18;13;17];[24;19;1;20];[14;21;15;22];[10;23;11;24]],12,89,16.41352778
12n_253,[[1;5;2;4];[3;9;4;8];[16;5;17;6];[7;3;8;2];[20;9;21;10];[11;18;12;19];[22;13;23;14];[6;15;7;16];[17;12;18;13];[24;19;1;20];[14;21;15;22];[10;23;11;24]],12,55,13.98120095
12n_254,[[1;5;2;4];[3;9;4;8];[16;5;17;6];[7;3;8;2];[9;21;10;20];[18;12;19;11];[13;23;14;22];[6;15;7;16];[12;18;13;17];[19;1;20;24];[21;15;22;14];[23;11;24;10]],12,65,14.73846683
12n_255,[[1;5;2;4];[3;9;4;8];[16;5;17;6];[7;3;8;2];[9;21;10;20];[11;18;12;19];[13;23;14;22];[6;15;7;16];[17;12;18;13];[19;1;20;24];[21;15;22;14];[23;11;24;10]],12,127,17.80796585
12n_256,[[1;5;2;4];[3;9;4;8];[5;17;6;16];[7;3;8;2];[20;9;21;10];[18;12;19;11];[22;13;23;14];[15;7;16;6];[12;18;13;17];[24;19;1;20];[14;21;15;22];[10;23;11;24]],12,25,15.15148842
12n_257,[[1;5;2;4];[3;9;4;8];[5;17;6;16];[7;3;8;2];[20;9;21;10];[11;18;12;19];[22;13;23;14];[15;7;16;6];[17;12;18;13];[24;19;1;20];[14;21;15;22];[10;23;11;24]],12,25,12.9155646
12n_258,[[1;5;2;4];[3;9;4;8];[5;17;6;16];[7;3;8;2];[20;9;21;10];[11;18;12;19];[22;13;23;14];[15;7;16;6];[17;12;18;13];[19;1;20;24];[14;21;15;22];[10;23;11;24]],12,15,11.55692318
12n_259,[[1;5;2;4];[3;9;4;8];[5;17;6;16];[7;3;8;2];[9;21;10;20];[18;12;19;11];[13;23;14;22];[15;7;16;6];[12;18;13;17];[19;1;20;24];[21;15;22;14];[23;11;24;10]],12,95,16.17051093
12n_260,[[1;5;2;4];[3;9;4;8];[16;5;17;6];[7;3;8;2];[20;9;21;10];[18;11;19;12];[22;13;23;14];[6;15;7;16];[24;17;1;18];[10;19;11;20];[14;21;15;22];[12;23;13;24]],12,21,10.75463423
12n_261,[[1;5;2;4];[3;9;4;8];[16;5;17;6];[7;3;8;2];[20;10;21;9];[22;11;23;12];[18;14;19;13];[6;15;7;16];[12;18;13;17];[14;20;15;19];[24;22;1;21];[10;23;11;24]],12,69,14.49570528
12n_262,[[1;5;2;4];[3;9;4;8];[16;5;17;6];[7;3;8;2];[20;9;21;10];[24;12;1;11];[18;13;19;14];[6;15;7;16];[22;17;23;18];[10;19;11;20];[14;21;15;22];[12;24;13;23]],12,89,16.41352778
12n_263,[[1;5;2;4];[3;9;4;8];[16;5;17;6];[7;3;8;2];[9;21;10;20];[11;24;12;1];[13;19;14;18];[6;15;7;16];[17;23;18;22];[19;11;20;10];[21;15;22;14];[23;12;24;13]],12,127,17.80796585
12n_264,[[1;5;2;4];[3;9;4;8];[5;17;6;16];[7;3;8;2];[20;9;21;10];[24;12;1;11];[18;13;19;14];[15;7;16;6];[22;17;23;18];[10;19;11;20];[14;21;15;22];[12;24;13;23]],12,25,15.15148842
12n_265,[[1;5;2;4];[3;9;4;8];[16;5;17;6];[7;3;8;2];[20;9;21;10];[24;12;1;11];[22;13;23;14];[6;15;7;16];[12;18;13;17];[10;19;11;20];[14;21;15;22];[18;24;19;23]],12,63,15.6197451
12n_266,[[1;5;2;4];[3;9;4;8];[16;5;17;6];[7;3;8;2];[9;21;10;20];[11;24;12;1];[13;23;14;22];[6;15;7;16];[17;12;18;13];[19;11;20;10];[21;15;22;14];[23;18;24;19]],12,105,17.21155227
12n_267,[[1;5;2;4];[3;9;4;8];[5;17;6;16];[7;3;8;2];[20;9;21;10];[24;12;1;11];[22;13;23;14];[15;7;16;6];[12;18;13;17];[10;19;11;20];[14;21;15;22];[18;24;19;23]],12,63,16.40088657
12n_268,[[1;5;2;4];[3;8;4;9];[5;16;6;17];[7;11;8;10];[9;2;10;3];[20;12;21;11];[18;14;19;13];[22;15;23;16];[17;6;18;7];[12;20;13;19];[24;22;1;21];[14;23;15;24]],12,9,12.85185451
12n_269,[[1;5;2;4];[3;8;4;9];[5;16;6;17];[7;11;8;10];[9;2;10;3];[20;12;21;11];[18;14;19;13];[15;23;16;22];[17;6;18;7];[12;20;13;19];[21;24;22;1];[23;15;24;14]],12,117,16.34384911
12n_270,[[1;5;2;4];[3;8;4;9];[5;16;6;17];[7;11;8;10];[9;2;10;3];[11;20;12;21];[13;18;14;19];[22;15;23;16];[17;6;18;7];[19;12;20;13];[24;22;1;21];[14;23;15;24]],12,63,14.06190646
12n_271,[[1;5;2;4];[3;8;4;9];[16;6;17;5];[12;7;13;8];[9;2;10;3];[18;11;19;12];[20;14;21;13];[22;15;23;16];[10;17;11;18];[6;20;7;19];[24;22;1;21];[14;23;15;24]],12,53,13.26154573
12n_272,[[1;5;2;4];[3;8;4;9];[16;6;17;5];[12;7;13;8];[9;2;10;3];[18;11;19;12];[22;13;23;14];[20;16;21;15];[10;17;11;18];[6;20;7;19];[24;21;1;22];[14;23;15;24]],12,83,14.76364565
12n_273,[[1;5;2;4];[3;8;4;9];[16;6;17;5];[12;7;13;8];[9;2;10;3];[18;12;19;11];[22;14;23;13];[24;16;1;15];[20;17;21;18];[10;20;11;19];[6;22;7;21];[14;24;15;23]],12,5,10.01132819
12n_274,[[1;5;2;4];[3;8;4;9];[16;6;17;5];[12;7;13;8];[9;2;10;3];[18;12;19;11];[24;14;1;13];[22;16;23;15];[20;17;21;18];[10;20;11;19];[6;22;7;21];[14;24;15;23]],12,55,13.10139242
12n_275,[[1;5;2;4];[3;8;4;9];[18;5;19;6];[12;7;13;8];[9;2;10;3];[16;12;17;11];[22;14;23;13];[6;15;7;16];[10;18;11;17];[24;19;1;20];[14;22;15;21];[20;23;21;24]],12,37,12.02908593
12n_276,[[1;5;2;4];[3;8;4;9];[20;5;21;6];[12;7;13;8];[9;2;10;3];[18;11;19;12];[22;13;23;14];[6;15;7;16];[10;17;11;18];[16;19;17;20];[24;21;1;22];[14;23;15;24]],12,25,12.35090621
12n_277,[[1;5;2;4];[3;8;4;9];[20;5;21;6];[12;7;13;8];[9;2;10;3];[18;12;19;11];[22;14;23;13];[24;16;1;15];[6;17;7;18];[10;20;11;19];[16;22;17;21];[14;24;15;23]],12,67,13.4286634
12n_278,[[1;5;2;4];[3;8;4;9];[20;5;21;6];[12;7;13;8];[9;2;10;3];[18;12;19;11];[24;14;1;13];[22;16;23;15];[6;17;7;18];[10;20;11;19];[16;22;17;21];[14;24;15;23]],12,65,12.73124389
12n_279,[[1;5;2;4];[3;10;4;11];[5;13;6;12];[14;8;15;7];[16;9;17;10];[11;2;12;3];[22;13;23;14];[20;16;21;15];[24;18;1;17];[8;19;9;20];[6;22;7;21];[18;24;19;23]],12,25,13.22990258
12n_280,[[1;5;2;4];[3;10;4;11];[5;13;6;12];[14;8;15;7];[9;17;10;16];[11;2;12;3];[22;13;23;14];[15;20;16;21];[24;18;1;17];[19;9;20;8];[6;22;7;21];[18;24;19;23]],12,51,13.11786673
12n_281,[[1;5;2;4];[3;10;4;11];[5;13;6;12];[14;8;15;7];[9;17;10;16];[11;2;12;3];[22;13;23;14];[15;20;16;21];[17;24;18;1];[19;9;20;8];[6;22;7;21];[23;18;24;19]],12,77,14.7941291
12n_282,[[1;5;2;4];[3;10;4;11];[5;13;6;12];[7;14;8;15];[16;9;17;10];[11;2;12;3];[13;23;14;22];[20;16;21;15];[17;24;18;1];[8;19;9;20];[21;6;22;7];[23;18;24;19]],12,21,10.53723504
12n_283,[[1;5;2;4];[3;10;4;11];[5;13;6;12];[7;14;8;15];[9;17;10;16];[11;2;12;3];[13;23;14;22];[15;20;16;21];[24;18;1;17];[19;9;20;8];[21;6;22;7];[18;24;19;23]],12,87,15.80525776
12n_284,[[1;5;2;4];[3;10;4;11];[5;13;6;12];[14;8;15;7];[20;10;21;9];[11;2;12;3];[18;13;19;14];[22;15;23;16];[6;18;7;17];[24;19;1;20];[16;21;17;22];[8;24;9;23]],12,57,14.48529541
12n_285,[[1;5;2;4];[3;10;4;11];[5;13;6;12];[14;8;15;7];[20;10;21;9];[11;2;12;3];[18;13;19;14];[15;23;16;22];[6;18;7;17];[24;19;1;20];[21;17;22;16];[8;24;9;23]],12,39,12.06913168
12n_286,[[1;5;2;4];[3;10;4;11];[5;13;6;12];[14;8;15;7];[9;20;10;21];[11;2;12;3];[18;13;19;14];[15;23;16;22];[6;18;7;17];[19;1;20;24];[21;17;22;16];[23;8;24;9]],12,45,12.31041674
12n_287,[[1;5;2;4];[3;10;4;11];[5;13;6;12];[7;14;8;15];[9;20;10;21];[11;2;12;3];[13;19;14;18];[22;15;23;16];[17;6;18;7];[19;1;20;24];[16;21;17;22];[23;8;24;9]],12,111,16.40092823
12n_288,[[1;5;2;4];[3;11;4;10];[5;13;6;12];[16;8;17;7];[9;3;10;2];[11;9;12;8];[18;13;19;14];[22;15;23;16];[6;18;7;17];[24;19;1;20];[14;21;15;22];[20;23;21;24]],12,49,12.11292083
12n_289,[[1;5;2;4];[3;11;4;10];[5;13;6;12];[16;8;17;7];[9;3;10;2];[11;9;12;8];[13;19;14;18];[15;23;16;22];[6;18;7;17];[19;1;20;24];[21;15;22;14];[23;21;24;20]],12,91,14.58777453
12n_290,[[1;5;2;4];[3;11;4;10];[5;13;6;12];[16;7;17;8];[9;3;10;2];[11;9;12;8];[20;14;21;13];[6;15;7;16];[22;18;23;17];[24;20;1;19];[14;22;15;21];[18;24;19;23]],12,69,13.99165845
12n_291,[[1;5;2;4];[3;11;4;10];[5;13;6;12];[16;7;17;8];[9;3;10;2];[11;9;12;8];[13;20;14;21];[6;15;7;16];[17;22;18;23];[19;24;20;1];[21;14;22;15];[23;18;24;19]],12,99,15.27302262
12n_292,[[1;5;2;4];[3;11;4;10];[5;13;6;12];[7;17;8;16];[9;3;10;2];[11;9;12;8];[20;14;21;13];[15;7;16;6];[22;18;23;17];[24;20;1;19];[14;22;15;21];[18;24;19;23]],12,1,11.78844449
12n_293,[[1;5;2;4];[3;11;4;10];[5;13;6;12];[16;7;17;8];[9;3;10;2];[11;9;12;8];[20;14;21;13];[6;15;7;16];[24;18;1;17];[22;20;23;19];[14;22;15;21];[18;24;19;23]],12,7,8.573149678
12n_294,[[1;5;2;4];[3;10;4;11];[5;13;6;12];[16;8;17;7];[18;10;19;9];[11;2;12;3];[13;21;14;20];[15;22;16;23];[8;18;9;17];[6;20;7;19];[21;1;22;24];[23;14;24;15]],12,45,11.97272141
12n_295,[[1;5;2;4];[3;10;4;11];[5;13;6;12];[16;7;17;8];[18;10;19;9];[11;2;12;3];[13;22;14;23];[6;15;7;16];[20;17;21;18];[8;20;9;19];[21;24;22;1];[23;14;24;15]],12,107,15.6199477
12n_296,[[1;5;2;4];[3;10;4;11];[5;13;6;12];[7;17;8;16];[9;18;10;19];[11;2;12;3];[22;14;23;13];[15;7;16;6];[17;21;18;20];[19;8;20;9];[24;22;1;21];[14;24;15;23]],12,37,12.10690267
12n_297,[[1;5;2;4];[3;10;4;11];[5;13;6;12];[7;17;8;16];[9;19;10;18];[11;2;12;3];[22;13;23;14];[15;9;16;8];[17;7;18;6];[24;20;1;19];[14;21;15;22];[20;24;21;23]],12,95,14.786278
12n_298,[[1;5;2;4];[3;10;4;11];[5;13;6;12];[16;7;17;8];[20;10;21;9];[11;2;12;3];[18;13;19;14];[8;15;9;16];[22;18;23;17];[24;19;1;20];[6;22;7;21];[14;24;15;23]],12,89,16.05720337
12n_299,[[1;5;2;4];[3;10;4;11];[5;13;6;12];[16;8;17;7];[20;10;21;9];[11;2;12;3];[13;19;14;18];[22;16;23;15];[6;18;7;17];[19;1;20;24];[8;22;9;21];[14;24;15;23]],12,85,15.18935045
12n_300,[[1;5;2;4];[3;10;4;11];[5;13;6;12];[16;8;17;7];[20;9;21;10];[11;2;12;3];[13;22;14;23];[18;16;19;15];[8;18;9;17];[6;19;7;20];[21;24;22;1];[23;14;24;15]],12,77,14.31324105
12n_301,[[1;5;2;4];[3;10;4;11];[5;13;6;12];[7;16;8;17];[9;21;10;20];[11;2;12;3];[22;14;23;13];[15;18;16;19];[17;8;18;9];[19;7;20;6];[24;22;1;21];[14;24;15;23]],12,67,13.72423827
12n_302,[[1;5;2;4];[3;10;4;11];[5;13;6;12];[7;17;8;16];[9;21;10;20];[11;2;12;3];[13;1;14;24];[15;9;16;8];[22;17;23;18];[19;7;20;6];[21;15;22;14];[18;23;19;24]],12,111,15.65036286
12n_303,[[1;5;2;4];[3;11;4;10];[5;13;6;12];[18;7;19;8];[9;3;10;2];[11;9;12;8];[20;14;21;13];[22;16;23;15];[6;17;7;18];[24;20;1;19];[14;22;15;21];[16;24;17;23]],12,41,10.56662675
12n_304,[[1;5;2;4];[3;11;4;10];[5;13;6;12];[18;7;19;8];[9;3;10;2];[11;9;12;8];[13;20;14;21];[15;22;16;23];[6;17;7;18];[19;24;20;1];[21;14;22;15];[23;16;24;17]],12,71,12.73299193
12n_305,[[1;5;2;4];[3;11;4;10];[5;13;6;12];[7;19;8;18];[9;3;10;2];[11;9;12;8];[20;14;21;13];[22;16;23;15];[17;7;18;6];[24;20;1;19];[14;22;15;21];[16;24;17;23]],12,29,9.084694588
12n_306,[[1;5;2;4];[3;11;4;10];[5;13;6;12];[18;7;19;8];[9;3;10;2];[11;9;12;8];[20;14;21;13];[22;16;23;15];[6;17;7;18];[24;20;1;19];[16;22;17;21];[14;24;15;23]],12,35,10.64211672
12n_307,[[1;5;2;4];[3;11;4;10];[5;13;6;12];[18;7;19;8];[9;3;10;2];[11;9;12;8];[13;20;14;21];[15;22;16;23];[6;17;7;18];[19;24;20;1];[21;16;22;17];[23;14;24;15]],12,77,13.49510734
12n_308,[[1;5;2;4];[3;11;4;10];[5;13;6;12];[7;19;8;18];[9;3;10;2];[11;9;12;8];[20;14;21;13];[22;16;23;15];[17;7;18;6];[24;20;1;19];[16;22;17;21];[14;24;15;23]],12,63,13.00920127
12n_310,[[1;5;2;4];[3;11;4;10];[5;13;6;12];[18;8;19;7];[9;3;10;2];[11;9;12;8];[20;13;21;14];[22;15;23;16];[24;17;1;18];[6;20;7;19];[16;21;17;22];[14;23;15;24]],12,21,9.83250804
12n_311,[[1;5;2;4];[3;10;4;11];[5;13;6;12];[18;7;19;8];[22;9;23;10];[11;2;12;3];[20;14;21;13];[24;15;1;16];[8;17;9;18];[14;20;15;19];[6;21;7;22];[16;23;17;24]],12,51,13.5034101
12n_312,[[1;5;2;4];[3;10;4;11];[5;13;6;12];[20;8;21;7];[16;9;17;10];[11;2;12;3];[18;14;19;13];[8;15;9;16];[24;18;1;17];[22;19;23;20];[6;22;7;21];[14;24;15;23]],12,49,13.60477695
12n_313,[[1;5;2;4];[3;10;4;11];[5;13;6;12];[20;8;21;7];[16;9;17;10];[11;2;12;3];[22;13;23;14];[8;15;9;16];[24;18;1;17];[14;19;15;20];[6;22;7;21];[18;24;19;23]],12,1,11.06790735
12n_314,[[1;5;2;4];[3;10;4;11];[5;13;6;12];[22;7;23;8];[20;10;21;9];[11;2;12;3];[18;13;19;14];[8;15;9;16];[6;18;7;17];[24;19;1;20];[16;21;17;22];[14;24;15;23]],12,55,14.8627463
12n_315,[[1;5;2;4];[3;11;4;10];[14;5;15;6];[12;8;13;7];[9;3;10;2];[18;11;19;12];[20;14;21;13];[22;15;23;16];[24;17;1;18];[8;19;9;20];[6;22;7;21];[16;23;17;24]],12,61,14.02875531
12n_316,[[1;5;2;4];[3;11;4;10];[14;5;15;6];[7;12;8;13];[9;3;10;2];[11;19;12;18];[20;14;21;13];[15;23;16;22];[17;1;18;24];[19;9;20;8];[6;22;7;21];[23;17;24;16]],12,65,13.66169902
12n_317,[[1;5;2;4];[3;11;4;10];[14;5;15;6];[7;12;8;13];[9;3;10;2];[11;19;12;18];[13;20;14;21];[22;15;23;16];[24;17;1;18];[19;9;20;8];[6;22;7;21];[16;23;17;24]],12,85,14.91992149
12n_318,[[1;5;2;4];[3;11;4;10];[5;15;6;14];[12;8;13;7];[9;3;10;2];[18;11;19;12];[13;20;14;21];[22;15;23;16];[24;17;1;18];[8;19;9;20];[21;6;22;7];[16;23;17;24]],12,1,8.066160412
12n_319,[[1;5;2;4];[3;11;4;10];[5;15;6;14];[12;8;13;7];[9;3;10;2];[18;11;19;12];[13;20;14;21];[15;23;16;22];[17;1;18;24];[8;19;9;20];[21;6;22;7];[23;17;24;16]],12,41,11.59900329
12n_320,[[1;5;2;4];[3;11;4;10];[5;15;6;14];[7;12;8;13];[9;3;10;2];[11;19;12;18];[13;20;14;21];[22;15;23;16];[24;17;1;18];[19;9;20;8];[21;6;22;7];[16;23;17;24]],12,109,16.66624704
12n_321,[[1;5;2;4];[3;11;4;10];[14;5;15;6];[7;12;8;13];[9;3;10;2];[11;19;12;18];[20;14;21;13];[15;1;16;24];[17;23;18;22];[19;9;20;8];[6;22;7;21];[23;17;24;16]],12,11,9.806684299
12n_322,[[1;5;2;4];[3;11;4;10];[14;5;15;6];[7;12;8;13];[9;3;10;2];[11;19;12;18];[13;20;14;21];[24;15;1;16];[22;17;23;18];[19;9;20;8];[6;22;7;21];[16;23;17;24]],12,23,10.87206898
12n_323,[[1;5;2;4];[3;11;4;10];[5;15;6;14];[12;8;13;7];[9;3;10;2];[18;11;19;12];[13;20;14;21];[24;15;1;16];[22;17;23;18];[8;19;9;20];[21;6;22;7];[16;23;17;24]],12,53,13.38710794
12n_324,[[1;5;2;4];[3;11;4;10];[5;15;6;14];[12;8;13;7];[9;3;10;2];[18;11;19;12];[13;20;14;21];[15;1;16;24];[17;23;18;22];[8;19;9;20];[21;6;22;7];[23;17;24;16]],12,67,14.05942689
12n_325,[[1;5;2;4];[3;11;4;10];[5;15;6;14];[7;12;8;13];[9;3;10;2];[11;19;12;18];[13;20;14;21];[24;15;1;16];[22;17;23;18];[19;9;20;8];[21;6;22;7];[16;23;17;24]],12,113,17.38589151
12n_326,[[1;5;2;4];[3;11;4;10];[14;5;15;6];[12;8;13;7];[9;3;10;2];[20;12;21;11];[18;13;19;14];[22;16;23;15];[6;17;7;18];[8;20;9;19];[24;22;1;21];[16;24;17;23]],12,53,14.15049026
12n_327,[[1;5;2;4];[3;11;4;10];[14;5;15;6];[7;12;8;13];[9;3;10;2];[11;20;12;21];[18;13;19;14];[15;22;16;23];[6;17;7;18];[19;8;20;9];[21;24;22;1];[23;16;24;17]],12,61,13.81708108
12n_328,[[1;5;2;4];[3;11;4;10];[5;15;6;14];[12;8;13;7];[9;3;10;2];[20;12;21;11];[13;19;14;18];[22;16;23;15];[17;7;18;6];[8;20;9;19];[24;22;1;21];[16;24;17;23]],12,19,10.44045351
12n_329,[[1;5;2;4];[3;10;4;11];[14;5;15;6];[12;7;13;8];[20;9;21;10];[11;2;12;3];[6;13;7;14];[22;15;23;16];[24;17;1;18];[8;19;9;20];[18;21;19;22];[16;23;17;24]],12,21,11.39066856
12n_330,[[1;5;2;4];[3;10;4;11];[14;5;15;6];[12;7;13;8];[9;21;10;20];[11;2;12;3];[6;13;7;14];[15;23;16;22];[17;1;18;24];[19;9;20;8];[21;19;22;18];[23;17;24;16]],12,87,14.99790285
12n_331,[[1;5;2;4];[3;10;4;11];[5;15;6;14];[7;13;8;12];[20;9;21;10];[11;2;12;3];[13;7;14;6];[22;15;23;16];[24;17;1;18];[8;19;9;20];[18;21;19;22];[16;23;17;24]],12,45,12.80822882
12n_332,[[1;5;2;4];[3;10;4;11];[14;5;15;6];[12;7;13;8];[20;9;21;10];[11;2;12;3];[6;13;7;14];[24;15;1;16];[22;17;23;18];[8;19;9;20];[18;21;19;22];[16;23;17;24]],12,9,9.256363412
12n_333,[[1;5;2;4];[3;10;4;11];[14;5;15;6];[12;7;13;8];[9;21;10;20];[11;2;12;3];[6;13;7;14];[15;1;16;24];[17;23;18;22];[19;9;20;8];[21;19;22;18];[23;17;24;16]],12,45,11.545856
12n_334,[[1;5;2;4];[3;10;4;11];[5;15;6;14];[7;13;8;12];[20;9;21;10];[11;2;12;3];[13;7;14;6];[24;15;1;16];[22;17;23;18];[8;19;9;20];[18;21;19;22];[16;23;17;24]],12,63,12.74167707
12n_335,[[1;5;2;4];[3;10;4;11];[14;6;15;5];[12;7;13;8];[9;20;10;21];[11;2;12;3];[16;14;17;13];[6;16;7;15];[17;23;18;22];[19;1;20;24];[21;8;22;9];[23;19;24;18]],12,95,15.45918188
12n_336,[[1;5;2;4];[3;10;4;11];[5;14;6;15];[7;13;8;12];[20;10;21;9];[11;2;12;3];[13;16;14;17];[15;6;16;7];[22;17;23;18];[24;19;1;20];[8;22;9;21];[18;23;19;24]],12,5,12.78119601
12n_337,[[1;5;2;4];[3;10;4;11];[5;14;6;15];[7;13;8;12];[20;10;21;9];[11;2;12;3];[13;16;14;17];[15;6;16;7];[24;17;1;18];[22;19;23;20];[8;22;9;21];[18;23;19;24]],12,103,15.3392364
12n_338,[[1;5;2;4];[3;11;4;10];[14;6;15;5];[16;8;17;7];[9;3;10;2];[18;12;19;11];[22;14;23;13];[6;16;7;15];[8;18;9;17];[24;20;1;19];[12;22;13;21];[20;24;21;23]],12,25,9.885790141
12n_339,[[1;5;2;4];[3;11;4;10];[14;6;15;5];[16;8;17;7];[9;3;10;2];[11;18;12;19];[13;22;14;23];[6;16;7;15];[8;18;9;17];[19;24;20;1];[21;12;22;13];[23;20;24;21]],12,95,14.58486827
12n_340,[[1;5;2;4];[3;11;4;10];[5;14;6;15];[7;16;8;17];[9;3;10;2];[18;12;19;11];[22;14;23;13];[15;6;16;7];[17;8;18;9];[24;20;1;19];[12;22;13;21];[20;24;21;23]],12,17,9.327458108
12n_341,[[1;5;2;4];[3;11;4;10];[14;6;15;5];[16;8;17;7];[9;3;10;2];[18;12;19;11];[22;14;23;13];[8;16;9;15];[6;18;7;17];[24;20;1;19];[12;22;13;21];[20;24;21;23]],12,67,13.04415758
12n_342,[[1;5;2;4];[3;11;4;10];[14;6;15;5];[16;8;17;7];[9;3;10;2];[11;18;12;19];[13;22;14;23];[8;16;9;15];[6;18;7;17];[19;24;20;1];[21;12;22;13];[23;20;24;21]],12,53,12.07187233
12n_343,[[1;5;2;4];[3;11;4;10];[5;14;6;15];[7;16;8;17];[9;3;10;2];[18;12;19;11];[22;14;23;13];[15;8;16;9];[17;6;18;7];[24;20;1;19];[12;22;13;21];[20;24;21;23]],12,59,12.71119387
12n_344,[[1;5;2;4];[3;11;4;10];[14;5;15;6];[16;7;17;8];[9;3;10;2];[20;11;21;12];[8;13;9;14];[6;15;7;16];[22;17;23;18];[24;19;1;20];[12;21;13;22];[18;23;19;24]],12,77,13.9197576
12n_345,[[1;5;2;4];[3;11;4;10];[14;5;15;6];[16;7;17;8];[9;3;10;2];[11;21;12;20];[8;13;9;14];[6;15;7;16];[17;23;18;22];[19;1;20;24];[21;13;22;12];[23;19;24;18]],12,67,13.40659325
12n_346,[[1;5;2;4];[3;11;4;10];[5;15;6;14];[7;17;8;16];[9;3;10;2];[20;11;21;12];[13;9;14;8];[15;7;16;6];[22;17;23;18];[24;19;1;20];[12;21;13;22];[18;23;19;24]],12,13,11.77554603
12n_347,[[1;5;2;4];[3;11;4;10];[14;5;15;6];[16;7;17;8];[9;3;10;2];[20;11;21;12];[8;13;9;14];[6;15;7;16];[24;17;1;18];[22;19;23;20];[12;21;13;22];[18;23;19;24]],12,31,10.61004843
12n_348,[[1;5;2;4];[3;10;4;11];[14;5;15;6];[16;7;17;8];[18;10;19;9];[11;2;12;3];[20;13;21;14];[6;15;7;16];[24;17;1;18];[22;20;23;19];[12;21;13;22];[8;24;9;23]],12,79,14.83244751
12n_349,[[1;5;2;4];[3;10;4;11];[14;5;15;6];[16;7;17;8];[9;18;10;19];[11;2;12;3];[20;13;21;14];[6;15;7;16];[17;1;18;24];[22;20;23;19];[12;21;13;22];[23;8;24;9]],12,13,11.39641916
12n_350,[[1;5;2;4];[3;10;4;11];[14;5;15;6];[16;7;17;8];[9;18;10;19];[11;2;12;3];[13;21;14;20];[6;15;7;16];[17;1;18;24];[19;22;20;23];[21;13;22;12];[23;8;24;9]],12,103,16.47530458
12n_351,[[1;5;2;4];[3;10;4;11];[5;15;6;14];[7;17;8;16];[9;18;10;19];[11;2;12;3];[20;13;21;14];[15;7;16;6];[17;1;18;24];[22;20;23;19];[12;21;13;22];[23;8;24;9]],12,31,12.33507558
12n_352,[[1;5;2;4];[3;10;4;11];[14;5;15;6];[16;8;17;7];[18;9;19;10];[11;2;12;3];[22;14;23;13];[24;15;1;16];[20;18;21;17];[8;19;9;20];[12;22;13;21];[6;24;7;23]],12,7,11.32069415
12n_353,[[1;5;2;4];[3;10;4;11];[14;5;15;6];[7;16;8;17];[9;19;10;18];[11;2;12;3];[13;22;14;23];[24;15;1;16];[17;20;18;21];[19;9;20;8];[21;12;22;13];[6;24;7;23]],12,103,16.02850557
12n_354,[[1;5;2;4];[3;10;4;11];[5;15;6;14];[16;8;17;7];[18;9;19;10];[11;2;12;3];[13;22;14;23];[15;1;16;24];[20;18;21;17];[8;19;9;20];[21;12;22;13];[23;6;24;7]],12,23,13.00537179
12n_355,[[1;5;2;4];[3;10;4;11];[14;5;15;6];[16;8;17;7];[20;9;21;10];[11;2;12;3];[18;13;19;14];[24;15;1;16];[22;18;23;17];[12;19;13;20];[8;21;9;22];[6;24;7;23]],12,11,12.29921378
12n_356,[[1;5;2;4];[3;10;4;11];[14;5;15;6];[16;8;17;7];[9;21;10;20];[11;2;12;3];[18;13;19;14];[24;15;1;16];[22;18;23;17];[12;19;13;20];[21;9;22;8];[6;24;7;23]],12,61,14.3453341
12n_357,[[1;5;2;4];[3;10;4;11];[14;5;15;6];[16;8;17;7];[9;21;10;20];[11;2;12;3];[13;19;14;18];[24;15;1;16];[22;18;23;17];[19;13;20;12];[21;9;22;8];[6;24;7;23]],12,99,16.50002298
12n_358,[[1;5;2;4];[3;10;4;11];[14;5;15;6];[7;16;8;17];[9;21;10;20];[11;2;12;3];[18;13;19;14];[24;15;1;16];[17;22;18;23];[12;19;13;20];[21;9;22;8];[6;24;7;23]],12,43,12.63581387
12n_359,[[1;5;2;4];[3;10;4;11];[14;5;15;6];[7;16;8;17];[9;21;10;20];[11;2;12;3];[13;19;14;18];[24;15;1;16];[17;22;18;23];[19;13;20;12];[21;9;22;8];[6;24;7;23]],12,69,14.17763034
12n_360,[[1;5;2;4];[3;10;4;11];[5;15;6;14];[16;8;17;7];[20;9;21;10];[11;2;12;3];[13;19;14;18];[15;1;16;24];[22;18;23;17];[19;13;20;12];[8;21;9;22];[23;6;24;7]],12,49,13.69638203
12n_361,[[1;5;2;4];[3;10;4;11];[5;15;6;14];[16;8;17;7];[9;21;10;20];[11;2;12;3];[13;19;14;18];[15;1;16;24];[22;18;23;17];[19;13;20;12];[21;9;22;8];[6;24;7;23]],12,73,14.40902817
12n_362,[[1;5;2;4];[3;10;4;11];[5;15;6;14];[7;16;8;17];[20;9;21;10];[11;2;12;3];[13;19;14;18];[15;1;16;24];[17;22;18;23];[19;13;20;12];[8;21;9;22];[23;6;24;7]],12,31,12.27991881
12n_363,[[1;5;2;4];[3;10;4;11];[14;5;15;6];[16;8;17;7];[9;20;10;21];[11;2;12;3];[13;22;14;23];[18;15;19;16];[6;18;7;17];[19;1;20;24];[21;12;22;13];[23;8;24;9]],12,87,15.69048767
12n_364,[[1;5;2;4];[3;10;4;11];[14;5;15;6];[16;8;17;7];[22;10;23;9];[11;2;12;3];[18;14;19;13];[20;15;21;16];[12;18;13;17];[6;20;7;19];[24;21;1;22];[8;24;9;23]],12,99,16.58125128
12n_365,[[1;5;2;4];[3;10;4;11];[5;15;6;14];[7;16;8;17];[22;10;23;9];[11;2;12;3];[13;18;14;19];[15;21;16;20];[17;12;18;13];[19;6;20;7];[24;21;1;22];[8;24;9;23]],12,99,16.58125128
12n_366,[[1;5;2;4];[3;10;4;11];[14;5;15;6];[16;7;17;8];[22;9;23;10];[11;2;12;3];[20;13;21;14];[6;15;7;16];[24;17;1;18];[8;19;9;20];[12;21;13;22];[18;23;19;24]],12,29,12.7556701
12n_367,[[1;5;2;4];[3;10;4;11];[14;5;15;6];[16;7;17;8];[9;23;10;22];[11;2;12;3];[13;21;14;20];[6;15;7;16];[17;1;18;24];[19;9;20;8];[21;13;22;12];[23;19;24;18]],12,125,17.19393896
12n_368,[[1;5;2;4];[3;11;4;10];[14;5;15;6];[18;8;19;7];[9;3;10;2];[20;12;21;11];[6;13;7;14];[22;16;23;15];[12;18;13;17];[8;20;9;19];[24;22;1;21];[16;24;17;23]],12,27,11.90457289
12n_369,[[1;5;2;4];[3;11;4;10];[5;15;6;14];[7;18;8;19];[9;3;10;2];[11;20;12;21];[13;7;14;6];[22;16;23;15];[17;12;18;13];[19;8;20;9];[24;22;1;21];[16;24;17;23]],12,75,14.48184975
12n_370,[[1;5;2;4];[3;11;4;10];[14;5;15;6];[18;7;19;8];[9;3;10;2];[11;21;12;20];[8;13;9;14];[15;1;16;24];[6;17;7;18];[19;23;20;22];[21;13;22;12];[23;17;24;16]],12,5,8.799862976
12n_371,[[1;5;2;4];[3;11;4;10];[5;15;6;14];[7;19;8;18];[9;3;10;2];[20;11;21;12];[13;9;14;8];[24;15;1;16];[17;7;18;6];[22;19;23;20];[12;21;13;22];[16;23;17;24]],12,11,9.608741772
12n_372,[[1;5;2;4];[3;11;4;10];[5;15;6;14];[7;19;8;18];[9;3;10;2];[20;11;21;12];[13;9;14;8];[15;1;16;24];[17;7;18;6];[22;19;23;20];[12;21;13;22];[23;17;24;16]],12,43,13.17082965
12n_373,[[1;5;2;4];[3;11;4;10];[5;15;6;14];[7;19;8;18];[9;3;10;2];[11;21;12;20];[13;9;14;8];[24;15;1;16];[17;7;18;6];[19;23;20;22];[21;13;22;12];[16;23;17;24]],12,77,14.95294143
12n_374,[[1;5;2;4];[3;11;4;10];[14;6;15;5];[18;8;19;7];[9;3;10;2];[20;12;21;11];[24;14;1;13];[6;16;7;15];[22;18;23;17];[8;20;9;19];[12;22;13;21];[16;24;17;23]],12,11,10.35547541
12n_375,[[1;5;2;4];[3;11;4;10];[14;6;15;5];[7;18;8;19];[9;3;10;2];[20;12;21;11];[24;14;1;13];[6;16;7;15];[22;18;23;17];[19;8;20;9];[12;22;13;21];[16;24;17;23]],12,57,13.95252381
12n_376,[[1;5;2;4];[3;11;4;10];[14;6;15;5];[7;18;8;19];[9;3;10;2];[11;20;12;21];[24;14;1;13];[6;16;7;15];[22;18;23;17];[19;8;20;9];[21;12;22;13];[16;24;17;23]],12,91,15.88172868
12n_377,[[1;5;2;4];[3;11;4;10];[5;14;6;15];[18;8;19;7];[9;3;10;2];[11;20;12;21];[13;24;14;1];[15;6;16;7];[17;22;18;23];[8;20;9;19];[21;12;22;13];[23;16;24;17]],12,39,13.30745242
12n_378,[[1;5;2;4];[3;11;4;10];[5;14;6;15];[7;18;8;19];[9;3;10;2];[11;20;12;21];[13;24;14;1];[15;6;16;7];[22;18;23;17];[19;8;20;9];[21;12;22;13];[16;24;17;23]],12,107,16.16473861
12n_379,[[1;5;2;4];[3;11;4;10];[14;5;15;6];[18;7;19;8];[9;3;10;2];[22;11;23;12];[8;13;9;14];[20;15;21;16];[6;17;7;18];[16;19;17;20];[24;21;1;22];[12;23;13;24]],12,63,13.11521351
12n_380,[[1;5;2;4];[3;11;4;10];[14;5;15;6];[18;7;19;8];[9;3;10;2];[11;23;12;22];[8;13;9;14];[20;15;21;16];[6;17;7;18];[16;19;17;20];[21;1;22;24];[23;13;24;12]],12,81,14.40909857
12n_381,[[1;5;2;4];[3;11;4;10];[5;15;6;14];[18;8;19;7];[9;3;10;2];[22;12;23;11];[13;9;14;8];[24;15;1;16];[20;17;21;18];[6;20;7;19];[12;22;13;21];[16;23;17;24]],12,59,14.28226948
12n_382,[[1;5;2;4];[3;11;4;10];[5;15;6;14];[18;8;19;7];[9;3;10;2];[11;22;12;23];[13;9;14;8];[24;15;1;16];[20;17;21;18];[6;20;7;19];[21;12;22;13];[16;23;17;24]],12,19,11.43211096
12n_383,[[1;5;2;4];[3;11;4;10];[5;15;6;14];[18;8;19;7];[9;3;10;2];[11;22;12;23];[13;9;14;8];[15;1;16;24];[20;17;21;18];[6;20;7;19];[21;12;22;13];[23;17;24;16]],12,51,13.41338446
12n_384,[[1;5;2;4];[3;11;4;10];[5;15;6;14];[7;18;8;19];[9;3;10;2];[22;12;23;11];[13;9;14;8];[15;1;16;24];[17;21;18;20];[19;6;20;7];[12;22;13;21];[23;17;24;16]],12,113,16.60626811
12n_385,[[1;5;2;4];[3;11;4;10];[5;15;6;14];[7;18;8;19];[9;3;10;2];[11;22;12;23];[13;9;14;8];[24;15;1;16];[17;21;18;20];[19;6;20;7];[21;12;22;13];[16;23;17;24]],12,73,15.32038896
12n_386,[[1;5;2;4];[3;11;4;10];[14;6;15;5];[18;8;19;7];[9;3;10;2];[22;12;23;11];[24;14;1;13];[6;16;7;15];[20;18;21;17];[8;20;9;19];[16;22;17;21];[12;24;13;23]],12,9,9.542120778
12n_387,[[1;5;2;4];[3;11;4;10];[14;6;15;5];[18;8;19;7];[9;3;10;2];[22;12;23;11];[24;14;1;13];[8;16;9;15];[20;17;21;18];[6;20;7;19];[16;21;17;22];[12;24;13;23]],12,27,10.65025794
12n_388,[[1;5;2;4];[3;11;4;10];[14;6;15;5];[18;8;19;7];[9;3;10;2];[11;22;12;23];[13;24;14;1];[8;16;9;15];[20;17;21;18];[6;20;7;19];[16;21;17;22];[23;12;24;13]],12,45,12.19184076
12n_389,[[1;5;2;4];[3;11;4;10];[5;14;6;15];[7;18;8;19];[9;3;10;2];[22;12;23;11];[24;14;1;13];[15;8;16;9];[17;21;18;20];[19;6;20;7];[21;17;22;16];[12;24;13;23]],12,99,15.08931937
12n_390,[[1;5;2;4];[3;11;4;10];[5;14;6;15];[7;18;8;19];[9;3;10;2];[11;24;12;1];[20;14;21;13];[15;8;16;9];[17;23;18;22];[19;6;20;7];[12;22;13;21];[23;17;24;16]],12,59,14.10970847
12n_391,[[1;5;2;4];[3;11;4;10];[5;14;6;15];[7;18;8;19];[9;3;10;2];[11;24;12;1];[13;20;14;21];[15;8;16;9];[22;17;23;18];[19;6;20;7];[21;12;22;13];[16;23;17;24]],12,115,16.45632691
12n_392,[[1;5;2;4];[3;10;4;11];[5;15;6;14];[18;8;19;7];[16;10;17;9];[11;2;12;3];[13;21;14;20];[15;1;16;24];[8;18;9;17];[19;22;20;23];[21;13;22;12];[23;6;24;7]],12,99,16.08617611
12n_393,[[1;5;2;4];[3;10;4;11];[14;5;15;6];[18;7;19;8];[16;10;17;9];[11;2;12;3];[20;13;21;14];[24;15;1;16];[22;18;23;17];[6;19;7;20];[12;21;13;22];[8;24;9;23]],12,49,14.32925831
12n_394,[[1;5;2;4];[3;10;4;11];[14;5;15;6];[18;7;19;8];[16;10;17;9];[11;2;12;3];[13;21;14;20];[24;15;1;16];[22;18;23;17];[6;19;7;20];[21;13;22;12];[8;24;9;23]],12,25,12.3137276
12n_395,[[1;5;2;4];[3;10;4;11];[14;5;15;6];[18;7;19;8];[9;16;10;17];[11;2;12;3];[20;13;21;14];[15;1;16;24];[17;22;18;23];[6;19;7;20];[12;21;13;22];[23;8;24;9]],12,77,15.65033337
12n_396,[[1;5;2;4];[3;10;4;11];[5;15;6;14];[7;19;8;18];[9;16;10;17];[11;2;12;3];[20;13;21;14];[15;1;16;24];[17;22;18;23];[19;7;20;6];[12;21;13;22];[23;8;24;9]],12,67,15.40855775
12n_397,[[1;5;2;4];[3;10;4;11];[14;5;15;6];[18;7;19;8];[16;10;17;9];[11;2;12;3];[22;14;23;13];[24;15;1;16];[20;17;21;18];[8;19;9;20];[12;22;13;21];[6;24;7;23]],12,49,13.6960384
12n_398,[[1;5;2;4];[3;10;4;11];[14;5;15;6];[18;7;19;8];[16;10;17;9];[11;2;12;3];[13;22;14;23];[24;15;1;16];[20;17;21;18];[8;19;9;20];[21;12;22;13];[6;24;7;23]],12,21,11.94290197
12n_399,[[1;5;2;4];[3;10;4;11];[14;5;15;6];[7;19;8;18];[9;16;10;17];[11;2;12;3];[13;22;14;23];[24;15;1;16];[17;21;18;20];[19;9;20;8];[21;12;22;13];[6;24;7;23]],12,81,15.05789309
12n_400,[[1;5;2;4];[3;10;4;11];[5;15;6;14];[18;7;19;8];[16;10;17;9];[11;2;12;3];[13;22;14;23];[15;1;16;24];[20;17;21;18];[8;19;9;20];[21;12;22;13];[23;6;24;7]],12,95,16.0998051
12n_401,[[1;5;2;4];[3;10;4;11];[5;15;6;14];[7;19;8;18];[9;16;10;17];[11;2;12;3];[22;14;23;13];[15;1;16;24];[17;21;18;20];[19;9;20;8];[12;22;13;21];[23;6;24;7]],12,87,15.46241788
12n_402,[[1;5;2;4];[3;10;4;11];[14;5;15;6];[18;7;19;8];[22;9;23;10];[11;2;12;3];[20;13;21;14];[24;15;1;16];[6;17;7;18];[8;19;9;20];[12;21;13;22];[16;23;17;24]],12,9,7.880925077
12n_403,[[1;5;2;4];[3;10;4;11];[14;5;15;6];[18;7;19;8];[9;23;10;22];[11;2;12;3];[20;13;21;14];[15;1;16;24];[6;17;7;18];[8;19;9;20];[12;21;13;22];[23;17;24;16]],12,9,8.541671402
12n_404,[[1;5;2;4];[3;10;4;11];[14;5;15;6];[18;7;19;8];[22;9;23;10];[11;2;12;3];[20;13;21;14];[24;15;1;16];[8;17;9;18];[6;19;7;20];[12;21;13;22];[16;23;17;24]],12,3,8.562042137
12n_405,[[1;5;2;4];[3;11;4;10];[14;6;15;5];[20;8;21;7];[9;3;10;2];[16;12;17;11];[18;13;19;14];[8;16;9;15];[24;18;1;17];[22;19;23;20];[6;22;7;21];[12;23;13;24]],12,73,14.82394068
12n_406,[[1;5;2;4];[3;11;4;10];[14;6;15;5];[20;8;21;7];[9;3;10;2];[16;12;17;11];[22;14;23;13];[8;16;9;15];[24;18;1;17];[12;20;13;19];[6;22;7;21];[18;24;19;23]],12,83,15.42832509
12n_407,[[1;5;2;4];[3;11;4;10];[14;6;15;5];[7;20;8;21];[9;3;10;2];[16;12;17;11];[22;14;23;13];[8;16;9;15];[24;18;1;17];[12;20;13;19];[21;6;22;7];[18;24;19;23]],12,37,11.62151411
12n_408,[[1;5;2;4];[3;11;4;10];[5;14;6;15];[20;8;21;7];[9;3;10;2];[11;16;12;17];[13;22;14;23];[15;8;16;9];[17;24;18;1];[19;12;20;13];[6;22;7;21];[23;18;24;19]],12,101,16.10033096
12n_409,[[1;5;2;4];[3;11;4;10];[14;5;15;6];[20;7;21;8];[9;3;10;2];[18;11;19;12];[6;13;7;14];[22;15;23;16];[24;17;1;18];[8;19;9;20];[12;21;13;22];[16;23;17;24]],12,39,12.09238501
12n_410,[[1;5;2;4];[3;11;4;10];[5;15;6;14];[7;21;8;20];[9;3;10;2];[11;19;12;18];[13;7;14;6];[22;15;23;16];[24;17;1;18];[19;9;20;8];[21;13;22;12];[16;23;17;24]],12,111,16.16019038
12n_411,[[1;5;2;4];[3;11;4;10];[14;5;15;6];[20;7;21;8];[9;3;10;2];[18;11;19;12];[6;13;7;14];[24;15;1;16];[22;17;23;18];[8;19;9;20];[12;21;13;22];[16;23;17;24]],12,19,11.55642272
12n_412,[[1;5;2;4];[3;11;4;10];[14;5;15;6];[20;8;21;7];[9;3;10;2];[18;11;19;12];[8;13;9;14];[22;15;23;16];[24;17;1;18];[12;19;13;20];[6;22;7;21];[16;23;17;24]],12,75,14.12851119
12n_413,[[1;5;2;4];[3;11;4;10];[5;15;6;14];[7;20;8;21];[9;3;10;2];[11;19;12;18];[13;9;14;8];[22;15;23;16];[24;17;1;18];[19;13;20;12];[21;6;22;7];[16;23;17;24]],12,75,14.70085268
12n_414,[[1;5;2;4];[3;11;4;10];[14;5;15;6];[20;8;21;7];[9;3;10;2];[18;11;19;12];[8;13;9;14];[24;15;1;16];[22;17;23;18];[12;19;13;20];[6;22;7;21];[16;23;17;24]],12,25,10.76672329
12n_415,[[1;5;2;4];[3;11;4;10];[5;15;6;14];[7;20;8;21];[9;3;10;2];[11;19;12;18];[13;9;14;8];[24;15;1;16];[22;17;23;18];[19;13;20;12];[21;6;22;7];[16;23;17;24]],12,103,16.39433013
12n_416,[[1;5;2;4];[3;11;4;10];[14;6;15;5];[20;8;21;7];[9;3;10;2];[18;11;19;12];[16;14;17;13];[6;16;7;15];[24;17;1;18];[22;20;23;19];[8;22;9;21];[12;23;13;24]],12,77,14.98329324
12n_417,[[1;5;2;4];[3;11;4;10];[14;6;15;5];[20;8;21;7];[9;3;10;2];[11;19;12;18];[16;14;17;13];[6;16;7;15];[17;1;18;24];[22;20;23;19];[8;22;9;21];[23;13;24;12]],12,35,12.88923623
12n_418,[[1;5;2;4];[3;11;4;10];[14;6;15;5];[20;8;21;7];[9;3;10;2];[18;11;19;12];[24;14;1;13];[6;16;7;15];[12;17;13;18];[22;20;23;19];[8;22;9;21];[16;24;17;23]],12,19,12.59979183
12n_419,[[1;5;2;4];[3;11;4;10];[14;6;15;5];[20;8;21;7];[9;3;10;2];[18;12;19;11];[24;14;1;13];[22;15;23;16];[8;18;9;17];[12;20;13;19];[16;21;17;22];[6;24;7;23]],12,3,11.86452221
12n_420,[[1;5;2;4];[3;11;4;10];[5;14;6;15];[7;20;8;21];[9;3;10;2];[18;12;19;11];[13;24;14;1];[15;23;16;22];[17;8;18;9];[12;20;13;19];[21;17;22;16];[23;6;24;7]],12,81,15.64915851
12n_421,[[1;5;2;4];[3;10;4;11];[14;6;15;5];[20;8;21;7];[18;9;19;10];[11;2;12;3];[6;14;7;13];[12;15;13;16];[22;17;23;18];[24;20;1;19];[16;21;17;22];[8;24;9;23]],12,117,17.01403736
12n_422,[[1;5;2;4];[3;10;4;11];[14;6;15;5];[7;20;8;21];[9;19;10;18];[11;2;12;3];[6;14;7;13];[12;15;13;16];[17;23;18;22];[19;24;20;1];[21;17;22;16];[23;8;24;9]],12,117,17.01403736
12n_423,[[1;5;2;4];[3;10;4;11];[5;14;6;15];[20;8;21;7];[18;9;19;10];[11;2;12;3];[13;6;14;7];[15;13;16;12];[22;17;23;18];[24;20;1;19];[16;21;17;22];[8;24;9;23]],12,15,14.28306719
12n_424,[[1;5;2;4];[3;11;4;10];[14;5;15;6];[22;7;23;8];[9;3;10;2];[18;12;19;11];[8;13;9;14];[20;16;21;15];[12;18;13;17];[24;20;1;19];[6;21;7;22];[16;24;17;23]],12,95,16.27571175
12n_425,[[1;5;2;4];[3;11;4;10];[14;5;15;6];[22;7;23;8];[9;3;10;2];[11;18;12;19];[8;13;9;14];[15;20;16;21];[17;12;18;13];[19;24;20;1];[6;21;7;22];[23;16;24;17]],12,33,12.41682751
12n_426,[[1;5;2;4];[3;11;4;10];[5;15;6;14];[7;23;8;22];[9;3;10;2];[18;12;19;11];[13;9;14;8];[20;16;21;15];[12;18;13;17];[24;20;1;19];[21;7;22;6];[16;24;17;23]],12,15,9.182579326
12n_427,[[1;5;2;4];[3;11;4;10];[5;15;6;14];[7;23;8;22];[9;3;10;2];[18;12;19;11];[13;9;14;8];[15;20;16;21];[12;18;13;17];[19;24;20;1];[21;7;22;6];[23;16;24;17]],12,113,16.7524462
12n_428,[[1;5;2;4];[3;11;4;10];[5;15;6;14];[7;23;8;22];[9;3;10;2];[11;18;12;19];[13;9;14;8];[20;16;21;15];[17;12;18;13];[24;20;1;19];[21;7;22;6];[16;24;17;23]],12,31,11.50660742
12n_429,[[1;5;2;4];[3;10;4;11];[14;5;15;6];[22;7;23;8];[16;10;17;9];[11;2;12;3];[20;13;21;14];[24;15;1;16];[8;18;9;17];[6;19;7;20];[12;21;13;22];[18;23;19;24]],12,71,15.54327583
12n_430,[[1;5;2;4];[3;10;4;11];[14;5;15;6];[22;7;23;8];[16;10;17;9];[11;2;12;3];[13;21;14;20];[24;15;1;16];[8;18;9;17];[6;19;7;20];[21;13;22;12];[18;23;19;24]],12,1,11.40813391
12n_431,[[1;5;2;4];[3;10;4;11];[5;15;6;14];[7;23;8;22];[9;16;10;17];[11;2;12;3];[20;13;21;14];[15;1;16;24];[17;8;18;9];[19;7;20;6];[12;21;13;22];[23;19;24;18]],12,101,16.7307332
12n_432,[[1;5;2;4];[3;10;4;11];[14;5;15;6];[22;7;23;8];[20;9;21;10];[11;2;12;3];[18;13;19;14];[24;15;1;16];[6;17;7;18];[12;19;13;20];[8;21;9;22];[16;23;17;24]],12,17,11.33092298
12n_433,[[1;5;2;4];[3;10;4;11];[14;5;15;6];[22;8;23;7];[20;9;21;10];[11;2;12;3];[18;13;19;14];[24;15;1;16];[8;17;9;18];[12;19;13;20];[16;21;17;22];[6;24;7;23]],12,11,10.83886195
12n_434,[[1;5;2;4];[3;10;4;11];[5;15;6;14];[22;8;23;7];[20;9;21;10];[11;2;12;3];[18;13;19;14];[15;1;16;24];[8;17;9;18];[12;19;13;20];[16;21;17;22];[6;24;7;23]],12,65,14.98725786
12n_435,[[1;5;2;4];[3;10;4;11];[14;5;15;6];[24;7;1;8];[18;9;19;10];[11;2;12;3];[22;14;23;13];[6;15;7;16];[20;18;21;17];[8;19;9;20];[12;22;13;21];[16;24;17;23]],12,57,14.53374505
12n_436,[[1;5;2;4];[3;10;4;11];[14;5;15;6];[24;7;1;8];[18;9;19;10];[11;2;12;3];[13;22;14;23];[6;15;7;16];[20;18;21;17];[8;19;9;20];[21;12;22;13];[16;24;17;23]],12,29,13.40778891
12n_437,[[1;5;2;4];[3;11;4;10];[5;17;6;16];[7;13;8;12];[9;3;10;2];[11;9;12;8];[20;13;21;14];[15;7;16;6];[22;17;23;18];[24;19;1;20];[14;21;15;22];[18;23;19;24]],12,29,12.71918078
12n_438,[[1;5;2;4];[3;11;4;10];[16;5;17;6];[12;8;13;7];[9;3;10;2];[18;11;19;12];[20;14;21;13];[22;16;23;15];[24;17;1;18];[8;19;9;20];[14;22;15;21];[6;24;7;23]],12,21,10.56579905
12n_439,[[1;5;2;4];[3;11;4;10];[16;5;17;6];[12;8;13;7];[9;3;10;2];[18;11;19;12];[13;20;14;21];[15;22;16;23];[24;17;1;18];[8;19;9;20];[21;14;22;15];[6;24;7;23]],12,3,8.245975477
12n_440,[[1;5;2;4];[3;11;4;10];[16;5;17;6];[7;12;8;13];[9;3;10;2];[11;19;12;18];[13;20;14;21];[15;22;16;23];[24;17;1;18];[19;9;20;8];[21;14;22;15];[6;24;7;23]],12,81,14.621178
12n_441,[[1;5;2;4];[3;11;4;10];[5;17;6;16];[7;12;8;13];[9;3;10;2];[11;19;12;18];[20;14;21;13];[22;16;23;15];[17;1;18;24];[19;9;20;8];[14;22;15;21];[23;6;24;7]],12,93,15.9916256
12n_442,[[1;5;2;4];[3;11;4;10];[16;5;17;6];[12;8;13;7];[9;3;10;2];[18;11;19;12];[22;14;23;13];[20;16;21;15];[24;17;1;18];[8;19;9;20];[14;22;15;21];[6;24;7;23]],12,39,12.20454293
12n_443,[[1;5;2;4];[3;11;4;10];[16;5;17;6];[12;8;13;7];[9;3;10;2];[18;11;19;12];[13;22;14;23];[15;20;16;21];[24;17;1;18];[8;19;9;20];[21;14;22;15];[6;24;7;23]],12,33,11.29109129
12n_444,[[1;5;2;4];[3;11;4;10];[16;5;17;6];[7;12;8;13];[9;3;10;2];[11;19;12;18];[13;22;14;23];[15;20;16;21];[24;17;1;18];[19;9;20;8];[21;14;22;15];[6;24;7;23]],12,27,10.44200055
12n_445,[[1;5;2;4];[3;11;4;10];[5;17;6;16];[7;12;8;13];[9;3;10;2];[11;19;12;18];[22;14;23;13];[20;16;21;15];[17;1;18;24];[19;9;20;8];[14;22;15;21];[23;6;24;7]],12,129,17.57000373
12n_446,[[1;5;2;4];[3;10;4;11];[16;6;17;5];[12;7;13;8];[20;10;21;9];[11;2;12;3];[18;14;19;13];[24;16;1;15];[6;18;7;17];[22;19;23;20];[8;22;9;21];[14;24;15;23]],12,7,11.09964048
12n_447,[[1;5;2;4];[3;10;4;11];[16;6;17;5];[12;7;13;8];[20;10;21;9];[11;2;12;3];[22;13;23;14];[18;16;19;15];[6;18;7;17];[24;19;1;20];[8;22;9;21];[14;23;15;24]],12,73,13.90946215
12n_448,[[1;5;2;4];[3;10;4;11];[5;16;6;17];[7;13;8;12];[20;10;21;9];[11;2;12;3];[13;23;14;22];[15;24;16;1];[17;6;18;7];[19;15;20;14];[8;22;9;21];[23;18;24;19]],12,109,16.78197492
12n_449,[[1;5;2;4];[3;11;4;10];[16;5;17;6];[14;8;15;7];[9;3;10;2];[18;11;19;12];[22;13;23;14];[20;16;21;15];[24;17;1;18];[8;19;9;20];[6;22;7;21];[12;23;13;24]],12,35,12.5383394
12n_450,[[1;5;2;4];[3;11;4;10];[16;5;17;6];[14;8;15;7];[9;3;10;2];[11;19;12;18];[22;13;23;14];[20;16;21;15];[17;1;18;24];[8;19;9;20];[6;22;7;21];[12;23;13;24]],12,95,16.56761336
12n_451,[[1;5;2;4];[3;11;4;10];[16;5;17;6];[7;14;8;15];[9;3;10;2];[18;11;19;12];[22;13;23;14];[15;20;16;21];[24;17;1;18];[8;19;9;20];[21;6;22;7];[12;23;13;24]],12,35,11.22997444
12n_452,[[1;5;2;4];[3;11;4;10];[16;5;17;6];[7;14;8;15];[9;3;10;2];[11;19;12;18];[13;23;14;22];[20;16;21;15];[17;1;18;24];[8;19;9;20];[21;6;22;7];[23;13;24;12]],12,55,13.65130987
12n_453,[[1;5;2;4];[3;11;4;10];[5;17;6;16];[14;8;15;7];[9;3;10;2];[11;19;12;18];[13;23;14;22];[20;16;21;15];[17;1;18;24];[19;9;20;8];[6;22;7;21];[23;13;24;12]],12,115,16.78687381
12n_454,[[1;5;2;4];[3;11;4;10];[16;5;17;6];[14;7;15;8];[9;3;10;2];[20;11;21;12];[8;13;9;14];[6;15;7;16];[22;17;23;18];[24;19;1;20];[12;21;13;22];[18;23;19;24]],12,47,12.38031146
12n_455,[[1;5;2;4];[3;11;4;10];[16;5;17;6];[14;7;15;8];[9;3;10;2];[11;21;12;20];[8;13;9;14];[6;15;7;16];[17;23;18;22];[19;1;20;24];[21;13;22;12];[23;19;24;18]],12,97,14.86053933
12n_456,[[1;5;2;4];[3;11;4;10];[5;17;6;16];[7;15;8;14];[9;3;10;2];[20;11;21;12];[13;9;14;8];[15;7;16;6];[22;17;23;18];[24;19;1;20];[12;21;13;22];[18;23;19;24]],12,17,11.60149958
12n_457,[[1;5;2;4];[3;11;4;10];[16;5;17;6];[14;7;15;8];[9;3;10;2];[20;11;21;12];[8;13;9;14];[6;15;7;16];[24;17;1;18];[22;19;23;20];[12;21;13;22];[18;23;19;24]],12,11,9.905301321
12n_458,[[1;5;2;4];[3;11;4;10];[16;5;17;6];[14;8;15;7];[9;3;10;2];[11;24;12;1];[18;13;19;14];[20;16;21;15];[22;17;23;18];[8;19;9;20];[6;22;7;21];[23;12;24;13]],12,129,17.45694753
12n_459,[[1;5;2;4];[3;11;4;10];[5;17;6;16];[14;8;15;7];[9;3;10;2];[11;24;12;1];[13;23;14;22];[20;16;21;15];[17;12;18;13];[19;9;20;8];[6;22;7;21];[23;18;24;19]],12,105,16.08476893
12n_460,[[1;5;2;4];[3;10;4;11];[5;17;6;16];[7;14;8;15];[9;13;10;12];[11;2;12;3];[13;22;14;23];[15;21;16;20];[24;17;1;18];[19;7;20;6];[21;8;22;9];[18;23;19;24]],12,63,14.5095652
12n_461,[[1;5;2;4];[3;10;4;11];[16;6;17;5];[14;7;15;8];[18;9;19;10];[11;2;12;3];[22;14;23;13];[20;15;21;16];[12;17;13;18];[24;20;1;19];[6;21;7;22];[8;24;9;23]],12,85,16.09208877
12n_462,[[1;5;2;4];[3;10;4;11];[16;6;17;5];[7;15;8;14];[18;9;19;10];[11;2;12;3];[13;22;14;23];[20;15;21;16];[12;17;13;18];[24;20;1;19];[21;7;22;6];[8;24;9;23]],12,25,9.757167614
12n_463,[[1;5;2;4];[3;10;4;11];[5;16;6;17];[14;7;15;8];[9;19;10;18];[11;2;12;3];[22;14;23;13];[15;21;16;20];[17;13;18;12];[19;24;20;1];[6;21;7;22];[23;8;24;9]],12,77,15.05386543
12n_464,[[1;5;2;4];[3;10;4;11];[16;6;17;5];[14;7;15;8];[20;10;21;9];[11;2;12;3];[18;14;19;13];[24;16;1;15];[22;17;23;18];[8;20;9;19];[12;22;13;21];[6;24;7;23]],12,15,12.50899213
12n_465,[[1;5;2;4];[3;10;4;11];[5;16;6;17];[7;15;8;14];[20;10;21;9];[11;2;12;3];[18;14;19;13];[15;24;16;1];[17;23;18;22];[8;20;9;19];[12;22;13;21];[23;6;24;7]],12,83,15.72519731
12n_466,[[1;5;2;4];[3;11;4;10];[16;5;17;6];[18;7;19;8];[9;3;10;2];[20;11;21;12];[22;13;23;14];[8;15;9;16];[6;17;7;18];[24;19;1;20];[12;21;13;22];[14;23;15;24]],12,53,11.2074339
12n_467,[[1;5;2;4];[3;11;4;10];[16;5;17;6];[18;7;19;8];[9;3;10;2];[11;21;12;20];[13;23;14;22];[8;15;9;16];[6;17;7;18];[19;1;20;24];[21;13;22;12];[23;15;24;14]],12,43,10.34990265
12n_468,[[1;5;2;4];[3;11;4;10];[5;17;6;16];[7;19;8;18];[9;3;10;2];[20;11;21;12];[22;13;23;14];[15;9;16;8];[17;7;18;6];[24;19;1;20];[12;21;13;22];[14;23;15;24]],12,37,9.823760845
12n_469,[[1;5;2;4];[3;11;4;10];[16;5;17;6];[18;7;19;8];[9;3;10;2];[20;11;21;12];[22;13;23;14];[8;15;9;16];[6;17;7;18];[24;19;1;20];[14;21;15;22];[12;23;13;24]],12,55,11.95891284
12n_470,[[1;5;2;4];[3;11;4;10];[16;5;17;6];[18;7;19;8];[9;3;10;2];[11;21;12;20];[13;23;14;22];[8;15;9;16];[6;17;7;18];[19;1;20;24];[21;15;22;14];[23;13;24;12]],12,41,10.85713131
12n_471,[[1;5;2;4];[3;11;4;10];[5;17;6;16];[7;19;8;18];[9;3;10;2];[20;11;21;12];[22;13;23;14];[15;9;16;8];[17;7;18;6];[24;19;1;20];[14;21;15;22];[12;23;13;24]],12,71,13.35105087
12n_472,[[1;5;2;4];[3;11;4;10];[16;6;17;5];[18;8;19;7];[9;3;10;2];[20;12;21;11];[22;14;23;13];[24;16;1;15];[6;18;7;17];[8;20;9;19];[12;22;13;21];[14;24;15;23]],12,13,8.721554984
12n_473,[[1;5;2;4];[3;11;4;10];[16;6;17;5];[18;8;19;7];[9;3;10;2];[20;12;21;11];[22;14;23;13];[24;16;1;15];[6;18;7;17];[8;20;9;19];[14;22;15;21];[12;24;13;23]],12,1,8.308209562
12n_474,[[1;5;2;4];[3;11;4;10];[16;6;17;5];[18;8;19;7];[9;3;10;2];[20;12;21;11];[22;14;23;13];[24;16;1;15];[8;18;9;17];[6;20;7;19];[12;22;13;21];[14;24;15;23]],12,17,7.64480146
12n_476,[[1;5;2;4];[3;11;4;10];[5;16;6;17];[7;18;8;19];[9;3;10;2];[20;12;21;11];[22;14;23;13];[24;16;1;15];[17;8;18;9];[19;6;20;7];[12;22;13;21];[14;24;15;23]],12,73,12.58294612
12n_477,[[1;5;2;4];[3;11;4;10];[16;6;17;5];[18;8;19;7];[9;3;10;2];[20;12;21;11];[22;14;23;13];[24;16;1;15];[8;18;9;17];[6;20;7;19];[14;22;15;21];[12;24;13;23]],12,43,11.46670916
12n_478,[[1;5;2;4];[3;11;4;10];[16;6;17;5];[18;8;19;7];[9;3;10;2];[11;20;12;21];[13;22;14;23];[15;24;16;1];[8;18;9;17];[6;20;7;19];[21;14;22;15];[23;12;24;13]],12,29,10.26569439
12n_479,[[1;5;2;4];[3;11;4;10];[5;16;6;17];[7;18;8;19];[9;3;10;2];[20;12;21;11];[22;14;23;13];[24;16;1;15];[17;8;18;9];[19;6;20;7];[14;22;15;21];[12;24;13;23]],12,83,13.70714638
12n_480,[[1;5;2;4];[3;10;4;11];[16;6;17;5];[18;8;19;7];[9;15;10;14];[11;2;12;3];[13;20;14;21];[15;24;16;1];[6;18;7;17];[19;23;20;22];[21;12;22;13];[23;8;24;9]],12,81,15.27090271
12n_481,[[1;5;2;4];[3;10;4;11];[16;6;17;5];[7;19;8;18];[9;15;10;14];[11;2;12;3];[13;20;14;21];[15;24;16;1];[22;17;23;18];[19;9;20;8];[21;12;22;13];[6;24;7;23]],12,65,14.04301639
12n_482,[[1;5;2;4];[3;10;4;11];[16;6;17;5];[18;7;19;8];[9;15;10;14];[11;2;12;3];[13;23;14;22];[15;24;16;1];[20;18;21;17];[6;19;7;20];[21;13;22;12];[23;8;24;9]],12,65,15.02932717
12n_483,[[1;5;2;4];[3;10;4;11];[16;6;17;5];[18;7;19;8];[20;10;21;9];[11;2;12;3];[8;14;9;13];[24;16;1;15];[22;17;23;18];[14;19;15;20];[12;22;13;21];[6;24;7;23]],12,15,12.83148027
12n_484,[[1;5;2;4];[3;11;4;10];[16;5;17;6];[20;8;21;7];[9;3;10;2];[18;11;19;12];[8;13;9;14];[22;16;23;15];[24;17;1;18];[12;19;13;20];[14;22;15;21];[6;24;7;23]],12,51,13.85248887
12n_485,[[1;5;2;4];[3;11;4;10];[16;5;17;6];[7;20;8;21];[9;3;10;2];[11;19;12;18];[13;9;14;8];[15;22;16;23];[24;17;1;18];[19;13;20;12];[21;14;22;15];[6;24;7;23]],12,71,14.48919829
12n_486,[[1;5;2;4];[3;11;4;10];[16;5;17;6];[20;7;21;8];[9;3;10;2];[11;19;12;18];[22;13;23;14];[6;15;7;16];[17;1;18;24];[8;19;9;20];[12;21;13;22];[14;23;15;24]],12,55,12.96816222
12n_487,[[1;5;2;4];[3;11;4;10];[16;5;17;6];[20;7;21;8];[9;3;10;2];[11;19;12;18];[13;23;14;22];[6;15;7;16];[17;1;18;24];[8;19;9;20];[21;13;22;12];[23;15;24;14]],12,11,9.283857489
12n_488,[[1;5;2;4];[3;11;4;10];[5;17;6;16];[7;21;8;20];[9;3;10;2];[18;11;19;12];[22;13;23;14];[15;7;16;6];[24;17;1;18];[19;9;20;8];[12;21;13;22];[14;23;15;24]],12,5,8.010952754
12n_489,[[1;5;2;4];[3;11;4;10];[5;17;6;16];[7;21;8;20];[9;3;10;2];[11;19;12;18];[22;13;23;14];[15;7;16;6];[17;1;18;24];[19;9;20;8];[12;21;13;22];[14;23;15;24]],12,119,16.58210984
12n_490,[[1;5;2;4];[3;11;4;10];[16;5;17;6];[20;7;21;8];[9;3;10;2];[11;19;12;18];[22;13;23;14];[6;15;7;16];[17;1;18;24];[8;19;9;20];[14;21;15;22];[12;23;13;24]],12,77,14.69969606
12n_491,[[1;5;2;4];[3;11;4;10];[16;5;17;6];[20;8;21;7];[9;3;10;2];[18;11;19;12];[22;13;23;14];[8;15;9;16];[24;17;1;18];[14;19;15;20];[6;22;7;21];[12;23;13;24]],12,69,14.53716611
12n_492,[[1;5;2;4];[3;11;4;10];[5;16;6;17];[7;20;8;21];[9;3;10;2];[11;18;12;19];[22;14;23;13];[24;16;1;15];[17;8;18;9];[19;12;20;13];[21;6;22;7];[14;24;15;23]],12,89,15.61438617
12n_493,[[1;5;2;4];[3;11;4;10];[5;16;6;17];[7;20;8;21];[9;3;10;2];[11;18;12;19];[24;14;1;13];[22;16;23;15];[17;8;18;9];[19;12;20;13];[21;6;22;7];[14;24;15;23]],12,93,15.9436622
12n_494,[[1;5;2;4];[3;11;4;10];[16;5;17;6];[20;7;21;8];[9;3;10;2];[22;12;23;11];[24;14;1;13];[6;15;7;16];[14;18;15;17];[8;19;9;20];[18;22;19;21];[12;24;13;23]],12,45,13.32021069
12n_495,[[1;5;2;4];[3;11;4;10];[16;5;17;6];[20;7;21;8];[9;3;10;2];[11;22;12;23];[13;24;14;1];[6;15;7;16];[14;18;15;17];[8;19;9;20];[18;22;19;21];[23;12;24;13]],12,27,13.69915532
12n_496,[[1;5;2;4];[3;11;4;10];[5;17;6;16];[7;21;8;20];[9;3;10;2];[22;12;23;11];[24;14;1;13];[15;7;16;6];[17;14;18;15];[19;9;20;8];[21;18;22;19];[12;24;13;23]],12,117,16.4022031
12n_497,[[1;5;2;4];[3;11;4;10];[16;5;17;6];[20;7;21;8];[9;3;10;2];[11;24;12;1];[13;19;14;18];[6;15;7;16];[17;23;18;22];[8;19;9;20];[14;21;15;22];[23;12;24;13]],12,105,15.21661771
12n_498,[[1;5;2;4];[3;10;4;11];[16;6;17;5];[20;8;21;7];[18;9;19;10];[11;2;12;3];[22;14;23;13];[6;16;7;15];[12;17;13;18];[24;20;1;19];[14;22;15;21];[8;24;9;23]],12,79,15.1422972
12n_499,[[1;5;2;4];[3;11;4;10];[16;5;17;6];[22;7;23;8];[9;3;10;2];[18;11;19;12];[6;13;7;14];[20;16;21;15];[24;17;1;18];[8;19;9;20];[14;22;15;21];[12;23;13;24]],12,45,13.69467293
12n_500,[[1;5;2;4];[3;11;4;10];[16;5;17;6];[22;8;23;7];[9;3;10;2];[18;11;19;12];[20;13;21;14];[8;15;9;16];[24;17;1;18];[12;19;13;20];[14;21;15;22];[6;24;7;23]],12,51,11.33496008
12n_501,[[1;5;2;4];[3;11;4;10];[16;5;17;6];[22;8;23;7];[9;3;10;2];[18;11;19;12];[20;13;21;14];[8;15;9;16];[24;17;1;18];[14;19;15;20];[12;21;13;22];[6;24;7;23]],12,49,11.68333556
12n_502,[[1;5;2;4];[3;11;4;10];[16;6;17;5];[22;8;23;7];[9;3;10;2];[18;12;19;11];[20;14;21;13];[24;16;1;15];[8;18;9;17];[12;20;13;19];[14;22;15;21];[6;24;7;23]],12,9,6.663610941
12n_503,[[1;5;2;4];[3;11;4;10];[16;6;17;5];[22;8;23;7];[9;3;10;2];[18;12;19;11];[20;14;21;13];[24;16;1;15];[8;18;9;17];[14;20;15;19];[12;22;13;21];[6;24;7;23]],12,35,11.01891957
12n_504,[[1;5;2;4];[3;10;4;11];[16;6;17;5];[22;7;23;8];[9;13;10;12];[11;2;12;3];[18;14;19;13];[20;15;21;16];[8;18;9;17];[24;20;1;19];[6;21;7;22];[14;23;15;24]],12,121,17.20336629
12n_505,[[1;5;2;4];[3;10;4;11];[5;16;6;17];[22;7;23;8];[9;13;10;12];[11;2;12;3];[13;18;14;19];[15;21;16;20];[17;8;18;9];[19;24;20;1];[6;21;7;22];[23;15;24;14]],12,99,15.82902624
12n_506,[[1;5;2;4];[3;10;4;11];[16;6;17;5];[22;8;23;7];[18;9;19;10];[11;2;12;3];[6;14;7;13];[20;15;21;16];[12;17;13;18];[24;20;1;19];[14;21;15;22];[8;24;9;23]],12,59,13.74702194
12n_507,[[1;5;2;4];[3;10;4;11];[16;6;17;5];[22;7;23;8];[18;9;19;10];[11;2;12;3];[8;14;9;13];[20;15;21;16];[12;17;13;18];[24;20;1;19];[6;21;7;22];[14;23;15;24]],12,75,15.08498734
12n_508,[[1;5;2;4];[3;11;4;10];[18;6;19;5];[7;12;8;13];[9;3;10;2];[11;16;12;17];[13;21;14;20];[15;8;16;9];[24;18;1;17];[19;23;20;22];[21;15;22;14];[6;24;7;23]],12,81,14.85364579
12n_509,[[1;5;2;4];[3;10;4;11];[18;6;19;5];[7;13;8;12];[9;17;10;16];[11;2;12;3];[22;13;23;14];[15;9;16;8];[24;18;1;17];[6;20;7;19];[14;21;15;22];[20;24;21;23]],12,49,12.76299623
12n_510,[[1;5;2;4];[3;10;4;11];[5;18;6;19];[12;7;13;8];[16;9;17;10];[11;2;12;3];[22;13;23;14];[8;15;9;16];[17;24;18;1];[19;6;20;7];[14;21;15;22];[20;24;21;23]],12,121,16.82432018
12n_511,[[1;5;2;4];[3;11;4;10];[5;18;6;19];[7;14;8;15];[9;3;10;2];[11;16;12;17];[22;14;23;13];[15;8;16;9];[17;24;18;1];[19;6;20;7];[12;22;13;21];[20;24;21;23]],12,85,15.02682441
12n_512,[[1;5;2;4];[3;11;4;10];[18;5;19;6];[14;7;15;8];[9;3;10;2];[20;11;21;12];[6;13;7;14];[22;15;23;16];[8;17;9;18];[24;19;1;20];[16;21;17;22];[12;23;13;24]],12,67,14.53016957
12n_513,[[1;5;2;4];[3;11;4;10];[5;19;6;18];[7;15;8;14];[9;3;10;2];[11;21;12;20];[13;7;14;6];[22;15;23;16];[17;9;18;8];[19;1;20;24];[16;21;17;22];[23;13;24;12]],12,125,17.4034242
12n_514,[[1;5;2;4];[3;11;4;10];[18;5;19;6];[14;7;15;8];[9;3;10;2];[20;11;21;12];[8;13;9;14];[22;15;23;16];[6;17;7;18];[24;19;1;20];[12;21;13;22];[16;23;17;24]],12,35,11.80672048
12n_515,[[1;5;2;4];[3;11;4;10];[5;19;6;18];[7;15;8;14];[9;3;10;2];[20;11;21;12];[13;9;14;8];[15;23;16;22];[17;7;18;6];[19;1;20;24];[12;21;13;22];[23;17;24;16]],12,89,15.38435218
12n_516,[[1;5;2;4];[3;11;4;10];[5;19;6;18];[7;15;8;14];[9;3;10;2];[11;21;12;20];[13;9;14;8];[22;15;23;16];[17;7;18;6];[19;1;20;24];[21;13;22;12];[16;23;17;24]],12,97,15.84076995
12n_517,[[1;5;2;4];[3;11;4;10];[5;18;6;19];[7;15;8;14];[9;3;10;2];[22;12;23;11];[13;9;14;8];[15;20;16;21];[17;24;18;1];[19;6;20;7];[12;22;13;21];[23;16;24;17]],12,101,15.83769817
12n_518,[[1;5;2;4];[3;11;4;10];[18;6;19;5];[14;8;15;7];[9;3;10;2];[11;23;12;22];[16;14;17;13];[8;16;9;15];[20;18;21;17];[6;20;7;19];[21;1;22;24];[23;13;24;12]],12,63,15.48735311
12n_519,[[1;5;2;4];[3;10;4;11];[18;6;19;5];[14;7;15;8];[16;9;17;10];[11;2;12;3];[13;20;14;21];[8;15;9;16];[24;18;1;17];[19;23;20;22];[21;12;22;13];[6;24;7;23]],12,7,10.59468665
12n_520,[[1;5;2;4];[3;10;4;11];[18;5;19;6];[14;7;15;8];[9;16;10;17];[11;2;12;3];[22;13;23;14];[15;20;16;21];[17;12;18;13];[24;19;1;20];[21;9;22;8];[6;24;7;23]],12,71,14.95748369
12n_521,[[1;5;2;4];[3;10;4;11];[5;19;6;18];[14;7;15;8];[16;10;17;9];[11;2;12;3];[22;13;23;14];[20;16;21;15];[12;18;13;17];[19;1;20;24];[8;21;9;22];[6;24;7;23]],12,95,16.55377176
12n_522,[[1;5;2;4];[3;11;4;10];[18;5;19;6];[16;7;17;8];[9;3;10;2];[20;11;21;12];[22;13;23;14];[8;15;9;16];[6;17;7;18];[24;19;1;20];[12;21;13;22];[14;23;15;24]],12,23,8.3564723
12n_523,[[1;5;2;4];[3;11;4;10];[18;5;19;6];[16;7;17;8];[9;3;10;2];[20;11;21;12];[22;13;23;14];[8;15;9;16];[6;17;7;18];[24;19;1;20];[14;21;15;22];[12;23;13;24]],12,13,8.623584959
12n_524,[[1;5;2;4];[3;10;4;11];[18;6;19;5];[7;17;8;16];[9;15;10;14];[11;2;12;3];[13;20;14;21];[15;9;16;8];[24;18;1;17];[19;23;20;22];[21;12;22;13];[6;24;7;23]],12,91,15.34652504
12n_525,[[1;5;2;4];[3;10;4;11];[18;6;19;5];[16;8;17;7];[9;15;10;14];[11;2;12;3];[13;20;14;21];[15;24;16;1];[6;18;7;17];[19;23;20;22];[21;12;22;13];[23;8;24;9]],12,117,16.88528801
12n_526,[[1;5;2;4];[3;11;4;10];[18;6;19;5];[20;7;21;8];[9;3;10;2];[22;12;23;11];[8;13;9;14];[6;16;7;15];[24;18;1;17];[14;19;15;20];[12;22;13;21];[16;24;17;23]],12,29,13.66214131
12n_527,[[1;5;2;4];[3;10;4;11];[5;19;6;18];[22;8;23;7];[16;10;17;9];[11;2;12;3];[8;14;9;13];[20;16;21;15];[12;18;13;17];[19;1;20;24];[14;22;15;21];[6;24;7;23]],12,93,16.04642429
12n_528,[[1;5;2;4];[3;10;4;11];[18;5;19;6];[24;7;1;8];[14;9;15;10];[11;2;12;3];[22;13;23;14];[8;15;9;16];[20;17;21;18];[6;19;7;20];[12;21;13;22];[16;23;17;24]],12,37,14.0085373
12n_529,[[1;5;2;4];[3;10;4;11];[5;19;6;18];[7;1;8;24];[9;15;10;14];[11;2;12;3];[22;13;23;14];[15;9;16;8];[17;21;18;20];[19;7;20;6];[12;21;13;22];[23;17;24;16]],12,115,16.79095936
12n_530,[[1;5;2;4];[3;10;4;11];[20;6;21;5];[12;7;13;8];[16;10;17;9];[11;2;12;3];[22;14;23;13];[24;15;1;16];[8;18;9;17];[14;20;15;19];[6;22;7;21];[18;23;19;24]],12,83,16.38758452
12n_531,[[1;5;2;4];[3;11;4;10];[5;20;6;21];[7;15;8;14];[9;3;10;2];[18;12;19;11];[13;9;14;8];[15;22;16;23];[12;18;13;17];[19;24;20;1];[21;6;22;7];[23;16;24;17]],12,97,15.44206934
12n_532,[[1;5;2;4];[3;10;4;11];[20;6;21;5];[14;7;15;8];[16;10;17;9];[11;2;12;3];[18;13;19;14];[24;15;1;16];[22;18;23;17];[6;20;7;19];[12;21;13;22];[8;24;9;23]],12,125,17.92906052
12n_533,[[1;5;2;4];[3;11;4;10];[20;6;21;5];[16;7;17;8];[9;3;10;2];[18;12;19;11];[8;13;9;14];[22;15;23;16];[12;18;13;17];[24;20;1;19];[14;21;15;22];[6;24;7;23]],12,63,14.60562567
12n_534,[[1;5;2;4];[3;10;4;11];[20;5;21;6];[16;8;17;7];[14;9;15;10];[11;2;12;3];[18;14;19;13];[24;16;1;15];[22;17;23;18];[12;20;13;19];[6;21;7;22];[8;24;9;23]],12,109,17.1136621
12n_535,[[1;5;2;4];[3;10;4;11];[20;5;21;6];[7;16;8;17];[9;15;10;14];[11;2;12;3];[18;14;19;13];[15;24;16;1];[17;23;18;22];[12;20;13;19];[6;21;7;22];[23;8;24;9]],12,27,13.08190028
12n_536,[[1;5;2;4];[3;10;4;11];[5;21;6;20];[16;8;17;7];[14;9;15;10];[11;2;12;3];[13;18;14;19];[24;16;1;15];[22;17;23;18];[19;12;20;13];[21;7;22;6];[8;24;9;23]],12,81,16.01461178
12n_537,[[1;5;2;4];[3;10;4;11];[20;6;21;5];[18;7;19;8];[16;10;17;9];[11;2;12;3];[6;14;7;13];[24;15;1;16];[22;18;23;17];[14;20;15;19];[12;21;13;22];[8;24;9;23]],12,115,18.08761487
12n_538,[[1;5;2;4];[3;11;4;10];[20;6;21;5];[22;7;23;8];[9;3;10;2];[18;12;19;11];[8;13;9;14];[6;16;7;15];[12;18;13;17];[24;20;1;19];[14;21;15;22];[16;24;17;23]],12,65,15.25134387
12n_539,[[1;5;2;4];[3;11;4;10];[5;20;6;21];[7;23;8;22];[9;3;10;2];[18;12;19;11];[13;9;14;8];[15;6;16;7];[12;18;13;17];[19;24;20;1];[21;15;22;14];[23;16;24;17]],12,127,17.41735624
12n_540,[[1;5;2;4];[3;10;4;11];[20;5;21;6];[22;8;23;7];[14;9;15;10];[11;2;12;3];[18;14;19;13];[24;16;1;15];[6;17;7;18];[12;20;13;19];[16;22;17;21];[8;24;9;23]],12,91,16.09315225
12n_541,[[1;5;2;4];[3;10;4;11];[20;5;21;6];[22;7;23;8];[14;9;15;10];[11;2;12;3];[18;14;19;13];[24;16;1;15];[8;17;9;18];[12;20;13;19];[6;21;7;22];[16;24;17;23]],12,83,15.06397814
12n_542,[[1;5;2;4];[3;10;4;11];[5;21;6;20];[24;7;1;8];[14;9;15;10];[11;2;12;3];[13;18;14;19];[8;15;9;16];[22;17;23;18];[19;12;20;13];[21;7;22;6];[16;23;17;24]],12,115,16.99905695
12n_543,[[1;5;2;4];[3;11;4;10];[22;5;23;6];[14;7;15;8];[9;3;10;2];[18;11;19;12];[8;13;9;14];[20;15;21;16];[24;17;1;18];[12;19;13;20];[6;21;7;22];[16;23;17;24]],12,63,14.63744588
12n_544,[[1;5;2;4];[3;11;4;10];[22;5;23;6];[14;7;15;8];[9;3;10;2];[11;19;12;18];[8;13;9;14];[20;15;21;16];[17;1;18;24];[19;13;20;12];[6;21;7;22];[23;17;24;16]],12,119,17.07112668
12n_545,[[1;5;2;4];[3;11;4;10];[5;23;6;22];[7;15;8;14];[9;3;10;2];[18;11;19;12];[13;9;14;8];[15;21;16;20];[17;1;18;24];[12;19;13;20];[21;7;22;6];[23;17;24;16]],12,85,15.11726223
12n_546,[[1;5;2;4];[3;10;4;11];[22;5;23;6];[18;7;19;8];[14;9;15;10];[11;2;12;3];[20;14;21;13];[24;16;1;15];[6;17;7;18];[8;19;9;20];[12;22;13;21];[16;24;17;23]],12,63,12.60338548
12n_547,[[1;5;2;4];[3;10;4;11];[22;5;23;6];[18;7;19;8];[14;9;15;10];[11;2;12;3];[20;14;21;13];[24;16;1;15];[8;17;9;18];[6;19;7;20];[12;22;13;21];[16;24;17;23]],12,69,13.18700561
12n_548,[[1;5;2;4];[3;11;4;10];[22;5;23;6];[20;8;21;7];[9;3;10;2];[18;11;19;12];[8;13;9;14];[6;16;7;15];[24;17;1;18];[12;19;13;20];[14;22;15;21];[16;23;17;24]],12,85,15.97555584
12n_549,[[1;5;2;4];[3;13;4;12];[5;15;6;14];[16;8;17;7];[18;9;19;10];[11;3;12;2];[13;11;14;10];[20;16;21;15];[22;17;23;18];[24;20;1;19];[6;21;7;22];[8;24;9;23]],12,27,11.92906089
12n_550,[[1;5;2;4];[3;12;4;13];[5;15;6;14];[7;18;8;19];[9;16;10;17];[20;11;21;12];[13;2;14;3];[15;1;16;24];[17;8;18;9];[22;20;23;19];[10;21;11;22];[23;6;24;7]],12,33,11.31511254
12n_551,[[1;5;2;4];[3;12;4;13];[5;15;6;14];[7;19;8;18];[16;10;17;9];[11;21;12;20];[13;2;14;3];[15;1;16;24];[22;18;23;17];[19;7;20;6];[21;11;22;10];[8;24;9;23]],12,105,15.87315543
12n_552,[[1;5;2;4];[3;12;4;13];[5;15;6;14];[18;7;19;8];[9;1;10;24];[20;11;21;12];[13;2;14;3];[15;9;16;8];[17;22;18;23];[6;19;7;20];[10;21;11;22];[23;16;24;17]],12,9,11.6307284
12n_553,[[1;5;2;4];[3;12;4;13];[16;5;17;6];[14;7;15;8];[18;10;19;9];[22;12;23;11];[13;2;14;3];[6;15;7;16];[20;17;21;18];[8;20;9;19];[24;21;1;22];[10;24;11;23]],12,81,14.86545683
12n_554,[[1;5;2;4];[3;12;4;13];[16;5;17;6];[14;7;15;8];[18;10;19;9];[11;22;12;23];[13;2;14;3];[6;15;7;16];[20;17;21;18];[8;20;9;19];[21;1;22;24];[23;10;24;11]],12,27,13.33385037
12n_555,[[1;5;2;4];[3;12;4;13];[16;5;17;6];[14;7;15;8];[9;18;10;19];[11;22;12;23];[13;2;14;3];[6;15;7;16];[17;21;18;20];[19;8;20;9];[21;1;22;24];[23;10;24;11]],12,135,16.86908903
12n_556,[[1;5;2;4];[3;12;4;13];[5;17;6;16];[7;15;8;14];[9;18;10;19];[22;12;23;11];[13;2;14;3];[15;7;16;6];[17;21;18;20];[19;8;20;9];[24;21;1;22];[10;24;11;23]],12,81,14.86545683
12n_557,[[1;5;2;4];[3;13;4;12];[16;6;17;5];[7;15;8;14];[9;20;10;21];[11;3;12;2];[13;9;14;8];[24;16;1;15];[17;23;18;22];[19;10;20;11];[21;19;22;18];[6;24;7;23]],12,97,15.71308904
12n_558,[[1;5;2;4];[3;13;4;12];[5;17;6;16];[7;15;8;14];[20;10;21;9];[11;3;12;2];[13;11;14;10];[15;7;16;6];[22;17;23;18];[24;19;1;20];[8;22;9;21];[18;23;19;24]],12,35,13.59875505
12n_559,[[1;5;2;4];[3;13;4;12];[16;5;17;6];[7;14;8;15];[9;21;10;20];[11;3;12;2];[13;19;14;18];[15;22;16;23];[24;17;1;18];[19;9;20;8];[21;11;22;10];[6;24;7;23]],12,53,12.35593194
12n_560,[[1;5;2;4];[3;13;4;12];[5;17;6;16];[7;14;8;15];[20;9;21;10];[11;3;12;2];[13;19;14;18];[15;22;16;23];[17;1;18;24];[8;19;9;20];[10;21;11;22];[23;6;24;7]],12,133,17.8673426
12n_561,[[1;5;2;4];[3;13;4;12];[16;5;17;6];[7;14;8;15];[9;21;10;20];[11;3;12;2];[13;19;14;18];[15;22;16;23];[24;17;1;18];[19;11;20;10];[21;9;22;8];[6;24;7;23]],12,55,11.83984539
12n_562,[[1;5;2;4];[3;13;4;12];[5;17;6;16];[14;8;15;7];[20;9;21;10];[11;3;12;2];[18;13;19;14];[15;22;16;23];[17;1;18;24];[10;19;11;20];[8;21;9;22];[23;6;24;7]],12,35,10.21319044
12n_563,[[1;5;2;4];[3;13;4;12];[5;17;6;16];[14;8;15;7];[20;9;21;10];[11;3;12;2];[13;19;14;18];[22;16;23;15];[17;1;18;24];[10;19;11;20];[8;21;9;22];[23;6;24;7]],12,71,14.26741992
12n_564,[[1;5;2;4];[3;12;4;13];[16;5;17;6];[14;7;15;8];[20;9;21;10];[18;12;19;11];[13;2;14;3];[6;15;7;16];[24;17;1;18];[22;19;23;20];[10;21;11;22];[8;24;9;23]],12,39,11.32743025
12n_565,[[1;5;2;4];[3;12;4;13];[5;17;6;16];[7;15;8;14];[20;9;21;10];[22;11;23;12];[13;2;14;3];[15;7;16;6];[24;17;1;18];[8;19;9;20];[10;21;11;22];[18;23;19;24]],12,45,10.79979298
12n_566,[[1;5;2;4];[3;12;4;13];[5;17;6;16];[7;15;8;14];[20;9;21;10];[22;11;23;12];[13;2;14;3];[15;7;16;6];[24;17;1;18];[10;19;11;20];[8;21;9;22];[18;23;19;24]],12,63,12.78962087
12n_567,[[1;5;2;4];[3;13;4;12];[16;5;17;6];[7;18;8;19];[9;14;10;15];[11;3;12;2];[13;21;14;20];[15;22;16;23];[24;17;1;18];[19;8;20;9];[21;11;22;10];[6;24;7;23]],12,117,17.22762151
12n_568,[[1;5;2;4];[3;13;4;12];[16;5;17;6];[7;18;8;19];[9;21;10;20];[11;3;12;2];[13;9;14;8];[15;22;16;23];[24;17;1;18];[19;14;20;15];[21;11;22;10];[6;24;7;23]],12,107,16.69845774
12n_569,[[1;5;2;4];[3;13;4;12];[16;5;17;6];[7;18;8;19];[9;20;10;21];[11;3;12;2];[13;11;14;10];[15;22;16;23];[24;17;1;18];[19;8;20;9];[21;14;22;15];[6;24;7;23]],12,83,14.69101696
12n_570,[[1;5;2;4];[3;13;4;12];[16;5;17;6];[18;7;19;8];[20;9;21;10];[11;3;12;2];[22;13;23;14];[10;15;11;16];[6;17;7;18];[8;19;9;20];[24;21;1;22];[14;23;15;24]],12,45,10.25360859
12n_571,[[1;5;2;4];[3;13;4;12];[16;5;17;6];[18;7;19;8];[20;9;21;10];[11;3;12;2];[13;23;14;22];[10;15;11;16];[6;17;7;18];[8;19;9;20];[21;1;22;24];[23;15;24;14]],12,27,8.366398189
12n_572,[[1;5;2;4];[3;13;4;12];[16;5;17;6];[18;7;19;8];[20;9;21;10];[11;3;12;2];[22;13;23;14];[10;15;11;16];[8;17;9;18];[6;19;7;20];[24;21;1;22];[14;23;15;24]],12,63,12.71942669
12n_573,[[1;5;2;4];[3;13;4;12];[16;5;17;6];[18;7;19;8];[20;9;21;10];[11;3;12;2];[13;23;14;22];[10;15;11;16];[8;17;9;18];[6;19;7;20];[21;1;22;24];[23;15;24;14]],12,57,12.6383776
12n_574,[[1;5;2;4];[3;13;4;12];[16;6;17;5];[18;8;19;7];[20;10;21;9];[11;3;12;2];[22;14;23;13];[24;16;1;15];[6;18;7;17];[8;20;9;19];[10;22;11;21];[14;24;15;23]],12,9,7.397539783
12n_575,[[1;5;2;4];[3;13;4;12];[16;6;17;5];[18;8;19;7];[20;10;21;9];[11;3;12;2];[22;14;23;13];[24;16;1;15];[6;18;7;17];[10;20;11;19];[8;22;9;21];[14;24;15;23]],12,3,8.501782521
12n_576,[[1;5;2;4];[3;13;4;12];[16;6;17;5];[18;8;19;7];[20;10;21;9];[11;3;12;2];[22;14;23;13];[24;16;1;15];[10;18;11;17];[8;20;9;19];[6;22;7;21];[14;24;15;23]],12,33,10.44753982
12n_577,[[1;5;2;4];[3;13;4;12];[16;6;17;5];[18;8;19;7];[20;10;21;9];[11;3;12;2];[13;22;14;23];[15;24;16;1];[10;18;11;17];[8;20;9;19];[6;22;7;21];[23;14;24;15]],12,27,10.23365367
12n_578,[[1;5;2;4];[3;13;4;12];[5;16;6;17];[7;18;8;19];[9;20;10;21];[11;3;12;2];[22;14;23;13];[24;16;1;15];[17;10;18;11];[19;8;20;9];[21;6;22;7];[14;24;15;23]],12,93,14.5092099
12n_579,[[1;5;2;4];[3;12;4;13];[5;17;6;16];[20;7;21;8];[9;15;10;14];[22;11;23;12];[13;2;14;3];[15;9;16;8];[17;1;18;24];[6;19;7;20];[10;21;11;22];[23;19;24;18]],12,9,11.47690083
12n_580,[[1;5;2;4];[3;13;4;12];[16;5;17;6];[7;20;8;21];[9;18;10;19];[11;3;12;2];[13;11;14;10];[15;22;16;23];[24;17;1;18];[19;8;20;9];[21;14;22;15];[6;24;7;23]],12,65,13.75074495
12n_581,[[1;5;2;4];[3;13;4;12];[16;6;17;5];[20;8;21;7];[18;10;19;9];[11;3;12;2];[22;14;23;13];[24;16;1;15];[10;18;11;17];[8;20;9;19];[6;22;7;21];[14;24;15;23]],12,27,8.372381073
12n_583,[[1;5;2;4];[3;13;4;12];[5;16;6;17];[7;20;8;21];[9;18;10;19];[11;3;12;2];[22;14;23;13];[24;16;1;15];[17;10;18;11];[19;8;20;9];[21;6;22;7];[14;24;15;23]],12,63,11.73768515
12n_584,[[1;5;2;4];[3;13;4;12];[16;5;17;6];[22;8;23;7];[9;14;10;15];[11;3;12;2];[13;19;14;18];[15;20;16;21];[24;17;1;18];[19;11;20;10];[8;22;9;21];[6;24;7;23]],12,91,15.61915159
12n_585,[[1;5;2;4];[3;13;4;12];[16;6;17;5];[22;8;23;7];[18;10;19;9];[11;3;12;2];[20;14;21;13];[24;16;1;15];[10;18;11;17];[8;20;9;19];[14;22;15;21];[6;24;7;23]],12,55,13.43601354
12n_586,[[1;5;2;4];[3;13;4;12];[5;16;6;17];[7;22;8;23];[9;18;10;19];[11;3;12;2];[20;14;21;13];[15;24;16;1];[17;10;18;11];[19;8;20;9];[14;22;15;21];[23;6;24;7]],12,101,16.13770752
12n_587,[[1;5;2;4];[3;13;4;12];[5;16;6;17];[22;8;23;7];[9;18;10;19];[11;3;12;2];[13;24;14;1];[15;20;16;21];[17;10;18;11];[19;6;20;7];[21;14;22;15];[8;24;9;23]],12,117,16.71194524
12n_588,[[1;5;2;4];[3;13;4;12];[18;5;19;6];[14;8;15;7];[16;9;17;10];[11;3;12;2];[20;13;21;14];[22;16;23;15];[10;17;11;18];[24;19;1;20];[8;21;9;22];[6;24;7;23]],12,85,15.75351009
12n_589,[[1;5;2;4];[3;13;4;12];[5;19;6;18];[14;8;15;7];[9;17;10;16];[11;3;12;2];[13;21;14;20];[22;16;23;15];[17;11;18;10];[19;1;20;24];[8;21;9;22];[23;6;24;7]],12,113,16.80777898
12n_590,[[1;5;2;4];[3;13;4;12];[18;6;19;5];[14;7;15;8];[20;10;21;9];[11;3;12;2];[8;13;9;14];[22;16;23;15];[24;18;1;17];[10;20;11;19];[6;22;7;21];[16;24;17;23]],12,23,10.22207337
12n_591,[[1;5;2;4];[3;13;4;12];[18;6;19;5];[7;15;8;14];[20;10;21;9];[11;3;12;2];[13;9;14;8];[22;16;23;15];[24;18;1;17];[10;20;11;19];[6;22;7;21];[16;24;17;23]],12,7,6.363209247
12n_592,[[1;5;2;4];[3;13;4;12];[5;18;6;19];[14;7;15;8];[9;20;10;21];[11;3;12;2];[8;13;9;14];[15;22;16;23];[17;24;18;1];[19;10;20;11];[21;6;22;7];[23;16;24;17]],12,49,12.21933501
12n_593,[[1;5;2;4];[3;13;4;12];[18;6;19;5];[14;7;15;8];[20;10;21;9];[11;3;12;2];[8;13;9;14];[24;16;1;15];[22;18;23;17];[10;20;11;19];[6;22;7;21];[16;24;17;23]],12,61,14.08125795
12n_594,[[1;5;2;4];[3;13;4;12];[18;6;19;5];[7;15;8;14];[20;10;21;9];[11;3;12;2];[13;9;14;8];[24;16;1;15];[22;18;23;17];[10;20;11;19];[6;22;7;21];[16;24;17;23]],12,13,10.97018822
12n_595,[[1;5;2;4];[3;13;4;12];[5;18;6;19];[14;7;15;8];[9;20;10;21];[11;3;12;2];[8;13;9;14];[15;24;16;1];[17;22;18;23];[19;10;20;11];[21;6;22;7];[23;16;24;17]],12,91,15.42732049
12n_596,[[1;5;2;4];[3;13;4;12];[5;18;6;19];[7;14;8;15];[9;20;10;21];[11;3;12;2];[13;24;14;1];[22;15;23;16];[17;6;18;7];[19;10;20;11];[16;21;17;22];[23;8;24;9]],12,95,15.25578979
12n_597,[[1;5;2;4];[3;13;4;12];[18;5;19;6];[14;8;15;7];[22;10;23;9];[11;3;12;2];[20;13;21;14];[8;16;9;15];[10;17;11;18];[24;19;1;20];[16;21;17;22];[6;24;7;23]],12,75,15.17506024
12n_598,[[1;5;2;4];[3;13;4;12];[18;5;19;6];[16;8;17;7];[9;15;10;14];[11;3;12;2];[13;11;14;10];[20;15;21;16];[22;18;23;17];[24;19;1;20];[8;21;9;22];[6;24;7;23]],12,99,16.0451481
12n_599,[[1;5;2;4];[3;13;4;12];[18;6;19;5];[16;7;17;8];[20;10;21;9];[11;3;12;2];[8;13;9;14];[22;15;23;16];[24;18;1;17];[10;20;11;19];[14;21;15;22];[6;24;7;23]],12,55,13.42681185
12n_600,[[1;5;2;4];[3;13;4;12];[18;6;19;5];[16;8;17;7];[20;10;21;9];[11;3;12;2];[22;14;23;13];[24;16;1;15];[6;18;7;17];[10;20;11;19];[8;22;9;21];[14;24;15;23]],12,63,13.76270102
12n_601,[[1;5;2;4];[3;13;4;12];[18;6;19;5];[16;8;17;7];[20;10;21;9];[11;3;12;2];[13;22;14;23];[15;24;16;1];[6;18;7;17];[10;20;11;19];[8;22;9;21];[23;14;24;15]],12,27,13.05467704
12n_602,[[1;5;2;4];[3;13;4;12];[5;18;6;19];[7;16;8;17];[9;20;10;21];[11;3;12;2];[22;14;23;13];[24;16;1;15];[17;6;18;7];[19;10;20;11];[21;8;22;9];[14;24;15;23]],12,99,15.16455932
12n_603,[[1;5;2;4];[3;13;4;12];[18;6;19;5];[16;7;17;8];[22;10;23;9];[11;3;12;2];[20;14;21;13];[8;15;9;16];[24;18;1;17];[10;20;11;19];[14;22;15;21];[6;24;7;23]],12,15,9.822929109
12n_604,[[1;5;2;4];[3;13;4;12];[18;5;19;6];[20;7;21;8];[16;9;17;10];[11;3;12;2];[22;13;23;14];[8;15;9;16];[10;17;11;18];[6;19;7;20];[24;21;1;22];[14;23;15;24]],12,81,14.42753819
12n_605,[[1;5;2;4];[3;13;4;12];[18;5;19;6];[20;7;21;8];[16;9;17;10];[11;3;12;2];[13;23;14;22];[8;15;9;16];[10;17;11;18];[6;19;7;20];[21;1;22;24];[23;15;24;14]],12,9,12.77193901
12n_606,[[1;5;2;4];[3;13;4;12];[18;5;19;6];[22;7;23;8];[16;9;17;10];[11;3;12;2];[20;13;21;14];[6;15;7;16];[10;17;11;18];[24;19;1;20];[8;21;9;22];[14;23;15;24]],12,79,15.27048787
12n_607,[[1;5;2;4];[3;13;4;12];[18;5;19;6];[22;8;23;7];[16;9;17;10];[11;3;12;2];[20;13;21;14];[8;15;9;16];[10;17;11;18];[24;19;1;20];[14;21;15;22];[6;24;7;23]],12,59,12.99224127
12n_608,[[1;5;2;4];[3;13;4;12];[18;5;19;6];[22;8;23;7];[16;9;17;10];[11;3;12;2];[20;13;21;14];[10;15;11;16];[8;17;9;18];[24;19;1;20];[14;21;15;22];[6;24;7;23]],12,41,12.43041883
12n_609,[[1;5;2;4];[3;13;4;12];[18;6;19;5];[22;7;23;8];[20;10;21;9];[11;3;12;2];[8;13;9;14];[6;16;7;15];[24;18;1;17];[10;20;11;19];[14;21;15;22];[16;24;17;23]],12,41,12.68028413
12n_610,[[1;5;2;4];[3;13;4;12];[18;6;19;5];[24;7;1;8];[20;10;21;9];[11;3;12;2];[8;13;9;14];[22;15;23;16];[6;18;7;17];[10;20;11;19];[14;21;15;22];[16;23;17;24]],12,65,13.10436006
12n_611,[[1;5;2;4];[3;13;4;12];[18;6;19;5];[24;7;1;8];[20;10;21;9];[11;3;12;2];[8;13;9;14];[22;15;23;16];[6;18;7;17];[10;20;11;19];[16;21;17;22];[14;23;15;24]],12,75,14.05599353
12n_612,[[1;5;2;4];[3;12;4;13];[5;21;6;20];[16;8;17;7];[9;19;10;18];[11;15;12;14];[13;2;14;3];[15;24;16;1];[22;17;23;18];[19;11;20;10];[21;7;22;6];[8;24;9;23]],12,95,15.3858248
12n_613,[[1;5;2;4];[3;15;4;14];[5;10;6;11];[7;18;8;19];[9;17;10;16];[20;11;21;12];[13;3;14;2];[15;24;16;1];[17;23;18;22];[12;19;13;20];[21;6;22;7];[23;9;24;8]],12,117,16.94858778
12n_614,[[1;5;2;4];[3;14;4;15];[10;5;11;6];[18;7;19;8];[16;10;17;9];[20;12;21;11];[13;1;14;24];[15;2;16;3];[22;18;23;17];[12;20;13;19];[6;21;7;22];[8;24;9;23]],12,73,15.99650777
12n_615,[[1;5;2;4];[3;14;4;15];[5;11;6;10];[7;19;8;18];[9;16;10;17];[20;12;21;11];[13;1;14;24];[15;2;16;3];[17;22;18;23];[12;20;13;19];[21;7;22;6];[23;8;24;9]],12,99,16.48826747
12n_616,[[1;5;2;4];[3;14;4;15];[10;5;11;6];[18;7;19;8];[16;10;17;9];[24;11;1;12];[20;14;21;13];[15;2;16;3];[22;17;23;18];[12;20;13;19];[8;21;9;22];[6;24;7;23]],12,65,15.4840396
12n_617,[[1;5;2;4];[3;14;4;15];[10;5;11;6];[18;7;19;8];[16;10;17;9];[24;11;1;12];[13;20;14;21];[15;2;16;3];[22;17;23;18];[19;12;20;13];[8;21;9;22];[6;24;7;23]],12,5,11.9447389
12n_618,[[1;5;2;4];[3;14;4;15];[5;11;6;10];[18;7;19;8];[16;10;17;9];[11;1;12;24];[20;14;21;13];[15;2;16;3];[22;17;23;18];[12;20;13;19];[8;21;9;22];[6;24;7;23]],12,107,17.13905911
12n_619,[[1;5;2;4];[3;14;4;15];[5;11;6;10];[18;7;19;8];[9;16;10;17];[11;1;12;24];[13;20;14;21];[15;2;16;3];[22;17;23;18];[19;12;20;13];[8;21;9;22];[23;6;24;7]],12,85,16.0927469
12n_620,[[1;5;2;4];[3;14;4;15];[5;11;6;10];[7;19;8;18];[9;16;10;17];[11;1;12;24];[20;14;21;13];[15;2;16;3];[17;23;18;22];[12;20;13;19];[21;9;22;8];[23;6;24;7]],12,143,18.7520819
12n_621,[[1;5;2;4];[3;14;4;15];[5;10;6;11];[18;7;19;8];[9;24;10;1];[11;17;12;16];[13;20;14;21];[15;2;16;3];[17;23;18;22];[8;19;9;20];[21;12;22;13];[23;6;24;7]],12,95,16.45697857
12n_622,[[1;5;2;4];[3;14;4;15];[5;10;6;11];[7;19;8;18];[9;24;10;1];[11;17;12;16];[20;14;21;13];[15;2;16;3];[17;23;18;22];[19;9;20;8];[12;22;13;21];[23;6;24;7]],12,99,16.83014867
12n_623,[[1;5;2;4];[3;15;4;14];[10;6;11;5];[18;8;19;7];[24;10;1;9];[20;11;21;12];[13;3;14;2];[8;16;9;15];[22;17;23;18];[12;19;13;20];[6;22;7;21];[16;23;17;24]],12,53,14.23388966
12n_624,[[1;5;2;4];[3;15;4;14];[10;6;11;5];[18;8;19;7];[24;10;1;9];[11;21;12;20];[13;3;14;2];[8;16;9;15];[22;17;23;18];[19;13;20;12];[6;22;7;21];[16;23;17;24]],12,13,10.55147238
12n_625,[[1;5;2;4];[3;15;4;14];[5;10;6;11];[7;18;8;19];[9;24;10;1];[20;11;21;12];[13;3;14;2];[15;8;16;9];[17;23;18;22];[12;19;13;20];[21;6;22;7];[23;17;24;16]],12,91,16.04976213
12n_626,[[1;5;2;4];[3;14;4;15];[5;10;6;11];[18;7;19;8];[9;24;10;1];[11;23;12;22];[13;20;14;21];[15;2;16;3];[17;12;18;13];[8;19;9;20];[21;16;22;17];[23;6;24;7]],12,153,18.85700247
12n_627,[[1;5;2;4];[3;15;4;14];[5;10;6;11];[7;20;8;21];[9;24;10;1];[11;19;12;18];[13;3;14;2];[22;16;23;15];[17;13;18;12];[19;6;20;7];[16;22;17;21];[23;8;24;9]],12,117,17.13577537
12n_628,[[1;5;2;4];[3;14;4;15];[10;5;11;6];[22;7;23;8];[16;10;17;9];[18;11;19;12];[20;14;21;13];[15;2;16;3];[6;18;7;17];[24;19;1;20];[8;21;9;22];[12;24;13;23]],12,105,17.51921945
12n_629,[[1;5;2;4];[3;14;4;15];[10;5;11;6];[22;7;23;8];[16;10;17;9];[18;11;19;12];[13;20;14;21];[15;2;16;3];[6;18;7;17];[19;1;20;24];[8;21;9;22];[23;12;24;13]],12,27,12.71609788
12n_630,[[1;5;2;4];[3;14;4;15];[10;5;11;6];[7;23;8;22];[16;10;17;9];[18;11;19;12];[20;14;21;13];[15;2;16;3];[6;18;7;17];[24;19;1;20];[21;9;22;8];[12;24;13;23]],12,15,12.67578109
12n_631,[[1;5;2;4];[3;14;4;15];[10;5;11;6];[7;23;8;22];[16;10;17;9];[11;19;12;18];[13;20;14;21];[15;2;16;3];[6;18;7;17];[19;1;20;24];[21;9;22;8];[23;12;24;13]],12,81,16.39579874
12n_632,[[1;5;2;4];[3;14;4;15];[5;11;6;10];[22;7;23;8];[9;16;10;17];[11;19;12;18];[13;20;14;21];[15;2;16;3];[17;6;18;7];[19;1;20;24];[8;21;9;22];[23;12;24;13]],12,147,18.85295478
12n_633,[[1;5;2;4];[3;14;4;15];[10;5;11;6];[22;7;23;8];[16;10;17;9];[20;12;21;11];[18;13;19;14];[15;2;16;3];[8;18;9;17];[24;20;1;19];[6;21;7;22];[12;24;13;23]],12,97,16.4621145
12n_634,[[1;5;2;4];[3;14;4;15];[10;5;11;6];[22;7;23;8];[16;10;17;9];[24;11;1;12];[20;14;21;13];[15;2;16;3];[6;18;7;17];[12;20;13;19];[8;21;9;22];[18;24;19;23]],12,47,14.35021984
12n_635,[[1;5;2;4];[3;14;4;15];[5;10;6;11];[7;23;8;22];[9;24;10;1];[11;17;12;16];[20;14;21;13];[15;2;16;3];[17;6;18;7];[19;9;20;8];[12;22;13;21];[23;18;24;19]],12,157,19.03850886
12n_636,[[1;5;2;4];[3;14;4;15];[5;10;6;11];[7;23;8;22];[9;24;10;1];[20;12;21;11];[13;17;14;16];[15;2;16;3];[17;8;18;9];[19;7;20;6];[12;22;13;21];[23;19;24;18]],12,81,15.69537521
12n_637,[[1;5;2;4];[3;14;4;15];[5;17;6;16];[12;8;13;7];[24;10;1;9];[22;11;23;12];[20;14;21;13];[15;2;16;3];[10;18;11;17];[8;19;9;20];[6;22;7;21];[18;24;19;23]],12,135,18.41197403
12n_638,[[1;5;2;4];[3;15;4;14];[5;17;6;16];[18;8;19;7];[9;1;10;24];[20;12;21;11];[13;3;14;2];[15;13;16;12];[22;17;23;18];[10;20;11;19];[6;22;7;21];[23;9;24;8]],12,15,10.4261728
12n_639,[[1;5;2;4];[3;15;4;14];[18;6;19;5];[16;7;17;8];[20;10;21;9];[22;12;23;11];[13;3;14;2];[8;15;9;16];[24;18;1;17];[12;20;13;19];[10;22;11;21];[6;24;7;23]],12,35,12.08584896
12n_640,[[1;5;2;4];[3;15;4;14];[18;6;19;5];[7;17;8;16];[20;10;21;9];[22;12;23;11];[13;3;14;2];[15;9;16;8];[24;18;1;17];[12;20;13;19];[10;22;11;21];[6;24;7;23]],12,27,11.65039248
12n_641,[[1;5;2;4];[3;15;4;14];[5;18;6;19];[16;7;17;8];[9;20;10;21];[11;22;12;23];[13;3;14;2];[8;15;9;16];[17;24;18;1];[19;12;20;13];[21;10;22;11];[23;6;24;7]],12,69,14.02406583
12n_642,[[1;5;2;4];[3;14;4;15];[18;5;19;6];[16;7;17;8];[20;9;21;10];[24;11;1;12];[22;13;23;14];[15;2;16;3];[6;17;7;18];[10;19;11;20];[8;21;9;22];[12;23;13;24]],12,27,12.70917311
12n_643,[[1;5;2;4];[3;15;4;14];[18;6;19;5];[16;7;17;8];[22;10;23;9];[20;12;21;11];[13;3;14;2];[8;15;9;16];[24;18;1;17];[12;20;13;19];[10;22;11;21];[6;24;7;23]],12,49,12.5165365
12n_644,[[1;5;2;4];[3;15;4;14];[18;6;19;5];[7;17;8;16];[22;10;23;9];[20;12;21;11];[13;3;14;2];[15;9;16;8];[24;18;1;17];[12;20;13;19];[10;22;11;21];[6;24;7;23]],12,7,9.624681603
12n_645,[[1;5;2;4];[3;15;4;14];[5;18;6;19];[16;7;17;8];[9;22;10;23];[11;20;12;21];[13;3;14;2];[8;15;9;16];[17;24;18;1];[19;12;20;13];[21;10;22;11];[23;6;24;7]],12,71,13.76485535
12n_646,[[1;5;2;4];[3;15;4;14];[18;6;19;5];[16;7;17;8];[24;9;1;10];[20;12;21;11];[13;3;14;2];[10;15;11;16];[22;18;23;17];[12;20;13;19];[6;22;7;21];[8;23;9;24]],12,103,16.61584879
12n_647,[[1;5;2;4];[3;15;4;14];[18;6;19;5];[7;17;8;16];[9;1;10;24];[20;12;21;11];[13;3;14;2];[15;11;16;10];[22;18;23;17];[12;20;13;19];[6;22;7;21];[23;9;24;8]],12,23,10.77480413
12n_648,[[1;5;2;4];[3;15;4;14];[18;6;19;5];[20;8;21;7];[16;9;17;10];[22;12;23;11];[13;3;14;2];[10;15;11;16];[24;18;1;17];[6;20;7;19];[12;22;13;21];[8;24;9;23]],12,11,11.75053329
12n_649,[[1;5;2;4];[3;15;4;14];[18;5;19;6];[20;8;21;7];[24;10;1;9];[6;11;7;12];[13;3;14;2];[22;16;23;15];[12;17;13;18];[10;20;11;19];[16;22;17;21];[8;24;9;23]],12,77,16.38363577
12n_650,[[1;5;2;4];[3;15;4;14];[18;5;19;6];[20;8;21;7];[9;24;10;1];[6;11;7;12];[13;3;14;2];[22;16;23;15];[12;17;13;18];[10;20;11;19];[16;22;17;21];[23;8;24;9]],12,17,12.82018615
12n_651,[[1;5;2;4];[3;15;4;14];[5;19;6;18];[7;20;8;21];[24;10;1;9];[11;7;12;6];[13;3;14;2];[15;22;16;23];[17;13;18;12];[19;10;20;11];[21;16;22;17];[8;24;9;23]],12,119,17.83408821
12n_652,[[1;5;2;4];[3;15;4;14];[5;19;6;18];[7;20;8;21];[9;24;10;1];[11;7;12;6];[13;3;14;2];[22;16;23;15];[17;13;18;12];[19;10;20;11];[16;22;17;21];[23;8;24;9]],12,139,18.37650134
12n_653,[[1;5;2;4];[3;15;4;14];[18;6;19;5];[22;8;23;7];[16;9;17;10];[20;12;21;11];[13;3;14;2];[10;15;11;16];[24;18;1;17];[12;20;13;19];[6;22;7;21];[8;24;9;23]],12,39,11.74921206
12n_654,[[1;5;2;4];[3;15;4;14];[18;6;19;5];[22;8;23;7];[16;9;17;10];[20;12;21;11];[13;3;14;2];[10;15;11;16];[24;18;1;17];[12;20;13;19];[8;22;9;21];[6;24;7;23]],12,45,12.16252696
12n_655,[[1;5;2;4];[3;15;4;14];[18;6;19;5];[22;8;23;7];[9;17;10;16];[20;12;21;11];[13;3;14;2];[15;11;16;10];[24;18;1;17];[12;20;13;19];[8;22;9;21];[6;24;7;23]],12,3,9.37939181
12n_656,[[1;5;2;4];[3;15;4;14];[5;18;6;19];[7;22;8;23];[16;9;17;10];[11;20;12;21];[13;3;14;2];[10;15;11;16];[17;24;18;1];[19;12;20;13];[21;8;22;9];[23;6;24;7]],12,99,15.87537443
12n_657,[[1;5;2;4];[3;15;4;14];[18;6;19;5];[22;7;23;8];[24;9;1;10];[20;12;21;11];[13;3;14;2];[10;15;11;16];[6;18;7;17];[12;20;13;19];[16;21;17;22];[8;23;9;24]],12,81,14.76509187
12n_658,[[1;5;2;4];[3;15;4;14];[18;6;19;5];[22;8;23;7];[24;9;1;10];[20;12;21;11];[13;3;14;2];[10;15;11;16];[8;18;9;17];[12;20;13;19];[6;22;7;21];[16;23;17;24]],12,89,15.89874781
12n_659,[[1;5;2;4];[3;15;4;14];[18;6;19;5];[24;7;1;8];[16;10;17;9];[20;12;21;11];[13;3;14;2];[22;16;23;15];[6;18;7;17];[12;20;13;19];[10;22;11;21];[8;23;9;24]],12,73,14.83385759
12n_660,[[1;5;2;4];[3;14;4;15];[18;5;19;6];[24;7;1;8];[20;9;21;10];[16;11;17;12];[22;13;23;14];[15;2;16;3];[10;17;11;18];[6;19;7;20];[12;21;13;22];[8;23;9;24]],12,45,14.86747874
12n_661,[[1;5;2;4];[3;15;4;14];[18;6;19;5];[24;7;1;8];[22;9;23;10];[16;12;17;11];[13;3;14;2];[20;16;21;15];[6;18;7;17];[12;20;13;19];[10;21;11;22];[8;23;9;24]],12,29,10.90554404
12n_662,[[1;5;2;4];[3;15;4;14];[18;6;19;5];[24;7;1;8];[22;9;23;10];[20;12;21;11];[13;3;14;2];[10;15;11;16];[6;18;7;17];[12;20;13;19];[16;21;17;22];[8;23;9;24]],12,59,14.07054334
12n_663,[[1;5;2;4];[3;15;4;14];[20;5;21;6];[18;8;19;7];[24;10;1;9];[6;11;7;12];[13;3;14;2];[8;16;9;15];[22;17;23;18];[12;19;13;20];[10;22;11;21];[16;23;17;24]],12,115,17.34296136
12n_664,[[1;5;2;4];[3;14;4;15];[20;6;21;5];[22;7;23;8];[24;10;1;9];[6;11;7;12];[13;17;14;16];[15;2;16;3];[8;18;9;17];[10;19;11;20];[12;22;13;21];[18;23;19;24]],12,165,19.14909841
12n_665,[[1;7;2;6];[3;8;4;9];[5;11;6;10];[7;17;8;16];[9;14;10;15];[20;11;21;12];[13;5;14;4];[15;2;16;3];[22;17;23;18];[24;19;1;20];[12;21;13;22];[18;23;19;24]],12,39,15.87773575
12n_666,[[1;7;2;6];[3;8;4;9];[5;11;6;10];[7;16;8;17];[9;19;10;18];[20;12;21;11];[22;14;23;13];[24;16;1;15];[17;3;18;2];[19;4;20;5];[12;22;13;21];[14;24;15;23]],12,81,14.59842665
12n_667,[[1;7;2;6];[3;8;4;9];[5;11;6;10];[7;16;8;17];[9;19;10;18];[20;12;21;11];[22;14;23;13];[24;16;1;15];[17;3;18;2];[19;4;20;5];[14;22;15;21];[12;24;13;23]],12,75,14.40607283
12n_668,[[1;7;2;6];[3;8;4;9];[5;11;6;10];[7;16;8;17];[9;19;10;18];[22;12;23;11];[24;14;1;13];[20;16;21;15];[17;3;18;2];[19;4;20;5];[14;22;15;21];[12;24;13;23]],12,105,16.07640975
12n_669,[[1;7;2;6];[3;8;4;9];[5;11;6;10];[7;16;8;17];[9;19;10;18];[24;12;1;11];[22;14;23;13];[20;16;21;15];[17;3;18;2];[19;4;20;5];[14;22;15;21];[12;24;13;23]],12,99,15.52556808
12n_670,[[1;7;2;6];[3;9;4;8];[5;13;6;12];[7;3;8;2];[16;9;17;10];[11;5;12;4];[20;13;21;14];[10;15;11;16];[22;17;23;18];[24;19;1;20];[14;21;15;22];[18;23;19;24]],12,25,13.50833832
12n_671,[[1;7;2;6];[3;9;4;8];[5;13;6;12];[7;3;8;2];[16;9;17;10];[11;5;12;4];[13;21;14;20];[10;15;11;16];[17;23;18;22];[19;1;20;24];[21;15;22;14];[23;19;24;18]],12,95,15.56197723
12n_672,[[1;7;2;6];[3;9;4;8];[5;12;6;13];[7;3;8;2];[16;9;17;10];[22;11;23;12];[13;4;14;5];[20;15;21;16];[24;17;1;18];[10;19;11;20];[14;21;15;22];[18;23;19;24]],12,51,15.41460823
12n_673,[[1;7;2;6];[3;9;4;8];[5;13;6;12];[7;3;8;2];[18;9;19;10];[11;5;12;4];[20;13;21;14];[22;15;23;16];[10;17;11;18];[24;19;1;20];[14;21;15;22];[16;23;17;24]],12,5,9.756546791
12n_674,[[1;7;2;6];[3;9;4;8];[5;13;6;12];[7;3;8;2];[18;9;19;10];[11;5;12;4];[13;21;14;20];[15;23;16;22];[10;17;11;18];[19;1;20;24];[21;15;22;14];[23;17;24;16]],12,75,13.19856028
12n_675,[[1;7;2;6];[3;9;4;8];[5;13;6;12];[7;3;8;2];[9;19;10;18];[11;5;12;4];[20;13;21;14];[22;15;23;16];[17;11;18;10];[24;19;1;20];[14;21;15;22];[16;23;17;24]],12,45,11.31923402
12n_676,[[1;7;2;6];[3;9;4;8];[5;13;6;12];[7;3;8;2];[18;9;19;10];[11;5;12;4];[20;13;21;14];[22;15;23;16];[10;17;11;18];[24;19;1;20];[16;21;17;22];[14;23;15;24]],12,9,11.70460378
12n_677,[[1;7;2;6];[3;9;4;8];[5;13;6;12];[7;3;8;2];[18;9;19;10];[11;5;12;4];[13;21;14;20];[15;23;16;22];[10;17;11;18];[19;1;20;24];[21;17;22;16];[23;15;24;14]],12,89,14.58190703
12n_678,[[1;7;2;6];[3;9;4;8];[5;13;6;12];[7;3;8;2];[9;19;10;18];[11;5;12;4];[20;13;21;14];[22;15;23;16];[17;11;18;10];[24;19;1;20];[16;21;17;22];[14;23;15;24]],12,79,14.33296118
12n_679,[[1;7;2;6];[3;9;4;8];[5;13;6;12];[7;3;8;2];[18;10;19;9];[11;5;12;4];[20;14;21;13];[22;16;23;15];[24;18;1;17];[10;20;11;19];[14;22;15;21];[16;24;17;23]],12,25,10.79895031
12n_680,[[1;7;2;6];[3;9;4;8];[5;13;6;12];[7;3;8;2];[18;10;19;9];[11;5;12;4];[20;14;21;13];[22;16;23;15];[24;18;1;17];[10;20;11;19];[16;22;17;21];[14;24;15;23]],12,19,11.95321407
12n_681,[[1;7;2;6];[3;9;4;8];[5;13;6;12];[7;3;8;2];[22;9;23;10];[11;5;12;4];[18;13;19;14];[20;15;21;16];[24;17;1;18];[14;19;15;20];[10;21;11;22];[16;23;17;24]],12,25,13.50833832
12n_682,[[1;7;2;6];[3;9;4;8];[5;13;6;12];[7;3;8;2];[22;9;23;10];[11;5;12;4];[13;19;14;18];[15;21;16;20];[17;1;18;24];[19;15;20;14];[10;21;11;22];[23;17;24;16]],12,95,15.56197723
12n_683,[[1;7;2;6];[3;8;4;9];[12;5;13;6];[7;16;8;17];[18;9;19;10];[20;11;21;12];[13;22;14;23];[15;24;16;1];[17;3;18;2];[10;19;11;20];[4;22;5;21];[23;14;24;15]],12,89,15.23541576
12n_684,[[1;7;2;6];[3;8;4;9];[5;13;6;12];[7;16;8;17];[18;9;19;10];[20;11;21;12];[13;22;14;23];[15;24;16;1];[17;3;18;2];[10;19;11;20];[21;4;22;5];[23;14;24;15]],12,77,14.11540098
12n_685,[[1;7;2;6];[3;8;4;9];[5;13;6;12];[7;16;8;17];[18;9;19;10];[20;11;21;12];[13;24;14;1];[15;22;16;23];[17;3;18;2];[10;19;11;20];[21;4;22;5];[23;14;24;15]],12,79,14.64148451
12n_686,[[1;7;2;6];[3;8;4;9];[5;13;6;12];[7;16;8;17];[9;19;10;18];[11;21;12;20];[24;14;1;13];[22;16;23;15];[17;3;18;2];[19;11;20;10];[21;4;22;5];[14;24;15;23]],12,97,15.66040182
12n_687,[[1;7;2;6];[3;8;4;9];[5;13;6;12];[7;16;8;17];[20;9;21;10];[18;11;19;12];[13;24;14;1];[15;22;16;23];[17;3;18;2];[10;19;11;20];[21;4;22;5];[23;14;24;15]],12,107,16.28400638
12n_688,[[1;7;2;6];[3;9;4;8];[5;15;6;14];[7;3;8;2];[18;10;19;9];[20;12;21;11];[13;5;14;4];[22;16;23;15];[24;18;1;17];[10;20;11;19];[12;22;13;21];[16;24;17;23]],12,37,12.67775637
12n_689,[[1;7;2;6];[3;9;4;8];[5;15;6;14];[7;3;8;2];[18;10;19;9];[20;12;21;11];[13;5;14;4];[22;16;23;15];[24;18;1;17];[12;20;13;19];[10;22;11;21];[16;24;17;23]],12,7,11.23209466
12n_690,[[1;7;2;6];[3;9;4;8];[5;15;6;14];[7;3;8;2];[18;9;19;10];[22;11;23;12];[13;5;14;4];[20;15;21;16];[10;17;11;18];[24;19;1;20];[12;21;13;22];[16;23;17;24]],12,45,14.99876867
12n_691,[[1;7;2;6];[3;9;4;8];[5;15;6;14];[7;3;8;2];[18;10;19;9];[22;12;23;11];[13;5;14;4];[20;16;21;15];[24;18;1;17];[12;20;13;19];[16;22;17;21];[10;24;11;23]],12,35,14.19530819
12n_692,[[1;7;2;6];[3;9;4;8];[5;15;6;14];[7;3;8;2];[20;10;21;9];[16;12;17;11];[13;5;14;4];[22;16;23;15];[10;18;11;17];[24;20;1;19];[12;22;13;21];[18;24;19;23]],12,35,14.19530819
12n_693,[[1;7;2;6];[3;9;4;8];[5;17;6;16];[7;3;8;2];[20;10;21;9];[18;11;19;12];[22;14;23;13];[15;5;16;4];[12;17;13;18];[24;20;1;19];[14;22;15;21];[10;24;11;23]],12,13,14.53888391
12n_694,[[1;7;2;6];[3;9;4;8];[5;17;6;16];[7;3;8;2];[20;10;21;9];[11;19;12;18];[22;14;23;13];[15;5;16;4];[17;13;18;12];[24;20;1;19];[14;22;15;21];[10;24;11;23]],12,35,13.20445026
12n_695,[[1;7;2;6];[3;9;4;8];[5;17;6;16];[7;3;8;2];[9;20;10;21];[18;11;19;12];[13;22;14;23];[15;5;16;4];[12;17;13;18];[19;24;20;1];[21;14;22;15];[23;10;24;11]],12,85,15.52290967
12n_696,[[1;7;2;6];[3;9;4;8];[5;17;6;16];[7;3;8;2];[20;10;21;9];[24;11;1;12];[18;14;19;13];[15;5;16;4];[22;18;23;17];[10;20;11;19];[14;22;15;21];[12;23;13;24]],12,13,14.53888391
12n_697,[[1;7;2;6];[3;9;4;8];[5;17;6;16];[7;3;8;2];[20;10;21;9];[24;11;1;12];[22;14;23;13];[15;5;16;4];[12;17;13;18];[10;20;11;19];[14;22;15;21];[18;23;19;24]],12,21,14.7113514
12n_698,[[1;7;2;6];[3;8;4;9];[5;16;6;17];[7;21;8;20];[9;18;10;19];[11;4;12;5];[22;13;23;14];[24;15;1;16];[17;10;18;11];[19;2;20;3];[12;21;13;22];[14;23;15;24]],12,109,16.37198909
12n_699,[[1;7;2;6];[3;8;4;9];[5;16;6;17];[7;21;8;20];[9;18;10;19];[11;4;12;5];[22;13;23;14];[24;15;1;16];[17;10;18;11];[19;2;20;3];[14;21;15;22];[12;23;13;24]],12,47,12.70633504
12n_700,[[1;7;2;6];[3;8;4;9];[5;16;6;17];[7;23;8;22];[9;18;10;19];[11;20;12;21];[13;4;14;5];[24;15;1;16];[17;12;18;13];[19;10;20;11];[21;2;22;3];[14;23;15;24]],12,93,15.3217704
12n_701,[[1;7;2;6];[3;8;4;9];[5;16;6;17];[7;23;8;22];[9;20;10;21];[11;18;12;19];[13;4;14;5];[24;15;1;16];[17;12;18;13];[19;10;20;11];[21;2;22;3];[14;23;15;24]],12,63,12.80430549
12n_702,[[1;7;2;6];[10;4;11;3];[12;5;13;6];[7;14;8;15];[18;10;19;9];[20;11;21;12];[13;24;14;1];[15;8;16;9];[22;18;23;17];[2;19;3;20];[4;22;5;21];[16;24;17;23]],12,121,17.75837753
12n_703,[[1;7;2;6];[3;10;4;11];[5;13;6;12];[14;8;15;7];[9;18;10;19];[11;21;12;20];[24;14;1;13];[8;16;9;15];[22;18;23;17];[19;3;20;2];[21;4;22;5];[16;24;17;23]],12,73,14.99691972
12n_704,[[1;7;2;6];[10;4;11;3];[12;5;13;6];[7;14;8;15];[20;10;21;9];[18;11;19;12];[13;24;14;1];[22;15;23;16];[2;17;3;18];[4;20;5;19];[16;21;17;22];[8;24;9;23]],12,61,13.85231406
12n_705,[[1;7;2;6];[10;4;11;3];[5;13;6;12];[7;14;8;15];[9;20;10;21];[18;11;19;12];[13;24;14;1];[15;23;16;22];[17;3;18;2];[4;20;5;19];[21;17;22;16];[23;8;24;9]],12,109,16.85035811
12n_706,[[1;7;2;6];[3;10;4;11];[12;5;13;6];[7;17;8;16];[14;10;15;9];[11;20;12;21];[18;13;19;14];[22;16;23;15];[17;1;18;24];[4;19;5;20];[21;2;22;3];[8;24;9;23]],12,49,13.41737439
12n_707,[[1;7;2;6];[10;4;11;3];[12;5;13;6];[7;16;8;17];[9;18;10;19];[20;11;21;12];[13;22;14;23];[15;24;16;1];[17;8;18;9];[2;19;3;20];[4;22;5;21];[23;14;24;15]],12,85,14.7754012
12n_708,[[1;7;2;6];[10;4;11;3];[5;13;6;12];[16;8;17;7];[18;10;19;9];[11;21;12;20];[13;22;14;23];[15;24;16;1];[8;18;9;17];[2;19;3;20];[21;4;22;5];[23;14;24;15]],12,49,11.99467497
12n_709,[[1;7;2;6];[3;10;4;11];[5;13;6;12];[16;8;17;7];[18;10;19;9];[11;21;12;20];[13;22;14;23];[15;24;16;1];[8;18;9;17];[19;3;20;2];[21;4;22;5];[23;14;24;15]],12,61,13.21326486
12n_710,[[1;7;2;6];[3;10;4;11];[5;13;6;12];[16;8;17;7];[18;10;19;9];[11;21;12;20];[13;24;14;1];[15;22;16;23];[8;18;9;17];[19;3;20;2];[21;4;22;5];[23;14;24;15]],12,95,15.5943417
12n_711,[[1;7;2;6];[3;10;4;11];[5;13;6;12];[7;16;8;17];[9;18;10;19];[11;21;12;20];[24;14;1;13];[22;16;23;15];[17;8;18;9];[19;3;20;2];[21;4;22;5];[14;24;15;23]],12,113,16.55350538
12n_712,[[1;7;2;6];[10;4;11;3];[12;5;13;6];[7;16;8;17];[20;10;21;9];[18;11;19;12];[13;22;14;23];[15;24;16;1];[2;17;3;18];[4;20;5;19];[8;22;9;21];[23;14;24;15]],12,119,16.8362852
12n_713,[[1;7;2;6];[10;4;11;3];[5;13;6;12];[7;16;8;17];[9;20;10;21];[18;11;19;12];[13;22;14;23];[15;24;16;1];[17;3;18;2];[4;20;5;19];[21;8;22;9];[23;14;24;15]],12,91,15.349762
12n_714,[[1;7;2;6];[3;10;4;11];[5;13;6;12];[7;16;8;17];[9;20;10;21];[11;19;12;18];[22;14;23;13];[24;16;1;15];[17;3;18;2];[19;4;20;5];[21;8;22;9];[14;24;15;23]],12,131,17.79977819
12n_715,[[1;7;2;6];[10;4;11;3];[5;13;6;12];[7;16;8;17];[9;20;10;21];[18;11;19;12];[13;24;14;1];[15;22;16;23];[17;3;18;2];[4;20;5;19];[21;8;22;9];[23;14;24;15]],12,89,15.19905306
12n_716,[[1;7;2;6];[3;10;4;11];[5;13;6;12];[7;16;8;17];[9;20;10;21];[11;19;12;18];[24;14;1;13];[22;16;23;15];[17;3;18;2];[19;4;20;5];[21;8;22;9];[14;24;15;23]],12,79,15.63233312
12n_717,[[1;7;2;6];[10;4;11;3];[12;5;13;6];[7;16;8;17];[9;22;10;23];[18;11;19;12];[13;20;14;21];[15;24;16;1];[2;17;3;18];[4;20;5;19];[21;14;22;15];[23;8;24;9]],12,51,14.13346488
12n_718,[[1;7;2;6];[10;4;11;3];[5;13;6;12];[7;16;8;17];[9;22;10;23];[18;11;19;12];[13;20;14;21];[15;24;16;1];[17;3;18;2];[4;20;5;19];[21;14;22;15];[23;8;24;9]],12,55,13.75104712
12n_719,[[1;7;2;6];[3;10;4;11];[5;13;6;12];[7;16;8;17];[22;10;23;9];[11;19;12;18];[20;14;21;13];[24;16;1;15];[17;3;18;2];[19;4;20;5];[14;22;15;21];[8;24;9;23]],12,55,13.79532075
12n_720,[[1;7;2;6];[10;4;11;3];[12;5;13;6];[7;17;8;16];[9;23;10;22];[20;12;21;11];[13;19;14;18];[15;9;16;8];[17;1;18;24];[4;19;5;20];[2;22;3;21];[23;15;24;14]],12,101,16.77340691
12n_721,[[1;7;2;6];[3;11;4;10];[5;13;6;12];[18;7;19;8];[9;3;10;2];[11;5;12;4];[20;13;21;14];[22;15;23;16];[8;17;9;18];[24;19;1;20];[14;21;15;22];[16;23;17;24]],12,25,7.601847471
12n_722,[[1;7;2;6];[3;11;4;10];[5;13;6;12];[18;7;19;8];[9;3;10;2];[11;5;12;4];[13;21;14;20];[15;23;16;22];[8;17;9;18];[19;1;20;24];[21;15;22;14];[23;17;24;16]],12,55,10.80082308
12n_723,[[1;7;2;6];[3;11;4;10];[5;13;6;12];[18;7;19;8];[9;3;10;2];[11;5;12;4];[20;13;21;14];[22;15;23;16];[8;17;9;18];[24;19;1;20];[16;21;17;22];[14;23;15;24]],12,19,7.555005752
12n_724,[[1;7;2;6];[3;11;4;10];[5;13;6;12];[18;7;19;8];[9;3;10;2];[11;5;12;4];[13;21;14;20];[15;23;16;22];[8;17;9;18];[19;1;20;24];[21;17;22;16];[23;15;24;14]],12,61,11.7514174
12n_726,[[1;7;2;6];[3;11;4;10];[5;13;6;12];[18;7;19;8];[9;5;10;4];[11;3;12;2];[13;21;14;20];[15;23;16;22];[8;17;9;18];[19;1;20;24];[21;17;22;16];[23;15;24;14]],12,63,12.26684004
12n_727,[[1;7;2;6];[3;10;4;11];[5;13;6;12];[18;8;19;7];[16;10;17;9];[11;21;12;20];[13;24;14;1];[15;22;16;23];[8;18;9;17];[19;3;20;2];[21;4;22;5];[23;14;24;15]],12,91,16.15331356
12n_728,[[1;7;2;6];[10;4;11;3];[12;5;13;6];[7;19;8;18];[22;10;23;9];[16;12;17;11];[20;13;21;14];[4;15;5;16];[2;18;3;17];[19;1;20;24];[14;21;15;22];[8;24;9;23]],12,107,17.38129249
12n_729,[[1;7;2;6];[10;4;11;3];[12;5;13;6];[7;19;8;18];[22;10;23;9];[16;12;17;11];[13;21;14;20];[4;15;5;16];[2;18;3;17];[19;1;20;24];[21;15;22;14];[8;24;9;23]],12,73,15.74914522
12n_730,[[1;7;2;6];[10;4;11;3];[5;13;6;12];[7;19;8;18];[22;10;23;9];[11;16;12;17];[20;13;21;14];[15;5;16;4];[2;18;3;17];[19;1;20;24];[14;21;15;22];[8;24;9;23]],12,47,13.45151807
12n_731,[[1;7;2;6];[3;10;4;11];[5;13;6;12];[7;19;8;18];[9;22;10;23];[11;16;12;17];[20;13;21;14];[15;5;16;4];[17;2;18;3];[19;1;20;24];[14;21;15;22];[23;8;24;9]],12,121,18.54413354
12n_732,[[1;7;2;6];[10;4;11;3];[5;13;6;12];[7;23;8;22];[9;20;10;21];[18;11;19;12];[13;24;14;1];[15;9;16;8];[17;3;18;2];[4;20;5;19];[21;17;22;16];[23;14;24;15]],12,115,17.17008261
12n_733,[[1;7;2;6];[10;4;11;3];[12;5;13;6];[7;1;8;24];[16;10;17;9];[18;11;19;12];[22;14;23;13];[20;16;21;15];[2;17;3;18];[4;20;5;19];[14;22;15;21];[23;9;24;8]],12,131,17.49545794
12n_734,[[1;7;2;6];[10;4;11;3];[5;13;6;12];[7;1;8;24];[9;20;10;21];[18;11;19;12];[13;9;14;8];[15;23;16;22];[17;3;18;2];[4;20;5;19];[21;15;22;14];[23;17;24;16]],12,85,14.96056458
12n_735,[[1;7;2;6];[10;4;11;3];[5;13;6;12];[7;1;8;24];[9;20;10;21];[18;11;19;12];[13;9;14;8];[15;23;16;22];[17;3;18;2];[4;20;5;19];[21;17;22;16];[23;15;24;14]],12,71,13.88945991
12n_736,[[1;7;2;6];[3;10;4;11];[5;13;6;12];[7;1;8;24];[9;22;10;23];[11;16;12;17];[20;13;21;14];[15;5;16;4];[17;2;18;3];[19;8;20;9];[14;21;15;22];[23;18;24;19]],12,151,19.25796765
12n_737,[[1;7;2;6];[10;4;11;3];[5;13;6;12];[7;1;8;24];[9;22;10;23];[18;11;19;12];[13;20;14;21];[15;9;16;8];[17;3;18;2];[4;20;5;19];[21;14;22;15];[23;17;24;16]],12,45,12.71804012
12n_738,[[1;7;2;6];[10;4;11;3];[5;14;6;15];[7;17;8;16];[9;21;10;20];[4;12;5;11];[13;23;14;22];[15;2;16;3];[17;1;18;24];[19;9;20;8];[21;13;22;12];[23;19;24;18]],12,129,17.74885904
12n_739,[[1;7;2;6];[3;10;4;11];[5;14;6;15];[7;17;8;16];[20;9;21;10];[11;4;12;5];[22;13;23;14];[15;2;16;3];[17;1;18;24];[8;19;9;20];[12;21;13;22];[23;19;24;18]],12,13,12.77891007
12n_740,[[1;7;2;6];[3;10;4;11];[5;14;6;15];[7;17;8;16];[9;21;10;20];[11;4;12;5];[22;13;23;14];[15;2;16;3];[17;1;18;24];[19;9;20;8];[12;21;13;22];[23;19;24;18]],12,105,17.05611855
12n_741,[[1;7;2;6];[10;4;11;3];[14;5;15;6];[7;16;8;17];[22;10;23;9];[18;11;19;12];[20;13;21;14];[15;24;16;1];[2;17;3;18];[12;19;13;20];[4;22;5;21];[8;24;9;23]],12,95,15.50605413
12n_742,[[1;7;2;6];[3;10;4;11];[5;15;6;14];[7;16;8;17];[9;22;10;23];[18;11;19;12];[20;13;21;14];[15;24;16;1];[17;3;18;2];[12;19;13;20];[21;4;22;5];[23;8;24;9]],12,91,16.24412528
12n_743,[[1;7;2;6];[10;4;11;3];[14;5;15;6];[7;16;8;17];[22;10;23;9];[20;11;21;12];[18;13;19;14];[15;24;16;1];[2;17;3;18];[12;19;13;20];[4;22;5;21];[8;24;9;23]],12,85,14.72631123
12n_744,[[1;7;2;6];[10;4;11;3];[5;15;6;14];[7;16;8;17];[22;10;23;9];[11;21;12;20];[13;19;14;18];[15;24;16;1];[17;3;18;2];[19;13;20;12];[4;22;5;21];[8;24;9;23]],12,69,14.93808549
12n_745,[[1;7;2;6];[10;4;11;3];[5;15;6;14];[7;16;8;17];[9;22;10;23];[20;11;21;12];[18;13;19;14];[15;24;16;1];[17;3;18;2];[12;19;13;20];[4;22;5;21];[23;8;24;9]],12,125,17.35700216
12n_746,[[1;7;2;6];[3;10;4;11];[5;15;6;14];[7;16;8;17];[9;22;10;23];[20;11;21;12];[18;13;19;14];[15;24;16;1];[17;3;18;2];[12;19;13;20];[21;4;22;5];[23;8;24;9]],12,119,17.09437262
12n_747,[[1;7;2;6];[10;3;11;4];[14;5;15;6];[7;18;8;19];[2;9;3;10];[20;12;21;11];[4;13;5;14];[15;22;16;23];[17;24;18;1];[19;8;20;9];[12;22;13;21];[23;16;24;17]],12,101,15.86701622
12n_748,[[1;7;2;6];[3;11;4;10];[14;5;15;6];[7;18;8;19];[9;3;10;2];[20;12;21;11];[4;13;5;14];[22;16;23;15];[24;18;1;17];[19;8;20;9];[12;22;13;21];[16;24;17;23]],12,79,14.7901607
12n_749,[[1;7;2;6];[3;11;4;10];[5;15;6;14];[18;8;19;7];[9;3;10;2];[20;12;21;11];[13;5;14;4];[15;22;16;23];[17;24;18;1];[8;20;9;19];[12;22;13;21];[23;16;24;17]],12,7,5.986149363
12n_750,[[1;7;2;6];[3;11;4;10];[5;15;6;14];[7;18;8;19];[9;3;10;2];[20;12;21;11];[13;5;14;4];[22;16;23;15];[24;18;1;17];[19;8;20;9];[12;22;13;21];[16;24;17;23]],12,21,10.52452247
12n_751,[[1;7;2;6];[3;11;4;10];[5;15;6;14];[7;18;8;19];[9;3;10;2];[20;12;21;11];[13;5;14;4];[15;22;16;23];[17;24;18;1];[19;8;20;9];[12;22;13;21];[23;16;24;17]],12,69,14.08224553
12n_752,[[1;7;2;6];[3;11;4;10];[5;15;6;14];[7;18;8;19];[9;3;10;2];[20;12;21;11];[13;5;14;4];[15;24;16;1];[17;22;18;23];[19;8;20;9];[12;22;13;21];[23;16;24;17]],12,87,15.38389615
12n_753,[[1;7;2;6];[3;11;4;10];[5;15;6;14];[18;7;19;8];[9;3;10;2];[11;23;12;22];[13;5;14;4];[15;21;16;20];[8;17;9;18];[19;1;20;24];[21;13;22;12];[23;17;24;16]],12,105,16.56404702
12n_754,[[1;7;2;6];[3;11;4;10];[5;15;6;14];[7;18;8;19];[9;5;10;4];[20;12;21;11];[13;3;14;2];[15;22;16;23];[17;24;18;1];[12;20;13;19];[21;8;22;9];[23;16;24;17]],12,105,16.14471013
12n_755,[[1;7;2;6];[3;11;4;10];[5;15;6;14];[7;18;8;19];[9;5;10;4];[11;20;12;21];[13;3;14;2];[22;16;23;15];[24;18;1;17];[19;12;20;13];[21;8;22;9];[16;24;17;23]],12,119,17.28350508
12n_756,[[1;7;2;6];[3;11;4;10];[5;15;6;14];[7;18;8;19];[9;5;10;4];[20;12;21;11];[13;3;14;2];[15;24;16;1];[17;22;18;23];[12;20;13;19];[21;8;22;9];[23;16;24;17]],12,99,15.86967188
12n_757,[[1;7;2;6];[10;3;11;4];[5;14;6;15];[7;21;8;20];[2;9;3;10];[11;19;12;18];[13;1;14;24];[15;4;16;5];[17;23;18;22];[19;9;20;8];[21;13;22;12];[23;17;24;16]],12,115,17.5281554
12n_758,[[1;7;2;6];[3;11;4;10];[14;6;15;5];[7;21;8;20];[9;3;10;2];[11;19;12;18];[13;1;14;24];[4;16;5;15];[17;23;18;22];[19;9;20;8];[21;13;22;12];[23;17;24;16]],12,103,16.93632194
12n_759,[[1;7;2;6];[10;4;11;3];[5;15;6;14];[7;1;8;24];[9;22;10;23];[20;11;21;12];[18;13;19;14];[15;9;16;8];[17;3;18;2];[12;19;13;20];[4;22;5;21];[23;17;24;16]],12,111,16.58782416
12n_760,[[1;7;2;6];[3;10;4;11];[5;15;6;14];[7;1;8;24];[9;22;10;23];[20;11;21;12];[18;13;19;14];[15;9;16;8];[17;3;18;2];[12;19;13;20];[21;4;22;5];[23;17;24;16]],12,125,17.4721495
12n_761,[[1;7;2;6];[10;4;11;3];[5;17;6;16];[7;13;8;12];[9;20;10;21];[2;12;3;11];[13;23;14;22];[15;5;16;4];[17;24;18;1];[19;15;20;14];[21;8;22;9];[23;18;24;19]],12,61,15.22910045
12n_762,[[1;7;2;6];[3;10;4;11];[5;17;6;16];[7;13;8;12];[20;10;21;9];[11;2;12;3];[13;23;14;22];[15;5;16;4];[17;24;18;1];[19;15;20;14];[8;22;9;21];[23;18;24;19]],12,69,14.9543144
12n_763,[[1;7;2;6];[10;4;11;3];[5;17;6;16];[7;14;8;15];[9;20;10;21];[4;12;5;11];[13;22;14;23];[15;3;16;2];[17;24;18;1];[19;12;20;13];[21;8;22;9];[23;18;24;19]],12,149,18.66575504
12n_764,[[1;7;2;6];[10;4;11;3];[16;6;17;5];[7;15;8;14];[9;23;10;22];[2;12;3;11];[13;21;14;20];[15;1;16;24];[4;18;5;17];[19;9;20;8];[21;13;22;12];[23;19;24;18]],12,23,12.51692814
12n_765,[[1;7;2;6];[10;4;11;3];[5;16;6;17];[7;15;8;14];[9;23;10;22];[2;12;3;11];[13;21;14;20];[15;1;16;24];[17;4;18;5];[19;9;20;8];[21;13;22;12];[23;19;24;18]],12,137,18.53032902
12n_766,[[1;7;2;6];[3;10;4;11];[16;6;17;5];[7;15;8;14];[9;23;10;22];[11;2;12;3];[13;21;14;20];[15;1;16;24];[4;18;5;17];[19;9;20;8];[21;13;22;12];[23;19;24;18]],12,97,16.58040633
12n_767,[[1;7;2;6];[3;10;4;11];[5;16;6;17];[7;19;8;18];[9;21;10;20];[11;4;12;5];[22;13;23;14];[24;15;1;16];[17;2;18;3];[19;9;20;8];[12;21;13;22];[14;23;15;24]],12,75,14.292807
12n_768,[[1;7;2;6];[3;10;4;11];[5;16;6;17];[7;19;8;18];[9;21;10;20];[11;4;12;5];[22;13;23;14];[24;15;1;16];[17;2;18;3];[19;9;20;8];[14;21;15;22];[12;23;13;24]],12,25,11.00200875
12n_769,[[1;7;2;6];[10;4;11;3];[5;16;6;17];[18;7;19;8];[22;9;23;10];[4;12;5;11];[20;13;21;14];[24;15;1;16];[17;2;18;3];[14;19;15;20];[8;21;9;22];[12;23;13;24]],12,87,15.95487356
12n_770,[[1;7;2;6];[10;4;11;3];[5;16;6;17];[7;19;8;18];[9;23;10;22];[4;12;5;11];[13;21;14;20];[15;1;16;24];[17;2;18;3];[19;15;20;14];[21;9;22;8];[23;13;24;12]],12,153,18.88723307
12n_771,[[1;7;2;6];[10;3;11;4];[5;17;6;16];[7;20;8;21];[2;9;3;10];[11;22;12;23];[13;18;14;19];[15;5;16;4];[17;24;18;1];[19;12;20;13];[21;8;22;9];[23;14;24;15]],12,103,16.77602843
12n_772,[[1;7;2;6];[3;11;4;10];[5;17;6;16];[20;8;21;7];[9;3;10;2];[11;22;12;23];[13;18;14;19];[15;5;16;4];[17;24;18;1];[19;12;20;13];[8;22;9;21];[23;14;24;15]],12,127,17.47719269
12n_773,[[1;7;2;6];[3;10;4;11];[5;16;6;17];[7;21;8;20];[9;19;10;18];[11;4;12;5];[22;13;23;14];[24;15;1;16];[17;2;18;3];[19;9;20;8];[12;21;13;22];[14;23;15;24]],12,89,14.68517293
12n_774,[[1;7;2;6];[3;10;4;11];[5;16;6;17];[7;21;8;20];[9;19;10;18];[11;4;12;5];[22;13;23;14];[24;15;1;16];[17;2;18;3];[19;9;20;8];[14;21;15;22];[12;23;13;24]],12,51,12.29006297
12n_775,[[1;7;2;6];[10;4;11;3];[5;16;6;17];[7;20;8;21];[9;23;10;22];[2;12;3;11];[13;8;14;9];[15;1;16;24];[17;4;18;5];[19;14;20;15];[21;13;22;12];[23;19;24;18]],12,131,18.84625178
12n_776,[[1;7;2;6];[3;10;4;11];[16;6;17;5];[7;20;8;21];[9;23;10;22];[11;2;12;3];[13;8;14;9];[15;1;16;24];[4;18;5;17];[19;14;20;15];[21;13;22;12];[23;19;24;18]],12,107,17.53473203
12n_777,[[1;7;2;6];[3;10;4;11];[5;16;6;17];[7;21;8;20];[9;23;10;22];[11;18;12;19];[13;4;14;5];[24;15;1;16];[17;12;18;13];[19;2;20;3];[21;9;22;8];[14;23;15;24]],12,65,14.31513021
12n_778,[[1;7;2;6];[3;11;4;10];[5;16;6;17];[22;7;23;8];[9;3;10;2];[11;19;12;18];[13;21;14;20];[15;1;16;24];[17;4;18;5];[19;13;20;12];[8;21;9;22];[23;15;24;14]],12,85,14.71593965
12n_779,[[1;7;2;6];[3;11;4;10];[5;16;6;17];[7;23;8;22];[9;3;10;2];[20;11;21;12];[18;13;19;14];[15;1;16;24];[17;4;18;5];[12;19;13;20];[21;9;22;8];[23;15;24;14]],12,111,16.84807969
12n_780,[[1;7;2;6];[10;4;11;3];[5;17;6;16];[7;23;8;22];[9;14;10;15];[4;12;5;11];[13;20;14;21];[15;3;16;2];[17;24;18;1];[19;12;20;13];[21;9;22;8];[23;18;24;19]],12,81,15.9614018
12n_781,[[1;7;2;6];[3;10;4;11];[5;17;6;16];[7;23;8;22];[9;14;10;15];[11;4;12;5];[13;20;14;21];[15;3;16;2];[24;18;1;17];[19;12;20;13];[21;9;22;8];[18;24;19;23]],12,93,16.19125881
12n_782,[[1;7;2;6];[3;10;4;11];[5;16;6;17];[7;23;8;22];[9;19;10;18];[11;4;12;5];[13;21;14;20];[24;15;1;16];[17;2;18;3];[19;13;20;12];[21;9;22;8];[14;23;15;24]],12,81,15.26400213
12n_783,[[1;7;2;6];[10;4;11;3];[5;17;6;16];[22;7;23;8];[20;10;21;9];[2;12;3;11];[8;14;9;13];[15;5;16;4];[17;24;18;1];[14;19;15;20];[12;22;13;21];[23;18;24;19]],12,127,18.17980856
12n_784,[[1;7;2;6];[10;4;11;3];[5;17;6;16];[7;23;8;22];[9;20;10;21];[2;12;3;11];[13;8;14;9];[15;5;16;4];[17;24;18;1];[19;15;20;14];[21;12;22;13];[23;18;24;19]],12,123,17.94782949
12n_785,[[1;7;2;6];[3;10;4;11];[5;16;6;17];[7;23;8;22];[9;21;10;20];[11;18;12;19];[13;4;14;5];[24;15;1;16];[17;12;18;13];[19;2;20;3];[21;9;22;8];[14;23;15;24]],12,91,15.17406533
12n_786,[[1;7;2;6];[10;4;11;3];[16;6;17;5];[7;1;8;24];[20;9;21;10];[18;12;19;11];[4;14;5;13];[22;15;23;16];[12;18;13;17];[2;20;3;19];[14;21;15;22];[23;9;24;8]],12,139,18.06006868
12n_787,[[1;7;2;6];[10;3;11;4];[18;6;19;5];[7;15;8;14];[2;9;3;10];[20;11;21;12];[13;9;14;8];[15;23;16;22];[17;1;18;24];[4;20;5;19];[12;21;13;22];[23;17;24;16]],12,71,14.27333895
12n_788,[[1;7;2;6];[10;3;11;4];[18;6;19;5];[7;15;8;14];[2;9;3;10];[20;11;21;12];[13;9;14;8];[15;1;16;24];[17;23;18;22];[4;20;5;19];[12;21;13;22];[23;17;24;16]],12,109,16.01272656
12n_789,[[1;7;2;6];[10;3;11;4];[5;19;6;18];[7;15;8;14];[2;9;3;10];[11;22;12;23];[13;9;14;8];[15;20;16;21];[17;5;18;4];[19;24;20;1];[21;12;22;13];[23;16;24;17]],12,89,17.04923591
12n_790,[[1;7;2;6];[3;11;4;10];[5;19;6;18];[14;7;15;8];[9;3;10;2];[11;22;12;23];[8;13;9;14];[15;20;16;21];[17;5;18;4];[19;24;20;1];[21;12;22;13];[23;16;24;17]],12,133,18.16852037
12n_791,[[1;7;2;6];[3;11;4;10];[5;19;6;18];[7;15;8;14];[9;3;10;2];[22;12;23;11];[13;9;14;8];[15;20;16;21];[17;5;18;4];[19;24;20;1];[12;22;13;21];[23;16;24;17]],12,93,16.75997362
12n_792,[[1;7;2;6];[10;3;11;4];[18;6;19;5];[7;17;8;16];[2;9;3;10];[20;11;21;12];[22;13;23;14];[15;9;16;8];[17;1;18;24];[4;20;5;19];[12;21;13;22];[14;23;15;24]],12,79,13.99645752
12n_793,[[1;7;2;6];[3;11;4;10];[5;18;6;19];[16;7;17;8];[9;3;10;2];[11;21;12;20];[13;23;14;22];[8;15;9;16];[17;1;18;24];[19;4;20;5];[21;13;22;12];[23;15;24;14]],12,61,12.57189969
12n_794,[[1;7;2;6];[10;3;11;4];[18;6;19;5];[7;17;8;16];[2;9;3;10];[20;11;21;12];[22;13;23;14];[15;9;16;8];[17;1;18;24];[4;20;5;19];[14;21;15;22];[12;23;13;24]],12,101,15.70684038
12n_795,[[1;7;2;6];[3;11;4;10];[5;18;6;19];[16;7;17;8];[9;3;10;2];[11;21;12;20];[13;23;14;22];[8;15;9;16];[17;1;18;24];[19;4;20;5];[21;15;22;14];[23;13;24;12]],12,79,14.22192445
12n_796,[[1;7;2;6];[10;4;11;3];[5;18;6;19];[7;17;8;16];[9;21;10;20];[4;12;5;11];[13;23;14;22];[15;9;16;8];[17;1;18;24];[19;2;20;3];[21;13;22;12];[23;15;24;14]],12,97,15.80253932
12n_797,[[1;7;2;6];[10;4;11;3];[5;18;6;19];[7;17;8;16];[9;21;10;20];[4;12;5;11];[13;23;14;22];[15;9;16;8];[17;1;18;24];[19;2;20;3];[21;15;22;14];[23;13;24;12]],12,59,14.40647488
12n_798,[[1;7;2;6];[10;4;11;3];[5;18;6;19];[16;7;17;8];[22;9;23;10];[11;20;12;21];[13;4;14;5];[8;15;9;16];[17;1;18;24];[19;12;20;13];[2;22;3;21];[14;23;15;24]],12,91,16.47577813
12n_799,[[1;7;2;6];[10;4;11;3];[5;18;6;19];[7;21;8;20];[9;14;10;15];[4;12;5;11];[13;23;14;22];[15;8;16;9];[17;1;18;24];[19;2;20;3];[21;17;22;16];[23;13;24;12]],12,135,18.59088591
12n_800,[[1;7;2;6];[3;10;4;11];[5;18;6;19];[7;21;8;20];[9;14;10;15];[11;4;12;5];[22;13;23;14];[15;8;16;9];[17;1;18;24];[19;2;20;3];[21;17;22;16];[12;23;13;24]],12,115,17.6063168
12n_801,[[1;7;2;6];[3;11;4;10];[18;5;19;6];[7;23;8;22];[9;3;10;2];[16;12;17;11];[24;14;1;13];[20;16;21;15];[4;17;5;18];[12;20;13;19];[21;9;22;8];[14;24;15;23]],12,19,11.42403959
12n_802,[[1;7;2;6];[3;11;4;10];[5;19;6;18];[22;7;23;8];[9;3;10;2];[11;16;12;17];[13;24;14;1];[15;20;16;21];[17;5;18;4];[19;12;20;13];[8;21;9;22];[23;14;24;15]],12,121,17.17026955
12n_803,[[1;7;2;6];[3;11;4;10];[5;19;6;18];[7;23;8;22];[9;3;10;2];[11;16;12;17];[24;14;1;13];[15;20;16;21];[17;5;18;4];[19;12;20;13];[21;9;22;8];[14;24;15;23]],12,105,16.37279475
12n_804,[[1;7;2;6];[10;4;11;3];[18;5;19;6];[7;1;8;24];[16;9;17;10];[2;12;3;11];[20;14;21;13];[22;16;23;15];[4;17;5;18];[8;19;9;20];[14;22;15;21];[12;24;13;23]],12,95,15.18550093
12n_805,[[1;7;2;6];[10;4;11;3];[18;5;19;6];[7;1;8;24];[16;9;17;10];[2;12;3;11];[22;14;23;13];[20;16;21;15];[4;17;5;18];[8;19;9;20];[14;22;15;21];[12;24;13;23]],12,85,14.27049199
12n_806,[[1;7;2;6];[10;4;11;3];[20;6;21;5];[7;13;8;12];[16;10;17;9];[2;12;3;11];[13;19;14;18];[22;16;23;15];[8;18;9;17];[19;1;20;24];[4;22;5;21];[14;24;15;23]],12,63,15.26568579
12n_807,[[1;7;2;6];[10;4;11;3];[20;6;21;5];[7;13;8;12];[16;10;17;9];[2;12;3;11];[13;19;14;18];[15;22;16;23];[8;18;9;17];[19;1;20;24];[4;22;5;21];[23;14;24;15]],12,57,14.46230946
12n_808,[[1;7;2;6];[10;4;11;3];[20;6;21;5];[7;13;8;12];[9;16;10;17];[2;12;3;11];[13;19;14;18];[15;22;16;23];[17;8;18;9];[19;1;20;24];[4;22;5;21];[23;14;24;15]],12,31,13.49883857
12n_809,[[1;7;2;6];[10;4;11;3];[5;20;6;21];[7;13;8;12];[9;16;10;17];[2;12;3;11];[13;19;14;18];[22;16;23;15];[17;8;18;9];[19;1;20;24];[21;4;22;5];[14;24;15;23]],12,15,11.43931112
12n_810,[[1;7;2;6];[10;4;11;3];[5;20;6;21];[7;13;8;12];[9;16;10;17];[2;12;3;11];[13;19;14;18];[15;22;16;23];[17;8;18;9];[19;1;20;24];[21;4;22;5];[23;14;24;15]],12,55,15.31491551
12n_811,[[1;7;2;6];[10;4;11;3];[20;6;21;5];[7;13;8;12];[16;10;17;9];[2;12;3;11];[13;1;14;24];[15;22;16;23];[8;18;9;17];[19;14;20;15];[4;22;5;21];[23;18;24;19]],12,63,15.00709249
12n_812,[[1;7;2;6];[10;4;11;3];[20;6;21;5];[7;13;8;12];[9;16;10;17];[2;12;3;11];[13;1;14;24];[15;22;16;23];[17;8;18;9];[19;14;20;15];[4;22;5;21];[23;18;24;19]],12,9,12.86900271
12n_813,[[1;7;2;6];[10;4;11;3];[5;20;6;21];[7;13;8;12];[9;16;10;17];[2;12;3;11];[13;1;14;24];[15;22;16;23];[17;8;18;9];[19;14;20;15];[21;4;22;5];[23;18;24;19]],12,81,16.60743066
12n_814,[[1;7;2;6];[3;10;4;11];[20;6;21;5];[7;13;8;12];[16;10;17;9];[11;2;12;3];[24;13;1;14];[22;16;23;15];[8;18;9;17];[14;20;15;19];[4;22;5;21];[18;24;19;23]],12,95,17.0719461
12n_815,[[1;7;2;6];[3;10;4;11];[20;6;21;5];[7;13;8;12];[16;10;17;9];[11;2;12;3];[13;1;14;24];[15;22;16;23];[8;18;9;17];[19;14;20;15];[4;22;5;21];[23;18;24;19]],12,7,12.89450181
12n_816,[[1;7;2;6];[3;10;4;11];[20;6;21;5];[7;13;8;12];[9;16;10;17];[11;2;12;3];[13;1;14;24];[15;22;16;23];[17;8;18;9];[19;14;20;15];[4;22;5;21];[23;18;24;19]],12,113,18.10305983
12n_817,[[1;7;2;6];[3;10;4;11];[5;21;6;20];[7;13;8;12];[9;19;10;18];[11;2;12;3];[22;13;23;14];[24;15;1;16];[17;9;18;8];[19;5;20;4];[16;21;17;22];[14;23;15;24]],12,49,12.1618421
12n_818,[[1;7;2;6];[3;10;4;11];[5;21;6;20];[7;13;8;12];[9;19;10;18];[11;2;12;3];[24;13;1;14];[22;15;23;16];[17;9;18;8];[19;5;20;4];[16;21;17;22];[14;23;15;24]],12,91,14.98558166
12n_819,[[1;7;2;6];[3;11;4;10];[5;21;6;20];[14;8;15;7];[9;3;10;2];[11;18;12;19];[13;24;14;1];[8;16;9;15];[17;22;18;23];[19;5;20;4];[21;12;22;13];[23;16;24;17]],12,107,16.61725519
12n_820,[[1;7;2;6];[10;3;11;4];[20;5;21;6];[7;16;8;17];[2;9;3;10];[18;12;19;11];[13;22;14;23];[15;24;16;1];[17;8;18;9];[4;19;5;20];[21;12;22;13];[23;14;24;15]],12,91,14.61376889
12n_821,[[1;7;2;6];[10;3;11;4];[5;21;6;20];[16;8;17;7];[2;9;3;10];[18;12;19;11];[13;22;14;23];[15;24;16;1];[8;18;9;17];[19;5;20;4];[21;12;22;13];[23;14;24;15]],12,35,10.09281296
12n_822,[[1;7;2;6];[3;11;4;10];[20;5;21;6];[7;16;8;17];[9;3;10;2];[18;12;19;11];[22;14;23;13];[24;16;1;15];[17;8;18;9];[4;19;5;20];[12;22;13;21];[14;24;15;23]],12,55,12.45071964
12n_823,[[1;7;2;6];[10;3;11;4];[20;5;21;6];[7;16;8;17];[2;9;3;10];[18;12;19;11];[13;22;14;23];[15;24;16;1];[17;8;18;9];[4;19;5;20];[21;14;22;15];[23;12;24;13]],12,105,15.75088116
12n_824,[[1;7;2;6];[10;3;11;4];[5;21;6;20];[16;8;17;7];[2;9;3;10];[18;12;19;11];[13;22;14;23];[15;24;16;1];[8;18;9;17];[19;5;20;4];[21;14;22;15];[23;12;24;13]],12,65,13.65317155
12n_825,[[1;7;2;6];[3;11;4;10];[20;5;21;6];[7;16;8;17];[9;3;10;2];[18;12;19;11];[22;14;23;13];[24;16;1;15];[17;8;18;9];[4;19;5;20];[14;22;15;21];[12;24;13;23]],12,45,11.90775767
12n_826,[[1;7;2;6];[3;11;4;10];[5;20;6;21];[16;7;17;8];[9;3;10;2];[11;23;12;22];[13;19;14;18];[8;15;9;16];[17;1;18;24];[19;13;20;12];[21;4;22;5];[23;15;24;14]],12,99,16.00124578
12n_827,[[1;7;2;6];[10;4;11;3];[20;5;21;6];[7;1;8;24];[16;9;17;10];[18;12;19;11];[2;14;3;13];[22;16;23;15];[4;17;5;18];[12;20;13;19];[8;21;9;22];[14;24;15;23]],12,119,16.97900046
12n_828,[[1;7;2;6];[3;10;4;11];[5;23;6;22];[7;15;8;14];[9;19;10;18];[11;20;12;21];[13;2;14;3];[24;15;1;16];[17;9;18;8];[19;5;20;4];[21;12;22;13];[16;23;17;24]],12,109,16.64687539
12n_829,[[1;7;2;6];[10;3;11;4];[22;5;23;6];[7;16;8;17];[2;9;3;10];[18;12;19;11];[20;14;21;13];[15;24;16;1];[17;8;18;9];[12;20;13;19];[4;21;5;22];[23;14;24;15]],12,91,15.49000541
12n_830,[[1;7;2;6];[3;11;4;10];[5;23;6;22];[16;8;17;7];[9;3;10;2];[18;12;19;11];[20;14;21;13];[15;24;16;1];[8;18;9;17];[12;20;13;19];[21;5;22;4];[23;14;24;15]],12,17,9.496073787
12n_831,[[1;7;2;6];[3;11;4;10];[5;23;6;22];[7;16;8;17];[9;3;10;2];[18;12;19;11];[20;14;21;13];[15;24;16;1];[17;8;18;9];[12;20;13;19];[21;5;22;4];[23;14;24;15]],12,99,16.12782982
12n_832,[[1;7;2;6];[10;3;11;4];[22;5;23;6];[7;16;8;17];[2;9;3;10];[20;12;21;11];[18;14;19;13];[15;24;16;1];[17;8;18;9];[12;20;13;19];[4;21;5;22];[23;14;24;15]],12,105,15.8550165
12n_833,[[1;7;2;6];[10;4;11;3];[5;23;6;22];[7;16;8;17];[9;20;10;21];[4;12;5;11];[13;18;14;19];[15;24;16;1];[17;8;18;9];[19;12;20;13];[21;3;22;2];[23;14;24;15]],12,99,16.20208224
12n_834,[[1;7;2;6];[10;3;11;4];[5;23;6;22];[7;19;8;18];[2;9;3;10];[11;17;12;16];[13;1;14;24];[15;21;16;20];[17;9;18;8];[19;13;20;12];[21;5;22;4];[23;15;24;14]],12,113,17.38147212
12n_835,[[1;7;2;6];[3;11;4;10];[5;23;6;22];[18;7;19;8];[9;3;10;2];[16;11;17;12];[24;13;1;14];[20;15;21;16];[8;17;9;18];[12;19;13;20];[21;5;22;4];[14;23;15;24]],12,13,10.95210212
12n_836,[[1;7;2;6];[3;11;4;10];[5;23;6;22];[18;7;19;8];[9;3;10;2];[11;17;12;16];[13;1;14;24];[15;21;16;20];[8;17;9;18];[19;13;20;12];[21;5;22;4];[23;15;24;14]],12,117,17.09346924
12n_837,[[1;7;2;6];[12;3;13;4];[10;6;11;5];[7;16;8;17];[9;15;10;14];[20;11;21;12];[18;14;19;13];[15;24;16;1];[17;23;18;22];[4;19;5;20];[2;22;3;21];[23;8;24;9]],12,169,19.74585757
12n_838,[[1;7;2;6];[12;3;13;4];[5;10;6;11];[16;8;17;7];[9;15;10;14];[11;21;12;20];[18;14;19;13];[15;24;16;1];[22;17;23;18];[19;5;20;4];[2;22;3;21];[8;24;9;23]],12,25,11.10242556
12n_839,[[1;7;2;6];[12;3;13;4];[5;10;6;11];[7;16;8;17];[9;15;10;14];[20;11;21;12];[13;18;14;19];[15;24;16;1];[17;23;18;22];[4;19;5;20];[21;2;22;3];[23;8;24;9]],12,121,17.76513858
12n_840,[[1;7;2;6];[12;3;13;4];[5;10;6;11];[7;16;8;17];[9;1;10;24];[20;11;21;12];[13;18;14;19];[15;8;16;9];[17;23;18;22];[4;19;5;20];[21;2;22;3];[23;15;24;14]],12,119,17.46668823
12n_841,[[1;7;2;6];[12;3;13;4];[10;6;11;5];[7;19;8;18];[9;20;10;21];[16;11;17;12];[22;13;23;14];[4;15;5;16];[2;18;3;17];[19;1;20;24];[14;21;15;22];[23;8;24;9]],12,81,16.7229001
12n_842,[[1;7;2;6];[3;13;4;12];[5;10;6;11];[7;19;8;18];[9;20;10;21];[11;17;12;16];[22;13;23;14];[15;5;16;4];[17;2;18;3];[19;1;20;24];[14;21;15;22];[23;8;24;9]],12,181,20.22452168
12n_843,[[1;7;2;6];[12;3;13;4];[10;6;11;5];[7;1;8;24];[9;15;10;14];[20;11;21;12];[18;14;19;13];[15;9;16;8];[17;23;18;22];[4;19;5;20];[2;22;3;21];[23;17;24;16]],12,147,18.58139239
12n_844,[[1;7;2;6];[12;3;13;4];[5;10;6;11];[7;1;8;24];[9;15;10;14];[20;11;21;12];[13;18;14;19];[15;9;16;8];[17;23;18;22];[4;19;5;20];[21;2;22;3];[23;17;24;16]],12,75,14.55246347
12n_845,[[1;7;2;6];[12;4;13;3];[14;5;15;6];[7;16;8;17];[20;10;21;9];[22;12;23;11];[18;13;19;14];[15;24;16;1];[2;17;3;18];[4;20;5;19];[10;22;11;21];[8;24;9;23]],12,99,15.91091771
12n_846,[[1;7;2;6];[12;4;13;3];[14;5;15;6];[7;16;8;17];[22;10;23;9];[20;12;21;11];[18;13;19;14];[15;24;16;1];[2;17;3;18];[4;20;5;19];[10;22;11;21];[8;24;9;23]],12,81,14.37121689
12n_847,[[1;7;2;6];[3;12;4;13];[5;15;6;14];[7;16;8;17];[22;10;23;9];[20;12;21;11];[13;19;14;18];[15;24;16;1];[17;3;18;2];[19;4;20;5];[10;22;11;21];[8;24;9;23]],12,75,15.4550838
12n_848,[[1;7;2;6];[12;4;13;3];[14;5;15;6];[7;1;8;24];[20;10;21;9];[22;12;23;11];[18;13;19;14];[15;9;16;8];[2;17;3;18];[4;20;5;19];[10;22;11;21];[23;17;24;16]],12,85,16.09891272
12n_849,[[1;7;2;6];[3;12;4;13];[5;15;6;14];[7;1;8;24];[20;10;21;9];[22;12;23;11];[13;19;14;18];[15;9;16;8];[17;3;18;2];[19;4;20;5];[10;22;11;21];[23;17;24;16]],12,161,19.02243579
12n_850,[[1;7;2;6];[12;4;13;3];[16;6;17;5];[7;15;8;14];[9;21;10;20];[11;23;12;22];[2;14;3;13];[15;1;16;24];[4;18;5;17];[19;9;20;8];[21;11;22;10];[23;19;24;18]],12,15,8.93345643
12n_851,[[1;7;2;6];[12;4;13;3];[16;6;17;5];[7;15;8;14];[9;21;10;20];[11;23;12;22];[2;14;3;13];[15;1;16;24];[4;18;5;17];[19;11;20;10];[21;9;22;8];[23;19;24;18]],12,5,9.322652651
12n_852,[[1;7;2;6];[3;13;4;12];[5;17;6;16];[7;18;8;19];[9;22;10;23];[11;5;12;4];[20;14;21;13];[15;3;16;2];[17;24;18;1];[14;20;15;19];[21;8;22;9];[23;10;24;11]],12,125,17.61910845
12n_853,[[1;7;2;6];[3;12;4;13];[5;16;6;17];[7;19;8;18];[9;1;10;24];[11;21;12;20];[13;4;14;5];[22;15;23;16];[17;2;18;3];[19;9;20;8];[14;21;15;22];[23;11;24;10]],12,125,17.46547756
12n_854,[[1;7;2;6];[3;13;4;12];[5;17;6;16];[7;20;8;21];[9;19;10;18];[11;5;12;4];[22;14;23;13];[15;3;16;2];[17;11;18;10];[19;24;20;1];[14;22;15;21];[23;8;24;9]],12,143,18.49267622
12n_855,[[1;7;2;6];[3;12;4;13];[5;16;6;17];[7;21;8;20];[9;23;10;22];[11;19;12;18];[13;4;14;5];[24;15;1;16];[17;2;18;3];[19;11;20;10];[21;9;22;8];[14;23;15;24]],12,85,14.60543825
12n_856,[[1;7;2;6];[3;12;4;13];[5;16;6;17];[7;23;8;22];[9;21;10;20];[11;19;12;18];[13;4;14;5];[24;15;1;16];[17;2;18;3];[19;11;20;10];[21;9;22;8];[14;23;15;24]],12,55,11.70662233
12n_857,[[1;7;2;6];[12;3;13;4];[5;16;6;17];[7;1;8;24];[9;15;10;14];[4;11;5;12];[13;23;14;22];[15;20;16;21];[17;2;18;3];[19;8;20;9];[21;11;22;10];[23;18;24;19]],12,139,18.69165246
12n_858,[[1;7;2;6];[12;3;13;4];[5;16;6;17];[7;1;8;24];[20;9;21;10];[4;11;5;12];[22;13;23;14];[8;16;9;15];[17;2;18;3];[14;19;15;20];[10;21;11;22];[18;24;19;23]],12,111,17.50193294
12n_859,[[1;7;2;6];[12;3;13;4];[5;16;6;17];[7;1;8;24];[9;21;10;20];[4;11;5;12];[13;23;14;22];[15;8;16;9];[17;2;18;3];[19;15;20;14];[21;11;22;10];[23;18;24;19]],12,149,18.65760985
12n_860,[[1;7;2;6];[3;12;4;13];[5;18;6;19];[7;17;8;16];[20;9;21;10];[22;11;23;12];[13;4;14;5];[15;9;16;8];[17;1;18;24];[19;2;20;3];[10;21;11;22];[23;15;24;14]],12,143,18.14786705
12n_861,[[1;7;2;6];[3;13;4;12];[5;19;6;18];[20;8;21;7];[9;3;10;2];[11;17;12;16];[13;22;14;23];[15;5;16;4];[17;11;18;10];[19;24;20;1];[8;22;9;21];[23;14;24;15]],12,95,16.40750006
12n_862,[[1;7;2;6];[3;13;4;12];[5;19;6;18];[7;20;8;21];[9;3;10;2];[11;17;12;16];[22;14;23;13];[15;5;16;4];[17;11;18;10];[19;24;20;1];[21;8;22;9];[14;24;15;23]],12,127,17.98749729
12n_863,[[1;7;2;6];[12;4;13;3];[5;18;6;19];[7;21;8;20];[9;17;10;16];[11;23;12;22];[4;14;5;13];[15;11;16;10];[17;1;18;24];[19;2;20;3];[21;9;22;8];[23;15;24;14]],12,145,18.45252173
12n_864,[[1;7;2;6];[12;4;13;3];[18;5;19;6];[7;1;8;24];[16;9;17;10];[22;12;23;11];[2;14;3;13];[20;16;21;15];[4;17;5;18];[8;19;9;20];[10;22;11;21];[14;24;15;23]],12,131,18.03500358
12n_865,[[1;7;2;6];[12;4;13;3];[18;5;19;6];[7;1;8;24];[20;9;21;10];[16;11;17;12];[2;14;3;13];[22;16;23;15];[4;17;5;18];[8;19;9;20];[10;21;11;22];[14;24;15;23]],12,99,16.01280161
12n_866,[[1;7;2;6];[12;4;13;3];[18;5;19;6];[7;1;8;24];[20;9;21;10];[22;12;23;11];[2;14;3;13];[10;16;11;15];[4;17;5;18];[8;19;9;20];[16;21;17;22];[14;24;15;23]],12,141,18.51541093
12n_867,[[1;7;2;6];[12;3;13;4];[20;5;21;6];[7;16;8;17];[9;22;10;23];[2;11;3;12];[18;14;19;13];[15;24;16;1];[17;10;18;11];[4;19;5;20];[21;14;22;15];[23;8;24;9]],12,133,17.7946845
12n_868,[[1;7;2;6];[12;3;13;4];[5;23;6;22];[7;20;8;21];[9;15;10;14];[4;11;5;12];[13;19;14;18];[24;15;1;16];[17;11;18;10];[19;8;20;9];[21;3;22;2];[16;23;17;24]],12,33,13.95559828
12n_869,[[1;7;2;6];[12;3;13;4];[5;23;6;22];[7;20;8;21];[9;15;10;14];[4;11;5;12];[13;19;14;18];[15;1;16;24];[17;11;18;10];[19;8;20;9];[21;3;22;2];[23;17;24;16]],12,135,18.51442607
12n_870,[[1;7;2;6];[14;4;15;3];[5;11;6;10];[20;7;21;8];[9;3;10;2];[11;24;12;1];[13;18;14;19];[4;16;5;15];[17;23;18;22];[8;19;9;20];[21;12;22;13];[23;17;24;16]],12,25,13.36633163
12n_871,[[1;7;2;6];[14;4;15;3];[5;11;6;10];[7;21;8;20];[9;3;10;2];[11;24;12;1];[13;18;14;19];[4;16;5;15];[17;23;18;22];[19;9;20;8];[21;12;22;13];[23;17;24;16]],12,119,18.14030522
12n_872,[[1;7;2;6];[3;14;4;15];[5;11;6;10];[20;7;21;8];[9;3;10;2];[11;24;12;1];[13;18;14;19];[15;4;16;5];[17;23;18;22];[8;19;9;20];[21;12;22;13];[23;17;24;16]],12,131,18.32761336
12n_873,[[1;7;2;6];[3;14;4;15];[5;10;6;11];[7;21;8;20];[9;1;10;24];[11;2;12;3];[18;14;19;13];[15;4;16;5];[22;17;23;18];[12;20;13;19];[21;9;22;8];[16;23;17;24]],12,85,16.70353111
12n_874,[[1;7;2;6];[3;14;4;15];[5;10;6;11];[7;21;8;20];[9;1;10;24];[11;2;12;3];[18;14;19;13];[15;4;16;5];[17;23;18;22];[12;20;13;19];[21;9;22;8];[23;17;24;16]],12,123,18.23191319
12n_875,[[1;7;2;6];[3;14;4;15];[5;18;6;19];[7;1;8;24];[16;10;17;9];[11;21;12;20];[13;23;14;22];[15;4;16;5];[8;18;9;17];[19;2;20;3];[21;13;22;12];[23;11;24;10]],12,99,15.61088752
12n_876,[[1;7;2;6];[3;14;4;15];[5;18;6;19];[7;1;8;24];[16;10;17;9];[11;23;12;22];[13;21;14;20];[15;4;16;5];[8;18;9;17];[19;2;20;3];[21;13;22;12];[23;11;24;10]],12,81,14.30837456
12n_877,[[1;7;2;6];[16;3;17;4];[5;10;6;11];[7;20;8;21];[9;1;10;24];[11;2;12;3];[13;19;14;18];[4;15;5;16];[17;22;18;23];[19;8;20;9];[21;13;22;12];[23;14;24;15]],12,155,19.46882419
12n_878,[[1;7;2;6];[3;17;4;16];[5;13;6;12];[7;19;8;18];[9;22;10;23];[11;3;12;2];[20;13;21;14];[15;5;16;4];[17;11;18;10];[19;1;20;24];[14;21;15;22];[23;8;24;9]],12,139,18.64041118
12n_879,[[1;7;2;6];[3;16;4;17];[5;19;6;18];[22;7;23;8];[9;3;10;2];[11;4;12;5];[13;24;14;1];[15;20;16;21];[17;11;18;10];[19;12;20;13];[8;21;9;22];[23;14;24;15]],12,143,18.45969773
12n_880,[[1;7;2;6];[3;18;4;19];[5;21;6;20];[14;8;15;7];[9;3;10;2];[11;4;12;5];[13;24;14;1];[8;16;9;15];[17;22;18;23];[19;11;20;10];[21;12;22;13];[23;16;24;17]],12,133,18.2246473
12n_881,[[1;7;2;6];[20;4;21;3];[10;6;11;5];[7;1;8;24];[9;15;10;14];[4;12;5;11];[18;14;19;13];[15;9;16;8];[17;23;18;22];[12;20;13;19];[2;22;3;21];[23;17;24;16]],12,121,17.01033179
12n_882,[[1;7;2;6];[20;3;21;4];[12;5;13;6];[7;16;8;17];[9;18;10;19];[4;11;5;12];[13;22;14;23];[15;24;16;1];[17;8;18;9];[2;19;3;20];[10;22;11;21];[23;14;24;15]],12,99,15.18651948
12n_883,[[1;7;2;6];[3;21;4;20];[5;18;6;19];[16;7;17;8];[9;3;10;2];[11;4;12;5];[13;23;14;22];[8;15;9;16];[17;1;18;24];[19;10;20;11];[21;13;22;12];[23;15;24;14]],12,99,15.95714545
12n_884,[[1;7;2;6];[3;21;4;20];[5;18;6;19];[16;7;17;8];[9;3;10;2];[11;4;12;5];[13;23;14;22];[8;15;9;16];[17;1;18;24];[19;10;20;11];[21;15;22;14];[23;13;24;12]],12,81,15.5853602
12n_885,[[1;7;2;6];[3;21;4;20];[5;18;6;19];[7;17;8;16];[9;3;10;2];[11;4;12;5];[22;13;23;14];[15;9;16;8];[17;1;18;24];[19;10;20;11];[14;21;15;22];[12;23;13;24]],12,149,18.91805537
12n_886,[[1;9;2;8];[3;10;4;11];[5;13;6;12];[7;19;8;18];[9;16;10;17];[11;21;12;20];[24;14;1;13];[22;16;23;15];[17;3;18;2];[19;7;20;6];[21;4;22;5];[14;24;15;23]],12,159,18.94037338
12n_887,[[1;9;2;8];[3;10;4;11];[5;13;6;12];[7;1;8;24];[9;19;10;18];[11;20;12;21];[13;7;14;6];[22;16;23;15];[17;2;18;3];[19;5;20;4];[14;22;15;21];[16;24;17;23]],12,125,17.30337924
12n_888,[[1;11;2;10];[3;13;4;12];[20;6;21;5];[16;8;17;7];[18;10;19;9];[11;3;12;2];[13;23;14;22];[15;1;16;24];[8;18;9;17];[4;20;5;19];[6;22;7;21];[23;15;24;14]],12,45,13.64075175
