,Name,PD Notation,Volume,Crossing Number,Determinant,n_crossings,n_faces,writhe,is_alternating,n_edges,n_nodes,average_degree,std_degrees,density
0,4^2_1,[[5; 0; 6; 1]; [1; 6; 2; 7]; [7; 2; 4; 3]; [3; 4; 0; 5]],0.0,4,31,4,6,-4,True,8,6,2.6666666666666665,0.9428090415820634,0.5333333333333333
1,5^2_1,[[7; 0; 8; 1]; [1; 4; 2; 5]; [9; 3; 6; 2]; [3; 9; 4; 8]; [5; 6; 0; 7]],3.663862377,5,31,5,7,-1,True,10,7,2.857142857142857,0.6388765649999398,0.47619047619047616
2,6^2_1,[[0; 8; 1; 7]; [6; 2; 7; 1]; [2; 6; 3; 11]; [10; 4; 11; 3]; [4; 10; 5; 9]; [8; 0; 9; 5]],0.0,6,31,6,8,6,True,12,8,3.0,1.7320508075688772,0.42857142857142855
3,6^2_2,[[7; 0; 8; 1]; [1; 8; 2; 9]; [9; 2; 10; 3]; [3; 6; 4; 7]; [11; 4; 6; 5]; [5; 10; 0; 11]],4.059766426,6,31,6,8,-6,True,12,8,3.0,1.0,0.42857142857142855
4,6^2_3,[[9; 0; 10; 1]; [1; 6; 2; 7]; [5; 2; 6; 3]; [3; 10; 4; 11]; [11; 4; 8; 5]; [7; 8; 0; 9]],5.333489567,6,31,6,8,-6,True,12,8,3.0,0.8660254037844386,0.42857142857142855
5,7^2_1,[[0; 9; 1; 10]; [4; 1; 5; 2]; [2; 12; 3; 11]; [10; 4; 11; 3]; [12; 5; 13; 6]; [6; 13; 7; 8]; [8; 7; 9; 0]],4.749499982,7,31,7,9,-3,True,14,9,3.111111111111111,1.3698697784375504,0.3888888888888889
6,7^2_2,[[0; 10; 1; 9]; [8; 2; 9; 1]; [2; 7; 3; 0]; [12; 3; 13; 4]; [4; 11; 5; 12]; [10; 5; 11; 6]; [6; 13; 7; 8]],6.598951539,7,31,7,9,-3,True,14,9,3.111111111111111,0.9938079899999066,0.3888888888888889
7,7^2_3,[[11; 0; 12; 1]; [1; 8; 2; 9]; [7; 2; 8; 3]; [3; 6; 4; 7]; [13; 5; 10; 4]; [5; 13; 6; 12]; [9; 10; 0; 11]],6.138138789,7,31,7,9,-3,True,14,9,3.111111111111111,1.1967032904743342,0.3888888888888889
8,7^2_4,[[0; 12; 1; 11]; [6; 2; 7; 1]; [2; 8; 3; 7]; [8; 4; 9; 3]; [4; 13; 5; 10]; [12; 5; 13; 6]; [10; 0; 11; 9]],6.138138789,7,31,7,9,3,True,14,9,3.111111111111111,1.1967032904743342,0.3888888888888889
9,7^2_5,[[11; 1; 12; 0]; [1; 6; 2; 7]; [7; 2; 8; 3]; [3; 13; 4; 12]; [13; 5; 10; 4]; [5; 8; 6; 9]; [9; 11; 0; 10]],7.706911803,7,31,7,9,1,True,14,9,3.111111111111111,0.8748897637790901,0.3888888888888889
10,7^2_6,[[5; 0; 6; 1]; [1; 12; 2; 13]; [7; 3; 8; 2]; [3; 11; 4; 10]; [9; 4; 0; 5]; [11; 7; 12; 6]; [13; 8; 10; 9]],8.997351944,7,31,7,9,-1,True,14,9,3.111111111111111,0.5665577237325317,0.3888888888888889
11,7^2_7,[[0; 12; 1; 11]; [6; 2; 7; 1]; [2; 8; 3; 7]; [8; 4; 9; 3]; [13; 5; 10; 4]; [5; 13; 6; 12]; [10; 0; 11; 9]],0.0,7,31,7,9,7,False,14,9,3.111111111111111,1.1967032904743342,0.3888888888888889
12,7^2_8,[[11; 1; 12; 0]; [1; 6; 2; 7]; [7; 2; 8; 3]; [12; 3; 13; 4]; [4; 13; 5; 10]; [5; 8; 6; 9]; [9; 11; 0; 10]],3.663862377,7,31,7,9,-3,False,14,9,3.111111111111111,0.8748897637790901,0.3888888888888889
13,8^2_1,[[0; 10; 1; 9]; [8; 2; 9; 1]; [2; 8; 3; 15]; [14; 4; 15; 3]; [4; 14; 5; 13]; [12; 6; 13; 5]; [6; 12; 7; 11]; [10; 0; 11; 7]],0.0,8,31,8,10,8,True,16,10,3.2,2.4,0.35555555555555557
14,8^2_2,[[0; 10; 1; 9]; [10; 2; 11; 1]; [2; 12; 3; 11]; [12; 4; 13; 3]; [4; 14; 5; 13]; [8; 6; 9; 5]; [6; 8; 7; 15]; [14; 0; 15; 7]],4.851170757,8,31,8,10,8,True,16,10,3.2,1.6,0.35555555555555557
15,8^2_3,[[11; 1; 12; 0]; [1; 11; 2; 10]; [7; 2; 8; 3]; [3; 6; 4; 7]; [15; 5; 10; 4]; [5; 15; 6; 14]; [13; 9; 14; 8]; [9; 13; 0; 12]],6.947555449,8,31,8,10,4,True,16,10,3.2,1.4000000000000001,0.35555555555555557
16,8^2_4,[[9; 0; 10; 1]; [1; 14; 2; 15]; [13; 2; 14; 3]; [3; 10; 4; 11]; [11; 4; 12; 5]; [5; 12; 6; 13]; [15; 6; 8; 7]; [7; 8; 0; 9]],7.517689897,8,31,8,10,-8,True,16,10,3.2,1.32664991614216,0.35555555555555557
17,8^2_5,[[3; 0; 4; 1]; [1; 11; 2; 10]; [9; 3; 10; 2]; [15; 5; 8; 4]; [5; 13; 6; 12]; [13; 7; 14; 6]; [7; 15; 0; 14]; [11; 8; 12; 9]],7.894594487,8,31,8,10,4,True,16,10,3.2,1.1661903789690602,0.35555555555555557
18,8^2_6,[[13; 0; 14; 1]; [1; 10; 2; 11]; [9; 2; 10; 3]; [3; 8; 4; 9]; [7; 4; 8; 5]; [5; 14; 6; 15]; [15; 6; 12; 7]; [11; 12; 0; 13]],6.551743288,8,31,8,10,-8,True,16,10,3.2,1.5362291495737217,0.35555555555555557
19,8^2_7,[[11; 1; 12; 0]; [1; 4; 2; 5]; [15; 2; 10; 3]; [3; 10; 4; 11]; [5; 8; 6; 9]; [13; 6; 14; 7]; [7; 14; 8; 15]; [9; 13; 0; 12]],8.830664955,8,31,8,10,-4,True,16,10,3.2,1.1661903789690602,0.35555555555555557
20,8^2_8,[[9; 0; 10; 1]; [1; 15; 2; 14]; [5; 3; 6; 2]; [3; 12; 4; 13]; [11; 4; 12; 5]; [13; 7; 14; 6]; [7; 8; 0; 9]; [15; 10; 8; 11]],9.672807731,8,31,8,10,-2,True,16,10,3.2,0.8717797887081347,0.35555555555555557
21,8^2_9,[[5; 0; 6; 1]; [1; 4; 2; 5]; [9; 3; 10; 2]; [3; 9; 4; 8]; [13; 6; 14; 7]; [7; 12; 8; 13]; [15; 10; 12; 11]; [11; 14; 0; 15]],8.967360849,8,31,8,10,-4,True,16,10,3.2,1.1661903789690602,0.35555555555555557
22,8^2_10,[[3; 1; 4; 0]; [1; 8; 2; 9]; [7; 2; 8; 3]; [9; 5; 10; 4]; [5; 13; 6; 12]; [13; 7; 14; 6]; [15; 10; 12; 11]; [11; 14; 0; 15]],9.659498545,8,31,8,10,0,True,16,10,3.2,0.9797958971132713,0.35555555555555557
23,8^2_11,[[0; 13; 1; 14]; [8; 2; 9; 1]; [2; 10; 3; 9]; [10; 4; 11; 3]; [4; 8; 5; 7]; [12; 5; 13; 6]; [6; 15; 7; 12]; [14; 11; 15; 0]],8.793345604,8,31,8,10,0,True,16,10,3.2,1.077032961426901,0.35555555555555557
24,8^2_12,[[13; 0; 14; 1]; [1; 12; 2; 13]; [9; 2; 10; 3]; [3; 10; 4; 11]; [7; 5; 8; 4]; [5; 15; 6; 14]; [15; 7; 12; 6]; [11; 8; 0; 9]],9.659498545,8,31,8,10,-2,True,16,10,3.2,0.9797958971132713,0.35555555555555557
25,8^2_13,[[13; 0; 14; 1]; [1; 8; 2; 9]; [15; 3; 12; 2]; [3; 7; 4; 6]; [11; 4; 0; 5]; [5; 10; 6; 11]; [7; 15; 8; 14]; [9; 12; 10; 13]],11.37077418,8,31,8,10,-2,True,16,10,3.2,0.6,0.35555555555555557
26,8^2_14,[[0; 14; 1; 13]; [8; 2; 9; 1]; [2; 8; 3; 7]; [14; 4; 15; 3]; [4; 0; 5; 11]; [10; 6; 11; 5]; [6; 12; 7; 15]; [12; 10; 13; 9]],10.66697913,8,31,8,10,8,True,16,10,3.2,0.7483314773547882,0.35555555555555557
27,8^2_15,[[7; 1; 8; 0]; [1; 7; 2; 6]; [2; 14; 3; 13]; [12; 4; 13; 3]; [9; 4; 10; 5]; [5; 8; 6; 9]; [15; 10; 12; 11]; [11; 14; 0; 15]],3.663862377,8,31,8,10,0,False,16,10,3.2,1.1661903789690602,0.35555555555555557
28,8^2_16,[[3; 1; 4; 0]; [1; 8; 2; 9]; [7; 2; 8; 3]; [9; 5; 10; 4]; [12; 5; 13; 6]; [6; 13; 7; 14]; [15; 10; 12; 11]; [11; 14; 0; 15]],5.333489567,8,31,8,10,-4,False,16,10,3.2,0.9797958971132713,0.35555555555555557
29,9^2_1,[[0; 11; 1; 12]; [12; 1; 13; 2]; [2; 13; 3; 14]; [14; 3; 15; 4]; [4; 15; 5; 16]; [16; 5; 17; 6]; [6; 9; 7; 0]; [10; 8; 11; 7]; [8; 10; 9; 17]],5.044899163,9,31,9,11,-5,True,18,11,3.272727272727273,2.0489868490153897,0.32727272727272727
30,9^2_2,[[11; 0; 12; 1]; [1; 10; 2; 11]; [17; 2; 10; 3]; [3; 16; 4; 17]; [15; 4; 16; 5]; [5; 8; 6; 9]; [13; 7; 14; 6]; [7; 13; 8; 12]; [9; 14; 0; 15]],7.244320351,9,31,9,11,-5,True,18,11,3.272727272727273,1.656442468935327,0.32727272727272727
31,9^2_3,[[0; 7; 1; 8]; [6; 1; 7; 2]; [2; 5; 3; 6]; [12; 3; 13; 4]; [4; 13; 5; 14]; [8; 12; 9; 17]; [16; 10; 17; 9]; [10; 16; 11; 15]; [14; 0; 15; 11]],8.085586606,9,31,9,11,-1,True,18,11,3.272727272727273,1.5427784316797402,0.32727272727272727
32,9^2_4,[[0; 11; 1; 12]; [12; 1; 13; 2]; [2; 13; 3; 14]; [8; 3; 9; 4]; [4; 10; 5; 17]; [16; 6; 17; 5]; [6; 16; 7; 15]; [14; 8; 15; 7]; [10; 9; 11; 0]],5.875918083,9,31,9,11,-1,True,18,11,3.272727272727273,1.8630819574471995,0.32727272727272727
33,9^2_5,[[0; 11; 1; 12]; [12; 1; 13; 2]; [2; 13; 3; 14]; [8; 4; 9; 3]; [4; 16; 5; 15]; [16; 6; 17; 5]; [6; 10; 7; 17]; [10; 8; 11; 7]; [14; 9; 15; 0]],8.051684059,9,31,9,11,1,True,18,11,3.272727272727273,1.4200453956193917,0.32727272727272727
34,9^2_6,[[0; 12; 1; 11]; [10; 2; 11; 1]; [2; 9; 3; 0]; [14; 3; 15; 4]; [4; 13; 5; 14]; [12; 5; 13; 6]; [6; 15; 7; 16]; [16; 7; 17; 8]; [8; 17; 9; 10]],9.181187331,9,31,9,11,-5,True,18,11,3.272727272727273,1.4200453956193917,0.32727272727272727
35,9^2_7,[[11; 0; 12; 1]; [1; 12; 2; 13]; [15; 2; 16; 3]; [3; 6; 4; 7]; [17; 5; 10; 4]; [5; 17; 6; 16]; [7; 14; 8; 15]; [13; 8; 14; 9]; [9; 10; 0; 11]],10.39437266,9,31,9,11,-5,True,18,11,3.272727272727273,1.28564869306645,0.32727272727272727
36,9^2_8,[[0; 12; 1; 11]; [10; 2; 11; 1]; [2; 9; 3; 0]; [8; 3; 9; 4]; [4; 13; 5; 14]; [16; 5; 17; 6]; [6; 15; 7; 16]; [14; 7; 15; 8]; [12; 17; 13; 10]],8.584394654,9,31,9,11,-5,True,18,11,3.272727272727273,1.4826824027545538,0.32727272727272727
37,9^2_9,[[11; 1; 12; 0]; [1; 11; 2; 10]; [17; 3; 10; 2]; [3; 9; 4; 8]; [15; 4; 16; 5]; [5; 12; 6; 13]; [13; 6; 14; 7]; [7; 14; 8; 15]; [9; 17; 0; 16]],9.417807632,9,31,9,11,1,True,18,11,3.272727272727273,1.4200453956193917,0.32727272727272727
38,9^2_10,[[11; 0; 12; 1]; [1; 10; 2; 11]; [9; 2; 10; 3]; [3; 8; 4; 9]; [7; 4; 8; 5]; [5; 17; 6; 16]; [15; 7; 16; 6]; [17; 12; 14; 13]; [13; 14; 0; 15]],6.784755787,9,31,9,11,-5,True,18,11,3.272727272727273,1.8630819574471997,0.32727272727272727
39,9^2_11,[[0; 14; 1; 13]; [4; 1; 5; 2]; [2; 17; 3; 12]; [12; 3; 13; 4]; [10; 5; 11; 6]; [6; 9; 7; 10]; [16; 8; 17; 7]; [8; 16; 9; 15]; [14; 0; 15; 11]],10.75904664,9,31,9,11,-1,True,18,11,3.272727272727273,1.2856486930664501,0.32727272727272727
40,9^2_12,[[0; 14; 1; 13]; [12; 2; 13; 1]; [2; 11; 3; 0]; [16; 3; 17; 4]; [4; 10; 5; 9]; [8; 6; 9; 5]; [6; 15; 7; 16]; [14; 7; 15; 8]; [10; 17; 11; 12]],11.1884778,9,31,9,11,-1,True,18,11,3.272727272727273,1.2128785512842122,0.32727272727272727
41,9^2_13,[[0; 8; 1; 7]; [8; 2; 9; 1]; [2; 10; 3; 9]; [10; 4; 11; 3]; [4; 12; 5; 11]; [16; 5; 17; 6]; [6; 15; 7; 16]; [12; 14; 13; 17]; [14; 0; 15; 13]],6.784755787,9,31,9,11,5,True,18,11,3.272727272727273,1.8630819574471997,0.32727272727272727
42,9^2_14,[[0; 7; 1; 8]; [8; 1; 9; 2]; [2; 9; 3; 10]; [10; 3; 11; 4]; [4; 15; 5; 16]; [14; 5; 15; 6]; [6; 11; 7; 12]; [12; 17; 13; 14]; [16; 13; 17; 0]],9.312341317,9,31,9,11,-9,True,18,11,3.272727272727273,1.3545149477955765,0.32727272727272727
43,9^2_15,[[0; 16; 1; 15]; [10; 2; 11; 1]; [2; 10; 3; 9]; [8; 4; 9; 3]; [4; 12; 5; 11]; [12; 6; 13; 5]; [6; 17; 7; 14]; [16; 7; 17; 8]; [14; 0; 15; 13]],10.24919497,9,31,9,11,5,True,18,11,3.272727272727273,1.2856486930664501,0.32727272727272727
44,9^2_16,[[0; 15; 1; 16]; [8; 1; 9; 2]; [2; 11; 3; 12]; [10; 3; 11; 4]; [4; 9; 5; 10]; [14; 5; 15; 6]; [6; 17; 7; 14]; [12; 7; 13; 8]; [16; 13; 17; 0]],10.56280631,9,31,9,11,-9,True,18,11,3.272727272727273,1.2128785512842122,0.32727272727272727
45,9^2_17,[[15; 0; 16; 1]; [1; 8; 2; 9]; [9; 2; 10; 3]; [3; 14; 4; 15]; [17; 4; 14; 5]; [5; 12; 6; 13]; [11; 6; 12; 7]; [7; 10; 8; 11]; [13; 16; 0; 17]],9.665346419,9,31,9,11,-9,True,18,11,3.272727272727273,1.482682402754554,0.32727272727272727
46,9^2_18,[[0; 16; 1; 15]; [10; 2; 11; 1]; [2; 8; 3; 7]; [6; 4; 7; 3]; [4; 12; 5; 11]; [12; 6; 13; 5]; [8; 17; 9; 14]; [16; 9; 17; 10]; [14; 0; 15; 13]],11.38178609,9,31,9,11,5,True,18,11,3.272727272727273,1.1354541815269816,0.32727272727272727
47,9^2_19,[[7; 1; 8; 0]; [1; 9; 2; 8]; [9; 3; 10; 2]; [3; 13; 4; 12]; [13; 5; 14; 4]; [5; 15; 6; 14]; [15; 7; 16; 6]; [17; 10; 12; 11]; [11; 16; 0; 17]],7.45357325,9,31,9,11,5,True,18,11,3.272727272727273,1.7627926754241197,0.32727272727272727
48,9^2_20,[[13; 1; 14; 0]; [1; 6; 2; 7]; [7; 2; 8; 3]; [3; 15; 4; 14]; [15; 5; 16; 4]; [5; 8; 6; 9]; [9; 17; 10; 16]; [17; 11; 12; 10]; [11; 13; 0; 12]],9.124415509,9,31,9,11,3,True,18,11,3.272727272727273,1.4826824027545538,0.32727272727272727
49,9^2_21,[[13; 0; 14; 1]; [1; 14; 2; 15]; [15; 2; 16; 3]; [3; 9; 4; 8]; [9; 5; 10; 4]; [5; 11; 6; 10]; [17; 7; 12; 6]; [7; 13; 8; 12]; [11; 16; 0; 17]],9.814729699,9,31,9,11,1,True,18,11,3.272727272727273,1.28564869306645,0.32727272727272727
50,9^2_22,[[13; 0; 14; 1]; [1; 14; 2; 15]; [15; 2; 16; 3]; [3; 8; 4; 9]; [9; 4; 10; 5]; [5; 12; 6; 13]; [17; 6; 12; 7]; [7; 10; 8; 11]; [11; 16; 0; 17]],10.95665782,9,31,9,11,-9,True,18,11,3.272727272727273,1.2128785512842122,0.32727272727272727
51,9^2_23,[[0; 11; 1; 12]; [10; 1; 11; 2]; [2; 17; 3; 10]; [6; 3; 7; 4]; [4; 14; 5; 13]; [12; 6; 13; 5]; [16; 7; 17; 8]; [8; 15; 9; 16]; [14; 9; 15; 0]],9.63438016,9,31,9,11,-5,True,18,11,3.272727272727273,1.4200453956193917,0.32727272727272727
52,9^2_24,[[0; 13; 1; 14]; [10; 1; 11; 2]; [2; 5; 3; 6]; [16; 3; 17; 4]; [4; 17; 5; 12]; [6; 9; 7; 10]; [14; 7; 15; 8]; [8; 15; 9; 16]; [12; 11; 13; 0]],12.04609204,9,31,9,11,-9,True,18,11,3.272727272727273,1.1354541815269816,0.32727272727272727
53,9^2_25,[[13; 1; 14; 0]; [1; 6; 2; 7]; [5; 2; 6; 3]; [3; 11; 4; 10]; [9; 5; 10; 4]; [7; 16; 8; 17]; [15; 8; 16; 9]; [11; 13; 0; 12]; [17; 15; 12; 14]],11.38178609,9,31,9,11,1,True,18,11,3.272727272727273,1.212878551284212,0.32727272727272727
54,9^2_26,[[3; 1; 4; 0]; [1; 15; 2; 14]; [15; 3; 16; 2]; [11; 5; 12; 4]; [5; 9; 6; 8]; [13; 6; 0; 7]; [7; 12; 8; 13]; [9; 17; 10; 16]; [17; 11; 14; 10]],11.76223429,9,31,9,11,5,True,18,11,3.272727272727273,0.9620913858416693,0.32727272727272727
55,9^2_27,[[5; 1; 6; 0]; [1; 5; 2; 4]; [15; 2; 16; 3]; [3; 14; 4; 15]; [11; 7; 12; 6]; [7; 13; 8; 12]; [13; 9; 0; 8]; [9; 17; 10; 16]; [17; 11; 14; 10]],10.24919497,9,31,9,11,5,True,18,11,3.272727272727273,1.28564869306645,0.32727272727272727
56,9^2_28,[[5; 1; 6; 0]; [1; 5; 2; 4]; [15; 2; 16; 3]; [3; 14; 4; 15]; [9; 6; 10; 7]; [7; 12; 8; 13]; [13; 8; 0; 9]; [17; 10; 14; 11]; [11; 16; 12; 17]],10.74025767,9,31,9,11,-5,True,18,11,3.272727272727273,1.2856486930664501,0.32727272727272727
57,9^2_29,[[0; 5; 1; 6]; [6; 1; 7; 2]; [2; 7; 3; 8]; [10; 3; 11; 4]; [4; 11; 5; 12]; [8; 16; 9; 15]; [16; 10; 17; 9]; [12; 14; 13; 17]; [14; 0; 15; 13]],11.29496914,9,31,9,11,-1,True,18,11,3.272727272727273,1.2128785512842122,0.32727272727272727
58,9^2_30,[[9; 1; 10; 0]; [1; 9; 2; 8]; [15; 2; 16; 3]; [3; 14; 4; 15]; [7; 5; 8; 4]; [5; 11; 6; 10]; [11; 7; 12; 6]; [17; 12; 14; 13]; [13; 16; 0; 17]],12.27656278,9,31,9,11,1,True,18,11,3.272727272727273,1.052348809344566,0.32727272727272727
59,9^2_31,[[15; 0; 16; 1]; [1; 9; 2; 8]; [17; 3; 14; 2]; [3; 10; 4; 11]; [11; 4; 12; 5]; [5; 12; 6; 13]; [13; 6; 0; 7]; [7; 15; 8; 14]; [9; 16; 10; 17]],10.21560567,9,31,9,11,-3,True,18,11,3.272727272727273,1.3545149477955765,0.32727272727272727
60,9^2_32,[[0; 16; 1; 15]; [8; 2; 9; 1]; [2; 17; 3; 14]; [10; 3; 11; 4]; [4; 13; 5; 0]; [12; 5; 13; 6]; [6; 11; 7; 12]; [16; 7; 17; 8]; [14; 10; 15; 9]],12.45720798,9,31,9,11,-3,True,18,11,3.272727272727273,0.8624393618641034,0.32727272727272727
61,9^2_33,[[0; 16; 1; 15]; [10; 1; 11; 2]; [2; 17; 3; 14]; [8; 4; 9; 3]; [4; 8; 5; 7]; [12; 6; 13; 5]; [6; 0; 7; 13]; [14; 9; 15; 10]; [16; 12; 17; 11]],12.63122323,9,31,9,11,3,True,18,11,3.272727272727273,0.9620913858416692,0.32727272727272727
62,9^2_34,[[5; 1; 6; 0]; [1; 7; 2; 6]; [13; 3; 14; 2]; [3; 10; 4; 11]; [15; 4; 16; 5]; [7; 16; 8; 17]; [17; 8; 12; 9]; [9; 12; 10; 13]; [11; 15; 0; 14]],11.94287245,9,31,9,11,-1,True,18,11,3.272727272727273,1.052348809344566,0.32727272727272727
63,9^2_35,[[0; 14; 1; 13]; [6; 1; 7; 2]; [2; 7; 3; 8]; [16; 4; 17; 3]; [4; 10; 5; 9]; [12; 5; 13; 6]; [8; 17; 9; 12]; [10; 16; 11; 15]; [14; 0; 15; 11]],11.37352243,9,31,9,11,1,True,18,11,3.272727272727273,1.2128785512842122,0.32727272727272727
64,9^2_36,[[15; 0; 16; 1]; [1; 8; 2; 9]; [9; 2; 10; 3]; [3; 14; 4; 15]; [13; 5; 0; 4]; [5; 13; 6; 12]; [11; 7; 12; 6]; [7; 17; 8; 16]; [17; 11; 14; 10]],11.47162836,9,31,9,11,1,True,18,11,3.272727272727273,1.0523488093445659,0.32727272727272727
65,9^2_37,[[0; 16; 1; 15]; [8; 2; 9; 1]; [2; 10; 3; 9]; [14; 4; 15; 3]; [4; 11; 5; 12]; [12; 5; 13; 6]; [6; 13; 7; 0]; [16; 7; 17; 8]; [10; 17; 11; 14]],11.47162836,9,31,9,11,-1,True,18,11,3.272727272727273,1.052348809344566,0.32727272727272727
66,9^2_38,[[15; 0; 16; 1]; [1; 10; 2; 11]; [9; 2; 10; 3]; [3; 16; 4; 17]; [7; 5; 8; 4]; [5; 13; 6; 12]; [13; 7; 0; 6]; [17; 8; 14; 9]; [11; 14; 12; 15]],13.04040137,9,31,9,11,-3,True,18,11,3.272727272727273,0.7496555682941201,0.32727272727272727
67,9^2_39,[[0; 13; 1; 14]; [6; 2; 7; 1]; [2; 8; 3; 7]; [14; 3; 15; 4]; [4; 17; 5; 12]; [10; 6; 11; 5]; [8; 16; 9; 15]; [16; 10; 17; 9]; [12; 11; 13; 0]],12.53617026,9,31,9,11,1,True,18,11,3.272727272727273,0.9620913858416693,0.32727272727272727
68,9^2_40,[[0; 14; 1; 13]; [6; 2; 7; 1]; [2; 10; 3; 9]; [16; 4; 17; 3]; [4; 16; 5; 15]; [10; 6; 11; 5]; [12; 8; 13; 7]; [8; 12; 9; 17]; [14; 0; 15; 11]],12.04609204,9,31,9,11,9,True,18,11,3.272727272727273,1.1354541815269816,0.32727272727272727
69,9^2_41,[[0; 11; 1; 12]; [6; 2; 7; 1]; [2; 14; 3; 13]; [14; 4; 15; 3]; [4; 10; 5; 17]; [10; 6; 11; 5]; [12; 7; 13; 8]; [8; 15; 9; 16]; [16; 9; 17; 0]],12.95742943,9,31,9,11,1,True,18,11,3.272727272727273,0.9620913858416693,0.32727272727272727
70,9^2_42,[[0; 7; 1; 8]; [16; 2; 17; 1]; [2; 10; 3; 9]; [12; 3; 13; 4]; [4; 13; 5; 14]; [10; 6; 11; 5]; [6; 16; 7; 15]; [8; 17; 9; 12]; [14; 11; 15; 0]],13.94841773,9,31,9,11,-1,True,18,11,3.272727272727273,0.7496555682941202,0.32727272727272727
71,9^2_43,[[0; 8; 1; 7]; [8; 2; 9; 1]; [2; 10; 3; 9]; [10; 4; 11; 3]; [4; 12; 5; 11]; [5; 17; 6; 16]; [15; 7; 16; 6]; [12; 14; 13; 17]; [14; 0; 15; 13]],0.0,9,31,9,11,9,False,18,11,3.272727272727273,1.8630819574471997,0.32727272727272727
72,9^2_44,[[0; 7; 1; 8]; [8; 1; 9; 2]; [2; 9; 3; 10]; [10; 3; 11; 4]; [15; 5; 16; 4]; [5; 15; 6; 14]; [6; 11; 7; 12]; [12; 17; 13; 14]; [16; 13; 17; 0]],6.138138789,9,31,9,11,-5,False,18,11,3.272727272727273,1.3545149477955762,0.32727272727272727
73,9^2_45,[[15; 0; 16; 1]; [10; 2; 11; 1]; [2; 10; 3; 9]; [8; 4; 9; 3]; [4; 12; 5; 11]; [12; 6; 13; 5]; [6; 17; 7; 14]; [16; 7; 17; 8]; [13; 14; 0; 15]],5.333489567,9,31,9,11,1,False,18,11,3.272727272727273,1.28564869306645,0.32727272727272727
74,9^2_46,[[15; 1; 16; 0]; [8; 1; 9; 2]; [2; 11; 3; 12]; [10; 3; 11; 4]; [4; 9; 5; 10]; [14; 5; 15; 6]; [6; 17; 7; 14]; [12; 7; 13; 8]; [13; 17; 0; 16]],6.138138789,9,31,9,11,-5,False,18,11,3.272727272727273,1.2128785512842122,0.32727272727272727
75,9^2_47,[[15; 0; 16; 1]; [1; 8; 2; 9]; [9; 2; 10; 3]; [14; 4; 15; 3]; [4; 14; 5; 17]; [5; 12; 6; 13]; [11; 6; 12; 7]; [7; 10; 8; 11]; [13; 16; 0; 17]],3.663862377,9,31,9,11,-5,False,18,11,3.272727272727273,1.4826824027545538,0.32727272727272727
76,9^2_48,[[0; 16; 1; 15]; [10; 2; 11; 1]; [2; 8; 3; 7]; [6; 4; 7; 3]; [4; 12; 5; 11]; [12; 6; 13; 5]; [17; 9; 14; 8]; [9; 17; 10; 16]; [14; 0; 15; 13]],7.706911803,9,31,9,11,9,False,18,11,3.272727272727273,1.1354541815269814,0.32727272727272727
77,9^2_49,[[7; 1; 8; 0]; [1; 9; 2; 8]; [9; 3; 10; 2]; [3; 13; 4; 12]; [13; 5; 14; 4]; [5; 15; 6; 14]; [15; 7; 16; 6]; [10; 12; 11; 17]; [16; 0; 17; 11]],0.0,9,31,9,11,9,False,18,11,3.272727272727273,1.7627926754241197,0.32727272727272727
78,9^2_50,[[13; 1; 14; 0]; [1; 6; 2; 7]; [7; 2; 8; 3]; [14; 3; 15; 4]; [4; 15; 5; 16]; [5; 8; 6; 9]; [9; 17; 10; 16]; [17; 11; 12; 10]; [11; 13; 0; 12]],4.415332478,9,31,9,11,-1,False,18,11,3.272727272727273,1.4826824027545535,0.32727272727272727
79,9^2_51,[[13; 0; 14; 1]; [1; 14; 2; 15]; [15; 2; 16; 3]; [3; 9; 4; 8]; [9; 5; 10; 4]; [5; 11; 6; 10]; [6; 17; 7; 12]; [12; 7; 13; 8]; [11; 16; 0; 17]],5.978240566,9,31,9,11,-3,False,18,11,3.272727272727273,1.28564869306645,0.32727272727272727
80,9^2_52,[[13; 0; 14; 1]; [1; 14; 2; 15]; [15; 2; 16; 3]; [3; 8; 4; 9]; [9; 4; 10; 5]; [12; 6; 13; 5]; [6; 12; 7; 17]; [7; 10; 8; 11]; [11; 16; 0; 17]],8.209021221,9,31,9,11,-5,False,18,11,3.272727272727273,1.2128785512842122,0.32727272727272727
81,9^2_54,[[0; 11; 1; 12]; [10; 1; 11; 2]; [2; 17; 3; 10]; [6; 3; 7; 4]; [4; 14; 5; 13]; [12; 6; 13; 5]; [7; 17; 8; 16]; [15; 9; 16; 8]; [9; 15; 0; 14]],7.517689896,9,31,9,11,1,False,18,11,3.272727272727273,1.4200453956193917,0.32727272727272727
82,9^2_55,[[0; 5; 1; 6]; [6; 1; 7; 2]; [2; 7; 3; 8]; [10; 3; 11; 4]; [4; 11; 5; 12]; [15; 8; 16; 9]; [9; 16; 10; 17]; [12; 14; 13; 17]; [14; 0; 15; 13]],8.997351944,9,31,9,11,-5,False,18,11,3.272727272727273,1.212878551284212,0.32727272727272727
83,9^2_56,[[9; 1; 10; 0]; [1; 9; 2; 8]; [2; 16; 3; 15]; [14; 4; 15; 3]; [7; 5; 8; 4]; [5; 11; 6; 10]; [11; 7; 12; 6]; [17; 12; 14; 13]; [13; 16; 0; 17]],8.997351944,9,31,9,11,5,False,18,11,3.272727272727273,1.052348809344566,0.32727272727272727
84,9^2_57,[[0; 5; 1; 6]; [6; 1; 7; 2]; [2; 7; 3; 8]; [3; 11; 4; 10]; [11; 5; 12; 4]; [8; 16; 9; 15]; [16; 10; 17; 9]; [12; 14; 13; 17]; [14; 0; 15; 13]],8.355502146,9,31,9,11,3,False,18,11,3.272727272727273,1.2128785512842122,0.32727272727272727
85,9^2_58,[[0; 9; 1; 10]; [8; 1; 9; 2]; [15; 2; 16; 3]; [3; 14; 4; 15]; [7; 5; 8; 4]; [5; 11; 6; 10]; [11; 7; 12; 6]; [17; 12; 14; 13]; [13; 16; 0; 17]],9.966511884,9,31,9,11,-3,False,18,11,3.272727272727273,1.052348809344566,0.32727272727272727
86,9^2_59,[[0; 5; 1; 6]; [6; 1; 7; 2]; [2; 7; 3; 8]; [10; 3; 11; 4]; [4; 11; 5; 12]; [15; 8; 16; 9]; [9; 16; 10; 17]; [17; 12; 14; 13]; [13; 14; 0; 15]],5.333489567,9,31,9,11,-9,False,18,11,3.272727272727273,1.212878551284212,0.32727272727272727
87,9^2_60,[[9; 1; 10; 0]; [1; 9; 2; 8]; [2; 16; 3; 15]; [14; 4; 15; 3]; [7; 5; 8; 4]; [5; 11; 6; 10]; [11; 7; 12; 6]; [12; 14; 13; 17]; [16; 0; 17; 13]],5.333489567,9,31,9,11,9,False,18,11,3.272727272727273,1.052348809344566,0.32727272727272727
88,10^2_1,[[0; 16; 1; 15]; [4; 2; 5; 1]; [2; 8; 3; 7]; [8; 4; 9; 3]; [5; 12; 6; 13]; [11; 6; 12; 7]; [18; 9; 19; 10]; [10; 17; 11; 18]; [14; 0; 15; 13]; [16; 14; 17; 19]],10.68454458,10,31,10,12,2,False,20,12,3.3333333333333335,1.1785113019775793,0.30303030303030304
89,10^2_2,[[0; 8; 1; 7]; [8; 2; 9; 1]; [15; 2; 16; 3]; [3; 14; 4; 15]; [9; 4; 10; 5]; [5; 10; 6; 11]; [11; 6; 12; 7]; [17; 13; 18; 12]; [13; 19; 0; 18]; [19; 17; 14; 16]],8.140719221,10,31,10,12,0,False,20,12,3.3333333333333335,1.3743685418725535,0.30303030303030304
90,10^2_3,[[0; 16; 1; 15]; [1; 4; 2; 5]; [7; 2; 8; 3]; [3; 8; 4; 9]; [5; 12; 6; 13]; [11; 6; 12; 7]; [18; 9; 19; 10]; [10; 17; 11; 18]; [14; 0; 15; 13]; [16; 14; 17; 19]],10.68454458,10,31,10,12,-4,False,20,12,3.3333333333333335,1.1785113019775793,0.30303030303030304
91,10^2_4,[[0; 8; 1; 7]; [8; 2; 9; 1]; [15; 2; 16; 3]; [3; 14; 4; 15]; [4; 10; 5; 9]; [10; 6; 11; 5]; [6; 12; 7; 11]; [17; 13; 18; 12]; [13; 19; 0; 18]; [19; 17; 14; 16]],8.140719221,10,31,10,12,6,False,20,12,3.3333333333333335,1.3743685418725535,0.30303030303030304
92,10^2_5,[[0; 16; 1; 15]; [4; 2; 5; 1]; [2; 8; 3; 7]; [8; 4; 9; 3]; [12; 6; 13; 5]; [6; 12; 7; 11]; [18; 9; 19; 10]; [10; 17; 11; 18]; [14; 0; 15; 13]; [16; 14; 17; 19]],14.0994552,10,31,10,12,6,True,20,12,3.3333333333333335,1.178511301977579,0.30303030303030304
93,10^2_6,[[7; 0; 8; 1]; [1; 8; 2; 9]; [13; 2; 14; 3]; [3; 16; 4; 17]; [17; 4; 18; 5]; [5; 11; 6; 10]; [11; 7; 12; 6]; [9; 13; 10; 12]; [19; 15; 16; 14]; [15; 19; 0; 18]],14.0994552,10,31,10,12,0,True,20,12,3.3333333333333335,1.1785113019775793,0.30303030303030304
94,10^2_7,[[0; 6; 1; 5]; [6; 2; 7; 1]; [2; 11; 3; 12]; [12; 3; 13; 4]; [4; 8; 5; 7]; [8; 18; 9; 17]; [18; 10; 19; 9]; [10; 13; 11; 14]; [14; 16; 15; 19]; [16; 0; 17; 15]],13.64038891,10,31,10,12,4,True,20,12,3.3333333333333335,1.247219128924647,0.30303030303030304
95,10^2_8,[[0; 6; 1; 5]; [6; 2; 7; 1]; [2; 11; 3; 12]; [12; 3; 13; 4]; [4; 8; 5; 7]; [17; 8; 18; 9]; [9; 18; 10; 19]; [10; 13; 11; 14]; [14; 16; 15; 19]; [16; 0; 17; 15]],8.997351944,10,31,10,12,0,False,20,12,3.3333333333333335,1.247219128924647,0.30303030303030304
96,10^2_9,[[0; 6; 1; 5]; [6; 2; 7; 1]; [2; 11; 3; 12]; [12; 3; 13; 4]; [4; 8; 5; 7]; [17; 8; 18; 9]; [9; 18; 10; 19]; [10; 13; 11; 14]; [19; 14; 16; 15]; [15; 16; 0; 17]],9.966511884,10,31,10,12,-4,False,20,12,3.3333333333333335,1.247219128924647,0.30303030303030304
97,10^2_10,[[0; 9; 1; 10]; [8; 1; 9; 2]; [2; 7; 3; 8]; [3; 12; 4; 13]; [11; 4; 12; 5]; [5; 18; 6; 19]; [17; 6; 18; 7]; [13; 11; 14; 10]; [19; 15; 16; 14]; [15; 17; 0; 16]],12.4047783,10,31,10,12,-4,False,20,12,3.3333333333333335,1.247219128924647,0.30303030303030304
98,10^2_11,[[17; 1; 18; 0]; [1; 6; 2; 7]; [9; 3; 10; 2]; [3; 9; 4; 8]; [13; 4; 14; 5]; [5; 14; 6; 15]; [7; 10; 8; 11]; [11; 19; 12; 18]; [19; 13; 16; 12]; [15; 17; 0; 16]],14.39033197,10,31,10,12,2,True,20,12,3.3333333333333335,1.1055415967851332,0.30303030303030304
99,10^2_12,[[0; 17; 1; 18]; [1; 6; 2; 7]; [9; 3; 10; 2]; [3; 9; 4; 8]; [13; 4; 14; 5]; [5; 14; 6; 15]; [7; 10; 8; 11]; [11; 19; 12; 18]; [19; 13; 16; 12]; [16; 15; 17; 0]],11.37077418,10,31,10,12,-2,False,20,12,3.3333333333333335,1.1055415967851332,0.30303030303030304
100,10^2_13,[[0; 17; 1; 18]; [1; 6; 2; 7]; [9; 3; 10; 2]; [3; 9; 4; 8]; [13; 4; 14; 5]; [5; 14; 6; 15]; [7; 10; 8; 11]; [18; 11; 19; 12]; [12; 19; 13; 16]; [16; 15; 17; 0]],7.706911803,10,31,10,12,-6,False,20,12,3.3333333333333335,1.1055415967851334,0.30303030303030304
101,10^2_14,[[17; 1; 18; 0]; [1; 6; 2; 7]; [9; 3; 10; 2]; [3; 9; 4; 8]; [4; 14; 5; 13]; [14; 6; 15; 5]; [7; 10; 8; 11]; [11; 19; 12; 18]; [19; 13; 16; 12]; [15; 17; 0; 16]],12.00595117,10,31,10,12,6,False,20,12,3.3333333333333335,1.1055415967851334,0.30303030303030304
102,10^2_15,[[5; 1; 6; 0]; [1; 5; 2; 4]; [13; 2; 14; 3]; [3; 12; 4; 13]; [17; 6; 18; 7]; [7; 16; 8; 17]; [15; 9; 0; 8]; [9; 15; 10; 14]; [19; 10; 16; 11]; [11; 18; 12; 19]],13.95586699,10,31,10,12,-2,True,20,12,3.3333333333333335,1.247219128924647,0.30303030303030304
103,10^2_16,[[5; 1; 6; 0]; [1; 5; 2; 4]; [13; 2; 14; 3]; [3; 12; 4; 13]; [6; 18; 7; 17]; [16; 8; 17; 7]; [15; 9; 0; 8]; [9; 15; 10; 14]; [19; 10; 16; 11]; [11; 18; 12; 19]],11.37077418,10,31,10,12,2,False,20,12,3.3333333333333335,1.247219128924647,0.30303030303030304
104,10^2_17,[[5; 1; 6; 0]; [1; 5; 2; 4]; [13; 2; 14; 3]; [3; 12; 4; 13]; [6; 18; 7; 17]; [16; 8; 17; 7]; [15; 9; 0; 8]; [9; 15; 10; 14]; [10; 16; 11; 19]; [18; 12; 19; 11]],7.706911803,10,31,10,12,6,False,20,12,3.3333333333333335,1.247219128924647,0.30303030303030304
105,10^2_18,[[5; 1; 6; 0]; [1; 5; 2; 4]; [13; 2; 14; 3]; [3; 12; 4; 13]; [17; 6; 18; 7]; [7; 16; 8; 17]; [8; 15; 9; 0]; [14; 9; 15; 10]; [19; 10; 16; 11]; [11; 18; 12; 19]],11.28460298,10,31,10,12,-6,False,20,12,3.3333333333333335,1.247219128924647,0.30303030303030304
106,10^2_19,[[7; 0; 8; 1]; [1; 8; 2; 9]; [15; 2; 16; 3]; [3; 14; 4; 15]; [9; 4; 10; 5]; [5; 10; 6; 11]; [11; 6; 12; 7]; [17; 13; 18; 12]; [13; 19; 0; 18]; [19; 17; 14; 16]],12.76261843,10,31,10,12,-4,True,20,12,3.3333333333333335,1.3743685418725535,0.30303030303030304
107,10^2_20,[[0; 5; 1; 6]; [6; 1; 7; 2]; [2; 7; 3; 8]; [12; 4; 13; 3]; [4; 12; 5; 11]; [8; 13; 9; 14]; [18; 10; 19; 9]; [10; 18; 11; 17]; [14; 19; 15; 16]; [16; 15; 17; 0]],12.76261843,10,31,10,12,-2,True,20,12,3.3333333333333335,1.3743685418725535,0.30303030303030304
108,10^2_21,[[0; 5; 1; 6]; [6; 1; 7; 2]; [2; 7; 3; 8]; [12; 4; 13; 3]; [4; 12; 5; 11]; [8; 18; 9; 17]; [18; 10; 19; 9]; [10; 13; 11; 14]; [14; 16; 15; 19]; [16; 0; 17; 15]],13.02798669,10,31,10,12,2,True,20,12,3.3333333333333335,1.3123346456686351,0.30303030303030304
109,10^2_22,[[0; 5; 1; 6]; [6; 1; 7; 2]; [2; 7; 3; 8]; [12; 4; 13; 3]; [4; 12; 5; 11]; [17; 8; 18; 9]; [9; 18; 10; 19]; [10; 13; 11; 14]; [14; 16; 15; 19]; [16; 0; 17; 15]],8.997351944,10,31,10,12,-2,False,20,12,3.3333333333333335,1.3123346456686351,0.30303030303030304
110,10^2_23,[[0; 5; 1; 6]; [6; 1; 7; 2]; [2; 7; 3; 8]; [12; 4; 13; 3]; [4; 12; 5; 11]; [17; 8; 18; 9]; [9; 18; 10; 19]; [10; 13; 11; 14]; [19; 14; 16; 15]; [15; 16; 0; 17]],8.355502146,10,31,10,12,-6,False,20,12,3.3333333333333335,1.3123346456686351,0.30303030303030304
111,10^2_24,[[9; 0; 10; 1]; [1; 8; 2; 9]; [13; 3; 14; 2]; [3; 13; 4; 12]; [11; 5; 12; 4]; [5; 17; 6; 16]; [17; 7; 18; 6]; [7; 11; 8; 10]; [19; 14; 16; 15]; [15; 18; 0; 19]],13.49171226,10,31,10,12,2,True,20,12,3.3333333333333335,1.247219128924647,0.30303030303030304
112,10^2_25,[[9; 0; 10; 1]; [1; 8; 2; 9]; [13; 3; 14; 2]; [3; 13; 4; 12]; [11; 5; 12; 4]; [16; 5; 17; 6]; [6; 17; 7; 18]; [7; 11; 8; 10]; [19; 14; 16; 15]; [15; 18; 0; 19]],10.66697913,10,31,10,12,-2,False,20,12,3.3333333333333335,1.247219128924647,0.30303030303030304
113,10^2_26,[[9; 1; 10; 0]; [1; 9; 2; 8]; [7; 3; 8; 2]; [3; 12; 4; 13]; [11; 4; 12; 5]; [18; 6; 19; 5]; [6; 18; 7; 17]; [13; 11; 14; 10]; [14; 19; 15; 16]; [16; 15; 17; 0]],7.327724753,10,31,10,12,2,False,20,12,3.3333333333333335,1.247219128924647,0.30303030303030304
114,10^2_27,[[9; 1; 10; 0]; [1; 9; 2; 8]; [7; 3; 8; 2]; [12; 4; 13; 3]; [4; 12; 5; 11]; [5; 18; 6; 19]; [17; 6; 18; 7]; [10; 13; 11; 14]; [19; 15; 16; 14]; [15; 17; 0; 16]],9.539780459,10,31,10,12,4,False,20,12,3.3333333333333335,1.247219128924647,0.30303030303030304
115,10^2_28,[[0; 11; 1; 12]; [6; 2; 7; 1]; [2; 14; 3; 13]; [14; 4; 15; 3]; [4; 17; 5; 18]; [16; 5; 17; 6]; [12; 7; 13; 8]; [8; 15; 9; 0]; [18; 10; 19; 9]; [10; 16; 11; 19]],15.70537566,10,31,10,12,0,True,20,12,3.3333333333333335,0.9428090415820634,0.30303030303030304
116,10^2_29,[[5; 1; 6; 0]; [1; 12; 2; 13]; [7; 2; 8; 3]; [3; 8; 4; 9]; [11; 4; 12; 5]; [13; 7; 14; 6]; [9; 18; 10; 19]; [17; 10; 18; 11]; [19; 15; 16; 14]; [15; 17; 0; 16]],15.70537566,10,31,10,12,-2,True,20,12,3.3333333333333335,0.9428090415820634,0.30303030303030304
117,10^2_30,[[0; 11; 1; 12]; [6; 2; 7; 1]; [2; 14; 3; 13]; [14; 4; 15; 3]; [17; 5; 18; 4]; [5; 17; 6; 16]; [12; 7; 13; 8]; [8; 15; 9; 0]; [18; 10; 19; 9]; [10; 16; 11; 19]],12.64232489,10,31,10,12,4,False,20,12,3.3333333333333335,0.9428090415820634,0.30303030303030304
118,10^2_31,[[5; 1; 6; 0]; [1; 12; 2; 13]; [7; 2; 8; 3]; [3; 8; 4; 9]; [11; 4; 12; 5]; [13; 7; 14; 6]; [18; 10; 19; 9]; [10; 18; 11; 17]; [19; 15; 16; 14]; [15; 17; 0; 16]],13.31845811,10,31,10,12,2,False,20,12,3.3333333333333335,0.9428090415820634,0.30303030303030304
119,10^2_32,[[0; 3; 1; 4]; [12; 1; 13; 2]; [2; 13; 3; 14]; [4; 17; 5; 18]; [10; 5; 11; 6]; [6; 16; 7; 19]; [14; 8; 15; 7]; [8; 0; 9; 15]; [18; 10; 19; 9]; [16; 11; 17; 12]],15.94042515,10,31,10,12,-2,True,20,12,3.3333333333333335,0.8498365855987975,0.30303030303030304
120,10^2_33,[[11; 1; 12; 0]; [1; 13; 2; 12]; [13; 3; 14; 2]; [3; 16; 4; 17]; [9; 4; 10; 5]; [5; 19; 6; 18]; [15; 6; 0; 7]; [7; 14; 8; 15]; [17; 9; 18; 8]; [19; 10; 16; 11]],14.95883151,10,31,10,12,0,True,20,12,3.3333333333333335,1.0274023338281628,0.30303030303030304
121,10^2_34,[[0; 11; 1; 12]; [6; 2; 7; 1]; [2; 14; 3; 13]; [14; 4; 15; 3]; [17; 5; 18; 4]; [5; 17; 6; 16]; [12; 7; 13; 8]; [8; 15; 9; 0]; [9; 18; 10; 19]; [19; 10; 16; 11]],8.997351944,10,31,10,12,0,False,20,12,3.3333333333333335,0.9428090415820634,0.30303030303030304
122,10^2_35,[[5; 1; 6; 0]; [1; 12; 2; 13]; [7; 2; 8; 3]; [3; 8; 4; 9]; [11; 4; 12; 5]; [13; 7; 14; 6]; [18; 10; 19; 9]; [10; 18; 11; 17]; [14; 19; 15; 16]; [16; 15; 17; 0]],8.997351944,10,31,10,12,-2,False,20,12,3.3333333333333335,0.9428090415820634,0.30303030303030304
123,10^2_36,[[0; 12; 1; 11]; [12; 2; 13; 1]; [2; 18; 3; 17]; [16; 4; 17; 3]; [4; 14; 5; 13]; [10; 6; 11; 5]; [6; 10; 7; 19]; [14; 8; 15; 7]; [8; 16; 9; 15]; [18; 0; 19; 9]],15.11002954,10,31,10,12,10,True,20,12,3.3333333333333335,0.9428090415820634,0.30303030303030304
124,10^2_37,[[0; 11; 1; 12]; [12; 1; 13; 2]; [2; 7; 3; 8]; [18; 3; 19; 4]; [4; 19; 5; 10]; [14; 6; 15; 5]; [6; 14; 7; 13]; [8; 18; 9; 17]; [16; 0; 17; 9]; [10; 15; 11; 16]],13.84399049,10,31,10,12,-2,True,20,12,3.3333333333333335,1.247219128924647,0.30303030303030304
125,10^2_38,[[15; 1; 16; 0]; [1; 15; 2; 14]; [9; 3; 10; 2]; [3; 9; 4; 8]; [13; 4; 0; 5]; [5; 16; 6; 17]; [19; 6; 14; 7]; [7; 10; 8; 11]; [11; 18; 12; 19]; [17; 12; 18; 13]],14.96263029,10,31,10,12,-2,True,20,12,3.3333333333333335,1.0274023338281628,0.30303030303030304
126,10^2_39,[[15; 0; 16; 1]; [1; 11; 2; 10]; [9; 3; 10; 2]; [3; 14; 4; 15]; [13; 5; 0; 4]; [5; 13; 6; 12]; [19; 6; 14; 7]; [7; 18; 8; 19]; [17; 8; 18; 9]; [11; 16; 12; 17]],14.02339636,10,31,10,12,-2,True,20,12,3.3333333333333335,1.1055415967851332,0.30303030303030304
127,10^2_40,[[15; 1; 16; 0]; [1; 11; 2; 10]; [9; 3; 10; 2]; [3; 17; 4; 16]; [13; 5; 0; 4]; [5; 13; 6; 12]; [19; 7; 14; 6]; [7; 19; 8; 18]; [17; 9; 18; 8]; [11; 15; 12; 14]],13.01292544,10,31,10,12,10,True,20,12,3.3333333333333335,1.3743685418725535,0.30303030303030304
128,10^2_41,[[15; 0; 16; 1]; [1; 11; 2; 10]; [11; 3; 12; 2]; [3; 16; 4; 17]; [17; 4; 18; 5]; [5; 13; 6; 12]; [9; 7; 10; 6]; [7; 14; 8; 15]; [19; 8; 14; 9]; [13; 18; 0; 19]],15.22324466,10,31,10,12,-2,True,20,12,3.3333333333333335,0.8498365855987975,0.30303030303030304
129,10^2_42,[[15; 0; 16; 1]; [1; 10; 2; 11]; [11; 2; 12; 3]; [3; 7; 4; 6]; [19; 5; 14; 4]; [5; 15; 6; 14]; [7; 12; 8; 13]; [17; 9; 18; 8]; [9; 17; 10; 16]; [13; 18; 0; 19]],14.70761541,10,31,10,12,0,True,20,12,3.3333333333333335,1.0274023338281628,0.30303030303030304
130,10^2_43,[[0; 13; 1; 14]; [8; 1; 9; 2]; [2; 9; 3; 10]; [12; 3; 13; 4]; [4; 18; 5; 17]; [18; 6; 19; 5]; [6; 0; 7; 11]; [14; 8; 15; 7]; [10; 16; 11; 15]; [16; 12; 17; 19]],15.30128402,10,31,10,12,2,True,20,12,3.3333333333333335,0.8498365855987975,0.30303030303030304
131,10^2_44,[[13; 0; 14; 1]; [1; 7; 2; 6]; [7; 3; 8; 2]; [3; 18; 4; 19]; [9; 4; 10; 5]; [5; 13; 6; 12]; [19; 9; 12; 8]; [15; 11; 16; 10]; [11; 17; 0; 16]; [17; 15; 18; 14]],15.03955893,10,31,10,12,4,True,20,12,3.3333333333333335,0.9428090415820634,0.30303030303030304
132,10^2_45,[[11; 0; 12; 1]; [1; 5; 2; 4]; [9; 3; 10; 2]; [3; 11; 4; 10]; [5; 12; 6; 13]; [17; 7; 18; 6]; [7; 15; 8; 14]; [19; 8; 16; 9]; [13; 18; 14; 19]; [15; 17; 0; 16]],15.42609666,10,31,10,12,2,True,20,12,3.3333333333333335,0.8498365855987975,0.30303030303030304
133,10^2_46,[[0; 17; 1; 18]; [8; 1; 9; 2]; [2; 9; 3; 10]; [16; 3; 17; 4]; [4; 13; 5; 14]; [14; 5; 15; 6]; [6; 12; 7; 11]; [18; 8; 19; 7]; [10; 16; 11; 19]; [12; 15; 13; 0]],14.99298811,10,31,10,12,-4,True,20,12,3.3333333333333335,0.8498365855987975,0.30303030303030304
134,10^2_47,[[0; 10; 1; 9]; [8; 2; 9; 1]; [2; 11; 3; 12]; [18; 4; 19; 3]; [4; 14; 5; 13]; [14; 6; 15; 5]; [6; 18; 7; 17]; [10; 7; 11; 8]; [12; 19; 13; 16]; [16; 15; 17; 0]],14.99298811,10,31,10,12,2,True,20,12,3.3333333333333335,0.8498365855987975,0.30303030303030304
135,10^2_48,[[17; 0; 18; 1]; [1; 11; 2; 10]; [19; 3; 16; 2]; [3; 12; 4; 13]; [13; 4; 14; 5]; [5; 8; 6; 9]; [15; 7; 0; 6]; [7; 15; 8; 14]; [9; 17; 10; 16]; [11; 18; 12; 19]],14.40412004,10,31,10,12,0,True,20,12,3.3333333333333335,1.1055415967851334,0.30303030303030304
136,10^2_49,[[0; 3; 1; 4]; [10; 1; 11; 2]; [2; 11; 3; 12]; [4; 17; 5; 18]; [8; 5; 9; 6]; [6; 13; 7; 14]; [14; 7; 15; 8]; [16; 9; 17; 10]; [12; 19; 13; 16]; [18; 15; 19; 0]],15.41382361,10,31,10,12,-10,True,20,12,3.3333333333333335,0.7453559924999298,0.30303030303030304
137,10^2_50,[[0; 11; 1; 12]; [10; 1; 11; 2]; [2; 17; 3; 18]; [8; 4; 9; 3]; [4; 8; 5; 7]; [14; 5; 15; 6]; [6; 13; 7; 14]; [18; 9; 19; 10]; [12; 19; 13; 16]; [16; 15; 17; 0]],14.30085042,10,31,10,12,-6,True,20,12,3.3333333333333335,1.0274023338281628,0.30303030303030304
138,10^2_51,[[11; 0; 12; 1]; [1; 16; 2; 17]; [9; 3; 10; 2]; [3; 9; 4; 8]; [7; 5; 8; 4]; [5; 14; 6; 15]; [13; 6; 14; 7]; [17; 10; 18; 11]; [19; 13; 16; 12]; [15; 19; 0; 18]],13.3292088,10,31,10,12,0,True,20,12,3.3333333333333335,1.3123346456686351,0.30303030303030304
139,10^2_52,[[15; 0; 16; 1]; [1; 14; 2; 15]; [19; 2; 14; 3]; [3; 11; 4; 10]; [9; 5; 10; 4]; [5; 18; 6; 19]; [13; 7; 0; 6]; [7; 17; 8; 16]; [11; 8; 12; 9]; [17; 13; 18; 12]],13.96062194,10,31,10,12,0,True,20,12,3.3333333333333335,1.178511301977579,0.30303030303030304
140,10^2_53,[[15; 0; 16; 1]; [1; 14; 2; 15]; [19; 2; 14; 3]; [3; 7; 4; 6]; [11; 4; 12; 5]; [5; 10; 6; 11]; [7; 16; 8; 17]; [13; 8; 0; 9]; [9; 19; 10; 18]; [17; 13; 18; 12]],14.21497728,10,31,10,12,-4,True,20,12,3.3333333333333335,1.0274023338281628,0.30303030303030304
141,10^2_54,[[0; 9; 1; 10]; [10; 1; 11; 2]; [2; 11; 3; 12]; [8; 3; 9; 4]; [4; 17; 5; 18]; [14; 5; 15; 6]; [6; 16; 7; 19]; [12; 8; 13; 7]; [18; 14; 19; 13]; [16; 15; 17; 0]],14.22666869,10,31,10,12,-4,True,20,12,3.3333333333333335,1.0274023338281628,0.30303030303030304
142,10^2_55,[[9; 1; 10; 0]; [1; 11; 2; 10]; [11; 3; 12; 2]; [3; 9; 4; 8]; [17; 5; 18; 4]; [5; 15; 6; 14]; [13; 7; 14; 6]; [7; 19; 8; 18]; [19; 13; 16; 12]; [15; 17; 0; 16]],14.12683517,10,31,10,12,10,True,20,12,3.3333333333333335,0.9428090415820634,0.30303030303030304
143,10^2_56,[[0; 10; 1; 9]; [10; 2; 11; 1]; [2; 12; 3; 11]; [16; 4; 17; 3]; [4; 7; 5; 8]; [14; 6; 15; 5]; [6; 14; 7; 13]; [8; 18; 9; 17]; [12; 19; 13; 16]; [18; 15; 19; 0]],13.84505059,10,31,10,12,4,True,20,12,3.3333333333333335,1.0274023338281626,0.30303030303030304
144,10^2_57,[[17; 1; 18; 0]; [1; 5; 2; 4]; [11; 2; 12; 3]; [3; 10; 4; 11]; [5; 17; 6; 16]; [15; 6; 0; 7]; [7; 14; 8; 15]; [13; 8; 14; 9]; [9; 18; 10; 19]; [19; 12; 16; 13]],13.84505059,10,31,10,12,-4,True,20,12,3.3333333333333335,1.0274023338281628,0.30303030303030304
145,10^2_58,[[0; 11; 1; 12]; [10; 1; 11; 2]; [2; 9; 3; 10]; [8; 3; 9; 4]; [4; 18; 5; 17]; [14; 5; 15; 6]; [6; 19; 7; 16]; [12; 8; 13; 7]; [16; 13; 17; 14]; [18; 0; 19; 15]],12.97620369,10,31,10,12,-4,True,20,12,3.3333333333333335,1.1785113019775793,0.30303030303030304
146,10^2_59,[[0; 12; 1; 11]; [10; 2; 11; 1]; [2; 10; 3; 9]; [8; 4; 9; 3]; [4; 18; 5; 17]; [14; 6; 15; 5]; [6; 14; 7; 13]; [18; 8; 19; 7]; [12; 16; 13; 19]; [16; 0; 17; 15]],11.88523286,10,31,10,12,10,True,20,12,3.3333333333333335,1.3743685418725535,0.30303030303030304
147,10^2_60,[[0; 15; 1; 16]; [12; 2; 13; 1]; [2; 9; 3; 10]; [10; 3; 11; 4]; [4; 8; 5; 7]; [18; 6; 19; 5]; [6; 14; 7; 19]; [8; 11; 9; 12]; [16; 13; 17; 0]; [14; 18; 15; 17]],11.36375264,10,31,10,12,0,True,20,12,3.3333333333333335,1.4907119849998596,0.30303030303030304
148,10^2_61,[[0; 5; 1; 6]; [8; 1; 9; 2]; [2; 12; 3; 11]; [12; 4; 13; 3]; [4; 9; 5; 0]; [6; 16; 7; 15]; [16; 8; 17; 7]; [10; 17; 11; 18]; [18; 13; 19; 14]; [14; 19; 15; 10]],14.32376002,10,31,10,12,-2,True,20,12,3.3333333333333335,1.1785113019775793,0.30303030303030304
149,10^2_62,[[0; 5; 1; 6]; [8; 1; 9; 2]; [2; 12; 3; 11]; [12; 4; 13; 3]; [4; 9; 5; 0]; [15; 6; 16; 7]; [7; 16; 8; 17]; [10; 17; 11; 18]; [18; 13; 19; 14]; [14; 19; 15; 10]],12.4047783,10,31,10,12,-6,False,20,12,3.3333333333333335,1.1785113019775793,0.30303030303030304
150,10^2_63,[[0; 18; 1; 17]; [18; 2; 19; 1]; [2; 5; 3; 6]; [14; 3; 15; 4]; [4; 15; 5; 0]; [6; 9; 7; 10]; [12; 7; 13; 8]; [8; 13; 9; 14]; [10; 16; 11; 19]; [16; 12; 17; 11]],14.32376002,10,31,10,12,-2,True,20,12,3.3333333333333335,1.178511301977579,0.30303030303030304
151,10^2_64,[[0; 18; 1; 17]; [18; 2; 19; 1]; [2; 5; 3; 6]; [14; 3; 15; 4]; [4; 15; 5; 0]; [6; 9; 7; 10]; [12; 7; 13; 8]; [8; 13; 9; 14]; [19; 10; 16; 11]; [11; 16; 12; 17]],12.4047783,10,31,10,12,-6,False,20,12,3.3333333333333335,1.1785113019775793,0.30303030303030304
152,10^2_65,[[9; 0; 10; 1]; [1; 8; 2; 9]; [11; 3; 12; 2]; [3; 7; 4; 6]; [17; 4; 18; 5]; [5; 16; 6; 17]; [7; 11; 8; 10]; [15; 13; 0; 12]; [13; 19; 14; 18]; [19; 15; 16; 14]],12.93966462,10,31,10,12,2,True,20,12,3.3333333333333335,1.178511301977579,0.30303030303030304
153,10^2_66,[[0; 13; 1; 14]; [14; 1; 15; 2]; [2; 15; 3; 16]; [3; 6; 4; 7]; [19; 4; 12; 5]; [5; 12; 6; 13]; [7; 17; 8; 16]; [11; 9; 0; 8]; [9; 18; 10; 19]; [17; 10; 18; 11]],11.45958725,10,31,10,12,-6,False,20,12,3.3333333333333335,1.247219128924647,0.30303030303030304
154,10^2_67,[[0; 11; 1; 12]; [10; 1; 11; 2]; [2; 19; 3; 10]; [6; 3; 7; 4]; [4; 14; 5; 13]; [12; 6; 13; 5]; [18; 7; 19; 8]; [8; 16; 9; 15]; [16; 0; 17; 9]; [14; 18; 15; 17]],13.02278567,10,31,10,12,0,True,20,12,3.3333333333333335,1.3123346456686351,0.30303030303030304
155,10^2_68,[[0; 11; 1; 12]; [10; 1; 11; 2]; [2; 19; 3; 10]; [3; 7; 4; 6]; [13; 4; 14; 5]; [5; 12; 6; 13]; [18; 7; 19; 8]; [8; 16; 9; 15]; [16; 0; 17; 9]; [14; 18; 15; 17]],6.755194817,10,31,10,12,-2,False,20,12,3.3333333333333335,1.3123346456686351,0.30303030303030304
156,10^2_69,[[0; 3; 1; 4]; [6; 1; 7; 2]; [2; 7; 3; 8]; [4; 15; 5; 16]; [14; 5; 15; 6]; [8; 17; 9; 18]; [12; 9; 13; 10]; [10; 14; 11; 19]; [18; 12; 19; 11]; [16; 13; 17; 0]],14.02625731,10,31,10,12,-6,True,20,12,3.3333333333333335,1.1785113019775793,0.30303030303030304
157,10^2_70,[[0; 3; 1; 4]; [6; 1; 7; 2]; [2; 7; 3; 8]; [15; 5; 16; 4]; [5; 15; 6; 14]; [8; 17; 9; 18]; [12; 9; 13; 10]; [10; 14; 11; 19]; [18; 12; 19; 11]; [16; 13; 17; 0]],10.86122877,10,31,10,12,-2,False,20,12,3.3333333333333335,1.1785113019775793,0.30303030303030304
158,10^2_71,[[0; 10; 1; 9]; [10; 2; 11; 1]; [2; 12; 3; 11]; [18; 3; 19; 4]; [4; 7; 5; 8]; [16; 6; 17; 5]; [6; 16; 7; 15]; [8; 17; 9; 18]; [12; 14; 13; 19]; [14; 0; 15; 13]],12.75366734,10,31,10,12,4,True,20,12,3.3333333333333335,1.247219128924647,0.30303030303030304
159,10^2_72,[[0; 10; 1; 9]; [10; 2; 11; 1]; [2; 12; 3; 11]; [18; 3; 19; 4]; [4; 7; 5; 8]; [16; 6; 17; 5]; [6; 16; 7; 15]; [8; 17; 9; 18]; [19; 12; 14; 13]; [13; 14; 0; 15]],8.355884354,10,31,10,12,0,False,20,12,3.3333333333333335,1.247219128924647,0.30303030303030304
160,10^2_73,[[0; 18; 1; 17]; [18; 2; 19; 1]; [2; 9; 3; 10]; [12; 3; 13; 4]; [4; 8; 5; 7]; [14; 6; 15; 5]; [6; 0; 7; 15]; [8; 13; 9; 14]; [10; 16; 11; 19]; [16; 12; 17; 11]],13.77553048,10,31,10,12,4,True,20,12,3.3333333333333335,1.178511301977579,0.30303030303030304
161,10^2_74,[[0; 18; 1; 17]; [18; 2; 19; 1]; [2; 9; 3; 10]; [12; 3; 13; 4]; [4; 8; 5; 7]; [14; 6; 15; 5]; [6; 0; 7; 15]; [8; 13; 9; 14]; [19; 10; 16; 11]; [11; 16; 12; 17]],9.659498545,10,31,10,12,0,False,20,12,3.3333333333333335,1.178511301977579,0.30303030303030304
162,10^2_75,[[17; 0; 18; 1]; [1; 16; 2; 17]; [9; 3; 10; 2]; [3; 11; 4; 10]; [15; 5; 0; 4]; [5; 12; 6; 13]; [13; 6; 14; 7]; [7; 19; 8; 18]; [19; 9; 16; 8]; [11; 14; 12; 15]],12.93966462,10,31,10,12,0,True,20,12,3.3333333333333335,1.3123346456686351,0.30303030303030304
163,10^2_76,[[0; 18; 1; 17]; [16; 2; 17; 1]; [9; 3; 10; 2]; [3; 11; 4; 10]; [15; 5; 0; 4]; [5; 12; 6; 13]; [13; 6; 14; 7]; [7; 19; 8; 18]; [19; 9; 16; 8]; [11; 14; 12; 15]],7.706911803,10,31,10,12,4,False,20,12,3.3333333333333335,1.3123346456686351,0.30303030303030304
164,10^2_77,[[0; 14; 1; 13]; [14; 2; 15; 1]; [2; 17; 3; 18]; [16; 3; 17; 4]; [4; 9; 5; 10]; [10; 5; 11; 6]; [6; 12; 7; 19]; [12; 8; 13; 7]; [8; 11; 9; 0]; [18; 16; 19; 15]],13.19119747,10,31,10,12,0,True,20,12,3.3333333333333335,1.3123346456686351,0.30303030303030304
165,10^2_78,[[0; 14; 1; 13]; [14; 2; 15; 1]; [2; 17; 3; 18]; [16; 3; 17; 4]; [4; 9; 5; 10]; [10; 5; 11; 6]; [19; 6; 12; 7]; [7; 12; 8; 13]; [8; 11; 9; 0]; [18; 16; 19; 15]],9.147884581,10,31,10,12,-4,False,20,12,3.3333333333333335,1.3123346456686351,0.30303030303030304
166,10^2_79,[[0; 6; 1; 5]; [6; 2; 7; 1]; [2; 8; 3; 7]; [16; 3; 17; 4]; [4; 15; 5; 16]; [8; 12; 9; 11]; [18; 9; 19; 10]; [10; 17; 11; 18]; [12; 14; 13; 19]; [14; 0; 15; 13]],11.67700727,10,31,10,12,2,True,20,12,3.3333333333333335,1.4907119849998598,0.30303030303030304
167,10^2_80,[[0; 6; 1; 5]; [6; 2; 7; 1]; [2; 8; 3; 7]; [3; 17; 4; 16]; [15; 5; 16; 4]; [8; 12; 9; 11]; [18; 9; 19; 10]; [10; 17; 11; 18]; [12; 14; 13; 19]; [14; 0; 15; 13]],5.843022858,10,31,10,12,6,False,20,12,3.3333333333333335,1.4907119849998598,0.30303030303030304
168,10^2_81,[[0; 7; 1; 8]; [10; 1; 11; 2]; [2; 11; 3; 12]; [6; 3; 7; 4]; [4; 14; 5; 13]; [12; 6; 13; 5]; [8; 18; 9; 17]; [18; 10; 19; 9]; [14; 16; 15; 19]; [16; 0; 17; 15]],13.20617457,10,31,10,12,2,True,20,12,3.3333333333333335,1.247219128924647,0.30303030303030304
169,10^2_82,[[0; 7; 1; 8]; [10; 1; 11; 2]; [2; 11; 3; 12]; [6; 3; 7; 4]; [4; 14; 5; 13]; [12; 6; 13; 5]; [17; 8; 18; 9]; [9; 18; 10; 19]; [14; 16; 15; 19]; [16; 0; 17; 15]],9.659498545,10,31,10,12,-2,False,20,12,3.3333333333333335,1.247219128924647,0.30303030303030304
170,10^2_83,[[3; 1; 4; 0]; [1; 10; 2; 11]; [9; 2; 10; 3]; [11; 5; 12; 4]; [5; 13; 6; 12]; [13; 7; 14; 6]; [7; 18; 8; 19]; [17; 8; 18; 9]; [19; 15; 16; 14]; [15; 17; 0; 16]],11.36375264,10,31,10,12,2,True,20,12,3.3333333333333335,1.5986105077709065,0.30303030303030304
171,10^2_84,[[3; 1; 4; 0]; [1; 10; 2; 11]; [9; 2; 10; 3]; [11; 5; 12; 4]; [5; 13; 6; 12]; [13; 7; 14; 6]; [7; 18; 8; 19]; [17; 8; 18; 9]; [14; 19; 15; 16]; [16; 15; 17; 0]],5.333489567,10,31,10,12,-2,False,20,12,3.3333333333333335,1.5986105077709065,0.30303030303030304
172,10^2_85,[[0; 8; 1; 7]; [6; 2; 7; 1]; [2; 14; 3; 13]; [14; 4; 15; 3]; [4; 9; 5; 10]; [8; 5; 9; 6]; [10; 18; 11; 17]; [18; 0; 19; 11]; [12; 16; 13; 15]; [16; 12; 17; 19]],12.7217652,10,31,10,12,6,True,20,12,3.3333333333333335,1.4337208778404378,0.30303030303030304
173,10^2_86,[[15; 0; 16; 1]; [1; 12; 2; 13]; [7; 2; 8; 3]; [3; 6; 4; 7]; [19; 5; 14; 4]; [5; 19; 6; 18]; [11; 8; 12; 9]; [9; 16; 10; 17]; [17; 10; 18; 11]; [13; 14; 0; 15]],13.66015134,10,31,10,12,-6,True,20,12,3.3333333333333335,1.3123346456686351,0.30303030303030304
174,10^2_87,[[13; 0; 14; 1]; [1; 12; 2; 13]; [19; 2; 12; 3]; [3; 8; 4; 9]; [7; 4; 8; 5]; [5; 14; 6; 15]; [15; 6; 16; 7]; [18; 10; 19; 9]; [10; 18; 11; 17]; [16; 0; 17; 11]],8.174138134,10,31,10,12,-4,False,20,12,3.3333333333333335,1.649915822768611,0.30303030303030304
175,10^2_88,[[13; 0; 14; 1]; [1; 12; 2; 13]; [19; 2; 12; 3]; [3; 8; 4; 9]; [7; 4; 8; 5]; [5; 14; 6; 15]; [15; 6; 16; 7]; [9; 18; 10; 19]; [17; 10; 18; 11]; [11; 16; 0; 17]],10.87766351,10,31,10,12,-10,True,20,12,3.3333333333333335,1.6499158227686108,0.30303030303030304
176,10^2_89,[[15; 1; 16; 0]; [1; 11; 2; 10]; [7; 3; 8; 2]; [3; 7; 4; 6]; [11; 5; 12; 4]; [5; 13; 6; 12]; [17; 9; 18; 8]; [9; 19; 10; 18]; [13; 15; 0; 14]; [19; 17; 14; 16]],13.25063959,10,31,10,12,10,True,20,12,3.3333333333333335,1.247219128924647,0.30303030303030304
177,10^2_90,[[7; 0; 8; 1]; [1; 6; 2; 7]; [5; 2; 6; 3]; [3; 10; 4; 11]; [11; 4; 12; 5]; [15; 8; 16; 9]; [9; 14; 10; 15]; [17; 13; 18; 12]; [13; 19; 0; 18]; [19; 17; 14; 16]],12.29267017,10,31,10,12,-4,True,20,12,3.3333333333333335,1.4907119849998598,0.30303030303030304
178,10^2_91,[[0; 9; 1; 10]; [8; 1; 9; 2]; [2; 14; 3; 13]; [18; 3; 19; 4]; [4; 17; 5; 18]; [12; 6; 13; 5]; [6; 12; 7; 11]; [10; 8; 11; 7]; [14; 16; 15; 19]; [16; 0; 17; 15]],12.29267017,10,31,10,12,2,True,20,12,3.3333333333333335,1.3743685418725535,0.30303030303030304
179,10^2_92,[[0; 9; 1; 10]; [8; 1; 9; 2]; [2; 14; 3; 13]; [3; 19; 4; 18]; [17; 5; 18; 4]; [12; 6; 13; 5]; [6; 12; 7; 11]; [10; 8; 11; 7]; [14; 16; 15; 19]; [16; 0; 17; 15]],8.967360849,10,31,10,12,6,False,20,12,3.3333333333333335,1.3743685418725535,0.30303030303030304
180,10^2_93,[[0; 9; 1; 10]; [8; 1; 9; 2]; [2; 7; 3; 8]; [6; 3; 7; 4]; [4; 14; 5; 13]; [12; 6; 13; 5]; [10; 18; 11; 17]; [18; 12; 19; 11]; [14; 16; 15; 19]; [16; 0; 17; 15]],10.07007854,10,31,10,12,2,True,20,12,3.3333333333333335,1.7950549357115013,0.30303030303030304
181,10^2_94,[[0; 9; 1; 10]; [8; 1; 9; 2]; [2; 7; 3; 8]; [6; 3; 7; 4]; [4; 14; 5; 13]; [12; 6; 13; 5]; [10; 18; 11; 17]; [18; 12; 19; 11]; [19; 14; 16; 15]; [15; 16; 0; 17]],3.663862377,10,31,10,12,-2,False,20,12,3.3333333333333335,1.7950549357115013,0.30303030303030304
182,10^2_95,[[0; 8; 1; 7]; [8; 2; 9; 1]; [2; 10; 3; 9]; [6; 4; 7; 3]; [4; 16; 5; 15]; [16; 6; 17; 5]; [10; 0; 11; 13]; [18; 12; 19; 11]; [12; 14; 13; 19]; [14; 18; 15; 17]],11.07964311,10,31,10,12,10,True,20,12,3.3333333333333335,1.3743685418725535,0.30303030303030304
183,10^2_96,[[11; 1; 12; 0]; [1; 13; 2; 12]; [5; 2; 6; 3]; [3; 8; 4; 9]; [9; 4; 0; 5]; [17; 6; 18; 7]; [7; 16; 8; 17]; [15; 11; 16; 10]; [13; 19; 14; 18]; [19; 15; 10; 14]],13.49171226,10,31,10,12,0,True,20,12,3.3333333333333335,1.247219128924647,0.30303030303030304
184,10^2_97,[[11; 1; 12; 0]; [1; 13; 2; 12]; [5; 2; 6; 3]; [3; 8; 4; 9]; [9; 4; 0; 5]; [6; 18; 7; 17]; [16; 8; 17; 7]; [15; 11; 16; 10]; [13; 19; 14; 18]; [19; 15; 10; 14]],11.08216662,10,31,10,12,4,False,20,12,3.3333333333333335,1.247219128924647,0.30303030303030304
185,10^2_98,[[0; 11; 1; 12]; [12; 1; 13; 2]; [5; 2; 6; 3]; [3; 8; 4; 9]; [9; 4; 0; 5]; [6; 18; 7; 17]; [16; 8; 17; 7]; [15; 11; 16; 10]; [13; 19; 14; 18]; [19; 15; 10; 14]],7.327724753,10,31,10,12,0,False,20,12,3.3333333333333335,1.247219128924647,0.30303030303030304
186,10^2_99,[[0; 12; 1; 11]; [12; 2; 13; 1]; [2; 8; 3; 7]; [8; 4; 9; 3]; [4; 0; 5; 9]; [16; 6; 17; 5]; [6; 18; 7; 17]; [10; 16; 11; 15]; [18; 14; 19; 13]; [14; 10; 15; 19]],12.47970887,10,31,10,12,10,True,20,12,3.3333333333333335,1.3743685418725535,0.30303030303030304
187,10^2_100,[[11; 0; 12; 1]; [1; 12; 2; 13]; [2; 8; 3; 7]; [8; 4; 9; 3]; [4; 0; 5; 9]; [16; 6; 17; 5]; [6; 18; 7; 17]; [10; 16; 11; 15]; [18; 14; 19; 13]; [14; 10; 15; 19]],9.539780459,10,31,10,12,6,False,20,12,3.3333333333333335,1.3743685418725535,0.30303030303030304
188,10^2_101,[[11; 0; 12; 1]; [1; 12; 2; 13]; [2; 8; 3; 7]; [8; 4; 9; 3]; [4; 0; 5; 9]; [5; 16; 6; 17]; [17; 6; 18; 7]; [10; 16; 11; 15]; [18; 14; 19; 13]; [14; 10; 15; 19]],8.929317823,10,31,10,12,2,False,20,12,3.3333333333333335,1.3743685418725535,0.30303030303030304
189,10^2_102,[[5; 1; 6; 0]; [1; 7; 2; 6]; [7; 3; 8; 2]; [3; 17; 4; 16]; [17; 5; 18; 4]; [11; 8; 12; 9]; [9; 14; 10; 15]; [15; 10; 0; 11]; [19; 12; 16; 13]; [13; 18; 14; 19]],13.49171226,10,31,10,12,0,True,20,12,3.3333333333333335,1.247219128924647,0.30303030303030304
190,10^2_103,[[5; 1; 6; 0]; [1; 7; 2; 6]; [7; 3; 8; 2]; [3; 17; 4; 16]; [17; 5; 18; 4]; [11; 8; 12; 9]; [9; 14; 10; 15]; [15; 10; 0; 11]; [12; 16; 13; 19]; [18; 14; 19; 13]],11.08216662,10,31,10,12,4,False,20,12,3.3333333333333335,1.247219128924647,0.30303030303030304
191,10^2_104,[[5; 1; 6; 0]; [1; 7; 2; 6]; [7; 3; 8; 2]; [16; 3; 17; 4]; [4; 17; 5; 18]; [11; 8; 12; 9]; [9; 14; 10; 15]; [15; 10; 0; 11]; [12; 16; 13; 19]; [18; 14; 19; 13]],7.327724753,10,31,10,12,0,False,20,12,3.3333333333333335,1.247219128924647,0.30303030303030304
192,10^2_105,[[0; 11; 1; 12]; [4; 1; 5; 2]; [2; 14; 3; 13]; [12; 4; 13; 3]; [16; 5; 17; 6]; [6; 15; 7; 16]; [14; 7; 15; 8]; [8; 10; 9; 19]; [18; 0; 19; 9]; [10; 17; 11; 18]],12.80840175,10,31,10,12,-2,True,20,12,3.3333333333333335,1.3123346456686351,0.30303030303030304
193,10^2_106,[[17; 1; 18; 0]; [1; 13; 2; 12]; [13; 3; 14; 2]; [3; 15; 4; 14]; [9; 5; 10; 4]; [5; 11; 6; 10]; [11; 7; 12; 6]; [7; 19; 8; 18]; [19; 9; 16; 8]; [15; 17; 0; 16]],12.47970887,10,31,10,12,10,True,20,12,3.3333333333333335,1.4337208778404378,0.30303030303030304
194,10^2_107,[[17; 1; 18; 0]; [1; 13; 2; 12]; [13; 3; 14; 2]; [3; 15; 4; 14]; [9; 5; 10; 4]; [5; 11; 6; 10]; [11; 7; 12; 6]; [18; 7; 19; 8]; [8; 19; 9; 16]; [15; 17; 0; 16]],9.539780459,10,31,10,12,6,False,20,12,3.3333333333333335,1.4337208778404378,0.30303030303030304
195,10^2_108,[[0; 17; 1; 18]; [1; 13; 2; 12]; [13; 3; 14; 2]; [3; 15; 4; 14]; [9; 5; 10; 4]; [5; 11; 6; 10]; [11; 7; 12; 6]; [18; 7; 19; 8]; [8; 19; 9; 16]; [16; 15; 17; 0]],8.929317823,10,31,10,12,2,False,20,12,3.3333333333333335,1.4337208778404378,0.30303030303030304
196,10^2_109,[[11; 0; 12; 1]; [1; 14; 2; 15]; [13; 2; 14; 3]; [3; 12; 4; 13]; [17; 4; 18; 5]; [5; 16; 6; 17]; [15; 6; 16; 7]; [7; 10; 8; 11]; [19; 8; 10; 9]; [9; 18; 0; 19]],10.99158713,10,31,10,12,-10,True,20,12,3.3333333333333335,1.4907119849998598,0.30303030303030304
197,10^2_110,[[0; 16; 1; 15]; [16; 2; 17; 1]; [2; 0; 3; 13]; [10; 3; 11; 4]; [4; 11; 5; 12]; [18; 5; 19; 6]; [6; 19; 7; 14]; [14; 7; 15; 8]; [8; 17; 9; 18]; [12; 9; 13; 10]],12.45062614,10,31,10,12,-4,True,20,12,3.3333333333333335,1.3743685418725535,0.30303030303030304
198,10^2_111,[[0; 15; 1; 16]; [16; 1; 17; 2]; [2; 17; 3; 18]; [10; 3; 11; 4]; [4; 9; 5; 10]; [12; 6; 13; 5]; [6; 14; 7; 19]; [14; 8; 15; 7]; [8; 12; 9; 11]; [18; 13; 19; 0]],13.01724739,10,31,10,12,-2,True,20,12,3.3333333333333335,1.247219128924647,0.30303030303030304
199,10^2_112,[[0; 15; 1; 16]; [16; 1; 17; 2]; [2; 17; 3; 18]; [10; 3; 11; 4]; [4; 9; 5; 10]; [12; 6; 13; 5]; [19; 6; 14; 7]; [7; 14; 8; 15]; [8; 12; 9; 11]; [18; 13; 19; 0]],10.10265286,10,31,10,12,-6,False,20,12,3.3333333333333335,1.247219128924647,0.30303030303030304
200,10^2_113,[[0; 15; 1; 16]; [16; 1; 17; 2]; [2; 17; 3; 18]; [14; 3; 15; 4]; [4; 9; 5; 10]; [8; 5; 9; 6]; [6; 0; 7; 13]; [12; 8; 13; 7]; [10; 19; 11; 14]; [18; 11; 19; 12]],12.51308208,10,31,10,12,-6,True,20,12,3.3333333333333335,1.3743685418725535,0.30303030303030304
201,10^2_114,[[0; 15; 1; 16]; [16; 1; 17; 2]; [2; 17; 3; 18]; [14; 3; 15; 4]; [4; 9; 5; 10]; [8; 5; 9; 6]; [6; 0; 7; 13]; [12; 8; 13; 7]; [19; 11; 14; 10]; [11; 19; 12; 18]],9.104034392,10,31,10,12,-2,False,20,12,3.3333333333333335,1.3743685418725535,0.30303030303030304
202,10^2_115,[[0; 6; 1; 5]; [14; 1; 15; 2]; [2; 13; 3; 14]; [10; 4; 11; 3]; [4; 0; 5; 11]; [6; 19; 7; 12]; [16; 7; 17; 8]; [8; 17; 9; 18]; [18; 9; 19; 10]; [12; 16; 13; 15]],11.78058065,10,31,10,12,-2,True,20,12,3.3333333333333335,1.3743685418725535,0.30303030303030304
203,10^2_116,[[9; 1; 10; 0]; [1; 9; 2; 8]; [7; 3; 8; 2]; [3; 13; 4; 12]; [15; 5; 16; 4]; [5; 15; 6; 14]; [13; 7; 0; 6]; [17; 10; 18; 11]; [11; 18; 12; 19]; [19; 16; 14; 17]],12.72241474,10,31,10,12,4,True,20,12,3.3333333333333335,1.247219128924647,0.30303030303030304
204,10^2_117,[[9; 0; 10; 1]; [1; 10; 2; 11]; [11; 2; 12; 3]; [3; 8; 4; 9]; [13; 5; 14; 4]; [5; 18; 6; 19]; [17; 6; 18; 7]; [7; 13; 8; 12]; [19; 15; 16; 14]; [15; 17; 0; 16]],12.72241474,10,31,10,12,-2,True,20,12,3.3333333333333335,1.247219128924647,0.30303030303030304
205,10^2_118,[[9; 0; 10; 1]; [1; 10; 2; 11]; [11; 2; 12; 3]; [3; 8; 4; 9]; [13; 5; 14; 4]; [18; 6; 19; 5]; [6; 18; 7; 17]; [7; 13; 8; 12]; [19; 15; 16; 14]; [15; 17; 0; 16]],8.793345604,10,31,10,12,2,False,20,12,3.3333333333333335,1.247219128924647,0.30303030303030304
206,10^2_119,[[0; 10; 1; 9]; [10; 2; 11; 1]; [2; 12; 3; 11]; [8; 4; 9; 3]; [4; 18; 5; 17]; [18; 6; 19; 5]; [6; 13; 7; 14]; [12; 7; 13; 8]; [14; 16; 15; 19]; [16; 0; 17; 15]],11.57189681,10,31,10,12,6,True,20,12,3.3333333333333335,1.4907119849998596,0.30303030303030304
207,10^2_120,[[0; 10; 1; 9]; [10; 2; 11; 1]; [2; 12; 3; 11]; [8; 4; 9; 3]; [17; 4; 18; 5]; [5; 18; 6; 19]; [6; 13; 7; 14]; [12; 7; 13; 8]; [14; 16; 15; 19]; [16; 0; 17; 15]],6.138138789,10,31,10,12,2,False,20,12,3.3333333333333335,1.4907119849998598,0.30303030303030304
208,10^2_121,[[9; 1; 10; 0]; [1; 9; 2; 8]; [7; 3; 8; 2]; [3; 11; 4; 10]; [11; 5; 12; 4]; [5; 16; 6; 17]; [15; 6; 16; 7]; [19; 12; 14; 13]; [13; 18; 0; 19]; [17; 15; 18; 14]],12.55175922,10,31,10,12,2,True,20,12,3.3333333333333335,1.3743685418725535,0.30303030303030304
209,10^2_122,[[0; 14; 1; 13]; [12; 2; 13; 1]; [2; 12; 3; 19]; [18; 4; 19; 3]; [4; 8; 5; 7]; [10; 6; 11; 5]; [6; 0; 7; 11]; [8; 15; 9; 16]; [16; 9; 17; 10]; [14; 17; 15; 18]],11.39239158,10,31,10,12,4,True,20,12,3.3333333333333335,1.3743685418725535,0.30303030303030304
210,10^2_123,[[9; 1; 10; 0]; [1; 15; 2; 14]; [15; 3; 16; 2]; [3; 17; 4; 16]; [17; 5; 18; 4]; [5; 9; 6; 8]; [13; 6; 0; 7]; [7; 12; 8; 13]; [19; 10; 14; 11]; [11; 18; 12; 19]],11.11129174,10,31,10,12,2,True,20,12,3.3333333333333335,1.4907119849998598,0.30303030303030304
211,10^2_124,[[9; 1; 10; 0]; [1; 15; 2; 14]; [15; 3; 16; 2]; [3; 17; 4; 16]; [17; 5; 18; 4]; [5; 9; 6; 8]; [13; 6; 0; 7]; [7; 12; 8; 13]; [10; 14; 11; 19]; [18; 12; 19; 11]],6.290302684,10,31,10,12,6,False,20,12,3.3333333333333335,1.4907119849998598,0.30303030303030304
212,10^2_125,[[15; 0; 16; 1]; [1; 14; 2; 15]; [19; 2; 14; 3]; [3; 18; 4; 19]; [9; 4; 10; 5]; [5; 8; 6; 9]; [13; 7; 0; 6]; [7; 13; 8; 12]; [17; 10; 18; 11]; [11; 16; 12; 17]],10.36486961,10,31,10,12,-6,True,20,12,3.3333333333333335,1.699673171197595,0.30303030303030304
213,10^2_126,[[15; 0; 16; 1]; [1; 14; 2; 15]; [19; 2; 14; 3]; [3; 18; 4; 19]; [9; 4; 10; 5]; [5; 8; 6; 9]; [13; 7; 0; 6]; [7; 13; 8; 12]; [10; 18; 11; 17]; [16; 12; 17; 11]],4.415332477,10,31,10,12,-2,False,20,12,3.3333333333333335,1.699673171197595,0.30303030303030304
214,10^2_127,[[0; 14; 1; 13]; [14; 2; 15; 1]; [2; 10; 3; 9]; [10; 4; 11; 3]; [4; 0; 5; 11]; [16; 6; 17; 5]; [6; 18; 7; 17]; [18; 8; 19; 7]; [8; 12; 9; 19]; [12; 16; 13; 15]],10.41405789,10,31,10,12,10,True,20,12,3.3333333333333335,1.5986105077709065,0.30303030303030304
215,10^2_128,[[7; 0; 8; 1]; [1; 8; 2; 9]; [9; 2; 10; 3]; [3; 10; 4; 11]; [17; 4; 18; 5]; [5; 16; 6; 17]; [11; 6; 12; 7]; [15; 13; 0; 12]; [13; 19; 14; 18]; [19; 15; 16; 14]],11.00260872,10,31,10,12,-4,True,20,12,3.3333333333333335,1.4907119849998596,0.30303030303030304
216,10^2_129,[[9; 1; 10; 0]; [1; 7; 2; 6]; [13; 2; 14; 3]; [3; 12; 4; 13]; [11; 4; 12; 5]; [5; 10; 6; 11]; [7; 18; 8; 19]; [17; 8; 18; 9]; [19; 15; 16; 14]; [15; 17; 0; 16]],11.00260872,10,31,10,12,-2,True,20,12,3.3333333333333335,1.4907119849998596,0.30303030303030304
217,10^2_130,[[9; 1; 10; 0]; [1; 7; 2; 6]; [13; 2; 14; 3]; [3; 12; 4; 13]; [11; 4; 12; 5]; [5; 10; 6; 11]; [18; 8; 19; 7]; [8; 18; 9; 17]; [19; 15; 16; 14]; [15; 17; 0; 16]],6.551743288,10,31,10,12,2,False,20,12,3.3333333333333335,1.4907119849998596,0.30303030303030304
218,10^2_131,[[0; 7; 1; 8]; [6; 1; 7; 2]; [2; 14; 3; 13]; [12; 4; 13; 3]; [4; 12; 5; 11]; [10; 6; 11; 5]; [8; 18; 9; 17]; [18; 10; 19; 9]; [14; 16; 15; 19]; [16; 0; 17; 15]],10.84792502,10,31,10,12,6,True,20,12,3.3333333333333335,1.4907119849998598,0.30303030303030304
219,10^2_132,[[0; 7; 1; 8]; [6; 1; 7; 2]; [2; 14; 3; 13]; [12; 4; 13; 3]; [4; 12; 5; 11]; [10; 6; 11; 5]; [8; 18; 9; 17]; [18; 10; 19; 9]; [19; 14; 16; 15]; [15; 16; 0; 17]],6.138138789,10,31,10,12,2,False,20,12,3.3333333333333335,1.4907119849998598,0.30303030303030304
220,10^2_133,[[0; 8; 1; 7]; [8; 2; 9; 1]; [2; 10; 3; 9]; [10; 4; 11; 3]; [4; 12; 5; 11]; [18; 5; 19; 6]; [6; 17; 7; 18]; [12; 0; 13; 15]; [16; 13; 17; 14]; [14; 19; 15; 16]],9.585859494,10,31,10,12,2,True,20,12,3.3333333333333335,1.6499158227686108,0.30303030303030304
221,10^2_134,[[13; 1; 14; 0]; [1; 13; 2; 12]; [2; 10; 3; 9]; [18; 4; 19; 3]; [7; 5; 8; 4]; [5; 15; 6; 14]; [15; 7; 16; 6]; [8; 12; 9; 19]; [17; 11; 18; 10]; [11; 17; 0; 16]],11.6461761,10,31,10,12,10,False,20,12,3.3333333333333335,1.1055415967851332,0.30303030303030304
222,10^2_135,[[0; 13; 1; 14]; [12; 1; 13; 2]; [2; 10; 3; 9]; [18; 4; 19; 3]; [7; 5; 8; 4]; [5; 15; 6; 14]; [15; 7; 16; 6]; [8; 12; 9; 19]; [10; 17; 11; 18]; [16; 11; 17; 0]],3.663862377,10,31,10,12,2,False,20,12,3.3333333333333335,1.1055415967851332,0.30303030303030304
223,10^2_136,[[0; 15; 1; 16]; [16; 1; 17; 2]; [2; 10; 3; 9]; [12; 4; 13; 3]; [7; 5; 8; 4]; [5; 14; 6; 15]; [19; 6; 14; 7]; [8; 0; 9; 13]; [10; 17; 11; 18]; [18; 11; 19; 12]],10.31188377,10,31,10,12,-2,False,20,12,3.3333333333333335,1.1055415967851334,0.30303030303030304
224,10^2_137,[[9; 1; 10; 0]; [1; 16; 2; 17]; [7; 2; 8; 3]; [3; 15; 4; 14]; [13; 4; 0; 5]; [5; 18; 6; 19]; [11; 7; 12; 6]; [15; 8; 16; 9]; [17; 11; 18; 10]; [19; 12; 14; 13]],17.86169811,10,31,10,12,-2,True,20,12,3.3333333333333335,0.4714045207910317,0.30303030303030304
225,10^2_138,[[7; 1; 8; 0]; [1; 7; 2; 6]; [11; 2; 12; 3]; [3; 14; 4; 15]; [15; 4; 16; 5]; [5; 10; 6; 11]; [8; 17; 9; 18]; [16; 9; 17; 10]; [12; 19; 13; 14]; [18; 13; 19; 0]],8.119532851,10,31,10,12,-6,False,20,12,3.3333333333333335,1.3123346456686351,0.30303030303030304
226,10^2_139,[[13; 0; 14; 1]; [1; 16; 2; 17]; [17; 2; 18; 3]; [3; 12; 4; 13]; [11; 5; 0; 4]; [5; 11; 6; 10]; [6; 12; 7; 19]; [18; 8; 19; 7]; [8; 16; 9; 15]; [14; 10; 15; 9]],3.663862377,10,31,10,12,2,False,20,12,3.3333333333333335,1.0274023338281628,0.30303030303030304
227,10^2_140,[[13; 0; 14; 1]; [1; 16; 2; 17]; [17; 2; 18; 3]; [3; 12; 4; 13]; [11; 5; 0; 4]; [5; 11; 6; 10]; [19; 6; 12; 7]; [7; 18; 8; 19]; [15; 8; 16; 9]; [9; 14; 10; 15]],15.13960835,10,31,10,12,-6,True,20,12,3.3333333333333335,1.0274023338281628,0.30303030303030304
228,10^2_141,[[7; 1; 8; 0]; [1; 7; 2; 6]; [11; 2; 12; 3]; [3; 14; 4; 15]; [15; 4; 16; 5]; [5; 10; 6; 11]; [17; 9; 18; 8]; [9; 17; 10; 16]; [19; 13; 14; 12]; [13; 19; 0; 18]],13.63125713,10,31,10,12,2,True,20,12,3.3333333333333335,1.3123346456686351,0.30303030303030304
229,10^2_142,[[15; 1; 16; 0]; [1; 8; 2; 9]; [7; 2; 8; 3]; [3; 15; 4; 14]; [19; 5; 14; 4]; [5; 13; 6; 12]; [11; 7; 12; 6]; [9; 17; 10; 16]; [17; 11; 18; 10]; [13; 19; 0; 18]],14.60284269,10,31,10,12,6,True,20,12,3.3333333333333335,1.1055415967851332,0.30303030303030304
230,10^2_143,[[0; 13; 1; 14]; [12; 1; 13; 2]; [2; 10; 3; 9]; [18; 4; 19; 3]; [4; 7; 5; 8]; [14; 5; 15; 6]; [6; 15; 7; 16]; [8; 12; 9; 19]; [10; 17; 11; 18]; [16; 11; 17; 0]],14.79512008,10,31,10,12,-4,True,20,12,3.3333333333333335,1.1055415967851334,0.30303030303030304
231,10^2_144,[[0; 15; 1; 16]; [16; 1; 17; 2]; [2; 10; 3; 9]; [12; 4; 13; 3]; [4; 7; 5; 8]; [14; 6; 15; 5]; [6; 14; 7; 19]; [8; 0; 9; 13]; [10; 17; 11; 18]; [18; 11; 19; 12]],15.02795191,10,31,10,12,0,True,20,12,3.3333333333333335,1.1055415967851332,0.30303030303030304
232,10^2_145,[[11; 1; 12; 0]; [1; 16; 2; 17]; [13; 2; 14; 3]; [3; 7; 4; 6]; [19; 4; 10; 5]; [5; 18; 6; 19]; [7; 14; 8; 15]; [15; 8; 16; 9]; [9; 11; 0; 10]; [17; 13; 18; 12]],15.28701433,10,31,10,12,-2,True,20,12,3.3333333333333335,1.0274023338281628,0.30303030303030304
233,10^2_146,[[9; 1; 10; 0]; [1; 9; 2; 8]; [2; 16; 3; 15]; [16; 4; 17; 3]; [4; 0; 5; 13]; [18; 5; 19; 6]; [6; 11; 7; 12]; [14; 8; 15; 7]; [10; 14; 11; 19]; [12; 17; 13; 18]],10.70406112,10,31,10,12,4,False,20,12,3.3333333333333335,0.9428090415820634,0.30303030303030304
234,10^2_147,[[15; 0; 16; 1]; [1; 7; 2; 6]; [19; 3; 14; 2]; [3; 11; 4; 10]; [9; 5; 10; 4]; [5; 15; 6; 14]; [7; 16; 8; 17]; [13; 8; 0; 9]; [11; 19; 12; 18]; [17; 13; 18; 12]],15.85131128,10,31,10,12,4,True,20,12,3.3333333333333335,0.9428090415820634,0.30303030303030304
235,10^2_148,[[0; 11; 1; 12]; [10; 1; 11; 2]; [2; 16; 3; 15]; [8; 3; 9; 4]; [4; 17; 5; 18]; [5; 12; 6; 13]; [13; 6; 14; 7]; [18; 7; 19; 8]; [16; 0; 17; 9]; [14; 10; 15; 19]],11.79408628,10,31,10,12,-4,False,20,12,3.3333333333333335,0.8498365855987975,0.30303030303030304
236,10^2_149,[[5; 1; 6; 0]; [1; 10; 2; 11]; [2; 16; 3; 15]; [16; 4; 17; 3]; [9; 4; 10; 5]; [11; 7; 12; 6]; [7; 15; 8; 14]; [17; 9; 18; 8]; [19; 12; 14; 13]; [13; 18; 0; 19]],12.08990115,10,31,10,12,2,False,20,12,3.3333333333333335,0.7453559924999298,0.30303030303030304
237,10^2_150,[[5; 1; 6; 0]; [1; 10; 2; 11]; [15; 2; 16; 3]; [3; 16; 4; 17]; [9; 4; 10; 5]; [11; 7; 12; 6]; [7; 15; 8; 14]; [17; 9; 18; 8]; [19; 12; 14; 13]; [13; 18; 0; 19]],16.34324909,10,31,10,12,-2,True,20,12,3.3333333333333335,0.74535599249993,0.30303030303030304
238,10^2_151,[[0; 11; 1; 12]; [10; 1; 11; 2]; [2; 16; 3; 15]; [8; 3; 9; 4]; [4; 17; 5; 18]; [12; 6; 13; 5]; [6; 14; 7; 13]; [18; 7; 19; 8]; [16; 0; 17; 9]; [14; 10; 15; 19]],16.35274958,10,31,10,12,0,True,20,12,3.3333333333333335,0.8498365855987975,0.30303030303030304
239,10^2_152,[[9; 1; 10; 0]; [1; 4; 2; 5]; [15; 2; 16; 3]; [3; 16; 4; 17]; [5; 11; 6; 10]; [19; 6; 14; 7]; [7; 12; 8; 13]; [17; 9; 18; 8]; [11; 15; 12; 14]; [13; 18; 0; 19]],16.64873323,10,31,10,12,-2,True,20,12,3.3333333333333335,0.7453559924999299,0.30303030303030304
240,10^2_153,[[9; 0; 10; 1]; [1; 17; 2; 16]; [15; 3; 16; 2]; [3; 8; 4; 9]; [19; 4; 14; 5]; [5; 12; 6; 13]; [11; 6; 12; 7]; [7; 14; 8; 15]; [17; 10; 18; 11]; [13; 18; 0; 19]],16.06080412,10,31,10,12,-6,True,20,12,3.3333333333333335,0.8498365855987975,0.30303030303030304
241,10^2_154,[[11; 0; 12; 1]; [1; 17; 2; 16]; [13; 3; 14; 2]; [3; 18; 4; 19]; [9; 4; 0; 5]; [5; 11; 6; 10]; [6; 16; 7; 15]; [14; 8; 15; 7]; [19; 9; 10; 8]; [17; 12; 18; 13]],14.39212824,10,31,10,12,2,False,20,12,3.3333333333333335,0.6236095644623235,0.30303030303030304
242,10^2_155,[[11; 0; 12; 1]; [1; 17; 2; 16]; [13; 3; 14; 2]; [3; 18; 4; 19]; [9; 4; 0; 5]; [5; 11; 6; 10]; [15; 6; 16; 7]; [7; 14; 8; 15]; [19; 9; 10; 8]; [17; 12; 18; 13]],17.39495867,10,31,10,12,-2,True,20,12,3.3333333333333335,0.6236095644623235,0.30303030303030304
243,10^2_156,[[0; 15; 1; 16]; [10; 1; 11; 2]; [2; 7; 3; 8]; [18; 3; 19; 4]; [4; 13; 5; 0]; [14; 6; 15; 5]; [6; 12; 7; 11]; [8; 18; 9; 17]; [16; 10; 17; 9]; [12; 14; 13; 19]],16.71267416,10,31,10,12,0,True,20,12,3.3333333333333335,0.74535599249993,0.30303030303030304
244,10^2_158,[[13; 1; 14; 0]; [1; 15; 2; 14]; [5; 2; 6; 3]; [3; 16; 4; 17]; [17; 4; 18; 5]; [15; 7; 16; 6]; [7; 13; 8; 12]; [11; 8; 0; 9]; [9; 18; 10; 19]; [19; 10; 12; 11]],13.15588565,10,31,10,12,-2,True,20,12,3.3333333333333335,1.3123346456686351,0.30303030303030304
245,10^2_159,[[13; 0; 14; 1]; [1; 12; 2; 13]; [19; 2; 12; 3]; [3; 6; 4; 7]; [17; 5; 18; 4]; [5; 17; 6; 16]; [7; 18; 8; 19]; [11; 9; 0; 8]; [9; 15; 10; 14]; [15; 11; 16; 10]],11.72202299,10,31,10,12,0,True,20,12,3.3333333333333335,1.4907119849998598,0.30303030303030304
246,10^2_160,[[13; 1; 14; 0]; [1; 13; 2; 12]; [19; 3; 12; 2]; [3; 19; 4; 18]; [7; 4; 8; 5]; [5; 16; 6; 17]; [17; 6; 18; 7]; [11; 8; 0; 9]; [9; 14; 10; 15]; [15; 10; 16; 11]],9.842965697,10,31,10,12,-2,True,20,12,3.3333333333333335,1.795054935711501,0.30303030303030304
247,10^2_161,[[0; 15; 1; 16]; [6; 1; 7; 2]; [2; 5; 3; 6]; [16; 3; 17; 4]; [4; 17; 5; 18]; [14; 7; 15; 8]; [8; 0; 9; 13]; [12; 10; 13; 9]; [10; 19; 11; 14]; [18; 11; 19; 12]],12.80039035,10,31,10,12,-6,True,20,12,3.3333333333333335,1.3743685418725535,0.30303030303030304
248,10^2_162,[[0; 15; 1; 16]; [12; 1; 13; 2]; [2; 11; 3; 12]; [8; 3; 9; 4]; [4; 7; 5; 8]; [16; 5; 17; 6]; [6; 17; 7; 18]; [18; 9; 19; 10]; [10; 19; 11; 14]; [14; 13; 15; 0]],12.58060537,10,31,10,12,-10,True,20,12,3.3333333333333335,1.4337208778404378,0.30303030303030304
249,10^2_163,[[0; 8; 1; 7]; [6; 2; 7; 1]; [2; 6; 3; 5]; [14; 3; 15; 4]; [4; 13; 5; 14]; [8; 16; 9; 15]; [12; 10; 13; 9]; [10; 17; 11; 18]; [18; 11; 19; 0]; [16; 19; 17; 12]],11.98307382,10,31,10,12,0,True,20,12,3.3333333333333335,1.4337208778404378,0.30303030303030304
250,10^2_164,[[7; 0; 8; 1]; [1; 6; 2; 7]; [5; 2; 6; 3]; [3; 17; 4; 16]; [15; 5; 16; 4]; [17; 8; 18; 9]; [9; 18; 10; 19]; [13; 10; 0; 11]; [11; 15; 12; 14]; [19; 13; 14; 12]],11.75717306,10,31,10,12,-2,True,20,12,3.3333333333333335,1.4907119849998596,0.30303030303030304
251,10^2_165,[[17; 0; 18; 1]; [1; 14; 2; 15]; [13; 2; 14; 3]; [3; 12; 4; 13]; [11; 4; 12; 5]; [5; 10; 6; 11]; [9; 6; 10; 7]; [7; 18; 8; 19]; [19; 8; 16; 9]; [15; 16; 0; 17]],6.927377112,10,31,10,12,-10,True,20,12,3.3333333333333335,2.1730674684008826,0.30303030303030304
252,10^2_166,[[13; 1; 14; 0]; [1; 13; 2; 12]; [11; 2; 0; 3]; [3; 14; 4; 15]; [9; 5; 10; 4]; [5; 17; 6; 16]; [19; 7; 12; 6]; [7; 19; 8; 18]; [17; 9; 18; 8]; [15; 10; 16; 11]],12.60527261,10,31,10,12,4,True,20,12,3.3333333333333335,1.3743685418725535,0.30303030303030304
253,10^2_167,[[0; 13; 1; 14]; [12; 1; 13; 2]; [2; 19; 3; 12]; [14; 3; 15; 4]; [4; 11; 5; 0]; [18; 6; 19; 5]; [6; 18; 7; 17]; [10; 7; 11; 8]; [8; 15; 9; 16]; [16; 9; 17; 10]],11.98386338,10,31,10,12,-6,True,20,12,3.3333333333333335,1.247219128924647,0.30303030303030304
254,10^2_168,[[0; 13; 1; 14]; [14; 1; 15; 2]; [2; 15; 3; 16]; [10; 4; 11; 3]; [4; 10; 5; 9]; [18; 5; 19; 6]; [6; 19; 7; 12]; [12; 7; 13; 8]; [8; 17; 9; 18]; [16; 11; 17; 0]],10.46230773,10,31,10,12,-6,True,20,12,3.3333333333333335,1.6499158227686106,0.30303030303030304
255,10^2_169,[[0; 11; 1; 12]; [10; 1; 11; 2]; [2; 9; 3; 10]; [8; 3; 9; 4]; [4; 15; 5; 16]; [14; 5; 15; 6]; [6; 19; 7; 14]; [16; 7; 17; 8]; [12; 17; 13; 18]; [18; 13; 19; 0]],8.971059666,10,31,10,12,-10,True,20,12,3.3333333333333335,1.8408935028645435,0.30303030303030304
256,10^2_170,[[0; 14; 1; 13]; [12; 2; 13; 1]; [2; 12; 3; 19]; [16; 4; 17; 3]; [4; 9; 5; 10]; [8; 5; 9; 6]; [6; 16; 7; 15]; [14; 8; 15; 7]; [10; 18; 11; 17]; [18; 0; 19; 11]],11.83429528,10,31,10,12,6,True,20,12,3.3333333333333335,1.4337208778404378,0.30303030303030304
257,10^2_171,[[0; 11; 1; 12]; [10; 1; 11; 2]; [2; 19; 3; 10]; [16; 3; 17; 4]; [4; 15; 5; 16]; [12; 5; 13; 6]; [6; 13; 7; 14]; [14; 7; 15; 8]; [8; 17; 9; 18]; [18; 9; 19; 0]],11.20211794,10,31,10,12,-10,True,20,12,3.3333333333333335,1.4907119849998596,0.30303030303030304
258,10^2_172,[[0; 14; 1; 13]; [14; 2; 15; 1]; [2; 16; 3; 15]; [12; 4; 13; 3]; [4; 12; 5; 19]; [18; 6; 19; 5]; [6; 11; 7; 0]; [10; 7; 11; 8]; [8; 18; 9; 17]; [16; 10; 17; 9]],11.21124683,10,31,10,12,6,True,20,12,3.3333333333333335,1.5456030825826172,0.30303030303030304
259,10^2_173,[[11; 0; 12; 1]; [1; 12; 2; 13]; [13; 2; 14; 3]; [3; 10; 4; 11]; [19; 4; 10; 5]; [5; 18; 6; 19]; [17; 6; 18; 7]; [7; 14; 8; 15]; [15; 8; 16; 9]; [9; 16; 0; 17]],9.45080317,10,31,10,12,-10,True,20,12,3.3333333333333335,1.699673171197595,0.30303030303030304
260,10^2_174,[[0; 7; 1; 8]; [18; 2; 19; 1]; [2; 12; 3; 11]; [16; 3; 17; 4]; [4; 15; 5; 16]; [14; 5; 15; 6]; [6; 13; 7; 14]; [8; 19; 9; 10]; [10; 9; 11; 0]; [12; 18; 13; 17]],11.03572684,10,31,10,12,-4,True,20,12,3.3333333333333335,1.4337208778404378,0.30303030303030304
261,10^2_175,[[5; 0; 6; 1]; [1; 15; 2; 14]; [13; 3; 14; 2]; [3; 13; 4; 12]; [19; 5; 12; 4]; [15; 6; 16; 7]; [7; 16; 8; 17]; [11; 8; 0; 9]; [9; 19; 10; 18]; [17; 11; 18; 10]],10.04384757,10,31,10,12,2,True,20,12,3.3333333333333335,1.699673171197595,0.30303030303030304
262,10^2_176,[[13; 0; 14; 1]; [1; 12; 2; 13]; [19; 2; 12; 3]; [3; 18; 4; 19]; [11; 5; 0; 4]; [5; 11; 6; 10]; [17; 6; 18; 7]; [7; 14; 8; 15]; [15; 8; 16; 9]; [9; 16; 10; 17]],9.707186591,10,31,10,12,-6,True,20,12,3.3333333333333335,1.5456030825826172,0.30303030303030304
263,10^2_177,[[13; 1; 14; 0]; [1; 13; 2; 12]; [19; 3; 12; 2]; [3; 19; 4; 18]; [11; 4; 0; 5]; [5; 10; 6; 11]; [17; 7; 18; 6]; [7; 17; 8; 16]; [15; 9; 16; 8]; [9; 15; 10; 14]],8.519183604,10,31,10,12,6,True,20,12,3.3333333333333335,1.8408935028645435,0.30303030303030304
264,10^2_178,[[0; 15; 1; 16]; [16; 1; 17; 2]; [2; 17; 3; 18]; [18; 3; 19; 4]; [4; 13; 5; 0]; [12; 5; 13; 6]; [6; 11; 7; 12]; [10; 7; 11; 8]; [8; 19; 9; 14]; [14; 9; 15; 10]],8.693383422,10,31,10,12,-10,True,20,12,3.3333333333333335,1.7480147469502525,0.30303030303030304
265,10^2_179,[[11; 1; 12; 0]; [1; 11; 2; 10]; [9; 2; 0; 3]; [3; 15; 4; 14]; [15; 5; 16; 4]; [5; 17; 6; 16]; [17; 7; 18; 6]; [7; 19; 8; 18]; [13; 9; 14; 8]; [19; 12; 10; 13]],8.501782521,10,31,10,12,6,True,20,12,3.3333333333333335,1.7950549357115013,0.30303030303030304
266,10^2_180,[[0; 11; 1; 12]; [12; 1; 13; 2]; [2; 13; 3; 14]; [10; 3; 11; 4]; [4; 19; 5; 10]; [14; 5; 15; 6]; [6; 15; 7; 16]; [16; 7; 17; 8]; [8; 17; 9; 18]; [18; 9; 19; 0]],8.274775284,10,31,10,12,-10,True,20,12,3.3333333333333335,1.8856180831641267,0.30303030303030304
267,10^2_181,[[0; 12; 1; 11]; [10; 2; 11; 1]; [2; 10; 3; 19]; [18; 4; 19; 3]; [4; 18; 5; 17]; [12; 6; 13; 5]; [6; 14; 7; 13]; [14; 8; 15; 7]; [8; 16; 9; 15]; [16; 0; 17; 9]],5.907963404,10,31,10,12,10,True,20,12,3.3333333333333335,1.8856180831641267,0.30303030303030304
268,10^2_182,[[0; 5; 1; 6]; [4; 1; 5; 2]; [2; 13; 3; 14]; [14; 3; 15; 4]; [6; 15; 7; 16]; [16; 7; 17; 8]; [8; 17; 9; 18]; [18; 9; 19; 10]; [10; 19; 11; 12]; [12; 11; 13; 0]],7.349415996,10,31,10,12,-10,True,20,12,3.3333333333333335,2.0138409955990952,0.30303030303030304
269,10^2_183,[[11; 1; 12; 0]; [1; 11; 2; 10]; [19; 3; 10; 2]; [3; 13; 4; 12]; [13; 5; 14; 4]; [5; 15; 6; 14]; [15; 7; 16; 6]; [7; 17; 8; 16]; [17; 9; 18; 8]; [9; 19; 0; 18]],5.082653842,10,31,10,12,10,True,20,12,3.3333333333333335,2.2110831935702664,0.30303030303030304
270,6^3_1,[[0; 6; 1; 5]; [6; 2; 7; 1]; [2; 10; 3; 9]; [10; 0; 11; 3]; [4; 11; 5; 8]; [8; 7; 9; 4]],5.333489567,6,31,6,8,2,True,12,8,3.0,0.8660254037844386,0.42857142857142855
271,6^3_2,[[5; 0; 6; 1]; [1; 8; 2; 9]; [7; 3; 4; 2]; [3; 11; 0; 10]; [9; 4; 10; 5]; [11; 7; 8; 6]],7.327724753,6,31,6,8,0,True,12,8,3.0,0.0,0.42857142857142855
272,6^3_3,[[5; 0; 6; 1]; [1; 6; 2; 7]; [2; 10; 3; 9]; [10; 0; 11; 3]; [4; 11; 5; 8]; [8; 7; 9; 4]],0.000286599,6,31,6,8,-2,False,12,8,3.0,0.8660254037844386,0.42857142857142855
273,7^3_1,[[7; 1; 8; 0]; [1; 9; 2; 8]; [5; 3; 0; 2]; [3; 11; 4; 10]; [11; 5; 12; 4]; [13; 7; 10; 6]; [9; 13; 6; 12]],7.706911803,7,31,7,9,7,True,14,9,3.111111111111111,0.8748897637790901,0.3888888888888889
274,8^3_1,[[0; 8; 1; 7]; [10; 2; 11; 1]; [2; 12; 3; 11]; [12; 4; 13; 3]; [4; 14; 5; 13]; [6; 0; 7; 5]; [8; 15; 9; 10]; [14; 9; 15; 6]],6.551743288,8,31,8,10,4,True,16,10,3.2,1.5362291495737217,0.35555555555555557
275,8^3_2,[[0; 8; 1; 7]; [8; 2; 9; 1]; [2; 12; 3; 11]; [14; 4; 15; 3]; [4; 14; 5; 13]; [12; 0; 13; 5]; [6; 15; 7; 10]; [10; 9; 11; 6]],8.793345604,8,31,8,10,4,True,16,10,3.2,1.077032961426901,0.35555555555555557
276,8^3_3,[[7; 1; 8; 0]; [1; 9; 2; 8]; [5; 3; 0; 2]; [3; 11; 4; 10]; [11; 5; 12; 4]; [13; 6; 14; 7]; [9; 14; 6; 15]; [15; 13; 10; 12]],8.967360849,8,31,8,10,4,True,16,10,3.2,1.077032961426901,0.35555555555555557
277,8^3_4,[[9; 0; 10; 1]; [1; 8; 2; 9]; [13; 2; 14; 3]; [3; 14; 4; 15]; [11; 4; 8; 5]; [5; 10; 6; 11]; [15; 6; 12; 7]; [7; 12; 0; 13]],10.14941606,8,31,8,10,-8,True,16,10,3.2,0.9797958971132713,0.35555555555555557
278,8^3_5,[[7; 0; 8; 1]; [1; 15; 2; 14]; [9; 3; 6; 2]; [3; 10; 4; 11]; [11; 4; 12; 5]; [5; 12; 0; 13]; [13; 7; 14; 6]; [15; 8; 10; 9]],9.802001166,8,31,8,10,-2,True,16,10,3.2,0.9797958971132712,0.35555555555555557
279,8^3_6,[[0; 8; 1; 7]; [12; 1; 13; 2]; [2; 11; 3; 12]; [6; 4; 7; 3]; [4; 10; 5; 15]; [14; 0; 15; 5]; [8; 14; 9; 13]; [10; 6; 11; 9]],10.66697913,8,31,8,10,4,True,16,10,3.2,0.7483314773547882,0.35555555555555557
280,8^3_8,[[7; 0; 8; 1]; [1; 8; 2; 9]; [2; 12; 3; 11]; [14; 4; 15; 3]; [4; 14; 5; 13]; [12; 0; 13; 5]; [6; 15; 7; 10]; [10; 9; 11; 6]],5.333489567,8,31,8,10,0,False,16,10,3.2,1.077032961426901,0.35555555555555557
281,8^3_9,[[9; 0; 10; 1]; [1; 8; 2; 9]; [13; 2; 14; 3]; [3; 14; 4; 15]; [4; 8; 5; 11]; [10; 6; 11; 5]; [15; 6; 12; 7]; [7; 12; 0; 13]],7.327724753,8,31,8,10,-4,False,16,10,3.2,0.9797958971132713,0.35555555555555557
282,9^3_1,[[3; 1; 4; 0]; [1; 10; 2; 11]; [9; 2; 10; 3]; [11; 5; 12; 4]; [5; 13; 6; 12]; [15; 6; 16; 7]; [7; 14; 0; 15]; [17; 9; 14; 8]; [13; 17; 8; 16]],10.74025767,9,31,9,11,1,True,18,11,3.272727272727273,1.2856486930664501,0.32727272727272727
283,9^3_2,[[0; 9; 1; 10]; [6; 1; 7; 2]; [2; 12; 3; 11]; [16; 3; 17; 4]; [4; 15; 5; 16]; [10; 6; 11; 5]; [8; 7; 9; 0]; [12; 14; 13; 17]; [14; 8; 15; 13]],11.76223429,9,31,9,11,-1,True,18,11,3.272727272727273,1.052348809344566,0.32727272727272727
284,9^3_3,[[5; 1; 6; 0]; [1; 11; 2; 10]; [11; 3; 12; 2]; [3; 9; 4; 8]; [9; 5; 0; 4]; [15; 7; 16; 6]; [7; 17; 8; 16]; [17; 13; 14; 12]; [13; 15; 10; 14]],11.29496914,9,31,9,11,9,True,18,11,3.272727272727273,1.212878551284212,0.32727272727272727
285,9^3_4,[[5; 0; 6; 1]; [1; 6; 2; 7]; [11; 2; 12; 3]; [3; 10; 4; 11]; [7; 4; 8; 5]; [15; 8; 16; 9]; [9; 14; 0; 15]; [17; 12; 14; 13]; [13; 16; 10; 17]],12.27656278,9,31,9,11,-9,True,18,11,3.272727272727273,1.052348809344566,0.32727272727272727
286,9^3_5,[[9; 1; 10; 0]; [1; 11; 2; 10]; [5; 3; 6; 2]; [3; 15; 4; 14]; [15; 5; 16; 4]; [13; 7; 8; 6]; [7; 9; 0; 8]; [11; 17; 12; 16]; [17; 13; 14; 12]],9.312341317,9,31,9,11,9,True,18,11,3.272727272727273,1.3545149477955765,0.32727272727272727
287,9^3_6,[[3; 1; 4; 0]; [1; 8; 2; 9]; [7; 2; 8; 3]; [13; 5; 14; 4]; [5; 15; 0; 14]; [17; 6; 12; 7]; [9; 12; 10; 13]; [15; 10; 16; 11]; [11; 16; 6; 17]],10.56280631,9,31,9,11,-3,True,18,11,3.272727272727273,1.2128785512842122,0.32727272727272727
288,9^3_7,[[7; 1; 8; 0]; [1; 9; 2; 8]; [5; 3; 0; 2]; [3; 13; 4; 12]; [13; 5; 14; 4]; [9; 7; 10; 6]; [15; 11; 16; 10]; [11; 17; 6; 16]; [17; 15; 12; 14]],9.665346419,9,31,9,11,9,True,18,11,3.272727272727273,1.3545149477955762,0.32727272727272727
289,9^3_8,[[0; 10; 1; 9]; [16; 1; 17; 2]; [2; 15; 3; 16]; [12; 3; 13; 4]; [4; 13; 5; 8]; [14; 5; 15; 6]; [6; 17; 7; 14]; [10; 0; 11; 7]; [8; 11; 9; 12]],11.75183617,9,31,9,11,-5,True,18,11,3.272727272727273,1.1354541815269814,0.32727272727272727
290,9^3_9,[[0; 12; 1; 11]; [12; 2; 13; 1]; [2; 8; 3; 7]; [14; 4; 15; 3]; [4; 16; 5; 15]; [10; 5; 11; 6]; [6; 13; 7; 10]; [8; 17; 9; 14]; [16; 9; 17; 0]],11.75183617,9,31,9,11,1,True,18,11,3.272727272727273,1.1354541815269814,0.32727272727272727
291,9^3_10,[[9; 0; 10; 1]; [1; 4; 2; 5]; [11; 3; 12; 2]; [3; 11; 4; 10]; [5; 17; 6; 16]; [13; 7; 8; 6]; [7; 14; 0; 15]; [15; 9; 16; 8]; [17; 12; 14; 13]],13.32336092,9,31,9,11,1,True,18,11,3.272727272727273,0.7496555682941201,0.32727272727272727
292,9^3_11,[[9; 1; 10; 0]; [1; 14; 2; 15]; [5; 3; 6; 2]; [3; 13; 4; 12]; [13; 5; 8; 4]; [15; 6; 16; 7]; [7; 11; 0; 10]; [17; 8; 14; 9]; [11; 16; 12; 17]],13.04040137,9,31,9,11,1,True,18,11,3.272727272727273,0.7496555682941202,0.32727272727272727
293,9^3_12,[[0; 12; 1; 11]; [16; 2; 17; 1]; [2; 7; 3; 8]; [14; 3; 15; 4]; [4; 13; 5; 10]; [12; 5; 13; 6]; [6; 15; 7; 16]; [8; 14; 9; 17]; [10; 0; 11; 9]],13.81327844,9,31,9,11,-1,True,18,11,3.272727272727273,0.7496555682941202,0.32727272727272727
294,9^3_13,[[3; 1; 4; 0]; [1; 10; 2; 11]; [9; 2; 10; 3]; [11; 5; 12; 4]; [5; 13; 6; 12]; [6; 16; 7; 15]; [14; 0; 15; 7]; [17; 9; 14; 8]; [13; 17; 8; 16]],5.333489567,9,31,9,11,5,False,18,11,3.272727272727273,1.28564869306645,0.32727272727272727
295,9^3_14,[[0; 9; 1; 10]; [6; 1; 7; 2]; [2; 12; 3; 11]; [3; 17; 4; 16]; [15; 5; 16; 4]; [10; 6; 11; 5]; [8; 7; 9; 0]; [12; 14; 13; 17]; [14; 8; 15; 13]],7.706911803,9,31,9,11,3,False,18,11,3.272727272727273,1.052348809344566,0.32727272727272727
296,9^3_15,[[5; 1; 6; 0]; [10; 1; 11; 2]; [2; 11; 3; 12]; [3; 9; 4; 8]; [9; 5; 0; 4]; [15; 7; 16; 6]; [7; 17; 8; 16]; [17; 13; 14; 12]; [13; 15; 10; 14]],8.355502146,9,31,9,11,5,False,18,11,3.272727272727273,1.2128785512842122,0.32727272727272727
297,9^3_16,[[5; 0; 6; 1]; [1; 6; 2; 7]; [11; 2; 12; 3]; [3; 10; 4; 11]; [7; 4; 8; 5]; [15; 8; 16; 9]; [9; 14; 0; 15]; [12; 14; 13; 17]; [16; 10; 17; 13]],9.966511884,9,31,9,11,-5,False,18,11,3.272727272727273,1.052348809344566,0.32727272727272727
298,9^3_17,[[5; 1; 6; 0]; [10; 1; 11; 2]; [2; 11; 3; 12]; [3; 9; 4; 8]; [9; 5; 0; 4]; [15; 7; 16; 6]; [7; 17; 8; 16]; [12; 17; 13; 14]; [14; 13; 15; 10]],5.333489567,9,31,9,11,1,False,18,11,3.272727272727273,1.2128785512842122,0.32727272727272727
299,9^3_18,[[0; 10; 1; 9]; [1; 17; 2; 16]; [15; 3; 16; 2]; [12; 3; 13; 4]; [4; 13; 5; 8]; [14; 5; 15; 6]; [6; 17; 7; 14]; [10; 0; 11; 7]; [8; 11; 9; 12]],7.327724753,9,31,9,11,-1,False,18,11,3.272727272727273,1.1354541815269814,0.32727272727272727
300,9^3_19,[[0; 10; 1; 9]; [1; 17; 2; 16]; [15; 3; 16; 2]; [12; 3; 13; 4]; [4; 13; 5; 8]; [5; 15; 6; 14]; [17; 7; 14; 6]; [10; 0; 11; 7]; [8; 11; 9; 12]],7.327724753,9,31,9,11,3,False,18,11,3.272727272727273,1.1354541815269814,0.32727272727272727
301,9^3_20,[[0; 12; 1; 11]; [16; 2; 17; 1]; [2; 7; 3; 8]; [14; 3; 15; 4]; [13; 5; 10; 4]; [5; 13; 6; 12]; [6; 15; 7; 16]; [8; 14; 9; 17]; [10; 0; 11; 9]],10.99158713,9,31,9,11,3,False,18,11,3.272727272727273,0.7496555682941201,0.32727272727272727
302,9^3_21,[[11; 0; 12; 1]; [16; 2; 17; 1]; [2; 7; 3; 8]; [14; 3; 15; 4]; [13; 5; 10; 4]; [5; 13; 6; 12]; [6; 15; 7; 16]; [8; 14; 9; 17]; [9; 10; 0; 11]],3.663862377,9,31,9,11,-1,False,18,11,3.272727272727273,0.7496555682941201,0.32727272727272727
303,10^3_1,[[7; 1; 8; 0]; [1; 7; 2; 6]; [2; 13; 3; 14]; [14; 3; 15; 4]; [4; 17; 5; 18]; [18; 5; 19; 6]; [8; 19; 9; 16]; [16; 9; 17; 10]; [10; 15; 11; 12]; [12; 11; 13; 0]],12.844853,10,31,10,12,-6,False,20,12,3.3333333333333335,1.178511301977579,0.30303030303030304
304,10^3_2,[[0; 7; 1; 8]; [6; 1; 7; 2]; [2; 13; 3; 14]; [14; 3; 15; 4]; [4; 17; 5; 18]; [18; 5; 19; 6]; [8; 19; 9; 16]; [16; 9; 17; 10]; [10; 15; 11; 12]; [12; 11; 13; 0]],14.60306075,10,31,10,12,-10,True,20,12,3.3333333333333335,1.1785113019775793,0.30303030303030304
305,10^3_3,[[0; 7; 1; 8]; [6; 1; 7; 2]; [2; 13; 3; 14]; [14; 3; 15; 4]; [17; 5; 18; 4]; [5; 19; 6; 18]; [8; 19; 9; 16]; [16; 9; 17; 10]; [10; 15; 11; 12]; [12; 11; 13; 0]],10.99158713,10,31,10,12,-6,False,20,12,3.3333333333333335,1.178511301977579,0.30303030303030304
306,10^3_4,[[0; 7; 1; 8]; [6; 1; 7; 2]; [2; 13; 3; 14]; [14; 3; 15; 4]; [17; 5; 18; 4]; [5; 19; 6; 18]; [19; 9; 16; 8]; [9; 17; 10; 16]; [10; 15; 11; 12]; [12; 11; 13; 0]],10.14941606,10,31,10,12,-2,False,20,12,3.3333333333333335,1.1785113019775793,0.30303030303030304
307,10^3_5,[[0; 10; 1; 9]; [14; 2; 15; 1]; [2; 16; 3; 15]; [12; 3; 13; 4]; [4; 13; 5; 8]; [18; 5; 19; 6]; [6; 17; 7; 18]; [10; 0; 11; 7]; [8; 11; 9; 12]; [16; 14; 17; 19]],13.93968568,10,31,10,12,0,True,20,12,3.3333333333333335,1.247219128924647,0.30303030303030304
308,10^3_6,[[0; 11; 1; 12]; [12; 1; 13; 2]; [2; 7; 3; 8]; [16; 4; 17; 3]; [4; 16; 5; 15]; [10; 6; 11; 5]; [6; 10; 7; 13]; [8; 14; 9; 19]; [18; 0; 19; 9]; [14; 17; 15; 18]],13.93968568,10,31,10,12,2,True,20,12,3.3333333333333335,1.178511301977579,0.30303030303030304
309,10^3_7,[[0; 10; 1; 9]; [6; 1; 7; 2]; [2; 5; 3; 6]; [14; 4; 15; 3]; [4; 14; 5; 13]; [10; 0; 11; 7]; [8; 17; 9; 18]; [16; 11; 17; 12]; [12; 19; 13; 16]; [18; 15; 19; 8]],12.70917311,10,31,10,12,-2,True,20,12,3.3333333333333335,1.4337208778404378,0.30303030303030304
310,10^3_8,[[0; 10; 1; 9]; [6; 1; 7; 2]; [2; 5; 3; 6]; [14; 4; 15; 3]; [4; 14; 5; 13]; [10; 0; 11; 7]; [17; 9; 18; 8]; [16; 11; 17; 12]; [12; 19; 13; 16]; [15; 19; 8; 18]],7.327724753,10,31,10,12,2,False,20,12,3.3333333333333335,1.4337208778404378,0.30303030303030304
311,10^3_9,[[0; 10; 1; 9]; [6; 1; 7; 2]; [2; 5; 3; 6]; [14; 4; 15; 3]; [4; 14; 5; 13]; [10; 0; 11; 7]; [17; 9; 18; 8]; [11; 17; 12; 16]; [19; 13; 16; 12]; [15; 19; 8; 18]],10.14941606,10,31,10,12,6,False,20,12,3.3333333333333335,1.4337208778404378,0.30303030303030304
312,10^3_10,[[0; 11; 1; 12]; [4; 2; 5; 1]; [2; 16; 3; 15]; [16; 4; 17; 3]; [8; 6; 9; 5]; [6; 14; 7; 19]; [14; 8; 15; 7]; [12; 9; 13; 0]; [10; 17; 11; 18]; [18; 13; 19; 10]],14.32376002,10,31,10,12,2,True,20,12,3.3333333333333335,1.178511301977579,0.30303030303030304
313,10^3_11,[[0; 11; 1; 12]; [4; 2; 5; 1]; [2; 16; 3; 15]; [16; 4; 17; 3]; [8; 6; 9; 5]; [6; 14; 7; 19]; [14; 8; 15; 7]; [12; 9; 13; 0]; [17; 11; 18; 10]; [13; 19; 10; 18]],10.66697913,10,31,10,12,6,False,20,12,3.3333333333333335,1.1785113019775793,0.30303030303030304
314,10^3_12,[[11; 1; 12; 0]; [4; 2; 5; 1]; [2; 16; 3; 15]; [16; 4; 17; 3]; [8; 6; 9; 5]; [6; 14; 7; 19]; [14; 8; 15; 7]; [9; 13; 0; 12]; [17; 11; 18; 10]; [13; 19; 10; 18]],8.929317823,10,31,10,12,10,False,20,12,3.3333333333333335,1.178511301977579,0.30303030303030304
315,10^3_13,[[0; 12; 1; 11]; [12; 2; 13; 1]; [5; 2; 6; 3]; [3; 17; 4; 16]; [15; 5; 16; 4]; [6; 0; 7; 9]; [18; 7; 19; 8]; [8; 17; 9; 18]; [10; 19; 11; 14]; [14; 13; 15; 10]],11.08216662,10,31,10,12,0,False,20,12,3.3333333333333335,1.1785113019775793,0.30303030303030304
316,10^3_14,[[9; 1; 10; 0]; [1; 9; 2; 8]; [15; 3; 8; 2]; [3; 13; 4; 12]; [11; 5; 12; 4]; [5; 11; 6; 10]; [17; 7; 18; 6]; [7; 19; 0; 18]; [13; 16; 14; 17]; [19; 14; 16; 15]],12.47970887,10,31,10,12,6,True,20,12,3.3333333333333335,1.4337208778404378,0.30303030303030304
317,10^3_15,[[9; 1; 10; 0]; [1; 9; 2; 8]; [15; 3; 8; 2]; [3; 13; 4; 12]; [11; 5; 12; 4]; [5; 11; 6; 10]; [17; 7; 18; 6]; [7; 19; 0; 18]; [16; 14; 17; 13]; [14; 16; 15; 19]],10.66697913,10,31,10,12,10,False,20,12,3.3333333333333335,1.4337208778404378,0.30303030303030304
318,10^3_16,[[9; 1; 10; 0]; [1; 9; 2; 8]; [15; 3; 8; 2]; [3; 13; 4; 12]; [11; 5; 12; 4]; [5; 11; 6; 10]; [6; 17; 7; 18]; [18; 7; 19; 0]; [16; 14; 17; 13]; [14; 16; 15; 19]],8.929317823,10,31,10,12,6,False,20,12,3.3333333333333335,1.4337208778404378,0.30303030303030304
319,10^3_17,[[0; 12; 1; 11]; [12; 2; 13; 1]; [2; 14; 3; 13]; [10; 4; 11; 3]; [4; 17; 5; 18]; [16; 5; 17; 6]; [6; 10; 7; 15]; [14; 8; 15; 7]; [8; 19; 9; 16]; [18; 9; 19; 0]],13.27186974,10,31,10,12,2,True,20,12,3.3333333333333335,1.247219128924647,0.30303030303030304
320,10^3_18,[[0; 12; 1; 11]; [12; 2; 13; 1]; [2; 14; 3; 13]; [10; 4; 11; 3]; [17; 5; 18; 4]; [5; 17; 6; 16]; [6; 10; 7; 15]; [14; 8; 15; 7]; [8; 19; 9; 16]; [18; 9; 19; 0]],9.802001166,10,31,10,12,6,False,20,12,3.3333333333333335,1.247219128924647,0.30303030303030304
321,10^3_19,[[0; 12; 1; 11]; [12; 2; 13; 1]; [2; 14; 3; 13]; [10; 4; 11; 3]; [17; 5; 18; 4]; [5; 17; 6; 16]; [6; 10; 7; 15]; [14; 8; 15; 7]; [19; 9; 16; 8]; [9; 19; 0; 18]],7.327724753,10,31,10,12,10,False,20,12,3.3333333333333335,1.247219128924647,0.30303030303030304
322,10^3_20,[[0; 12; 1; 11]; [12; 2; 13; 1]; [2; 14; 3; 13]; [10; 4; 11; 3]; [4; 17; 5; 18]; [16; 5; 17; 6]; [15; 6; 10; 7]; [7; 14; 8; 15]; [8; 19; 9; 16]; [18; 9; 19; 0]],11.20294161,10,31,10,12,-2,False,20,12,3.3333333333333335,1.247219128924647,0.30303030303030304
323,10^3_21,[[0; 12; 1; 11]; [10; 2; 11; 1]; [2; 10; 3; 15]; [14; 4; 15; 3]; [4; 17; 5; 18]; [16; 5; 17; 6]; [6; 14; 7; 13]; [12; 8; 13; 7]; [8; 19; 9; 16]; [18; 9; 19; 0]],11.86661207,10,31,10,12,2,True,20,12,3.3333333333333335,1.4907119849998596,0.30303030303030304
324,10^3_22,[[0; 12; 1; 11]; [10; 2; 11; 1]; [2; 10; 3; 15]; [14; 4; 15; 3]; [17; 5; 18; 4]; [5; 17; 6; 16]; [6; 14; 7; 13]; [12; 8; 13; 7]; [8; 19; 9; 16]; [18; 9; 19; 0]],9.802001166,10,31,10,12,6,False,20,12,3.3333333333333335,1.4907119849998596,0.30303030303030304
325,10^3_23,[[0; 12; 1; 11]; [10; 2; 11; 1]; [2; 10; 3; 15]; [14; 4; 15; 3]; [17; 5; 18; 4]; [5; 17; 6; 16]; [6; 14; 7; 13]; [12; 8; 13; 7]; [19; 9; 16; 8]; [9; 19; 0; 18]],7.327724753,10,31,10,12,10,False,20,12,3.3333333333333335,1.4907119849998598,0.30303030303030304
326,10^3_24,[[0; 12; 1; 11]; [10; 2; 11; 1]; [2; 10; 3; 15]; [14; 4; 15; 3]; [4; 17; 5; 18]; [16; 5; 17; 6]; [13; 6; 14; 7]; [7; 12; 8; 13]; [8; 19; 9; 16]; [18; 9; 19; 0]],8.929317823,10,31,10,12,-2,False,20,12,3.3333333333333335,1.4907119849998598,0.30303030303030304
327,10^3_25,[[13; 0; 14; 1]; [1; 8; 2; 9]; [7; 2; 8; 3]; [3; 14; 4; 15]; [17; 4; 18; 5]; [5; 16; 6; 17]; [15; 6; 12; 7]; [9; 12; 10; 13]; [19; 10; 16; 11]; [11; 18; 0; 19]],15.48290563,10,31,10,12,-10,True,20,12,3.3333333333333335,0.8498365855987975,0.30303030303030304
328,10^3_26,[[11; 1; 12; 0]; [1; 16; 2; 17]; [7; 2; 8; 3]; [3; 19; 4; 18]; [13; 5; 14; 4]; [5; 15; 6; 14]; [17; 7; 18; 6]; [19; 8; 16; 9]; [9; 11; 0; 10]; [15; 13; 10; 12]],15.41569854,10,31,10,12,4,True,20,12,3.3333333333333335,0.9428090415820634,0.30303030303030304
329,10^3_27,[[13; 0; 14; 1]; [1; 8; 2; 9]; [7; 2; 8; 3]; [3; 14; 4; 15]; [17; 4; 18; 5]; [5; 16; 6; 17]; [15; 6; 12; 7]; [9; 12; 10; 13]; [10; 16; 11; 19]; [18; 0; 19; 11]],12.66121432,10,31,10,12,-6,False,20,12,3.3333333333333335,0.8498365855987975,0.30303030303030304
330,10^3_28,[[13; 0; 14; 1]; [1; 8; 2; 9]; [7; 2; 8; 3]; [3; 14; 4; 15]; [4; 18; 5; 17]; [16; 6; 17; 5]; [15; 6; 12; 7]; [9; 12; 10; 13]; [10; 16; 11; 19]; [18; 0; 19; 11]],5.3,10,31,10,12,-2,False,20,12,3.3333333333333335,0.8498365855987975,0.30303030303030304
331,10^3_29,[[9; 0; 10; 1]; [1; 10; 2; 11]; [15; 3; 16; 2]; [3; 17; 4; 16]; [17; 5; 18; 4]; [5; 13; 6; 12]; [13; 7; 8; 6]; [7; 15; 0; 14]; [19; 8; 14; 9]; [11; 18; 12; 19]],13.46395467,10,31,10,12,2,True,20,12,3.3333333333333335,1.247219128924647,0.30303030303030304
332,10^3_30,[[9; 0; 10; 1]; [1; 19; 2; 18]; [5; 3; 6; 2]; [3; 13; 4; 12]; [13; 5; 14; 4]; [17; 7; 18; 6]; [7; 8; 0; 9]; [15; 10; 8; 11]; [11; 17; 12; 16]; [19; 15; 16; 14]],15.41382361,10,31,10,12,4,True,20,12,3.3333333333333335,0.7453559924999299,0.30303030303030304
333,10^3_31,[[11; 0; 12; 1]; [1; 7; 2; 6]; [5; 3; 6; 2]; [3; 10; 4; 11]; [15; 4; 10; 5]; [7; 18; 8; 19]; [13; 9; 14; 8]; [9; 17; 0; 16]; [17; 13; 18; 12]; [19; 14; 16; 15]],15.04564847,10,31,10,12,0,True,20,12,3.3333333333333335,0.9428090415820634,0.30303030303030304
334,10^3_32,[[0; 11; 1; 12]; [16; 2; 17; 1]; [2; 16; 3; 15]; [10; 3; 11; 4]; [4; 0; 5; 9]; [8; 6; 9; 5]; [6; 19; 7; 14]; [18; 7; 19; 8]; [12; 17; 13; 18]; [14; 13; 15; 10]],14.30085042,10,31,10,12,-2,True,20,12,3.3333333333333335,1.0274023338281628,0.30303030303030304
335,10^3_33,[[9; 1; 10; 0]; [1; 11; 2; 10]; [11; 3; 12; 2]; [3; 19; 4; 18]; [13; 4; 8; 5]; [5; 16; 6; 17]; [15; 6; 16; 7]; [7; 14; 0; 15]; [19; 9; 14; 8]; [17; 12; 18; 13]],12.17929928,10,31,10,12,0,True,20,12,3.3333333333333335,1.4907119849998596,0.30303030303030304
336,10^3_34,[[9; 0; 10; 1]; [1; 8; 2; 9]; [13; 2; 8; 3]; [3; 17; 4; 16]; [15; 5; 16; 4]; [5; 15; 6; 14]; [11; 7; 12; 6]; [7; 18; 0; 19]; [17; 10; 18; 11]; [19; 13; 14; 12]],12.97693797,10,31,10,12,0,True,20,12,3.3333333333333335,1.247219128924647,0.30303030303030304
337,10^3_35,[[9; 0; 10; 1]; [1; 8; 2; 9]; [15; 2; 8; 3]; [3; 10; 4; 11]; [17; 4; 18; 5]; [5; 13; 6; 12]; [13; 7; 14; 6]; [7; 18; 0; 19]; [11; 17; 12; 16]; [19; 15; 16; 14]],14.12683517,10,31,10,12,-2,True,20,12,3.3333333333333335,0.9428090415820634,0.30303030303030304
338,10^3_36,[[9; 0; 10; 1]; [1; 8; 2; 9]; [15; 2; 8; 3]; [3; 10; 4; 11]; [11; 4; 12; 5]; [5; 18; 6; 19]; [13; 7; 14; 6]; [7; 17; 0; 16]; [17; 13; 18; 12]; [19; 14; 16; 15]],13.91305734,10,31,10,12,-4,True,20,12,3.3333333333333335,1.1055415967851332,0.30303030303030304
339,10^3_37,[[9; 0; 10; 1]; [1; 10; 2; 11]; [11; 2; 12; 3]; [3; 19; 4; 18]; [15; 5; 8; 4]; [5; 15; 6; 14]; [13; 7; 14; 6]; [7; 16; 0; 17]; [17; 9; 18; 8]; [19; 12; 16; 13]],12.27627758,10,31,10,12,0,True,20,12,3.3333333333333335,1.247219128924647,0.30303030303030304
340,10^3_38,[[9; 1; 10; 0]; [1; 9; 2; 8]; [15; 3; 8; 2]; [3; 19; 4; 18]; [13; 4; 14; 5]; [5; 12; 6; 13]; [11; 6; 12; 7]; [7; 16; 0; 17]; [17; 10; 18; 11]; [19; 15; 16; 14]],12.27627758,10,31,10,12,0,True,20,12,3.3333333333333335,1.247219128924647,0.30303030303030304
341,10^3_39,[[9; 0; 10; 1]; [1; 10; 2; 11]; [11; 2; 12; 3]; [3; 12; 4; 13]; [17; 5; 18; 4]; [5; 15; 6; 14]; [15; 7; 8; 6]; [7; 17; 0; 16]; [19; 8; 16; 9]; [13; 18; 14; 19]],11.88523285,10,31,10,12,-2,True,20,12,3.3333333333333335,1.3743685418725535,0.30303030303030304
342,10^3_40,[[0; 10; 1; 9]; [8; 2; 9; 1]; [2; 8; 3; 15]; [14; 4; 15; 3]; [4; 14; 5; 13]; [16; 5; 17; 6]; [6; 11; 7; 12]; [18; 0; 19; 7]; [10; 18; 11; 17]; [12; 19; 13; 16]],10.44861816,10,31,10,12,4,True,20,12,3.3333333333333335,1.699673171197595,0.30303030303030304
343,10^3_41,[[9; 0; 10; 1]; [1; 8; 2; 9]; [7; 3; 0; 2]; [3; 7; 4; 6]; [15; 5; 16; 4]; [5; 17; 6; 16]; [13; 11; 8; 10]; [11; 19; 12; 18]; [19; 13; 14; 12]; [17; 15; 18; 14]],10.07007854,10,31,10,12,6,True,20,12,3.3333333333333335,1.6996731711975952,0.30303030303030304
344,10^3_42,[[0; 12; 1; 11]; [4; 1; 5; 2]; [2; 7; 3; 8]; [8; 3; 9; 4]; [16; 6; 17; 5]; [6; 18; 7; 17]; [10; 0; 11; 9]; [12; 10; 13; 15]; [18; 14; 19; 13]; [14; 16; 15; 19]],13.64038891,10,31,10,12,4,True,20,12,3.3333333333333335,1.247219128924647,0.30303030303030304
345,10^3_43,[[13; 1; 14; 0]; [1; 15; 2; 14]; [7; 3; 8; 2]; [3; 10; 4; 11]; [9; 4; 10; 5]; [5; 17; 6; 16]; [17; 7; 18; 6]; [11; 9; 0; 8]; [19; 13; 16; 12]; [15; 19; 12; 18]],14.39033197,10,31,10,12,6,True,20,12,3.3333333333333335,1.1055415967851332,0.30303030303030304
346,10^3_44,[[13; 1; 14; 0]; [1; 15; 2; 14]; [7; 3; 8; 2]; [3; 10; 4; 11]; [9; 4; 10; 5]; [5; 17; 6; 16]; [17; 7; 18; 6]; [11; 9; 0; 8]; [12; 19; 13; 16]; [18; 15; 19; 12]],12.00595117,10,31,10,12,2,False,20,12,3.3333333333333335,1.1055415967851332,0.30303030303030304
347,10^3_45,[[9; 1; 10; 0]; [1; 11; 2; 10]; [15; 3; 16; 2]; [3; 6; 4; 7]; [17; 4; 18; 5]; [5; 18; 6; 19]; [7; 17; 0; 16]; [11; 9; 12; 8]; [19; 13; 14; 12]; [13; 15; 8; 14]],13.77553048,10,31,10,12,4,True,20,12,3.3333333333333335,1.178511301977579,0.30303030303030304
348,10^3_46,[[9; 1; 10; 0]; [1; 11; 2; 10]; [15; 3; 16; 2]; [3; 17; 4; 16]; [7; 5; 0; 4]; [5; 18; 6; 19]; [17; 6; 18; 7]; [11; 9; 12; 8]; [19; 13; 14; 12]; [13; 15; 8; 14]],13.20617457,10,31,10,12,6,True,20,12,3.3333333333333335,1.3123346456686351,0.30303030303030304
349,10^3_47,[[13; 0; 14; 1]; [1; 12; 2; 13]; [7; 2; 8; 3]; [3; 6; 4; 7]; [11; 5; 0; 4]; [5; 11; 6; 10]; [17; 8; 18; 9]; [9; 16; 10; 17]; [19; 14; 16; 15]; [15; 18; 12; 19]],13.95586699,10,31,10,12,-6,True,20,12,3.3333333333333335,1.247219128924647,0.30303030303030304
350,10^3_48,[[13; 0; 14; 1]; [1; 12; 2; 13]; [7; 2; 8; 3]; [3; 6; 4; 7]; [11; 5; 0; 4]; [5; 11; 6; 10]; [17; 8; 18; 9]; [9; 16; 10; 17]; [14; 16; 15; 19]; [18; 12; 19; 15]],11.28460298,10,31,10,12,-2,False,20,12,3.3333333333333335,1.247219128924647,0.30303030303030304
351,10^3_49,[[0; 14; 1; 13]; [12; 2; 13; 1]; [7; 2; 8; 3]; [3; 6; 4; 7]; [11; 5; 0; 4]; [5; 11; 6; 10]; [17; 8; 18; 9]; [9; 16; 10; 17]; [14; 16; 15; 19]; [18; 12; 19; 15]],7.706911803,10,31,10,12,2,False,20,12,3.3333333333333335,1.247219128924647,0.30303030303030304
352,10^3_50,[[11; 1; 12; 0]; [1; 6; 2; 7]; [5; 2; 6; 3]; [3; 15; 4; 14]; [13; 5; 14; 4]; [7; 13; 8; 12]; [17; 8; 18; 9]; [9; 16; 0; 17]; [19; 11; 16; 10]; [15; 19; 10; 18]],13.25063959,10,31,10,12,2,True,20,12,3.3333333333333335,1.247219128924647,0.30303030303030304
353,10^3_51,[[11; 1; 12; 0]; [1; 6; 2; 7]; [5; 2; 6; 3]; [3; 15; 4; 14]; [13; 5; 14; 4]; [7; 13; 8; 12]; [8; 18; 9; 17]; [16; 0; 17; 9]; [19; 11; 16; 10]; [15; 19; 10; 18]],8.967360849,10,31,10,12,6,False,20,12,3.3333333333333335,1.247219128924647,0.30303030303030304
354,10^3_52,[[0; 6; 1; 5]; [4; 2; 5; 1]; [2; 12; 3; 11]; [12; 4; 13; 3]; [6; 14; 7; 13]; [14; 8; 15; 7]; [8; 18; 9; 17]; [18; 0; 19; 9]; [10; 19; 11; 16]; [16; 15; 17; 10]],12.7217652,10,31,10,12,6,True,20,12,3.3333333333333335,1.3743685418725535,0.30303030303030304
355,10^3_53,[[0; 6; 1; 5]; [4; 2; 5; 1]; [2; 12; 3; 11]; [12; 4; 13; 3]; [6; 14; 7; 13]; [14; 8; 15; 7]; [17; 8; 18; 9]; [9; 18; 0; 19]; [10; 19; 11; 16]; [16; 15; 17; 10]],7.706911803,10,31,10,12,2,False,20,12,3.3333333333333335,1.3743685418725535,0.30303030303030304
356,10^3_54,[[5; 1; 6; 0]; [1; 7; 2; 6]; [7; 3; 8; 2]; [3; 11; 4; 10]; [11; 5; 12; 4]; [15; 8; 16; 9]; [9; 14; 0; 15]; [17; 13; 18; 12]; [13; 19; 10; 18]; [19; 17; 14; 16]],13.02798669,10,31,10,12,6,True,20,12,3.3333333333333335,1.3123346456686351,0.30303030303030304
357,10^3_55,[[0; 9; 1; 10]; [8; 1; 9; 2]; [2; 0; 3; 7]; [6; 4; 7; 3]; [4; 15; 5; 16]; [14; 5; 15; 6]; [10; 17; 11; 18]; [18; 11; 19; 12]; [12; 19; 13; 14]; [16; 13; 17; 8]],11.57189681,10,31,10,12,-6,True,20,12,3.3333333333333335,1.4907119849998596,0.30303030303030304
358,10^3_56,[[0; 9; 1; 10]; [10; 1; 11; 2]; [2; 11; 3; 12]; [8; 3; 9; 4]; [4; 16; 5; 15]; [18; 6; 19; 5]; [6; 18; 7; 17]; [16; 0; 17; 7]; [12; 14; 13; 19]; [14; 8; 15; 13]],11.96038165,10,31,10,12,2,True,20,12,3.3333333333333335,1.4337208778404378,0.30303030303030304
359,10^3_57,[[0; 9; 1; 10]; [10; 1; 11; 2]; [2; 11; 3; 12]; [8; 3; 9; 4]; [4; 16; 5; 15]; [18; 6; 19; 5]; [6; 18; 7; 17]; [16; 0; 17; 7]; [19; 12; 14; 13]; [13; 14; 8; 15]],9.531879836,10,31,10,12,-2,False,20,12,3.3333333333333335,1.4337208778404376,0.30303030303030304
360,10^3_58,[[0; 9; 1; 10]; [10; 1; 11; 2]; [2; 13; 3; 14]; [18; 3; 19; 4]; [4; 17; 5; 18]; [8; 5; 9; 6]; [6; 15; 7; 8]; [14; 7; 15; 0]; [16; 11; 17; 12]; [12; 19; 13; 16]],12.55175922,10,31,10,12,-10,True,20,12,3.3333333333333335,1.3123346456686351,0.30303030303030304
361,10^3_59,[[0; 9; 1; 10]; [10; 1; 11; 2]; [2; 13; 3; 14]; [18; 3; 19; 4]; [4; 17; 5; 18]; [8; 5; 9; 6]; [6; 15; 7; 8]; [14; 7; 15; 0]; [11; 17; 12; 16]; [19; 13; 16; 12]],8.793345604,10,31,10,12,-6,False,20,12,3.3333333333333335,1.3123346456686351,0.30303030303030304
362,10^3_60,[[0; 10; 1; 9]; [8; 2; 9; 1]; [2; 8; 3; 15]; [10; 4; 11; 3]; [4; 12; 5; 11]; [12; 6; 13; 5]; [6; 18; 7; 17]; [18; 0; 19; 7]; [16; 13; 17; 14]; [14; 19; 15; 16]],11.07964311,10,31,10,12,6,True,20,12,3.3333333333333335,1.5456030825826175,0.30303030303030304
363,10^3_61,[[0; 10; 1; 9]; [8; 2; 9; 1]; [2; 8; 3; 15]; [10; 4; 11; 3]; [4; 12; 5; 11]; [12; 6; 13; 5]; [17; 6; 18; 7]; [7; 18; 0; 19]; [16; 13; 17; 14]; [14; 19; 15; 16]],5.333489567,10,31,10,12,2,False,20,12,3.3333333333333335,1.5456030825826172,0.30303030303030304
364,10^3_62,[[0; 9; 1; 10]; [8; 1; 9; 2]; [2; 0; 3; 7]; [6; 4; 7; 3]; [4; 15; 5; 16]; [14; 5; 15; 6]; [10; 19; 11; 14]; [18; 11; 19; 12]; [12; 17; 13; 18]; [16; 13; 17; 8]],10.84792502,10,31,10,12,-6,True,20,12,3.3333333333333335,1.5986105077709065,0.30303030303030304
365,10^3_63,[[9; 1; 10; 0]; [1; 9; 2; 8]; [13; 3; 8; 2]; [3; 16; 4; 17]; [15; 4; 16; 5]; [5; 14; 6; 15]; [19; 6; 14; 7]; [7; 13; 0; 12]; [17; 11; 18; 10]; [11; 19; 12; 18]],10.32194068,10,31,10,12,2,True,20,12,3.3333333333333335,1.5456030825826172,0.30303030303030304
366,10^3_64,[[9; 1; 10; 0]; [1; 9; 2; 8]; [13; 3; 8; 2]; [3; 16; 4; 17]; [15; 4; 16; 5]; [5; 14; 6; 15]; [19; 6; 14; 7]; [7; 13; 0; 12]; [10; 17; 11; 18]; [18; 11; 19; 12]],6.354586557,10,31,10,12,-2,False,20,12,3.3333333333333335,1.5456030825826172,0.30303030303030304
367,10^3_65,[[0; 10; 1; 9]; [10; 2; 11; 1]; [2; 12; 3; 11]; [12; 4; 13; 3]; [4; 15; 5; 16]; [14; 5; 15; 6]; [6; 19; 7; 14]; [18; 7; 19; 0]; [8; 18; 9; 17]; [16; 8; 17; 13]],7.940579248,10,31,10,12,2,True,20,12,3.3333333333333335,2.0138409955990952,0.30303030303030304
368,10^3_67,[[0; 10; 1; 9]; [8; 2; 9; 1]; [2; 8; 3; 15]; [14; 4; 15; 3]; [4; 14; 5; 13]; [10; 6; 11; 5]; [6; 17; 7; 18]; [16; 7; 17; 0]; [18; 12; 19; 11]; [12; 16; 13; 19]],9.585859494,10,31,10,12,6,True,20,12,3.3333333333333335,1.6499158227686108,0.30303030303030304
369,10^3_68,[[0; 10; 1; 9]; [8; 2; 9; 1]; [2; 8; 3; 15]; [14; 4; 15; 3]; [4; 14; 5; 13]; [10; 6; 11; 5]; [17; 7; 18; 6]; [7; 17; 0; 16]; [18; 12; 19; 11]; [12; 16; 13; 19]],6.551743288,10,31,10,12,10,False,20,12,3.3333333333333335,1.6499158227686108,0.30303030303030304
370,10^3_69,[[0; 10; 1; 9]; [10; 2; 11; 1]; [2; 12; 3; 11]; [12; 4; 13; 3]; [4; 14; 5; 13]; [14; 6; 15; 5]; [6; 18; 7; 17]; [18; 0; 19; 7]; [8; 19; 9; 16]; [16; 15; 17; 8]],6.927377112,10,31,10,12,6,True,20,12,3.3333333333333335,2.1730674684008826,0.30303030303030304
371,10^3_72,[[9; 1; 10; 0]; [1; 11; 2; 10]; [15; 3; 16; 2]; [3; 15; 4; 14]; [11; 5; 12; 4]; [5; 13; 6; 12]; [19; 7; 14; 6]; [7; 17; 0; 16]; [17; 8; 18; 9]; [13; 18; 8; 19]],14.35768903,10,31,10,12,6,True,20,12,3.3333333333333335,1.1785113019775793,0.30303030303030304
372,10^3_73,[[9; 1; 10; 0]; [1; 18; 2; 19]; [11; 2; 12; 3]; [3; 15; 4; 14]; [15; 5; 16; 4]; [5; 12; 6; 13]; [13; 6; 8; 7]; [7; 17; 0; 16]; [17; 8; 18; 9]; [19; 11; 14; 10]],15.86374431,10,31,10,12,0,True,20,12,3.3333333333333335,0.9428090415820634,0.30303030303030304
373,10^3_74,[[0; 9; 1; 10]; [14; 1; 15; 2]; [2; 15; 3; 16]; [8; 3; 9; 4]; [4; 18; 5; 17]; [12; 6; 13; 5]; [6; 12; 7; 11]; [18; 0; 19; 7]; [10; 14; 11; 19]; [16; 8; 17; 13]],15.55091438,10,31,10,12,2,True,20,12,3.3333333333333335,1.0274023338281628,0.30303030303030304
374,8^4_1,[[5; 1; 6; 0]; [1; 7; 2; 6]; [13; 2; 14; 3]; [3; 12; 0; 13]; [9; 5; 10; 4]; [7; 9; 4; 8]; [15; 10; 12; 11]; [11; 14; 8; 15]],10.14941606,8,31,8,10,0,True,16,10,3.2,0.9797958971132713,0.35555555555555557
375,8^4_2,[[0; 5; 1; 6]; [6; 1; 7; 2]; [13; 2; 14; 3]; [3; 12; 0; 13]; [9; 5; 10; 4]; [7; 9; 4; 8]; [15; 10; 12; 11]; [11; 14; 8; 15]],7.327724753,8,31,8,10,-4,False,16,10,3.2,0.9797958971132713,0.35555555555555557
376,9^4_1,[[7; 1; 8; 0]; [1; 9; 2; 8]; [5; 3; 0; 2]; [3; 15; 4; 14]; [15; 5; 16; 4]; [11; 6; 12; 7]; [9; 12; 6; 13]; [17; 11; 14; 10]; [13; 17; 10; 16]],11.75183617,9,31,9,11,5,True,18,11,3.272727272727273,1.1354541815269814,0.32727272727272727
377,10^4_2,[[7; 1; 8; 0]; [1; 9; 2; 8]; [11; 3; 12; 2]; [3; 16; 4; 17]; [17; 4; 18; 5]; [5; 13; 0; 12]; [15; 6; 10; 7]; [9; 10; 6; 11]; [13; 18; 14; 19]; [19; 14; 16; 15]],13.93968568,10,31,10,12,-2,True,20,12,3.3333333333333335,1.1055415967851334,0.30303030303030304
378,10^4_3,[[7; 0; 8; 1]; [1; 8; 2; 9]; [17; 3; 18; 2]; [3; 17; 4; 16]; [13; 5; 14; 4]; [5; 13; 0; 12]; [15; 6; 12; 7]; [9; 18; 10; 19]; [19; 10; 16; 11]; [11; 14; 6; 15]],12.70917311,10,31,10,12,-2,True,20,12,3.3333333333333335,1.4337208778404378,0.30303030303030304
379,10^4_4,[[7; 0; 8; 1]; [1; 8; 2; 9]; [17; 3; 18; 2]; [3; 17; 4; 16]; [13; 5; 14; 4]; [5; 13; 0; 12]; [6; 12; 7; 15]; [9; 18; 10; 19]; [19; 10; 16; 11]; [14; 6; 15; 11]],7.327724753,10,31,10,12,2,False,20,12,3.3333333333333335,1.4337208778404378,0.30303030303030304
380,10^4_5,[[7; 0; 8; 1]; [1; 8; 2; 9]; [17; 3; 18; 2]; [3; 17; 4; 16]; [4; 13; 5; 14]; [12; 5; 13; 0]; [6; 12; 7; 15]; [9; 18; 10; 19]; [19; 10; 16; 11]; [14; 6; 15; 11]],10.14941606,10,31,10,12,-2,False,20,12,3.3333333333333335,1.4337208778404378,0.30303030303030304
381,10^4_6,[[0; 9; 1; 10]; [16; 2; 17; 1]; [2; 18; 3; 17]; [14; 4; 15; 3]; [4; 14; 5; 13]; [18; 6; 19; 5]; [6; 16; 7; 19]; [8; 7; 9; 0]; [10; 15; 11; 12]; [12; 11; 13; 8]],14.60306075,10,31,10,12,2,True,20,12,3.3333333333333335,1.1785113019775793,0.30303030303030304
382,10^4_7,[[0; 9; 1; 10]; [1; 16; 2; 17]; [17; 2; 18; 3]; [14; 4; 15; 3]; [4; 14; 5; 13]; [18; 6; 19; 5]; [6; 16; 7; 19]; [8; 7; 9; 0]; [10; 15; 11; 12]; [12; 11; 13; 8]],10.99158713,10,31,10,12,-2,False,20,12,3.3333333333333335,1.1785113019775793,0.30303030303030304
383,10^4_8,[[0; 9; 1; 10]; [1; 16; 2; 17]; [17; 2; 18; 3]; [14; 4; 15; 3]; [4; 14; 5; 13]; [5; 18; 6; 19]; [19; 6; 16; 7]; [8; 7; 9; 0]; [10; 15; 11; 12]; [12; 11; 13; 8]],10.14941606,10,31,10,12,-6,False,20,12,3.3333333333333335,1.178511301977579,0.30303030303030304
384,10^4_9,[[9; 1; 10; 0]; [16; 2; 17; 1]; [2; 18; 3; 17]; [14; 4; 15; 3]; [4; 14; 5; 13]; [18; 6; 19; 5]; [6; 16; 7; 19]; [7; 9; 0; 8]; [10; 15; 11; 12]; [12; 11; 13; 8]],12.844853,10,31,10,12,6,False,20,12,3.3333333333333335,1.1785113019775793,0.30303030303030304
385,10^4_10,[[9; 1; 10; 0]; [1; 16; 2; 17]; [17; 2; 18; 3]; [14; 4; 15; 3]; [4; 14; 5; 13]; [18; 6; 19; 5]; [6; 16; 7; 19]; [7; 9; 0; 8]; [10; 15; 11; 12]; [12; 11; 13; 8]],10.99158713,10,31,10,12,2,False,20,12,3.3333333333333335,1.1785113019775793,0.30303030303030304
386,10^4_11,[[9; 1; 10; 0]; [16; 2; 17; 1]; [2; 18; 3; 17]; [14; 4; 15; 3]; [4; 14; 5; 13]; [18; 6; 19; 5]; [6; 16; 7; 19]; [7; 9; 0; 8]; [15; 11; 12; 10]; [11; 13; 8; 12]],10.14941606,10,31,10,12,10,False,20,12,3.3333333333333335,1.1785113019775793,0.30303030303030304
387,10^4_12,[[0; 8; 1; 7]; [10; 2; 11; 1]; [2; 9; 3; 6]; [12; 3; 13; 4]; [4; 17; 5; 18]; [18; 5; 19; 0]; [6; 12; 7; 11]; [8; 15; 9; 10]; [16; 14; 17; 13]; [14; 16; 15; 19]],15.41569854,10,31,10,12,0,True,20,12,3.3333333333333335,0.9428090415820634,0.30303030303030304
388,10^4_13,[[7; 1; 8; 0]; [1; 12; 2; 13]; [17; 2; 18; 3]; [3; 16; 4; 17]; [13; 4; 14; 5]; [5; 9; 0; 8]; [15; 6; 12; 7]; [9; 14; 10; 15]; [19; 10; 16; 11]; [11; 18; 6; 19]],15.48290563,10,31,10,12,-6,True,20,12,3.3333333333333335,0.8498365855987975,0.30303030303030304
389,10^4_14,[[0; 8; 1; 7]; [10; 2; 11; 1]; [2; 9; 3; 6]; [12; 3; 13; 4]; [17; 5; 18; 4]; [5; 19; 0; 18]; [6; 12; 7; 11]; [8; 15; 9; 10]; [16; 14; 17; 13]; [14; 16; 15; 19]],10.99158713,10,31,10,12,4,False,20,12,3.3333333333333335,0.9428090415820634,0.30303030303030304
390,10^4_15,[[7; 1; 8; 0]; [1; 12; 2; 13]; [17; 2; 18; 3]; [3; 16; 4; 17]; [13; 4; 14; 5]; [5; 9; 0; 8]; [15; 6; 12; 7]; [9; 14; 10; 15]; [10; 16; 11; 19]; [18; 6; 19; 11]],12.66121432,10,31,10,12,-2,False,20,12,3.3333333333333335,0.8498365855987975,0.30303030303030304
391,10^4_16,[[7; 1; 8; 0]; [1; 12; 2; 13]; [2; 18; 3; 17]; [16; 4; 17; 3]; [13; 4; 14; 5]; [5; 9; 0; 8]; [15; 6; 12; 7]; [9; 14; 10; 15]; [10; 16; 11; 19]; [18; 6; 19; 11]],5.33,10,31,10,12,2,False,20,12,3.3333333333333335,0.8498365855987975,0.30303030303030304
392,10^4_17,[[0; 8; 1; 7]; [14; 2; 15; 1]; [2; 9; 3; 6]; [16; 4; 17; 3]; [4; 12; 5; 11]; [18; 5; 19; 0]; [6; 10; 7; 15]; [8; 13; 9; 14]; [10; 17; 11; 18]; [12; 16; 13; 19]],17.47714082,10,31,10,12,2,True,20,12,3.3333333333333335,0.4714045207910317,0.30303030303030304
393,10^4_18,[[7; 1; 8; 0]; [18; 2; 19; 1]; [2; 11; 3; 12]; [16; 3; 17; 4]; [9; 4; 6; 5]; [5; 15; 0; 14]; [15; 6; 10; 7]; [13; 9; 14; 8]; [10; 17; 11; 18]; [12; 16; 13; 19]],7.327724753,10,31,10,12,0,False,20,12,3.3333333333333335,0.4714045207910317,0.30303030303030304
394,10^4_19,[[0; 8; 1; 7]; [8; 2; 9; 1]; [2; 0; 3; 5]; [14; 4; 15; 3]; [4; 16; 5; 15]; [6; 11; 7; 12]; [12; 9; 13; 6]; [10; 17; 11; 18]; [18; 13; 19; 10]; [16; 14; 17; 19]],12.70917311,10,31,10,12,2,True,20,12,3.3333333333333335,1.3743685418725535,0.30303030303030304
395,10^4_20,[[0; 7; 1; 8]; [6; 1; 7; 2]; [2; 15; 3; 16]; [18; 3; 19; 4]; [4; 19; 5; 14]; [14; 5; 15; 0]; [8; 11; 9; 12]; [10; 9; 11; 6]; [12; 17; 13; 18]; [16; 13; 17; 10]],13.27186974,10,31,10,12,-10,True,20,12,3.3333333333333335,1.247219128924647,0.30303030303030304
396,10^4_21,[[0; 7; 1; 8]; [6; 1; 7; 2]; [2; 15; 3; 16]; [18; 3; 19; 4]; [4; 19; 5; 14]; [14; 5; 15; 0]; [11; 9; 12; 8]; [9; 11; 6; 10]; [12; 17; 13; 18]; [16; 13; 17; 10]],11.20294161,10,31,10,12,-6,False,20,12,3.3333333333333335,1.247219128924647,0.30303030303030304
397,10^4_22,[[0; 7; 1; 8]; [6; 1; 7; 2]; [2; 11; 3; 6]; [10; 3; 11; 4]; [4; 17; 5; 18]; [16; 5; 17; 0]; [8; 13; 9; 14]; [12; 9; 13; 10]; [14; 19; 15; 16]; [18; 15; 19; 12]],11.86661207,10,31,10,12,-10,True,20,12,3.3333333333333335,1.4907119849998596,0.30303030303030304
398,10^4_23,[[0; 7; 1; 8]; [6; 1; 7; 2]; [2; 11; 3; 6]; [10; 3; 11; 4]; [4; 17; 5; 18]; [16; 5; 17; 0]; [8; 13; 9; 14]; [12; 9; 13; 10]; [19; 15; 16; 14]; [15; 19; 12; 18]],8.929317823,10,31,10,12,-6,False,20,12,3.3333333333333335,1.4907119849998598,0.30303030303030304
399,10^4_24,[[0; 7; 1; 8]; [6; 1; 7; 2]; [2; 11; 3; 6]; [10; 3; 11; 4]; [17; 5; 18; 4]; [5; 17; 0; 16]; [8; 13; 9; 14]; [12; 9; 13; 10]; [19; 15; 16; 14]; [15; 19; 12; 18]],7.327724753,10,31,10,12,-2,False,20,12,3.3333333333333335,1.4907119849998598,0.30303030303030304
400,10^5_1,[[5; 0; 6; 1]; [1; 4; 2; 5]; [17; 2; 18; 3]; [3; 16; 0; 17]; [9; 6; 10; 7]; [7; 8; 4; 9]; [13; 11; 14; 10]; [11; 15; 8; 14]; [19; 13; 16; 12]; [15; 19; 12; 18]],14.60306075,10,31,10,12,-2,True,20,12,3.3333333333333335,1.1785113019775793,0.30303030303030304
401,10^5_2,[[0; 6; 1; 5]; [4; 2; 5; 1]; [17; 2; 18; 3]; [3; 16; 0; 17]; [9; 6; 10; 7]; [7; 8; 4; 9]; [13; 11; 14; 10]; [11; 15; 8; 14]; [19; 13; 16; 12]; [15; 19; 12; 18]],12.84485301,10,31,10,12,2,False,20,12,3.3333333333333335,1.1785113019775793,0.30303030303030304
402,10^5_3,[[0; 6; 1; 5]; [4; 2; 5; 1]; [2; 18; 3; 17]; [16; 0; 17; 3]; [9; 6; 10; 7]; [7; 8; 4; 9]; [13; 11; 14; 10]; [11; 15; 8; 14]; [19; 13; 16; 12]; [15; 19; 12; 18]],10.14941606,10,31,10,12,6,False,20,12,3.3333333333333335,1.178511301977579,0.30303030303030304
