real,expected,error,set
16.773406909999999,16.250346746324794,-0.523060163675204,train
16.021591940000000,14.854433559316703,-1.167158380683297,train
11.476728489999999,12.446919716366210,0.970191226366211,train
15.736615550000000,14.658391371896528,-1.078224178103472,train
20.466066800000000,20.546953288939449,0.080886488939448,train
18.040177600000000,17.750271774166094,-0.289905825833905,train
17.384307329999999,18.446840920090494,1.062533590090496,train
17.929060520000000,16.971147849683575,-0.957912670316425,train
16.923490269999999,15.733797414198875,-1.189692855801123,train
12.583872059999999,13.286161075561608,0.702289015561609,train
10.865549250000001,11.755285049199983,0.889735799199983,train
13.523255260000001,13.317640407210206,-0.205614852789795,train
14.481849750000000,14.210043409426817,-0.271806340573184,train
10.691067510000000,11.230749755324382,0.539682245324382,train
10.600696279999999,10.296065893405171,-0.304630386594829,train
13.917179880000001,12.750201442182288,-1.166978437817713,train
19.711899270000000,20.309914074186850,0.598014804186850,train
13.511125800000000,14.359798592897846,0.848672792897846,train
14.406474879999999,13.018284619978999,-1.388190260021000,train
14.242241840000000,14.468583589237824,0.226341749237823,train
18.460352050000001,19.169334135136751,0.708982085136750,train
18.594563170000001,18.512545982866868,-0.082017187133133,train
17.895425390000000,17.073231493799540,-0.822193896200460,train
12.665333290000000,11.991886345544458,-0.673446944455542,train
10.905544040000001,11.506293797831063,0.600749757831062,train
12.270947400000001,12.765820869591380,0.494873469591379,train
10.537235040000001,12.799965918017506,2.262730878017505,train
13.426811850000000,13.487550194380560,0.060738344380560,train
18.411974030000000,17.540278926399083,-0.871695103600917,train
14.786277999999999,14.380466121557902,-0.405811878442098,train
16.284006380000001,15.520266839739747,-0.763739540260254,train
17.071126679999999,15.454274680969547,-1.616851999030452,train
7.349415996000000,10.066096632203084,2.716680636203084,train
16.012726560000001,14.553923974777149,-1.458802585222852,train
13.268118510000001,12.652652519197545,-0.615465990802456,train
12.234891350000000,12.971559498535612,0.736668148535612,train
17.285519789999999,16.495552752409367,-0.789967037590632,train
10.213190440000000,12.450650035022932,2.237459595022932,train
15.633990989999999,16.251439625769763,0.617448635769763,train
16.428298340000001,14.824833406936023,-1.603464933063979,train
18.824956640000000,18.100962774680170,-0.723993865319830,train
19.661091630000001,19.245594804922121,-0.415496825077881,train
13.048636810000000,13.052830412919889,0.004193602919889,train
11.102425560000000,14.626515050910939,3.524089490910939,train
18.382356210000001,18.234104303857407,-0.148251906142594,train
15.684589330000000,13.999801988368972,-1.684787341631028,train
10.206765000000001,12.707346539745345,2.500581539745344,train
20.809298790000000,21.434236397233690,0.624937607233690,train
11.874044950000000,11.458873290626570,-0.415171659373430,train
10.140911830000000,11.239275898169581,1.098364068169580,train
17.876000869999999,16.621198933395704,-1.254801936604295,train
16.462114499999998,15.712804611083357,-0.749309888916642,train
16.920677210000001,15.744353021207871,-1.176324188792130,train
19.405336810000001,18.873792590389940,-0.531544219610062,train
16.740087429999999,16.621563957860758,-0.118523472139241,train
19.915233789999998,20.814839360939914,0.899605570939915,train
15.174065329999999,14.718980044460636,-0.455085285539363,train
9.832508040000000,12.492791713921861,2.660283673921860,train
11.410929410000000,12.980512524744654,1.569583114744654,train
15.750048130000000,15.818595880334556,0.068547750334556,train
15.238287270000001,15.519210767493860,0.280923497493859,train
18.179808560000001,16.734850719157180,-1.444957840842822,train
20.455487240000000,21.465083254481556,1.009596014481556,train
18.041528270000001,16.982810565383943,-1.058717704616058,train
13.009201270000000,13.653160051407895,0.643958781407894,train
16.211159129999999,15.952706696521545,-0.258452433478453,train
17.570003730000000,16.516348135780618,-1.053655594219382,train
16.144299369999999,14.917373978679507,-1.226925391320492,train
14.513391040000000,15.328692170679460,0.815301130679460,train
9.465021656999999,10.695603412730975,1.230581755730976,train
19.548159510000001,20.092346145893657,0.544186635893656,train
7.406767572000000,9.745948487162309,2.339180915162309,train
17.220739129999998,16.123254525372886,-1.097484604627113,train
12.185540630000000,10.806975220012760,-1.378565409987241,train
14.653272820000000,13.518707213324888,-1.134565606675112,train
10.081362860000000,11.084311987011574,1.002949127011574,train
17.528605480000000,18.215978118934913,0.687372638934914,train
18.410567660000002,18.112142725540480,-0.298424934459522,train
14.969601590000000,16.024956018026160,1.055354428026160,train
14.195407330000000,13.843044433580644,-0.352362896419356,train
15.461720860000000,15.023784777112951,-0.437936082887049,train
12.603385480000000,13.147842162720849,0.544456682720849,train
19.581099170000002,19.940226191816237,0.359127021816235,train
15.721159020000000,14.915436758735723,-0.805722261264277,train
15.460668090000000,14.422492929665964,-1.038175160334037,train
12.741677070000000,11.376752061052912,-1.364925008947088,train
16.084768929999999,16.425692246581889,0.340923316581890,train
16.315194240000000,16.429492736844054,0.114298496844054,train
9.597383236000001,10.070501817441709,0.473118581441708,train
14.587774530000001,14.112580049557437,-0.475194480442564,train
9.313369225000001,9.817125527201824,0.503756302201824,train
17.417356240000000,16.981703456692685,-0.435652783307315,train
15.349762000000000,15.083211681079433,-0.266550318920567,train
11.453193369999999,10.734725898508145,-0.718467471491854,train
20.949211680000001,21.920702932163863,0.971491252163862,train
16.576356100000002,16.455954100833424,-0.120401999166578,train
9.504215391000001,12.033592011315363,2.529376620315363,train
16.887154480000000,16.437076109981831,-0.450078370018169,train
19.386119570000002,19.871536099944251,0.485416529944249,train
7.798300232000000,10.723065379488276,2.924765147488276,train
13.524033469999999,13.572602390126235,0.048568920126236,train
15.708150699999999,15.008667845555692,-0.699482854444307,train
17.342961360000000,16.848632568600578,-0.494328791399422,train
13.280455640000000,11.572052313021345,-1.708403326978654,train
15.171449200000000,14.185145120403490,-0.986304079596509,train
16.474543770000000,16.414551636576562,-0.059992133423439,train
18.416472939999998,18.174032059964134,-0.242440880035865,train
7.244320351000000,9.452091912679521,2.207771561679521,train
15.084987340000000,15.496186710251436,0.411199370251436,train
11.740641040000000,11.476405451782398,-0.264235588217602,train
13.347891870000000,13.972607437485408,0.624715567485408,train
17.718362740000000,17.151985951890310,-0.566376788109689,train
18.691652460000000,17.777318141151682,-0.914334318848319,train
16.944067350000001,15.999867096381649,-0.944200253618352,train
19.548159510000001,19.877712513541383,0.329553003541381,train
17.604941230000001,16.434737666293245,-1.170203563706757,train
13.385228750000000,12.331425349228198,-1.053803400771802,train
13.704630560000000,11.543075676489934,-2.161554883510066,train
12.305158440000000,11.450175332347726,-0.854983107652274,train
12.005870720000001,11.706578931235754,-0.299291788764247,train
19.215696110000000,18.742095368843366,-0.473600741156634,train
16.445856299999999,16.180010268044498,-0.265846031955501,train
11.219117730000001,11.308958455176480,0.089840725176479,train
11.794741430000000,11.448229314849755,-0.346512115150245,train
13.193516340000000,12.780425441447051,-0.413090898552950,train
13.653171550000000,13.534389857592373,-0.118781692407627,train
14.059426889999999,13.921046123408246,-0.138380766591753,train
21.847008880000001,23.035289611981057,1.188280731981056,train
16.825641959999999,15.867298701265213,-0.958343258734786,train
16.045148099999999,14.524964764567130,-1.520183335432868,train
10.566626749999999,12.544010570545652,1.977383820545652,train
14.971693020000000,13.202614989797439,-1.769078030202561,train
16.969445879999999,17.110583487633448,0.141137607633450,train
19.887657279999999,20.620957229306782,0.733299949306783,train
17.778489709999999,17.555259367521444,-0.223230342478555,train
15.619947700000001,14.768174093070456,-0.851773606929545,train
12.665722310000000,12.250003447417498,-0.415718862582501,train
15.975555840000000,14.632983731445506,-1.342572108554494,train
10.796594980000000,10.632604783296870,-0.163990196703130,train
18.173130430000001,17.697246019641625,-0.475884410358375,train
18.918055370000001,17.147595147465836,-1.770460222534165,train
13.104360059999999,12.995285758923046,-0.109074301076953,train
12.516928139999999,12.854498571925319,0.337570431925320,train
16.050967329999999,15.072428228697731,-0.978539101302268,train
19.568120619999998,19.919114977798245,0.350994357798246,train
21.155728629999999,21.838640087876342,0.682911457876344,train
10.044499940000000,11.816402297867626,1.771902357867626,train
9.333676879000000,11.004775808263275,1.671098929263275,train
13.573904210000000,15.005421900841498,1.431517690841497,train
13.609804230000000,12.810188882099624,-0.799615347900376,train
17.403424200000000,16.847760420692452,-0.555663779307547,train
11.466709160000001,12.554566177554648,1.087857017554647,train
19.951029060000000,20.311208442569068,0.360179382569068,train
16.787130410000000,16.176587237522540,-0.610543172477460,train
19.777790110000002,20.487014193306550,0.709224083306548,train
17.453087929999999,16.145740380274788,-1.307347549725211,train
10.067425450000000,9.838236741219930,-0.229188708780070,train
16.150985429999999,15.187469663188949,-0.963515766811049,train
14.081445730000000,14.544739586135051,0.463293856135051,train
20.378827970000000,20.722298789196543,0.343470819196543,train
18.218619780000001,18.983433027870660,0.764813247870659,train
20.002136929999999,20.920049871853962,0.917912941853963,train
13.434559640000000,12.005172648311941,-1.429386991688059,train
14.621178000000000,14.112384429629401,-0.508793570370599,train
16.649372469999999,15.103275085945597,-1.546097384054402,train
16.383635770000001,14.897770824293616,-1.485864945706385,train
19.638525399999999,19.929670584807241,0.291145184807242,train
10.693360550000000,10.963489484731440,0.270128934731440,train
16.446555520000000,14.747882842831700,-1.698672677168300,train
20.573884450000001,21.353186087582685,0.779301637582684,train
15.138071560000000,15.057133768283848,-0.080937791716153,train
12.810882570000000,11.352826471582262,-1.458056098417739,train
13.451518070000001,14.060883739259793,0.609365669259793,train
12.516536500000001,12.014377492051949,-0.502159007948052,train
20.338916540000000,22.199144611173324,1.860228071173324,train
11.962848040000001,11.314374647617342,-0.648473392382659,train
16.184631670000002,15.720605453592839,-0.464026216407163,train
17.967565960000002,17.616953082017062,-0.350612877982940,train
18.813956860000001,18.946041911894667,0.132085051894666,train
6.997189148000000,6.241667848535258,-0.755521299464743,train
20.507490669999999,21.952291873637819,1.444801203637819,train
12.414308950000001,12.598394622746355,0.184085672746354,train
15.745222410000000,14.425719568357977,-1.319502841642024,train
18.198749750000001,16.881392269072649,-1.317357480927352,train
16.974877029999998,15.671426675358020,-1.303450354641978,train
13.696038400000001,13.565975929482192,-0.130062470517808,train
12.937484510000001,12.648856880153744,-0.288627629846257,train
15.371521339999999,15.846187487247221,0.474666147247222,train
16.642175300000002,15.722160752969899,-0.920014547030103,train
21.826246609999998,23.924757703534169,2.098511093534171,train
16.591185580000001,17.734903312053234,1.143717732053233,train
14.641484510000000,14.132675679868157,-0.508808830131843,train
16.666516089999998,17.917245189686696,1.250729099686698,train
16.467540350000000,15.032073573592811,-1.435466776407189,train
8.689986375000000,11.289417897300609,2.599431522300609,train
16.234953300000001,14.814277799927027,-1.420675500072974,train
10.985907610000000,9.228359745136231,-1.757547864863769,train
13.484161220000001,14.220599016435813,0.736437796435812,train
14.489198289999999,14.096391623665340,-0.392806666334659,train
12.231823620000000,12.606454704957628,0.374631084957628,train
15.901589380000001,15.527163307760247,-0.374426072239753,train
18.168520370000000,16.815081065028835,-1.353439304971165,train
11.958912840000000,13.265683821812559,1.306770981812559,train
14.082245530000000,12.982127085171442,-1.100118444828558,train
19.321274480000000,19.386082099650594,0.064807619650594,train
12.314988690000000,13.597984590087208,1.282995900087208,train
15.730757230000000,15.981055707548876,0.250298477548876,train
18.974928380000001,19.834195717122952,0.859267337122951,train
17.410111290000000,17.430427630899771,0.020316340899772,train
15.283600800000000,15.126032715889437,-0.157568084110563,train
13.651309870000000,14.133875144990611,0.482565274990611,train
13.640751750000000,11.375606012165917,-2.265145737834082,train
10.075860970000001,11.733597369354015,1.657736399354015,train
16.371989090000000,15.071292515577056,-1.300696574422943,train
12.455544780000000,13.013339299510449,0.557794519510448,train
10.735423360000000,10.478533304404891,-0.256890055595109,train
19.801125830000000,20.208112263816702,0.406986433816702,train
20.530701959999998,21.176905932242335,0.646203972242336,train
14.348354710000001,12.978245714215518,-1.370108995784483,train
17.925736050000001,18.473389333063551,0.547653283063550,train
15.441035230000001,14.268126193493458,-1.172909036506542,train
20.206706759999999,19.999693796742008,-0.207012963257991,train
18.548637840000001,18.009046546787999,-0.539591293212002,train
16.006779540000000,14.700626014165550,-1.306153525834450,train
15.483483260000000,14.359354907539796,-1.124128352460204,train
16.998338230000002,16.082740429344653,-0.915597800655348,train
14.166394410000001,12.304776274494202,-1.861618135505799,train
18.231913190000000,16.361293885762279,-1.870619304237721,train
12.680284130000000,12.950958086600281,0.270673956600280,train
12.134342439999999,12.167669764209677,0.033327324209678,train
9.033284111000000,10.387546723796390,1.354262612796390,train
8.016815566000000,7.932356089119253,-0.084459476880747,train
20.111480520000001,19.891827350183007,-0.219653169816993,train
12.467985310000000,13.012095314039698,0.544110004039698,train
13.730082560000000,13.643491360917778,-0.086591199082221,train
20.318512179999999,20.969893610958138,0.651381430958139,train
14.823940680000000,15.269703102507833,0.445762422507833,train
12.872612289999999,13.112199955490041,0.239587665490042,train
13.963905740000000,13.019659383746671,-0.944246356253329,train
16.413527779999999,15.010962359574819,-1.402565420425180,train
16.880890489999999,16.180010268044498,-0.700880221955501,train
18.060068680000001,16.693807968199280,-1.366260711800720,train
16.071858580000001,15.256262667317287,-0.815595912682713,train
9.700477476000000,11.701802612310303,2.001325136310303,train
15.601469870000001,14.854433559316703,-0.747036310683297,train
17.677210370000001,16.723734952311702,-0.953475417688299,train
15.713089040000000,14.221846342060530,-1.491242697939470,train
17.279532889999999,16.643675113486211,-0.635857776513788,train
16.153313560000001,14.097638949290058,-2.055674610709943,train
16.677311260000000,17.626688725246822,0.949377465246823,train
11.229974439999999,13.565616216183230,2.335641776183230,train
14.865456829999999,13.573280330960074,-1.292176499039925,train
17.202035309999999,15.888851664217100,-1.313183645782900,train
13.387107940000000,13.507841444619316,0.120733504619317,train
20.757719710000000,22.374490111430305,1.616770401430305,train
13.732278290000000,14.647421238032507,0.915142948032507,train
12.721330699999999,11.655224612521238,-1.066106087478762,train
7.022196589000000,6.871861308348798,-0.150335280651202,train
15.492660570000000,14.463586799412951,-1.029073770587049,train
14.855496300000000,14.015293575449959,-0.840202724550041,train
18.177877190000000,17.595217524147756,-0.582659665852244,train
6.451370560000000,9.628742517120372,3.177371957120372,train
19.561345809999999,19.627132662684062,0.065786852684063,train
18.150363280000001,16.879709075465371,-1.270654204534630,train
19.658640850000001,19.881271743174011,0.222630893174010,train
18.119380379999999,17.255082130642677,-0.864298249357322,train
6.443537381000000,5.898365828941564,-0.545171552058435,train
14.006522090000001,13.801641969323782,-0.204880120676219,train
13.991658449999999,13.210355840995817,-0.781302609004182,train
18.455313830000001,18.959582547999275,0.504268717999274,train
15.444107180000000,13.109203721120139,-2.334903458879861,train
13.351050870000000,13.720290964858464,0.369240094858464,train
11.563354309999999,12.218103469851712,0.654749159851713,train
10.440453509999999,12.956852666451596,2.516399156451596,train
15.501809350000000,14.777482374454735,-0.724326975545265,train
19.579831049999999,19.482634019674833,-0.097197030325166,train
17.476421800000001,16.972254958374833,-0.504166841625167,train
5.212566822000000,9.518018103479676,4.305451281479676,train
14.265023010000000,12.462430563857538,-1.802592446142462,train
13.174077199999999,13.082110155950886,-0.091967044049113,train
14.647347920000000,14.732862520143158,0.085514600143158,train
15.855016500000000,14.375155443998096,-1.479861056001903,train
13.981200950000000,13.844417608491653,-0.136783341508346,train
15.869043690000000,14.024464443484021,-1.844579246515979,train
11.760685080000000,11.469340528867860,-0.291344551132140,train
17.543770110000001,16.796909458117852,-0.746860651882148,train
20.559452990000000,20.959338003949142,0.399885013949142,train
18.887233070000001,17.859250921757166,-1.027982148242835,train
13.434559640000000,12.005172648311941,-1.429386991688059,train
17.251476510000000,17.281543494632160,0.030066984632160,train
19.766799840000001,19.472078412665724,-0.294721427334277,train
14.358861820000000,13.978441393629168,-0.380420426370831,train
18.492676220000000,16.838306611208509,-1.654369608791491,train
18.079508690000001,17.955662624847946,-0.123846065152055,train
15.487353110000001,13.277059392600904,-2.210293717399097,train
15.401588530000000,15.321412699189182,-0.080175830810818,train
18.752081900000000,17.559698028729599,-1.192383871270401,train
10.687174969999999,11.465849844773288,0.778674874773289,train
10.208517240000001,10.595618786432738,0.387101546432737,train
16.060550599999999,15.700810215858496,-0.359740384141503,train
19.415082600000002,21.145239111215233,1.730156511215231,train
18.185928499999999,16.993366172392939,-1.192562327607060,train
14.919076830000000,13.999801988368972,-0.919274841631028,train
5.945742344000000,7.466682877099402,1.520940533099401,train
13.869570440000000,14.365487410485343,0.495916970485343,train
19.038508860000000,18.127136993757631,-0.911371866242369,train
20.409843720000001,21.849195694885339,1.439351974885337,train
14.770315230000000,14.312887746375850,-0.457427483624150,train
12.921927880000000,12.905255692200512,-0.016672187799488,train
10.610048430000001,11.732777405574666,1.122728975574665,train
12.719426690000001,14.348048526862499,1.628621836862498,train
18.167475530000001,17.611943244907479,-0.555532285092522,train
18.526727579999999,18.014592316687413,-0.512135263312587,train
11.797385950000001,12.222458666832836,0.425072716832835,train
16.955267960000000,17.038958509980034,0.083690549980034,train
19.534056600000000,19.438040170916452,-0.096016429083548,train
21.361543420000000,22.777139183210352,1.415595763210352,train
12.299213780000001,12.021452550269942,-0.277761229730059,train
10.147269880000000,11.965769794685116,1.818499914685116,train
10.749157640000000,11.148764790590008,0.399607150590008,train
9.084694588000000,12.048820927022348,2.964126339022348,train
17.619108449999999,16.047123304290267,-1.571985145709732,train
11.766185920000000,12.691583805396817,0.925397885396817,train
18.400793730000000,17.200558471505133,-1.200235258494867,train
14.526920450000000,14.493601478648429,-0.033318971351571,train
17.541291120000000,17.224859617246125,-0.316431502753876,train
15.151488420000000,12.637290356931089,-2.514198063068910,train
12.873091470000000,12.493802630135519,-0.379288839864481,train
16.486978369999999,15.963262303530655,-0.523716066469344,train
16.091722810000000,14.994653545559231,-1.097069264440769,train
13.106876120000001,13.921469329998899,0.814593209998899,train
15.619151590000000,14.788037981463845,-0.831113608536155,train
11.671417340000000,12.140737154914405,0.469319814914405,train
13.150242349999999,13.015719032107313,-0.134523317892686,train
17.357002160000000,16.311450146658103,-1.045552013341897,train
9.327458108000000,10.771870334891901,1.444412226891901,train
13.131115840000000,14.743081598740446,1.611965758740446,train
12.780767089999999,12.042365353568130,-0.738401736431870,train
14.798872859999999,13.353801363687012,-1.445071496312988,train
17.837173740000001,17.574926273909000,-0.262247466091001,train
15.264002130000000,14.488485088436278,-0.775517041563722,train
8.973449326000001,9.473812833880515,0.500363507880515,train
16.654788119999999,15.266818274326397,-1.387969845673602,train
11.706622330000000,11.393573090479208,-0.313049239520792,train
18.008956649999998,17.843436689760665,-0.165519960239333,train
15.181710349999999,13.747407503449494,-1.434302846550505,train
10.627496180000000,10.753181822880265,0.125685642880265,train
18.399598910000002,18.471143518610006,0.071544608610004,train
17.157423619999999,16.808878324513898,-0.348545295486101,train
13.737110980000001,12.983052269472864,-0.754058710527136,train
15.395581130000000,15.136588322898547,-0.258992807101453,train
14.735401220000000,13.715740682422393,-1.019660537577607,train
18.267391430000000,20.123193003141409,1.855801573141409,train
8.567161376000000,8.821063891662220,0.253902515662221,train
16.980513200000001,16.633119506477215,-0.347393693522786,train
19.867962649999999,19.571983206916684,-0.295979443083315,train
13.408033870000001,13.831696936166395,0.423663066166394,train
12.725413910000000,12.580739726104525,-0.144674183895475,train
15.151488420000000,12.637290356931089,-2.514198063068910,train
13.894562010000000,13.059610217550699,-0.834951792449301,train
9.624681603000001,10.435448025959204,0.810766422959203,train
13.338428220000001,13.260556784554183,-0.077871435445818,train
17.602282039999999,18.003931489156230,0.401649449156231,train
14.875233930000000,14.431493237297900,-0.443740692702100,train
14.482843440000000,13.631492350333588,-0.851351089666412,train
12.554072590000001,11.961769113215837,-0.592303476784164,train
14.755884080000000,13.184476709784235,-1.571407370215764,train
16.659774370000001,15.411731444190536,-1.248042925809465,train
20.216294019999999,20.249514728073564,0.033220708073564,train
12.508992129999999,12.459830524512427,-0.049161605487573,train
14.430442630000000,15.145247235152851,0.714804605152851,train
14.621541960000000,15.536898950989894,0.915356990989894,train
15.162873720000000,17.243775749965380,2.080902029965380,train
18.932308389999999,19.506730262788551,0.574421872788552,train
9.474580454000000,8.728458210313534,-0.746122243686466,train
13.502360010000000,14.069841192850390,0.567481182850390,train
12.433909370000000,11.816844046801521,-0.617065323198480,train
19.551318070000001,20.133748610150406,0.582430540150405,train
13.580781020000000,13.443356763474071,-0.137424256525929,train
15.335005770000000,15.013297736774575,-0.321708033225425,train
19.426839749999999,20.102901752902653,0.676062002902654,train
13.050009930000000,14.031480519114893,0.981470589114894,train
16.400886570000001,13.776547480399017,-2.624339089600983,train
20.772032740000000,22.757720080879722,1.985687340879721,train
11.603084650000000,12.462594121459347,0.859509471459347,train
16.337534210000001,15.917476694722950,-0.420057515277051,train
9.356938982000001,8.970469742760315,-0.386469239239686,train
17.900558149999998,17.035768578257148,-0.864789571742850,train
9.372594304000000,10.581325825561976,1.208731521561976,train
16.750522990000000,16.997556045723286,0.247033055723286,train
10.222073370000000,11.385509435582549,1.163436065582548,train
16.211130059999999,15.537340699923789,-0.673789360076210,train
8.628755386000000,9.631224419935734,1.002469033935734,train
10.117141240000000,11.270195227210479,1.153053987210479,train
18.376501340000001,17.168346648184865,-1.208154691815135,train
20.735393699999999,21.466837873344161,0.731444173344162,train
19.711899270000000,20.309914074186850,0.598014804186850,train
17.686195000000001,17.344057172907014,-0.342137827092987,train
13.353752310000001,13.586597309579929,0.232844999579928,train
14.409028169999999,14.076100373426584,-0.332927796573415,train
12.571899690000000,11.940219766073824,-0.631679923926177,train
11.728901329999999,11.861212059309651,0.132310729309651,train
13.087911310000001,13.662895694637541,0.574984384637540,train
17.243956950000001,17.172901545980267,-0.071055404019734,train
18.786391299999998,20.175151074407268,1.388759774407269,train
16.455882200000001,16.848047565604361,0.392165365604360,train
15.257328590000000,14.756681322133204,-0.500647267866796,train
16.580406329999999,15.589417182092120,-0.990989147907879,train
18.224647300000001,17.529723319390087,-0.694923980609914,train
14.002704230000001,13.832801978097791,-0.169902251902210,train
16.500022980000001,15.077035267482302,-1.422987712517699,train
14.261766030000000,13.798545610936003,-0.463220419063997,train
19.754151929999999,21.652738980610252,1.898587050610253,train
17.500311860000000,16.900005636870219,-0.600306223129781,train
12.006039360000001,12.905506558790535,0.899467198790534,train
18.781057730000001,17.657731202422610,-1.123326527577390,train
15.053865430000000,16.181639903304358,1.127774473304358,train
4.400832516000000,8.820476532515045,4.419644016515044,train
17.931416370000001,17.161711978702215,-0.769704391297786,train
10.839660530000000,12.159944988557982,1.320284458557982,train
18.932113309999998,18.584795304371482,-0.347318005628516,train
11.877095130000001,12.120248798879402,0.243153668879401,train
19.185013970000000,19.660964549027426,0.475950579027426,train
17.531401599999999,16.465584523540997,-1.065817076459002,train
21.755156979999999,23.210635112238151,1.455478132238152,train
16.106385759999998,16.915571080988911,0.809185320988913,train
15.235161720000001,14.043209699966610,-1.191952020033391,train
20.226657390000000,20.722298789196543,0.495641399196543,train
20.241642150000001,21.250089908830319,1.008447758830318,train
11.773623069999999,12.925797809029291,1.152174739029292,train
15.541112620000000,17.260004918768686,1.718892298768687,train
20.615434940000000,21.663294587619248,1.047859647619248,train
14.700852680000001,13.356532366446231,-1.344320313553769,train
16.525769570000001,18.099341304077825,1.573571734077824,train
21.433686120000001,22.354940945417752,0.921254825417751,train
14.458045650000001,14.397154231512445,-0.060891418487556,train
17.646818960000001,16.011797344274555,-1.635021615725446,train
11.545856000000001,10.633967595767899,-0.911888404232101,train
13.889911390000000,12.643774794629735,-1.246136595370265,train
15.331632720000000,14.344296607123624,-0.987336112876376,train
17.369028090000000,17.306844581980499,-0.062183508019501,train
13.931524950000000,13.925747986765600,-0.005776963234400,train
15.339236400000001,14.460563439254429,-0.878672960745572,train
16.241112560000001,16.506986987797859,0.265874427797858,train
17.501932940000000,16.527096313646780,-0.974836626353220,train
11.788995690000000,12.203053727393012,0.414058037393012,train
9.256363412000001,9.518560952171470,0.262197540171469,train
10.057729640000000,9.094322004637547,-0.963407635362453,train
15.816953310000001,14.905571666803212,-0.911381643196789,train
13.762312000000000,13.335563175373636,-0.426748824626364,train
15.128748790000000,14.577796560406000,-0.550952229593999,train
8.317378718000001,8.939226386823862,0.621847668823861,train
13.852518870000001,14.205994345873819,0.353475475873818,train
15.554677529999999,15.741716667610945,0.187039137610945,train
17.284564240000002,17.116648380861989,-0.167915859138013,train
16.967051380000001,16.811030594605882,-0.156020785394119,train
14.685443780000000,14.778692089274386,0.093248309274387,train
14.596966760000001,15.032415413170725,0.435448653170724,train
16.752589290000000,16.323688947274491,-0.428900342725509,train
12.979109990000000,13.782623984640168,0.803513994640168,train
17.098517189999999,16.136446485978809,-0.962070704021190,train
16.808950979999999,15.958960644629201,-0.849990335370798,train
9.806684299000000,11.836371406783087,2.029687107783086,train
13.587055830000001,12.481496892270798,-1.105558937729203,train
16.556553930000000,16.021532987504202,-0.535020942495798,train
12.846089879999999,13.267191299437627,0.421101419437628,train
11.384985080000000,11.161178046329155,-0.223807033670845,train
12.698136060000000,11.603283564868093,-1.094852495131907,train
15.560551300000000,14.548954950499024,-1.011596349500977,train
11.416745360000000,11.664755345034564,0.248009985034564,train
19.086240690000000,19.059693697656030,-0.026546992343970,train
16.366488019999998,17.069805367227900,0.703317347227902,train
15.094357740000000,13.715281127748881,-1.379076612251119,train
15.706840379999999,14.658907800567363,-1.047932579432636,train
15.537511620000000,15.949283665999587,0.411772045999587,train
9.180573644000001,9.454707280585922,0.274133636585921,train
17.006011440000002,16.561548125806439,-0.444463314193563,train
19.227441580000001,18.812098875894435,-0.415342704105566,train
15.128809660000000,14.188680353605264,-0.940129306394736,train
12.126427300000000,12.771314142068604,0.644886842068605,train
12.933510679999999,11.664217291027512,-1.269293388972487,train
15.363890410000000,16.842501795704948,1.478611385704948,train
14.082543870000000,13.590646373132927,-0.491897496867074,train
11.683335560000000,13.565975929482192,1.882640369482193,train
13.317200200000000,13.183697371209973,-0.133502828790027,train
8.933456430000000,11.034818435068473,2.101362005068474,train
15.682565840000001,14.549926961128449,-1.132638878871552,train
18.573496819999999,17.854812260549011,-0.718684559450988,train
16.706594970000001,16.816275524055186,0.109680554055185,train
10.319922930000001,12.471761249041037,2.151838319041037,train
10.129333660000000,11.097538314335679,0.968204654335679,train
14.708497230000001,13.926732703085008,-0.781764526914992,train
14.509565200000001,13.869088052142388,-0.640477147857613,train
14.530169570000000,14.968458097792791,0.438288527792791,train
16.898149340000000,16.894459866970806,-0.003689473029194,train
11.513297200000000,12.290480727372938,0.777183527372937,train
8.524377429999999,8.648354949233862,0.123977519233863,train
20.304720629999998,20.775551228844733,0.470830598844735,train
15.550029810000000,14.508524496871587,-1.041505313128413,train
0.000000000000000,4.305485548440743,4.305485548440743,train
19.153551400000001,20.175151074407268,1.021599674407266,train
15.345537119999999,14.474142406421947,-0.871394713578052,train
12.069712180000000,10.588163832288956,-1.481548347711044,train
14.974151270000000,14.954037589531367,-0.020113680468633,train
15.855406970000001,16.353677885860293,0.498270915860292,train
19.730210960000001,19.489178278403074,-0.241032681596927,train
8.531232202000000,7.610675753672808,-0.920556448327192,train
12.235435830000000,12.116060411417266,-0.119375418582734,train
15.937648660000001,16.272550839787868,0.334902179787868,train
15.458372689999999,14.000240121492993,-1.458132568507006,train
13.707146379999999,14.122940036638397,0.415793656638398,train
16.410823160000000,14.666674986763724,-1.744148173236276,train
13.654652770000000,13.313911574421695,-0.340741195578305,train
10.975435020000001,10.649302864482024,-0.326132155517977,train
14.440946410000000,13.987856228116129,-0.453090181883871,train
16.251823340000001,15.122319631317055,-1.129503708682947,train
20.151488610000001,20.527956407083025,0.376467797083023,train
16.428608799999999,15.557190201228650,-0.871418598771349,train
16.821112320000001,18.291786670072156,1.470674350072155,train
15.229100450000001,13.704298158894403,-1.524802291105598,train
14.236783510000000,13.538998463563644,-0.697785046436357,train
18.895051740000000,18.389158553875632,-0.505893186124368,train
13.052645990000000,12.431109204700533,-0.621536785299467,train
15.290894209999999,15.403881099291198,0.112986889291198,train
18.885122970000001,17.802229845431953,-1.082893124568049,train
16.201527389999999,15.384183144660142,-0.817344245339857,train
10.763876760000000,12.848285114438454,2.084408354438454,train
13.099899850000000,11.530649848764483,-1.569250001235517,train
14.605625670000000,14.193814240623510,-0.411811429376490,train
17.459662829999999,17.147600458631928,-0.312062371368071,train
19.488542500000001,19.888268120550379,0.399725620550377,train
15.757482030000000,15.888515135805505,0.131033105805505,train
16.235341600000002,15.744353021207871,-0.490988578792130,train
13.890229070000000,13.406329119903262,-0.483899950096738,train
12.074711680000000,11.473684183243108,-0.601027496756892,train
15.206039240000001,13.601069514777123,-1.604969725222878,train
19.401174529999999,18.853501340151183,-0.547673189848815,train
17.372238119999999,16.767740483311286,-0.604497636688713,train
10.876006739999999,11.155048115014438,0.279041375014438,train
15.123004999999999,13.487872335703742,-1.635132664296258,train
14.178175939999999,14.919840358384590,0.741664418384591,train
10.955840390000001,12.338505726886524,1.382665336886523,train
5.893627044000000,7.467750411708948,1.574123367708949,train
15.844645390000000,14.930395965393700,-0.914249424606300,train
12.602596110000000,11.975068755787447,-0.627527354212553,train
18.460991230000001,18.027911946352560,-0.433079283647441,train
14.971693020000000,13.202614989797439,-1.769078030202561,train
9.996287400000000,11.417160523272855,1.420873123272855,train
19.985819639999999,19.871536099944251,-0.114283540055748,train
20.554412840000001,21.560198408866881,1.005785568866880,train
16.092746900000002,15.618701991334433,-0.474044908665569,train
5.044899163000000,10.615230440307755,5.570331277307755,train
18.774071330000002,18.112142725540480,-0.661928604459522,train
11.198889790000001,10.958203289481048,-0.240686500518953,train
14.276468430000000,13.298858120464729,-0.977610309535271,train
15.178274460000001,13.732354049492528,-1.445920410507473,train
18.491368590000000,18.592159526879072,0.100790936879072,train
15.651641570000001,14.195928572785078,-1.455712997214922,train
14.642365000000000,14.313449749875758,-0.328915250124242,train
16.979000460000002,16.692706170674114,-0.286294289325888,train
20.469004970000000,20.476818299596403,0.007813329596402,train
18.173130430000001,17.697246019641625,-0.475884410358375,train
18.657609850000000,17.838139707739174,-0.819470142260826,train
13.750744950000000,13.565236714840125,-0.185508235159874,train
13.212342590000000,12.549571800275658,-0.662770789724343,train
17.629488169999998,16.526399609657119,-1.103088560342879,train
17.694823700000001,16.805345421799075,-0.889478278200926,train
16.059508130000001,15.425585608917004,-0.633922521082997,train
12.886675990000001,12.436375799989378,-0.450300190010623,train
12.639414329999999,11.460730939356722,-1.178683390643277,train
11.956049220000001,11.944016987823375,-0.012032232176626,train
14.533600880000000,13.595975331989735,-0.937625548010265,train
18.857002470000001,18.106025779739525,-0.750976690260476,train
13.699052549999999,13.843044433580644,0.143991883580645,train
16.161668540000001,15.891012982026041,-0.270655557973960,train
18.436596609999999,19.158778528127755,0.722181918127756,train
17.763658889999999,18.906885262091350,1.143226372091352,train
11.801946839999999,12.064922303930757,0.262975463930758,train
13.694672929999999,14.381600030434242,0.686927100434243,train
17.442107660000001,16.683257672356376,-0.758849987643625,train
11.432110959999999,12.420542392417246,0.988431432417247,train
15.649548110000000,16.615198224181995,0.965650114181996,train
4.124903252000000,9.101595824034007,4.976692572034007,train
19.177244800000000,18.967153125912660,-0.210091674087341,train
16.384037200000002,15.426433848892998,-0.957603351107004,train
12.430418830000001,12.522275012676346,0.091856182676345,train
15.796953810000000,14.772875335670165,-1.024078474329835,train
18.852954780000001,18.097162284418005,-0.755792495581996,train
13.608420470000000,13.447034646642692,-0.161385823357309,train
14.181975800000000,14.392025573761316,0.210049773761316,train
10.889635589999999,12.151097141995365,1.261461551995366,train
19.107812750000001,18.956597518903664,-0.151215231096337,train
12.473298750000000,11.736495005856796,-0.736803744143204,train
17.045099600000000,18.514791797320413,1.469692197320413,train
17.520698440000000,16.829434197806791,-0.691264242193210,train
17.087970760000001,15.754908628216981,-1.333062131783020,train
17.698842100000000,17.657731202422610,-0.041110897577390,train
15.957145450000001,14.915436758735723,-1.041708691264278,train
22.419780660000001,25.070191240599115,2.650410580599114,train
21.310933400000000,21.828904444646582,0.517971044646583,train
19.332326599999998,18.478110983928900,-0.854215616071098,train
15.304904340000000,13.930686580426141,-1.374217759573860,train
19.621303040000001,20.930245765563996,1.308942725563995,train
9.283857489000001,11.521964462471828,2.238106973471828,train
4.056860224000000,9.118375248470443,5.061515024470443,train
18.724690200000001,18.880336849118294,0.155646649118292,train
13.473718650000000,12.343379442770924,-1.130339207229076,train
11.012569330000000,10.426575233139147,-0.585994096860853,train
19.015278599999998,18.360557511081424,-0.654721088918574,train
12.932858700000001,11.273319383773128,-1.659539316226873,train
14.283067190000001,12.337737463903522,-1.945329726096478,train
8.422266668000001,8.589920155802815,0.167653487802815,train
10.578480190000001,10.641365362985539,0.062885172985538,train
15.142297200000000,15.000867003046096,-0.141430196953904,train
16.144710130000000,15.741896849468503,-0.402813280531497,train
10.852215729999999,10.801811143937584,-0.050404586062415,train
19.862464259999999,19.602830064164550,-0.259634195835449,train
16.582109840000001,15.392580966473929,-1.189528873526072,train
9.496073787000000,11.011104154307759,1.515030367307759,train
8.390937607000000,9.650621582587632,1.259683975587633,train
18.289529970000000,19.103341976366437,0.813812006366437,train
20.672933340000000,21.952291873637819,1.279358533637819,train
12.771939010000001,10.544566763369062,-2.227372246630939,train
15.660401820000001,14.597838429923058,-1.062563390076942,train
19.745857569999998,19.890159913739694,0.144302343739696,train
8.247510508000000,10.926924584910239,2.679414076910239,train
20.836393229999999,20.897644289453524,0.061251059453525,train
12.751125750000000,12.385766388804427,-0.365359361195573,train
17.765138579999999,18.248716769371981,0.483578189371983,train
14.537166109999999,14.732160967266282,0.194994857266282,train
18.689330089999999,18.013768197653349,-0.675561892346650,train
6.289576746000000,7.953253283793174,1.663676537793174,train
17.920062349999998,18.122073988698276,0.202011638698277,train
14.482679620000001,13.844498357628936,-0.638181262371065,train
14.253731990000000,14.309528657750207,0.055796667750206,train
20.844843010000002,21.261465479618664,0.416622469618662,train
15.181695500000000,13.521513270419860,-1.660182229580141,train
16.168212140000001,14.988376595316936,-1.179835544683066,train
17.832080000000001,18.598335940476090,0.766255940476089,train
14.534484870000000,14.395547759504097,-0.138937110495903,train
11.904572890000001,12.414365978820115,0.509793088820114,train
15.149017690000001,13.634974045455692,-1.514043644544309,train
13.952523810000001,13.122005142582680,-0.830518667417321,train
15.873155430000001,15.039644151506309,-0.833511278493692,train
16.587824160000000,16.156856147120152,-0.430968012879848,train
13.533760859999999,13.786031281825331,0.252270421825331,train
0.000000000000000,6.635653317726337,6.635653317726337,train
18.388491009999999,18.050449011044861,-0.338041998955138,train
15.171929609999999,15.454094022476283,0.282164412476284,train
15.694316640000000,15.376977911550171,-0.317338728449830,train
17.277318139999998,15.620965592216749,-1.656352547783250,train
21.432177500000002,21.828904444646582,0.396726944646581,train
12.532904400000000,13.555420322473196,1.022515922473197,train
7.440012119000000,8.992356097182437,1.552343978182437,train
13.316099220000000,11.810961748490399,-1.505137471509601,train
13.692835430000001,13.555501071610479,-0.137334358389522,train
13.955598280000000,13.400826322935245,-0.554771957064755,train
12.675781089999999,13.236166493369296,0.560385403369297,train
20.489562599999999,21.016969637009197,0.527407037009198,train
20.408962079999998,20.363166513835040,-0.045795566164959,train
14.852746710000000,13.315320912914899,-1.537425797085101,train
14.610151439999999,13.777311370656093,-0.832840069343906,train
15.251343869999999,14.711127632801436,-0.540216237198564,train
15.942348559999999,15.650992485685151,-0.291356074314848,train
15.779960559999999,15.952706696521545,0.172746136521546,train
17.302002210000001,16.527278238036615,-0.774723971963386,train
13.674500330000001,13.003814765017410,-0.670685564982591,train
15.961401800000001,14.457638231188412,-1.503763568811589,train
8.366398189000000,11.194810656910704,2.828412467910704,train
17.799778190000001,16.466504396676328,-1.333273793323674,train
14.312645229999999,14.169527861688948,-0.143117368311051,train
13.866149860000000,12.761536387765432,-1.104613472234568,train
14.400446690000001,13.968636206536530,-0.431810483463471,train
14.412592240000000,13.425346677802168,-0.987245562197833,train
16.855928810000002,15.418380375806919,-1.437548434193083,train
18.197659089999998,17.945107017838836,-0.252552072161162,train
15.919292820000001,14.407387040220897,-1.511905779779104,train
15.254496019999999,15.142610881555811,-0.111885138444189,train
14.334344520000000,12.936881888022413,-1.397462631977588,train
9.362236961000001,10.029502083242846,0.667265122242846,train
11.424039590000000,12.542635453026151,1.118595863026151,train
15.013217010000000,14.421039005617558,-0.592178004382442,train
10.543302949999999,11.646922275158772,1.103619325158773,train
18.669491000000001,19.571983206916684,0.902492206916683,train
14.728534430000000,14.785994165251623,0.057459735251623,train
17.495457940000001,16.202177554308491,-1.293280385691510,train
16.119549270000000,15.445876859155760,-0.673672410844240,train
15.078818480000001,14.943092231482069,-0.135726248517932,train
9.883006959999999,9.022072683132933,-0.860934276867066,train
11.556923180000000,12.306890606655770,0.749967426655770,train
14.983293240000000,14.251445873683565,-0.731847366316435,train
4.769889602000000,9.204692002786487,4.434802400786487,train
15.579938130000000,15.797484666316450,0.217546536316449,train
19.097479310000001,18.812098875894435,-0.285380434105566,train
18.544133540000001,16.857496063922099,-1.686637476077902,train
11.737685150000001,11.682570376497779,-0.055114773502222,train
18.491604200000001,18.471143518610006,-0.020460681389995,train
16.865731449999998,16.675199911567915,-0.190531538432083,train
14.270491990000000,13.228347266049241,-1.042144723950759,train
19.889622299999999,21.363741694591795,1.474119394591796,train
18.553719180000002,18.100161267857175,-0.453557912142827,train
10.378901450000001,10.527713577224063,0.148812127224062,train
12.765136670000000,13.937778144014374,1.172641474014373,train
18.093373490000001,19.379537840922353,1.286164350922352,train
17.303379240000002,15.433359086879477,-1.870020153120524,train
18.741529220000000,18.904639447637805,0.163110227637805,train
12.755670100000000,12.571791649560623,-0.183878450439376,train
15.533644470000000,16.981563239759225,1.447918769759225,train
17.014037360000000,15.991606003391780,-1.022431356608219,train
18.335930059999999,17.843632309688701,-0.492297750311298,train
18.087614869999999,17.148678333199427,-0.938936536800572,train
13.200759870000001,13.642352602595452,0.441592732595451,train
20.454725239999998,21.198951801343696,0.744226561343698,train
8.288589043000000,8.604250817542948,0.315661774542948,train
16.372794750000001,15.680203134972885,-0.692591615027116,train
15.865485440000000,16.894459866970806,1.028974426970805,train
14.702331190000001,14.021351335511099,-0.680979854488902,train
15.455083800000001,13.015312386107780,-2.439771413892220,train
17.974810450000000,16.580156182437804,-1.394654267562196,train
15.594341699999999,14.587282822913949,-1.007058877086051,train
17.558362780000000,16.291500735997147,-1.266862044002853,train
16.004128829999999,14.704009200517362,-1.300119629482637,train
22.039598890000001,23.913709224953777,1.874110334953777,train
15.275176999999999,13.528820193272509,-1.746356806727491,train
11.027388280000000,12.193073366208068,1.165685086208068,train
14.497180580000000,13.164158026755899,-1.333022553244101,train
8.275143802000001,11.569249225039812,3.294105423039811,train
13.333850370000000,11.715089222078632,-1.618761147921369,train
21.354619490000001,22.777139183210352,1.422519693210351,train
14.033412940000000,13.379227367475778,-0.654185572524222,train
14.687506839999999,12.927146244792652,-1.760360595207347,train
12.180562810000000,11.129441460984708,-1.051121349015292,train
13.847924130000001,13.415623014199127,-0.432301115800874,train
18.035003580000001,16.650291171780850,-1.384712408219151,train
16.428608799999999,15.557190201228650,-0.871418598771349,train
16.173668310000000,15.291642572916771,-0.882025737083229,train
17.381292490000000,16.259210241646315,-1.122082248353685,train
19.386119570000002,20.074169227816469,0.688049657816467,train
16.817645639999999,16.153410867544153,-0.664234772455846,train
12.310416740000001,13.803475394715178,1.493058654715178,train
14.258051849999999,13.325056556144659,-0.932995293855340,train
9.869967966000001,10.905813370892133,1.035845404892132,train
18.900816480000000,20.465160895062240,1.564344415062241,train
17.246192210000000,15.981392235960584,-1.264799974039416,train
15.601058770000000,15.071596050685457,-0.529462719314543,train
8.010952754000000,11.336063355205738,3.325110601205738,train
14.723913270000001,14.190639075706940,-0.533274194293060,train
14.774370920000001,15.247901664971437,0.473530744971436,train
15.959094520000001,14.580621771526125,-1.378472748473875,train
12.069131680000000,13.555880572953583,1.486748892953583,train
13.502031300000001,12.750953347966856,-0.751077952033144,train
13.523847399999999,13.323203122808536,-0.200644277191463,train
19.394368190000002,20.567244539178205,1.172876349178203,train
19.013090070000001,18.860045598879424,-0.153044471120577,train
17.385891510000000,15.644474232510333,-1.741417277489667,train
15.736367880000000,13.891906146458723,-1.844461733541277,train
15.551920450000001,17.885296534913778,2.333376084913777,train
15.186519479999999,14.067385387650006,-1.119134092349993,train
15.780443119999999,17.088670766792347,1.308227646792348,train
7.601847471000000,10.093265050555942,2.491417579555942,train
13.762312000000000,13.335563175373636,-0.426748824626364,train
16.556259170000001,16.310530273522772,-0.245728896477228,train
16.993101100000001,16.248836559027154,-0.744264540972846,train
13.879035070000000,13.654046967926774,-0.224988102073226,train
12.945827830000001,12.046625845723497,-0.899201984276504,train
12.416827509999999,13.740219632214121,1.323392122214122,train
11.319234020000000,11.814207693204480,0.494973673204480,train
15.320388960000001,14.402120930289925,-0.918268029710076,train
11.327430250000001,12.687689249775644,1.360258999775644,train
13.101392420000000,13.487550194380560,0.386157774380560,train
16.781974920000000,15.917242349725484,-0.864732570274516,train
17.867342600000001,16.366967447556590,-1.500375152443411,train
18.769412899999999,18.303589602705983,-0.465823297294016,train
15.879937780000001,15.300301485171076,-0.579636294828925,train
13.447271110000001,12.435920014514295,-1.011351095485706,train
19.789867180000002,20.546133325160099,0.756266145160097,train
13.604776950000000,13.109203721120139,-0.495573228879861,train
21.649655540000001,22.261580409895032,0.611924869895031,train
14.286868150000000,14.925862917041968,0.638994767041968,train
13.911041060000001,11.115125517361548,-2.795915542638452,train
14.408873050000000,13.910800678095825,-0.498072371904176,train
18.017344500000000,16.578357680922977,-1.438986819077023,train
18.950971450000001,19.541136349668932,0.590164899668931,train
12.033081080000001,12.317457418939171,0.284376338939170,train
16.086176110000000,14.355789378060763,-1.730386731939237,train
14.345334100000001,13.765991873390021,-0.579342226609979,train
10.977454740000001,10.300865476129388,-0.676589263870612,train
17.489905409999999,17.665845375050139,0.175939965050141,train
11.506607420000000,13.452042309974900,1.945434889974900,train
18.538435740000001,18.178558090901333,-0.359877649098667,train
13.187005610000000,14.085836016656231,0.898830406656231,train
15.829026239999999,16.093600384619094,0.264574144619095,train
15.784083420000000,17.253460660040446,1.469377240040446,train
18.863798780000000,18.597596725834023,-0.266202054165976,train
14.579913080000001,13.530659538935652,-1.049253541064349,train
15.063978140000000,13.870335377767105,-1.193642762232894,train
14.457092390000000,14.142090514355004,-0.315001875644995,train
16.698457739999998,16.043204361358676,-0.655253378641323,train
17.251236710000001,15.593725876064013,-1.657510833935987,train
13.557360490000001,12.884264717293604,-0.673095772706397,train
10.833729110000000,10.074937811150789,-0.758791298849211,train
12.112920830000000,12.749578584199298,0.636657754199298,train
17.014037360000000,15.991606003391780,-1.022431356608219,train
22.163242669999999,25.135754525786865,2.972511855786866,train
13.738145619999999,13.312526835446761,-0.425618784553238,train
17.357860509999998,16.437340733035853,-0.920519776964145,train
19.627531510000001,20.785747122554767,1.158215612554766,train
17.474111430000001,16.392140743010145,-1.081970686989855,train
18.878360590000000,19.179889742145747,0.301529152145747,train
19.144966069999999,19.070249304665140,-0.074716765334859,train
14.693360009999999,13.244504774906659,-1.448855235093340,train
10.233653670000001,12.069112177261104,1.835458507261103,train
13.888259939999999,13.394499820554415,-0.493760119445584,train
7.510945301000000,8.608119428020132,1.097174127020132,train
16.869089030000001,15.647399440576237,-1.221689589423764,train
16.666247039999998,15.499975589500991,-1.166271450499007,train
15.446961510000000,14.199809943741002,-1.247151566258998,train
19.298401170000002,20.693206550811396,1.394805380811395,train
19.516543039999998,19.110831805142652,-0.405711234857346,train
18.433965910000001,17.715039423659846,-0.718926486340155,train
15.869671880000000,15.107882124730054,-0.761789755269946,train
13.213264860000001,12.392202265241508,-0.821062594758493,train
18.902043729999999,19.059693697656030,0.157649967656031,train
16.164738610000001,15.082472466437366,-1.082266143562634,train
14.944980440000000,14.742028478422412,-0.202951961577588,train
16.085845230000000,16.382779595027387,0.296934365027386,train
19.951458339999999,20.160533385962708,0.209075045962710,train
19.634514710000001,20.567244539178205,0.932729829178204,train
14.265362820000000,13.586597309579929,-0.678765510420071,train
5.817129693000000,7.358345381859749,1.541215688859749,train
13.412358510000001,12.418516539273014,-0.993841970726987,train
14.867478739999999,13.342231587591982,-1.525247152408017,train
16.724781440000001,16.955529237615110,0.230747797615109,train
18.929452269999999,18.677335876114853,-0.252116393885146,train
13.303342750000001,12.914992821298483,-0.388349928701517,train
19.350876939999999,19.592274457155440,0.241397517155441,train
16.068617799999998,14.947905086585820,-1.120712713414179,train
5.854242722000000,9.639298124129482,3.785055402129482,train
11.972583009999999,11.533343047864491,-0.439239962135508,train
8.458580268000000,8.352880941050103,-0.105699326949898,train
19.443031930000000,19.929670584807241,0.486638654807241,train
13.368553690000001,12.972833190875463,-0.395720499124538,train
18.327613360000001,17.218742671445284,-1.108870688554717,train
16.807778979999998,15.938353563743590,-0.869425416256409,train
9.900212474000000,10.993710540571669,1.093498066571669,train
14.115583200000000,13.550827762912490,-0.564755437087509,train
16.014611779999999,14.905751848660771,-1.108859931339229,train
16.735807449999999,15.277373881335393,-1.458433568664606,train
14.219176930000000,14.399826416270798,0.180649486270799,train
21.235557539999999,22.107346123656043,0.871788583656045,train
18.957833760000000,17.770553407986995,-1.187280352013005,train
10.638621250000000,10.416019626130151,-0.222601623869849,train
18.879202729999999,19.432366609122255,0.553163879122256,train
17.620740330000000,18.928735690751523,1.307995360751523,train
18.204801639999999,17.657731202422610,-0.547070437577389,train
15.397157760000001,15.494190250298630,0.097032490298629,train
12.631379519999999,12.492830351985617,-0.138549168014382,train
19.321283260000001,19.867156906532273,0.545873646532272,train
19.324076130000002,20.129686528714956,0.805610398714954,train
11.864522210000001,11.750007248636848,-0.114514961363152,train
7.588180224000000,7.435330253415714,-0.152849970584287,train
18.147658040000000,19.004544241888766,0.856886201888766,train
13.694947920000001,12.259311728801890,-1.435636191198110,train
16.191258810000001,14.891134160216211,-1.300124649783790,train
15.112416959999999,16.130564187667687,1.018147227667688,train
16.606268109999998,15.723719931391315,-0.882548178608683,train
9.542120777999999,10.359485619882207,0.817364841882208,train
11.755282140000000,13.421377377116983,1.666095237116982,train
19.537063830000001,19.988379270207133,0.451315440207132,train
0.000000000000000,0.972731145167131,0.972731145167131,train
11.163390639999999,11.709525869886306,0.546135229886307,train
19.573726279999999,19.240291037537986,-0.333435242462013,train
13.128976180000000,13.096220619866699,-0.032755560133301,train
12.349699260000000,12.507648710796957,0.157949450796957,train
21.872699409999999,23.614156331926210,1.741456921926211,train
13.038874130000000,12.895451990976198,-0.143422139023802,train
18.459697729999998,18.252709406007625,-0.206988323992373,train
18.940373380000000,17.416301183245537,-1.524072196754464,train
12.113434450000000,12.599769263630151,0.486334813630151,train
10.316459940000000,11.158500433819768,0.842040493819768,train
20.897598869999999,22.157742146916462,1.260143276916462,train
13.005371790000000,12.231656256055544,-0.773715533944456,train
21.672601680000000,23.055580862219813,1.382979182219813,train
12.651668650000000,13.017455039781908,0.365786389781908,train
14.195308190000000,12.641669550343067,-1.553638639656933,train
17.528004820000000,17.848555097814710,0.320550277814711,train
7.397539783000000,8.186165527402750,0.788625744402750,train
16.379584250000001,15.888409915283319,-0.491174334716682,train
13.428663400000000,13.951892980656112,0.523229580656112,train
18.723181740000001,18.901448063136286,0.178266323136285,train
17.777449350000001,18.772942226091118,0.995492876091117,train
12.911923639999999,13.126303586857375,0.214379946857376,train
20.360584830000001,20.711743182187433,0.351158352187433,train
16.949606119999999,15.978755882363544,-0.970850237636455,train
8.619105061000001,9.101515472212441,0.482410411212440,train
13.122340890000000,12.575787594869780,-0.546553295130220,train
14.695015919999999,14.647421238032507,-0.047594681967492,train
13.485121910000000,14.887580241749674,1.402458331749674,train
17.748859039999999,16.301714503428343,-1.447144536571656,train
20.608018489999999,21.354006051362035,0.745987561362035,train
20.070339130000001,20.229223477834807,0.158884347834807,train
16.098912720000001,15.186768110312187,-0.912144609687815,train
15.624340889999999,15.105741465650681,-0.518599424349318,train
16.778822439999999,15.744353021207871,-1.034469418792128,train
16.233238170000000,14.629196656440286,-1.604041513559714,train
19.658373059999999,21.374297301600791,1.715924241600792,train
6.751971100000000,10.067049255961820,3.315078155961820,train
12.572852530000000,12.827060855526383,0.254208325526383,train
17.900558149999998,17.035768578257148,-0.864789571742850,train
10.965810530000001,10.857636828058844,-0.108173701941157,train
14.735996569999999,13.711242835474422,-1.024753734525577,train
11.802921310000000,12.214361240186690,0.411439930186690,train
13.760021679999999,12.504358237144515,-1.255663442855484,train
12.867649419999999,13.023074942740209,0.155425522740209,train
2.828122088000000,2.744218797384633,-0.083903290615367,train
11.894078650000001,11.747782207877322,-0.146296442122679,train
14.566514639999999,14.493922287391229,-0.072592352608771,train
18.418408589999999,18.048995086996456,-0.369413503003543,train
20.056499819999999,19.675079385669164,-0.381420434330835,train
12.808228820000000,12.365333115620160,-0.442895704379840,train
17.372238119999999,16.610083166550339,-0.762154953449659,train
12.506687930000000,12.586801514229705,0.080113584229705,train
13.471654340000001,13.827433746082193,0.355779406082192,train
12.933270029999999,14.726980221832036,1.793710191832037,train
17.053722510000000,16.729045629871507,-0.324676880128493,train
15.501228100000001,15.232479268540828,-0.268748831459172,train
13.593120400000000,12.625107738612769,-0.968012661387231,train
17.987497290000000,16.950856599444819,-1.036640690555181,train
7.936474229000000,10.857008415488394,2.920534186488394,train
17.758377530000001,16.826649206674347,-0.931728323325654,train
11.522431440000000,12.429430580906569,0.906999140906569,train
14.854910560000000,15.248826849272859,0.393916289272859,train
15.610887520000000,15.077035267482302,-0.533852252517699,train
17.243470710000000,15.959839273008697,-1.283631436991303,train
18.460991230000001,17.844256653540015,-0.616734576459987,train
9.756546791000000,10.430914977607586,0.674368186607586,train
20.224521679999999,19.563752800099905,-0.660768879900093,train
19.786771880000000,20.445151478569301,0.658379598569301,train
16.275970480000002,15.229128894641917,-1.046841585358084,train
10.260243440000000,10.849837698969964,0.589594258969964,train
17.235275630000000,17.048060192940738,-0.187215437059262,train
15.311032579999999,14.116431032100650,-1.194601547899349,train
15.514385910000000,16.584351366934243,1.069965456934243,train
11.016388299999999,11.990799898328760,0.974411598328761,train
15.597714150000000,14.519080103880697,-1.078634046119303,train
18.146851430000002,18.209801705337895,0.062950275337894,train
17.348277029999998,18.866222012476555,1.517944982476557,train
18.181974889999999,17.451538844917877,-0.730436045082122,train
15.346062220000000,14.000240121492993,-1.345822098507007,train
15.802539319999999,14.750646865487738,-1.051892454512261,train
4.592125697000000,4.415626829749385,-0.176498867250615,train
13.911041060000001,11.115125517361548,-2.795915542638452,train
9.046995734999999,11.995408931708084,2.948413196708085,train
19.638809909999999,20.084724834825465,0.445914924825466,train
17.381472120000002,16.167411754129148,-1.214060365870854,train
15.190706730000000,14.538399343490028,-0.652307386509973,train
14.702591390000000,15.570084251926232,0.867492861926232,train
15.763105449999999,16.471519544952116,0.708414094952117,train
12.599791829999999,11.932923326807327,-0.666868503192672,train
19.408513859999999,20.299358467177740,0.890844607177740,train
13.503410100000000,13.466438980362454,-0.036971119637546,train
12.169985290000000,11.439619725338616,-0.730365564661383,train
18.312686700000000,18.626197768628344,0.313511068628344,train
12.006036999999999,11.319449897004120,-0.686587102995880,train
14.772525999999999,15.134249879209960,0.361723879209961,train
15.068047670000000,15.132875238326164,0.064827568326164,train
15.772180609999999,16.248836559027154,0.476655949027155,train
21.480328770000000,22.498697504200891,1.018368734200891,train
7.555005752000000,10.936660228139999,3.381654476140000,train
17.278194450000001,16.180010268044498,-1.098184181955503,train
12.540295220000001,11.339741147242989,-1.200554072757011,train
8.423244315000000,10.315297402291776,1.892053087291776,train
18.072416570000001,17.533523809652138,-0.538892760347863,train
18.000454520000002,18.415994062842628,0.415539542842627,train
16.413527779999999,15.010962359574819,-1.402565420425180,train
10.011328190000000,11.305216497957986,1.293888307957985,train
14.959038319999999,13.748892007652671,-1.210146312347328,train
19.324263729999998,18.591762769690263,-0.732500960309736,train
19.224856039999999,18.431986868806689,-0.792869171193310,train
17.560527600000000,17.951651276567077,0.391123676567076,train
17.656358539999999,16.891269935247919,-0.765088604752080,train
19.531927159999999,20.753145646444295,1.221218486444297,train
17.829610370000001,17.606397475008066,-0.223212894991935,train
14.717000810000000,14.329643763412719,-0.387357046587281,train
19.281990770000000,19.578159620513816,0.296168850513816,train
13.072664290000001,11.573102569958337,-1.499561720041664,train
17.691934889999999,16.413567787674992,-1.278367102325006,train
17.888236089999999,17.271807851402400,-0.616428238597599,train
11.167024140000001,10.721732842515053,-0.445291297484948,train
18.095527090000001,19.468887028164318,1.373359938164317,train
15.585360200000000,14.660271359060630,-0.925088840939370,train
9.614456261999999,11.273223883763649,1.658767621763650,train
16.860240670000000,15.387143767518864,-1.473096902481135,train
10.264674950000000,10.054035900039366,-0.210639049960633,train
14.584868269999999,13.620440730820178,-0.964427539179821,train
12.768074770000000,12.880415645394010,0.112340875394009,train
14.700257740000000,13.482323546228258,-1.217934193771741,train
17.523968000000000,17.069171406958844,-0.454796593041156,train
12.326556360000000,11.558357089619108,-0.768199270380892,train
15.450505730000000,16.429492736844054,0.978987006844054,train
13.229902579999999,12.851923989283364,-0.377978590716635,train
15.753510090000001,15.050250491669999,-0.703259598330002,train
11.726685320000000,13.368146040295983,1.641460720295983,train
19.168436390000000,19.649669727376363,0.481233337376363,train
13.543352680000000,13.948282050227135,0.404929370227135,train
14.166394410000001,12.090142642141927,-2.076251767858073,train
18.509511719999999,17.170389555091219,-1.339122164908780,train
14.194052490000001,14.341845786347562,0.147793296347562,train
10.774804130000000,12.854498571925319,2.079694441925319,train
21.045719670000000,22.293247230922134,1.247527560922133,train
16.100330960000001,16.135002848875843,0.034671888875842,train
15.341797560000000,16.117496589769644,0.775699029769644,train
13.964433690000000,13.715740682422393,-0.248693007577607,train
17.034639580000000,16.096120752697402,-0.938518827302598,train
16.634189820000000,15.287929488344389,-1.346260331655611,train
20.221061270000000,20.300652835560072,0.079591565560072,train
14.605438250000001,13.911737842023967,-0.693700407976033,train
9.462928248000001,10.121784283377679,0.658856035377678,train
20.734259970000000,21.320584611472327,0.586324641472327,train
17.737201420000002,18.736658169888301,0.999456749888299,train
14.451874309999999,14.230334659665573,-0.221539650334426,train
17.172988969999999,16.891269935247919,-0.281719034752079,train
16.586687319999999,15.650550736751370,-0.936136583248629,train
19.335725940000000,20.267691646150638,0.931965706150638,train
17.321625139999998,16.549314636356144,-0.772310503643855,train
7.880925077000000,11.849298434514367,3.968373357514367,train
14.538883909999999,11.716175362293370,-2.822708547706629,train
18.200928590000000,17.585481880917996,-0.615446709082004,train
14.715939649999999,13.228347266049241,-1.487592383950759,train
19.422513779999999,19.051383905100579,-0.371129874899420,train
16.160190380000000,15.103583680455358,-1.056606699544641,train
19.933591910000001,20.990184861196894,1.056592951196894,train
16.254675460000001,16.996931701871972,0.742256241871971,train
14.916185170000000,14.974328839770124,0.058143669770123,train
14.959038319999999,13.748892007652671,-1.210146312347328,train
12.914201400000000,11.603371933635799,-1.310829466364201,train
14.344581390000000,12.660985258298865,-1.683596131701135,train
16.294865110000000,16.179190304265148,-0.115674805734852,train
13.529720070000000,14.472255919632971,0.942535849632971,train
11.511691290000000,10.662476577003531,-0.849214712996469,train
15.018342860000001,13.373095360479397,-1.645247499520604,train
14.952941429999999,14.220599016435813,-0.732342413564187,train
21.675158610000000,24.047652260954010,2.372493650954009,train
14.308374560000001,12.799481228240438,-1.508893331759563,train
15.444107180000000,13.109203721120139,-2.334903458879861,train
18.500165610000000,18.028713453175556,-0.471452156824444,train
18.282961449999998,18.070740261283618,-0.212221188716381,train
13.625267220000000,12.005311860483971,-1.619955359516029,train
21.292221200000000,22.467850646953025,1.175629446953025,train
16.456978570000000,15.504037670936555,-0.952940899063446,train
15.426938840000000,14.484925858803649,-0.942012981196351,train
14.606657450000000,13.981515985470992,-0.625141464529008,train
15.718146010000000,14.669779156917798,-1.048366853082202,train
12.343420610000001,13.417548140108011,1.074127530108010,train
0.000000000000000,3.561150009715107,3.561150009715107,train
14.634703770000000,15.166021920759249,0.531318150759249,train
14.373583229999999,13.311152194562965,-1.062431035437035,train
12.538339400000000,13.473075644439859,0.934736244439859,train
12.290062969999999,12.123496229461807,-0.166566740538192,train
16.732160919999998,15.428935982816029,-1.303224937183970,train
17.139059110000002,16.290057098894181,-0.849002011105821,train
15.999640030000000,18.131058858259621,2.131418828259621,train
17.690118609999999,17.193388416147059,-0.496730193852940,train
21.963510010000000,23.769210581944549,1.805700571944548,train
19.022435789999999,17.901395470240232,-1.121040319759768,train
15.190356500000000,15.578301415246756,0.387944915246756,train
20.834874599999999,21.382278325967832,0.547403725967833,train
11.953214070000000,11.687574319499163,-0.265639750500837,train
14.350219839999999,13.677513383082101,-0.672706456917899,train
14.233889660000001,13.832567633100325,-0.401322026899676,train
11.334960080000000,11.948565256059624,0.613605176059624,train
18.048728990000001,16.827756315365605,-1.220972674634396,train
13.730539080000000,13.837989353091189,0.107450273091189,train
10.266827760000000,11.567859576310070,1.301031816310070,train
19.312848830000000,19.049138090647034,-0.263710739352966,train
14.631631179999999,13.978441393629168,-0.653189786370831,train
11.031444430000001,11.997793022832866,0.966348592832865,train
11.954526970000000,10.958830101640729,-0.995696868359271,train
16.430823130000000,16.838311922374714,0.407488792374714,train
12.731243890000000,13.158397769729845,0.427153879729845,train
8.882564242000001,13.011359381992520,4.128795139992519,train
16.389676770000001,15.132976613654819,-1.256700156345183,train
14.833857589999999,13.354854484005045,-1.479003105994954,train
12.172259490000000,13.844317699135672,1.672058209135672,train
10.650257939999999,11.530008078591777,0.879750138591778,train
12.666136610000001,14.320141276721756,1.654004666721756,train
18.398052270000001,18.295798018353025,-0.102254251646976,train
19.468674440000001,18.411695618567933,-1.056978821432068,train
12.888740329999999,11.907180112271021,-0.981560217728978,train
15.721159020000000,14.915436758735723,-0.805722261264277,train
15.568696590000000,14.009537631598732,-1.559158958401268,train
18.023572949999998,18.137552383833167,0.113979433833169,train
20.177362100000000,20.817413943581869,0.640051843581869,train
10.650322389999999,10.705222915235709,0.054900525235709,train
14.644227510000000,13.978690774350866,-0.665536735649134,train
14.621550060000001,13.865477121713411,-0.756072938286589,train
12.350643190000000,12.971571478162332,0.620928288162332,train
19.434252799999999,19.381783655375898,-0.052469144624101,train
15.258849590000001,15.384183144660142,0.125333554660141,train
9.981140698000001,11.176762219894727,1.195621521894726,train
11.775546029999999,10.959146083041901,-0.816399946958098,train
12.312457980000000,12.129098131310116,-0.183359848689884,train
17.974810450000000,17.023848005175637,-0.950962444824363,train
15.117262230000000,14.133495643647393,-0.983766586352607,train
16.084155870000000,16.465584523540997,0.381428653540997,train
19.853460510000001,20.239779084843804,0.386318574843802,train
14.222249700000001,13.515606084978685,-0.706643615021315,train
10.658860420000000,10.756974983414466,0.098114563414466,train
16.111213140000000,15.122319631317055,-0.988893508682946,train
13.129293069999999,12.105447792445830,-1.023845277554170,train
15.815361340000001,14.854433559316703,-0.960927780683297,train
13.389944140000001,12.451874956848656,-0.938069183151345,train
13.642095870000000,12.811008845878860,-0.831087024121141,train
11.891198480000000,12.683499376445297,0.792300896445298,train
16.667977090000001,17.258952419208072,0.590975329208071,train
5.238684101000000,6.158862920021534,0.920178819021534,train
19.413954440000001,19.090540554903896,-0.323413885096105,train
19.108125730000001,18.553948447123730,-0.554177282876271,train
16.543749380000001,16.281428564355679,-0.262320815644323,train
17.697222810000000,16.880714328238810,-0.816508481761190,train
17.679111460000001,16.581574752991060,-1.097536707008942,train
19.351756479999999,19.660964549027426,0.309208069027427,train
14.472338069999999,15.021418057227834,0.549079987227834,train
19.706670429999999,19.754325084550146,0.047654654550147,train
18.581655959999999,18.822654482903431,0.240998522903432,train
5.140206563000000,7.251002447194992,2.110795884194992,train
21.461762390000001,22.096790516647047,0.635028126647047,train
12.915564600000000,12.698984071426707,-0.216580528573292,train
17.114591879999999,18.783417083962945,1.668825203962946,train
5.860539302000000,9.875705672208596,4.015166370208596,train
15.954873559999999,15.690951312839047,-0.263922247160952,train
14.367768740000001,14.215480608381768,-0.152288131618233,train
13.699155319999999,12.016529762143932,-1.682625557856067,train
16.992319360000000,16.633797447311053,-0.358521912688946,train
20.175651909999999,20.464148360425838,0.288496450425839,train
14.215956920000000,12.791724145550234,-1.424232774449766,train
20.087468789999999,20.583473707981511,0.496004917981512,train
5.556518816000000,7.213787281836744,1.657268465836744,train
13.960534310000000,13.390009967826018,-0.570524342173982,train
19.547589500000001,19.195882548109807,-0.351706951890193,train
10.554998850000000,12.533374214399373,1.978375364399373,train
17.349486760000001,16.135126108665531,-1.214360651334470,train
18.356094750000000,17.508847066155113,-0.847247683844888,train
18.655202220000000,18.184392047045094,-0.470810172954906,train
14.738466830000000,13.989736215280232,-0.748730614719769,train
16.754904069999998,15.266818274326397,-1.488085795673602,train
20.085954040000001,20.201935850219570,0.115981810219569,train
6.778198890000000,10.344092448437664,3.565893558437664,train
17.893573029999999,16.433859037913749,-1.459713992086250,train
17.307403390000001,16.591717042220353,-0.715686347779648,train
10.426172800000000,12.152656320416781,1.726483520416782,train
14.787689650000001,14.578885001100275,-0.208804648899726,train
15.274648420000000,15.529766374502856,0.255117954502856,train
11.197141550000000,12.842109539524813,1.644967989524813,train
12.549436860000000,11.708116531393102,-0.841320328606898,train
16.999056950000000,15.616818759763987,-1.382238190236013,train
17.146998440000001,17.255706474493991,0.108708034493990,train
7.475237430000000,7.301387217415595,-0.173850212584405,train
12.593173869999999,12.569614434145137,-0.023559435854862,train
15.915356100000000,16.759696867191224,0.844340767191223,train
17.051612009999999,15.483695687543104,-1.567916322456895,train
19.235624250000001,18.602318376699372,-0.633305873300628,train
18.392200570000000,18.704991348861199,0.312790778861199,train
15.892465850000001,16.687447545686609,0.794981695686609,train
17.203366290000002,16.826649206674347,-0.376717083325655,train
10.594686650000000,11.124861160591308,0.530174510591308,train
19.172010539999999,19.351676012770213,0.179665472770214,train
16.042245260000001,15.898145558513079,-0.144099701486923,train
14.581907030000000,13.932849056042073,-0.649057973957927,train
16.241303930000001,16.012722528575978,-0.228581401424023,train
17.352352990000000,18.203257446609541,0.850904456609541,train
16.730733200000000,15.413611431354752,-1.317121768645247,train
19.744522000000000,20.305032028972050,0.560510028972050,train
15.273022620000001,14.448329949804133,-0.824692670195867,train
11.002008750000000,11.805951911380703,0.803943161380703,train
9.608741772000000,11.928911978526457,2.320170206526457,train
15.384352180000000,14.277994286656735,-1.106357893343265,train
16.057203370000000,15.940238246288231,-0.116965123711768,train
19.374378080000000,20.567244539178205,1.192866459178205,train
14.061906459999999,13.554681107831129,-0.507225352168870,train
10.955965530000000,10.933088490258569,-0.022877039741431,train
16.387584520000001,15.176212503303077,-1.211372016696924,train
19.183474560000001,20.753145646444295,1.569671086444295,train
12.775053939999999,14.012294276048237,1.237240336048238,train
16.153191119999999,16.455028916532001,0.301837796532002,train
13.686232980000000,13.364590127234692,-0.321642852765308,train
15.614386170000000,14.056236485033196,-1.558149684966804,train
17.714491249999998,17.714215304625782,-0.000275945374216,train
8.954989262000000,8.717902603304424,-0.237086658695576,train
17.947829490000000,16.621198933395704,-1.326630556604297,train
17.772410980000000,18.818965275945970,1.046554295945970,train
13.413384460000000,13.514837821995684,0.101453361995684,train
15.458684200000000,14.288799274387429,-1.169884925612571,train
14.307198110000000,15.913191879302531,1.605993769302531,train
12.515308120000000,11.915808058098492,-0.599500061901509,train
12.820186150000000,12.791984893650465,-0.028201256349535,train
16.027948259999999,16.313953304044730,0.286005044044732,train
13.239848370000001,13.191113520144313,-0.048734849855688,train
15.484039599999999,14.834515061792558,-0.649524538207441,train
14.787316799999999,13.250705184934532,-1.536611615065468,train
14.011642940000000,13.967577192110298,-0.044065747889702,train
3.486660146000000,5.209137607946218,1.722477461946218,train
19.351756479999999,19.458331421155208,0.106574941155209,train
20.011425620000001,21.031587325453756,1.020161705453756,train
13.086946670000000,12.409498532421253,-0.677448137578747,train
19.454500740000000,19.226729405357673,-0.227771334642327,train
14.871122020000000,14.463586799412951,-0.407535220587048,train
13.706880840000000,13.070824924022759,-0.636055915977241,train
12.398802160000001,12.028934634829852,-0.369867525170148,train
12.756431220000000,13.028643121191749,0.272211901191749,train
13.872228850000001,14.291776532357744,0.419547682357743,train
13.075856699999999,12.719474824045619,-0.356381875954380,train
16.703531110000000,15.050250491669999,-1.653280618330001,train
19.799005930000000,20.672455050092253,0.873449120092253,train
12.336674390000001,11.625451068287362,-0.711223321712639,train
18.150363280000001,17.323400898203204,-0.826962381796797,train
15.237125960000000,14.949216944282853,-0.287909015717148,train
14.938085490000001,14.134234858289574,-0.803850631710427,train
16.564621970000001,15.421872524344622,-1.142749445655380,train
14.312959270000000,15.671767171291549,1.358807901291549,train
10.866418130000000,11.127653576571902,0.261235446571902,train
17.160243170000001,16.827756315365605,-0.332486854634396,train
14.482382189999999,13.442536799694722,-1.039845390305278,train
20.759336009999998,22.819283731693304,2.059947721693305,train
13.355312440000001,11.860614029859448,-1.494698410140552,train
10.595821900000001,11.512231833846499,0.916409933846499,train
15.881728680000000,14.411937322656968,-1.469791357343032,train
8.469809794000000,10.702514134180319,2.232704340180319,train
13.620788749999999,13.441849285849003,-0.178939464150996,train
14.318275950000000,14.112895798898876,-0.205380151101124,train
17.907025229999999,17.926241618274389,0.019216388274391,train
14.134778830000000,15.102524393582712,0.967745563582712,train
15.007092490000000,14.392025573761316,-0.615066916238684,train
8.938230519999999,10.735560111800964,1.797329591800965,train
17.811036170000001,17.895394761026523,0.084358591026522,train
17.807965849999999,16.291158896419347,-1.516806953580652,train
6.426671907000000,8.263396344636021,1.836724437636021,train
16.716885150000000,16.322011064833191,-0.394874085166808,train
17.043037999999999,15.743911272274090,-1.299126727725909,train
6.751971100000000,10.082466790316289,3.330495690316289,train
11.987177880000001,11.956283369883295,-0.030894510116706,train
17.506822150000001,16.899900416348146,-0.606921733651856,train
10.032547449999999,9.217709433628784,-0.814838016371215,train
12.892255750000000,12.957145705471703,0.064889955471703,train
12.894501810000000,12.430738286127280,-0.463763523872720,train
19.889950649999999,20.806858336572759,0.916907686572760,train
13.074497100000000,13.541755532878483,0.467258432878483,train
13.982076610000000,13.998098683598869,0.016022073598869,train
17.174339069999998,16.581839376045195,-0.592499693954803,train
0.000000000000000,1.620441990964650,1.620441990964650,train
15.265685789999999,13.653160051407895,-1.612525738592105,train
18.712322210000000,19.049138090647034,0.336815880647034,train
12.196607550000000,11.189490608726373,-1.007116941273626,train
12.355931940000000,13.415300872875832,1.059368932875833,train
13.338805770000000,13.807394337646770,0.468588567646769,train
22.160931040000001,23.769210581944549,1.608279541944547,train
15.548030760000000,15.445876859155760,-0.102153900844240,train
9.427073628000000,9.347510196966027,-0.079563431033973,train
15.522909670000001,14.471385222698927,-1.051524447301073,train
15.370795660000001,14.978235515162737,-0.392560144837264,train
11.844505829999999,12.519169037870824,0.674663207870825,train
13.620523080000000,14.013586695151616,0.393063615151616,train
18.613948270000002,19.272430313889117,0.658482043889116,train
22.026339910000001,24.047652260954010,2.021312350954009,train
16.179280949999999,16.909636059577792,0.730355109577793,train
15.033930560000000,13.631539035307014,-1.402391524692986,train
13.802124630000000,13.060065224263553,-0.742059405736446,train
4.851170757000000,8.150327891541679,3.299157134541678,train
19.535658959999999,21.085300015582334,1.549641055582335,train
17.738506850000000,17.307040201908535,-0.431466648091465,train
12.335075580000000,12.306151392013703,-0.028924187986297,train
17.786265400000001,16.692009466684453,-1.094255933315548,train
16.046424290000001,15.215860348697333,-0.830563941302668,train
18.245033899999999,17.718595336721137,-0.526438563278862,train
13.196101250000000,12.807201603824524,-0.388899646175476,train
20.770361279999999,21.681831218995399,0.911469938995399,train
11.219117730000001,11.549621387996694,0.330503657996694,train
4.854663339000000,9.192278747047226,4.337615408047226,train
13.832795030000000,13.869775550556938,0.036980520556938,train
10.183009550000000,10.552127387319047,0.369117837319047,train
16.628825160000002,17.482385702165629,0.853560542165628,train
13.235522120000001,10.866605511298417,-2.368916608701584,train
13.933018990000001,12.228329170475831,-1.704689819524170,train
16.470406749999999,17.662653990548620,1.192247240548621,train
15.325934410000000,14.503742558802514,-0.822191851197486,train
13.508338320000000,11.301619920235453,-2.206718399764547,train
16.615848790000001,15.867858861101581,-0.747989928898420,train
13.058981390000000,13.086608002898856,0.027626612898857,train
15.509156600000001,14.353470246853362,-1.155686353146638,train
13.768978329999999,14.142495951279443,0.373517621279444,train
16.667499750000001,15.442163774583378,-1.225335975416623,train
15.627497640000000,15.382664664750905,-0.244832975249095,train
11.689992999999999,10.214986976872979,-1.475006023127021,train
12.691956500000000,12.100224314020693,-0.591732185979307,train
14.924398810000000,13.587035442703950,-1.337363367296049,train
11.589518730000000,10.690076856731707,-0.899441873268293,train
14.124240270000000,12.025197722115195,-2.099042547884805,train
14.313241050000000,14.792100062899294,0.478859012899294,train
16.643350519999998,16.767740483311286,0.124389963311287,train
17.893653650000001,17.853992296769775,-0.039661353230226,train
17.754952240000001,17.688578059670476,-0.066374180329525,train
17.800185360000000,17.831189055641858,0.031003695641857,train
11.320694150000000,11.622814826770764,0.302120676770764,train
9.385194157000001,9.310208637576693,-0.074985519423308,train
9.965245041999999,11.537012719062204,1.571767677062205,train
12.636161319999999,12.414560184126799,-0.221601135873200,train
13.349854880000001,13.401134335437860,0.051279455437859,train
17.038707479999999,15.950203539134918,-1.088503940865081,train
8.562042137000001,10.940637935766404,2.378595798766403,train
11.637035230000000,10.878404577738252,-0.758630652261749,train
14.637445880000000,13.554681107831129,-1.082764772168870,train
19.533274970000001,19.640673298788670,0.107398328788669,train
15.955794020000001,17.356556838792812,1.400762818792812,train
13.417374390000001,15.555200623462042,2.137826233462041,train
17.983621849999999,17.353792816136774,-0.629829033863224,train
5.137941202000000,4.487876151254000,-0.650065050746001,train
12.706335040000001,13.586267179720949,0.879932139720948,train
14.788487050000001,14.791919881041736,0.003432831041735,train
12.345332839999999,12.280850304665364,-0.064482535334635,train
12.664109900000000,13.049755821078065,0.385645921078066,train
19.857761510000000,20.177265406568949,0.319503896568950,train
13.436013539999999,12.642916875967785,-0.793096664032214,train
16.608000050000001,16.291164207585439,-0.316835842414562,train
16.711945239999999,15.819819732767314,-0.892125507232684,train
11.021041700000000,12.017152620126922,0.996110920126922,train
16.516124160000000,16.103459287638429,-0.412664872361571,train
15.650333370000000,14.670007002290390,-0.980326367709610,train
18.147867049999999,16.961694040199745,-1.186173009800253,train
15.464176699999999,13.989246381359976,-1.474930318640023,train
12.057978100000000,11.883476349506850,-0.174501750493150,train
22.781325930000001,25.091302454617221,2.309976524617220,train
14.409098569999999,14.488485088436278,0.079386518436278,train
15.408557750000000,14.216219823023835,-1.192337926976165,train
15.505106580000000,14.711490215684421,-0.793616364315579,train
10.467246240000000,11.362753666020922,0.895507426020922,train
18.243847420000002,18.426549669851738,0.182702249851737,train
16.655502030000001,16.604838237101035,-0.050663792898966,train
16.850663900000001,16.573991379853283,-0.276672520146718,train
12.319908600000000,12.534205383453013,0.214296783453014,train
15.749145220000001,14.969278061572140,-0.779867158427860,train
13.063360760000000,12.129320065639263,-0.934040694360737,train
15.694567310000000,16.883279916110496,1.188712606110496,train
17.071946100000002,15.548014717835258,-1.523931382164744,train
9.841926740000000,11.564117346645048,1.722190606645048,train
18.547075029999998,19.310273548513351,0.763198518513352,train
15.735766210000000,16.107760946539884,0.371994736539884,train
20.461306740000001,21.155794718224229,0.694487978224227,train
13.938969380000000,13.126497792164059,-0.812471587835940,train
13.291005340000000,14.194048585620976,0.903043245620976,train
19.551318070000001,20.133748610150406,0.582430540150405,train
15.718339340000000,15.201632411293076,-0.516706928706924,train
19.832883850000002,19.844639546723783,0.011755696723782,train
18.258506019999999,18.523101589875864,0.264595569875866,train
17.246242209999998,17.828691209421322,0.582448999421324,train
20.011425620000001,21.031587325453756,1.020161705453756,train
16.471936079999999,17.172901545980267,0.700965465980268,train
13.661699020000000,13.787103087408013,0.125404067408013,train
12.766707530000000,12.297166168700414,-0.469541361299585,train
15.456391090000000,16.336756545172534,0.880365455172534,train
10.857131310000000,12.605704285041270,1.748572975041270,train
16.507219790000001,15.029088544497199,-1.478131245502802,train
11.944738900000001,12.728729131149407,0.783990231149406,train
18.702208679999998,19.427484563907456,0.725275883907457,train
14.002388030000001,12.734132318540674,-1.268255711459327,train
17.656812349999999,16.912239126320515,-0.744573223679485,train
15.309027580000000,14.305651212181601,-1.003376367818399,train
15.612473570000001,15.217054807723571,-0.395418762276430,train
14.334354709999999,13.896386885031916,-0.437967824968084,train
17.534732030000001,16.559635282582121,-0.975096747417879,train
17.472149500000000,16.724295112148070,-0.747854387851930,train
14.504412090000001,15.022936537137070,0.518524447137070,train
14.348354710000001,12.978245714215518,-1.370108995784483,train
16.068228860000001,16.097037559344017,0.028808699344015,train
14.250229680000000,13.720540345580162,-0.529689334419839,train
19.503945930000000,18.967153125912660,-0.536792804087341,train
17.137613920000000,17.470208624554289,0.332594704554289,train
17.051612009999999,15.483695687543104,-1.567916322456895,train
14.282269480000000,13.803835108014141,-0.478434371985859,train
15.270902710000000,13.767239199014739,-1.503663510985261,train
10.639844269999999,11.293978004998166,0.654133734998167,train
8.501782521000001,9.588097110572221,1.086314589572220,train
17.309070540000000,16.216795242753051,-1.092275297246950,train
15.999509800000000,15.576106810583610,-0.423402989416390,train
13.406593250000000,12.879030906418961,-0.527562343581039,train
11.373996310000001,11.336453782268904,-0.037542527731096,train
18.670844599999999,18.801543268885325,0.130698668885326,train
14.728081870000000,14.029471261017420,-0.698610608982580,train
16.296445439999999,17.393947954768919,1.097502514768919,train
19.030921880000001,20.073809514517507,1.042887634517506,train
10.337213830000000,11.867412469337637,1.530198639337637,train
15.899966270000000,15.555815560344854,-0.344150709655146,train
19.396228229999998,19.648243876702168,0.252015646702169,train
19.190330950000000,18.906885262091350,-0.283445687908650,train
15.910917710000000,15.754207075340105,-0.156710634659895,train
17.006693479999999,17.923995803820844,0.917302323820845,train
15.035043890000001,14.720085086392032,-0.314958803607968,train
15.506054130000001,14.832631830222113,-0.673422299777888,train
18.840136529999999,18.880336849118294,0.040200319118295,train
12.090936870000000,11.799723255530466,-0.291213614469534,train
14.900208599999999,13.081380531031868,-1.818828068968131,train
8.541671402000000,11.756757862770883,3.215086460770882,train
14.874396870000000,14.510483218973263,-0.363913651026737,train
14.865456829999999,13.634974045455692,-1.230482784544307,train
16.871402069999998,16.351054109400138,-0.520347960599860,train
13.732405320000000,14.219779052656463,0.487373732656463,train
4.994856404000000,6.488188884943497,1.493332480943497,train
11.719475579999999,12.934650111268184,1.215174531268184,train
19.223973879999999,19.774616334788902,0.550642454788903,train
19.264343790000002,18.344167947928668,-0.920175842071334,train
14.880128660000000,14.445858771746543,-0.434269888253457,train
17.093469240000001,16.311910397138377,-0.781558842861624,train
8.392103621000000,10.195680442953744,1.803576821953744,train
3.553819919000000,5.909502264507069,2.355682345507069,train
12.732991930000001,13.781984679354082,1.048992749354081,train
14.237491190000000,13.627126049263779,-0.610365140736221,train
16.836285199999999,16.094702182144147,-0.741583017855852,train
17.580374310000000,16.271466252954497,-1.308908057045503,train
10.817292530000000,10.825502458777805,0.008209928777806,train
16.397757190000000,18.544263537048664,2.146506347048664,train
9.379391810000000,10.933609903353840,1.554218093353841,train
11.720402090000000,11.842059567393335,0.121657477393335,train
6.297019653000000,8.023524479579464,1.726504826579464,train
10.999980960000000,10.783484601383520,-0.216496358616480,train
13.852314059999999,14.959594602471270,1.107280542471271,train
9.675141143999999,9.939618868606090,0.264477724606090,train
20.498438849999999,20.598911360205307,0.100472510205307,train
13.785695470000000,13.987856228116129,0.202160758116129,train
14.735401220000000,13.538998463563644,-1.196402756436356,train
13.852488870000000,13.373898408619084,-0.478590461380916,train
13.067314500000000,12.067005574979589,-1.000308925020411,train
20.351448930000000,21.042142932462866,0.690694002462866,train
15.106629620000000,15.074074644623579,-0.032554975376421,train
14.221924449999999,13.802471549520874,-0.419452900479126,train
4.400832516000000,3.366473489026589,-1.034359026973411,train
10.955171450000000,12.387581203007812,1.432409753007812,train
18.583162990000002,19.468887028164318,0.885724038164316,train
15.352852700000000,13.624609449172226,-1.728243250827774,train
20.633379160000000,20.394013371082792,-0.239365788917208,train
15.938694130000000,14.522176343754495,-1.416517786245505,train
14.485295410000001,14.267818180990730,-0.217477229009271,train
15.083662470000000,15.143845372190071,0.060182902190071,train
19.425608820000001,18.473389333063551,-0.952219486936450,train
11.345003849999999,10.576303057655764,-0.768700792344235,train
14.015076900000000,14.804770002069972,0.789693102069972,train
16.540254070000000,15.816160593778704,-0.724093476221295,train
20.701160580000000,20.610761335596635,-0.090399244403365,train
12.868464810000001,11.956283369883295,-0.912181440116706,train
16.923490269999999,15.733797414198875,-1.189692855801123,train
15.002622900000000,16.345066337727985,1.342443437727985,train
19.255463160000001,19.241583456641365,-0.013879703358636,train
19.712046550000000,19.054389930271896,-0.657656619728105,train
14.273644600000001,12.906035030774660,-1.367609569225340,train
18.593959170000002,17.822521095670709,-0.771438074329293,train
16.069309830000002,16.344800161292483,0.275490331292481,train
18.100061990000000,17.955662624847946,-0.144399365152054,train
13.411285820000000,12.781168538541237,-0.630117281458762,train
18.488504259999999,19.101096161912892,0.612591901912893,train
11.432250529999999,13.339492321738589,1.907241791738590,train
10.880474370000000,11.981312871468390,1.100838501468390,train
18.208371249999999,17.653345709164341,-0.555025540835658,train
14.124240270000000,12.656842392527778,-1.467397877472221,train
22.028775230000001,23.107538933485671,1.078763703485670,train
7.681490618000000,9.831967033579872,2.150476415579872,train
19.838985489999999,20.149977778953712,0.310992288953713,train
20.420267590000002,21.395408515618897,0.975140925618895,train
17.993087100000000,19.443856871214621,1.450769771214620,train
19.149098410000001,18.685712463464142,-0.463385946535858,train
10.266112260000000,12.247532269360022,1.981420009360022,train
16.859535760000000,16.455028916532001,-0.404506843467999,train
20.878504780000000,21.413945146995047,0.535440366995047,train
17.528155399999999,16.072296599743822,-1.455858800256177,train
22.022538919999999,24.502752275571197,2.480213355571198,train
11.929060890000001,13.607968707901478,1.678907817901477,train
6.663610941000000,10.660413153793570,3.996802212793570,train
16.352216100000000,17.339250617649668,0.987034517649668,train
18.838345180000001,18.091227131450410,-0.747118048549591,train
18.525264020000002,17.584652300720904,-0.940611719279097,train
18.768003719999999,19.939866478517274,1.171862758517275,train
14.685172930000000,13.496233338049706,-1.188939591950295,train
14.832447510000000,14.101828822620291,-0.730618687379708,train
20.650117739999999,21.332894837343929,0.682777097343930,train
17.466688229999999,17.385717547952140,-0.080970682047859,train
11.393224630000001,10.950653899242866,-0.442570730757135,train
8.773457282000001,9.266148776721252,0.492691494721251,train
15.143752770000001,13.845185871474655,-1.298566898525346,train
11.634354399999999,11.728407781631859,0.094053381631859,train
16.600399759999998,17.232083269586838,0.631683509586839,train
19.060275489999999,18.698447090132959,-0.361828399867040,train
11.476900830000000,11.695064148275378,0.218163318275378,train
10.355475410000000,11.398577033480706,1.043101623480705,train
14.286859350000000,13.783054023855129,-0.503805326144871,train
16.376589419999998,15.297665131574149,-1.078924288425849,train
16.818643720000001,17.694748173421090,0.876104453421089,train
18.665755040000001,17.393075637065863,-1.272679402934138,train
12.933510679999999,11.725911005523130,-1.207599674476869,train
15.119127069999999,14.519080103880697,-0.600046966119303,train
20.752083689999999,21.796495539393391,1.044411849393391,train
16.099793869999999,15.475646985428170,-0.624146884571829,train
16.446555520000000,14.747882842831700,-1.698672677168300,train
13.955815729999999,12.699064820563990,-1.256750909436009,train
15.146633500000000,16.269625631721965,1.122992131721965,train
20.267809730000000,20.466262692587406,0.198452962587407,train
14.133464880000000,14.143610788220258,0.010145908220258,train
12.979307120000000,13.760138129738266,0.780831009738266,train
14.508112310000000,14.887215217284620,0.379102907284620,train
12.092385009999999,12.687689249775644,0.595304239775645,train
14.540492060000000,14.587970336759781,0.047478276759781,train
16.702891260000001,16.012239093208336,-0.690652166791665,train
16.870308619999999,15.153986452344270,-1.716322167655729,train
14.128511189999999,13.418226080941849,-0.710285109058150,train
19.782710860000002,19.727037456935022,-0.055673403064979,train
19.231536160000001,20.164595467398271,0.933059307398270,train
8.523768656000000,9.780584999643111,1.256816343643111,train
12.271236360000000,11.486588164131831,-0.784648195868169,train
12.436829430000000,13.724589409133159,1.287759979133160,train
18.251640920000000,17.863923559927457,-0.387717360072543,train
7.239652076000000,10.778034240240231,3.538382164240232,train
17.601570200000001,17.998490939779003,0.396920739779002,train
14.057143920000000,13.754212413948153,-0.302931506051847,train
11.828757570000000,11.665780219530120,-0.162977350469880,train
20.521065620000002,20.722298789196543,0.201233169196541,train
22.210716890000000,24.399656096818717,2.188939206818716,train
14.678079420000000,16.542393748937229,1.864314328937230,train
14.416026260000001,13.358116153457786,-1.057910106542215,train
12.182953980000001,12.077960023823607,-0.104993956176394,train
16.345283259999999,15.793034956955012,-0.552248303044987,train
13.459592669999999,12.120515564259449,-1.339077105740550,train
9.531879836000000,9.383781842794519,-0.148097993205480,train
20.228570009999999,20.175039296999103,-0.053530713000896,train
15.423866510000000,13.727705627924593,-1.696160882075407,train
13.759047109999999,12.781300746953434,-0.977746363046565,train
14.919921490000000,14.632983731445506,-0.286937758554494,train
17.456947530000001,16.425101932419466,-1.031845597580535,train
17.657467319999999,17.281543494632160,-0.375923825367838,train
12.884517380000000,12.299661693498138,-0.584855686501863,train
13.871307370000000,14.298534917617189,0.427227547617189,train
16.553505380000001,15.237526716455591,-1.315978663544410,train
15.055877510000000,14.638100121657772,-0.417777388342229,train
11.797773660000001,10.699812499961467,-1.097961160038533,train
16.873901190000002,16.334244554283487,-0.539656635716515,train
18.615181939999999,18.865482797834488,0.250300857834489,train
20.266494000000002,20.969893610958138,0.703399610958137,train
18.274132779999999,18.415994062842628,0.141861282842630,train
8.294099675000000,9.455750077763582,1.161650402763582,train
10.776357550000000,12.048574723198840,1.272217173198840,train
16.051579570000001,15.372109057741909,-0.679470512258092,train
3.163963229000000,2.563000793987044,-0.600962435012956,train
8.014861458000000,8.243824173799226,0.228962715799225,train
17.237302540000002,16.107760946539884,-1.129541593460118,train
12.607611020000000,12.394517550257433,-0.213093469742567,train
3.427205246000000,4.425515643948870,0.998310397948870,train
15.350559790000000,15.370328979933674,0.019769189933674,train
16.979128849999999,16.664379681504670,-0.314749168495329,train
16.271368280000001,14.821528860621697,-1.449839419378304,train
12.632583309999999,12.544009084677327,-0.088574225322672,train
9.250556263000000,11.001507058497850,1.750950795497850,train
13.242476679999999,14.123679251280464,0.881202571280465,train
19.163646379999999,19.458331421155208,0.294685041155208,train
15.462417880000000,14.846172466326720,-0.616245413673280,train
12.269979330000000,12.110517656122283,-0.159461673877717,train
9.398894073999999,10.738600511313621,1.339706437313621,train
13.198560280000001,12.805406944030551,-0.393153335969449,train
17.694823700000001,16.805345421799075,-0.889478278200926,train
11.330922980000000,11.136010063208118,-0.194912916791882,train
16.066302870000001,15.095185858641685,-0.971117011358317,train
10.937174700000000,13.208288551591750,2.271113851591750,train
22.059384510000001,24.213754989552626,2.154370479552625,train
18.146151039999999,17.451538844917877,-0.694612195082122,train
20.206768669999999,22.190281115851803,1.983512445851805,train
12.338488060000000,12.565231987860784,0.226743927860785,train
9.671880584000000,11.197945905705865,1.526065321705865,train
16.567613359999999,15.578861575083124,-0.988751784916875,train
14.859923719999999,14.916127273812208,0.056203553812209,train
8.602031166000000,10.055237023419409,1.453205857419409,train
12.456792960000000,13.336507292642978,0.879714332642978,train
19.621002300000001,19.541136349668932,-0.079865950331069,train
11.396419160000001,11.748448070215431,0.352028910215431,train
0.000000000000000,7.767747236602304,7.767747236602304,train
9.217800316000000,7.880464482688581,-1.337335833311419,train
15.175060240000001,15.403646138508066,0.228585898508065,train
15.965641690000000,14.404456307489795,-1.561185382510205,train
18.789011349999999,18.024323804662345,-0.764687545337654,train
8.536755598999999,9.887660797340345,1.350905198340346,train
11.442684659999999,13.399071704072639,1.956387044072640,train
16.435876780000001,17.100027880624452,0.664151100624451,train
13.170829650000000,13.023207408105009,-0.147622241894991,train
17.046778000000000,15.879372788183559,-1.167405211816440,train
16.475304580000000,14.968820680675890,-1.506483899324110,train
16.345283259999999,15.793034956955012,-0.552248303044987,train
16.410132950000001,15.639995129742374,-0.770137820257627,train
16.743951849999998,15.692394949942013,-1.051556900057985,train
19.108125730000001,18.370293154311184,-0.737832575688817,train
10.799792979999999,11.485612623027919,0.685819643027919,train
14.924550130000000,14.884589901487971,-0.039960228512030,train
11.390668560000000,11.590881829308046,0.200213269308046,train
19.464841580000002,19.059693697656030,-0.405147882343972,train
16.277733229999999,15.514413096087992,-0.763320133912007,train
7.989339330000000,8.140008915644785,0.150669585644785,train
17.546803019999999,17.870093673678184,0.323290653678185,train
15.916658990000000,15.890845201839170,-0.025813788160830,train
18.695994310000000,19.207177369760984,0.511183059760985,train
18.458860130000001,19.897721930034322,1.438861800034321,train
11.127188830000000,11.805846690858630,0.678657860858630,train
12.021711939999999,11.945170064002468,-0.076541875997531,train
17.309070540000000,16.002161610400776,-1.306908929599224,train
5.500486416000000,5.807151929677389,0.306665513677388,train
12.735554990000001,12.955467081677739,0.219912091677738,train
11.818886900000001,11.683035727695369,-0.135851172304632,train
11.573623860000000,10.876787092533277,-0.696836767466722,train
7.084925954000000,5.645399984603159,-1.439525969396841,train
10.317504560000000,10.499030557730862,0.181525997730862,train
15.159719400000000,15.087980625531600,-0.071738774468400,train
15.216617710000000,14.834253300824457,-0.382364409175542,train
20.939395380000001,21.941736266628823,1.002340886628822,train
15.346525040000000,14.066792092042306,-1.279732947957694,train
12.220010110000000,11.775940477742893,-0.444069632257108,train
15.245902720000000,13.875594595598500,-1.370308124401500,train
12.169700590000000,12.358859883195919,0.189159293195919,train
16.496085570000002,17.064795530118317,0.568709960118316,train
17.433510869999999,16.788173756495439,-0.645337113504560,train
6.343760889000000,9.803586978182807,3.459826089182807,train
12.810309999999999,11.092773137640847,-1.717536862359152,train
13.688571189999999,12.373705674796838,-1.314865515203161,train
20.790107930000001,22.096048432420844,1.305940502420842,train
12.029085930000001,12.737401506587958,0.708315576587957,train
13.650922110000000,13.659284764208564,0.008362654208565,train
17.879505790000000,18.601895170108719,0.722389380108719,train
19.211264499999999,19.386082099650594,0.174817599650595,train
13.482191980000000,13.764768020957149,0.282576040957149,train
11.987721110000001,12.177769585743590,0.190048475743589,train
13.240809369999999,12.349303987126177,-0.891505382873822,train
16.402203100000001,15.113514943613154,-1.288688156386847,train
11.542018580000001,11.471091634497157,-0.070926945502844,train
18.465911890000001,18.194947654054090,-0.270964235945911,train
9.635892772000000,11.370156157167685,1.734263385167685,train
7.801341224000000,6.944110629853412,-0.857230594146587,train
12.085848960000000,12.510917898844355,0.425068938844355,train
14.482843440000000,13.872155283153802,-0.610688156846198,train
11.390305150000000,9.833587741749284,-1.556717408250716,train
12.751125750000000,12.385766388804427,-0.365359361195573,train
21.072905330000001,21.673850194628358,0.600944864628357,train
16.406572220000001,15.928113787381449,-0.478458432618552,train
17.892503630000000,17.905950368035633,0.013446738035633,train
13.111194980000000,13.353097356297553,0.241902376297553,train
18.742377560000001,19.245594804922121,0.503217244922119,train
12.271284610000000,13.605083879719928,1.333799269719927,train
20.514045079999999,20.404568978091788,-0.109476101908211,train
10.259047450000001,12.345308041817020,2.086260591817020,train
8.039875597000000,11.360916526442224,3.321040929442225,train
15.149017690000001,14.081537572381535,-1.067480117618466,train
15.026824410000000,14.632983731445506,-0.393840678554493,train
5.904085859000000,9.539756129657349,3.635670270657348,train
10.501252819999999,11.587724085460877,1.086471265460878,train
15.177851430000000,13.930686580426141,-1.247164849573860,train
17.360440830000002,16.602950590063188,-0.757490239936814,train
14.758494810000000,14.488485088436278,-0.270009721563722,train
10.579021920000001,8.785309447378040,-1.793712472621960,train
21.221967800000002,22.209700218182320,0.987732418182318,train
12.851854510000001,11.511408855462832,-1.340445654537168,train
15.297425390000001,12.787415518977014,-2.510009871022987,train
11.602905249999999,11.794833241447918,0.191927991447919,train
13.391480359999999,13.314451961355530,-0.077028398644469,train
13.903895000000000,13.431293678839893,-0.472601321160107,train
16.736911500000001,15.452899563449932,-1.284011936550069,train
10.992040279999999,13.186704882249501,2.194664602249501,train
18.355586259999999,17.347613085968305,-1.007973174031694,train
17.259510850000002,17.596037487927106,0.336526637927104,train
19.178941460000001,18.169281542240697,-1.009659917759304,train
13.588558500000000,12.926326281013530,-0.662232218986469,train
10.561016750000000,11.850813107892350,1.289796357892349,train
16.161970350000001,17.772746546677467,1.610776196677467,train
17.876538610000001,17.261252244393404,-0.615286365606597,train
12.742781890000000,12.683514836275890,-0.059267053724110,train
13.377967170000000,13.905051299602405,0.527084129602406,train
14.844830260000000,14.112384429629401,-0.732445830370599,train
14.341068470000000,14.638100121657772,0.297031651657772,train
18.590885910000001,17.023848005175637,-1.567037904824364,train
10.443582660000001,11.787338543583246,1.343755883583245,train
16.368944110000001,15.000178907193117,-1.368765202806884,train
16.736911500000001,15.452899563449932,-1.284011936550069,train
16.040928300000001,15.077425018522604,-0.963503281477397,train
13.117866729999999,13.760318311595711,0.642451581595711,train
16.395798740000000,15.620394103021908,-0.775404636978092,train
13.240994100000000,14.255327773261570,1.014333673261570,train
12.364061260000000,12.409498532421253,0.045437272421253,train
16.459423220000001,15.164968800441102,-1.294454419558900,train
8.901516637000000,10.571396019960616,1.669879382960616,train
13.320210690000000,12.574233083942204,-0.745977606057796,train
15.018858520000000,14.009537631598732,-1.009320888401268,train
15.643874840000001,15.041581371449979,-0.602293468550021,train
14.496953050000000,13.956696219342007,-0.540256830657993,train
14.587795099999999,13.792540286363078,-0.795254813636921,train
18.671206880000000,18.488666590937896,-0.182540289062104,train
15.404693679999999,14.274804354933735,-1.129889325066264,train
9.417590916000000,12.245645780785139,2.828054864785139,train
11.891336780000000,11.455155690344554,-0.436181089655445,train
21.222555710000002,22.096790516647047,0.874234806647046,train
10.613792860000000,11.939789726858862,1.325996866858862,train
9.051100456000000,11.006486583314086,1.955386127314085,train
13.747021940000000,14.340067502495458,0.593045562495458,train
11.601499580000000,10.802717192139767,-0.798782387860234,train
12.716097880000000,13.762202994140353,1.046105114140353,train
11.269287250000000,11.573562761338849,0.304275511338849,train
17.412082900000001,16.014135787963028,-1.397947112036974,train
9.903515457999999,12.047754759419490,2.144239301419491,train
16.400928230000002,16.280243576111275,-0.120684653888727,train
11.018919570000000,12.641669550343067,1.622749980343068,train
14.214838930000001,12.393996925035594,-1.820842004964407,train
19.246726649999999,18.514791797320413,-0.731934852679586,train
21.339236300000000,23.624711938935320,2.285475638935321,train
9.885498660000000,9.698824741969815,-0.186673918030184,train
11.067907350000000,10.877266338829600,-0.190641011170401,train
12.236823050000000,12.988749620428166,0.751926570428166,train
18.464887720000000,17.761451725026291,-0.703435994973709,train
16.377550540000001,16.034691661255920,-0.342858878744082,train
19.252143629999999,19.908559370789135,0.656415740789136,train
17.302280300000000,16.022794700217332,-1.279485599782667,train
16.855928810000002,15.630701235446395,-1.225227574553607,train
18.047143139999999,17.180267221266377,-0.866875918733623,train
13.349651229999999,13.220551038899089,-0.129100191100910,train
10.872068980000000,12.393254764802123,1.521185784802123,train
12.933510679999999,11.725911005523130,-1.207599674476869,train
15.702948900000001,15.381844700971669,-0.321104199028332,train
5.986149363000000,10.680704404032440,4.694555041032440,train
9.899961755000000,11.366584419286369,1.466622664286369,train
20.917522999999999,22.086312789191197,1.168789789191198,train
8.651148557999999,7.538426432168194,-1.112722125831805,train
18.192325010000001,18.216058868072196,0.023733858072195,train
14.024065830000000,13.955084365157518,-0.068981464842482,train
16.553771760000000,16.426185118153171,-0.127586641846829,train
15.562603370000000,16.105263100319348,0.542659730319349,train
16.638038060000000,15.120261789869915,-1.517776270130085,train
12.373810400000000,12.522275012676346,0.148464612676346,train
14.306360950000000,13.606757932339860,-0.699603017660140,train
17.214401760000001,17.461898831998838,0.247497071998836,train
16.275711749999999,15.825714312618629,-0.449997437381370,train
16.936321939999999,15.515413241724900,-1.420908698275099,train
12.968162220000000,13.203990107317054,0.235827887317054,train
12.638377600000000,14.038759990605172,1.400382390605172,train
3.526195991000000,5.798936901200136,2.272740910200136,train
14.987341349999999,17.109832713965147,2.122491363965148,train
11.456126410000000,11.669628146979562,0.213501736979563,train
12.012201620000001,12.786932083609372,0.774730463609371,train
7.374343889000000,9.704404161905018,2.330060272905017,train
18.191359030000001,18.612450777117829,0.421091747117828,train
15.971328020000000,14.556947334935671,-1.414380685064328,train
14.352232539999999,14.278243667378433,-0.073988872621566,train
19.488542500000001,19.888268120550379,0.399725620550377,train
18.646669509999999,18.215238904292846,-0.431430605707153,train
11.788444490000000,10.692185195342859,-1.096259294657141,train
20.077636089999999,21.332152753117839,1.254516663117840,train
10.506188050000000,11.021105079014205,0.514917029014205,train
12.891371560000000,12.548503220127031,-0.342868339872968,train
5.860539302000000,10.372374378974314,4.511835076974314,train
20.257501090000002,20.941161085871954,0.683659995871952,train
18.650513749999998,17.615499157968770,-1.035014592031228,train
9.182579326000001,12.812354023442367,3.629774697442366,train
16.531064629999999,17.183457152989376,0.652392522989377,train
18.842286359999999,18.822654482903431,-0.019631877096568,train
20.669378909999999,22.757720080879722,2.088341170879723,train
13.400121850000000,13.291403641801935,-0.108718208198065,train
15.404693679999999,14.274804354933735,-1.129889325066264,train
15.132711530000000,15.783615144372106,0.650903614372107,train
13.745319530000000,13.338751621228312,-0.406567908771688,train
16.093986040000001,17.287292546383810,1.193306506383809,train
16.544635809999999,16.372083837768741,-0.172551972231258,train
13.608015890000001,14.242099981494221,0.634084091494220,train
17.632147639999999,17.090292237394692,-0.541855402605307,train
12.762996230000001,13.473435357738822,0.710439127738821,train
13.739461159999999,14.681387884244828,0.941926724244828,train
13.963040140000000,13.817817479291080,-0.145222660708921,train
8.959362017000000,8.771742378224985,-0.187619638775015,train
18.888932860000001,19.454772191522579,0.565839331522579,train
13.996457520000000,12.652157374111084,-1.344300145888916,train
18.091267649999999,18.164100796806338,0.072833146806339,train
19.944681090000000,19.971073049064103,0.026391959064103,train
14.507056840000001,13.876852692501757,-0.630204147498244,train
13.508338320000000,11.153408192653842,-2.354930127346158,train
8.836642343999999,8.726059796500863,-0.110582547499137,train
19.237169930000000,19.616577055675066,0.379407125675066,train
18.241899109999999,18.018977809945795,-0.222921300054203,train
18.427255689999999,18.203257446609541,-0.223998243390458,train
16.467540350000000,15.475765396330644,-0.991774953669356,train
15.837698169999999,14.628060943319497,-1.209637226680503,train
14.189638680000000,13.467686305987172,-0.721952374012828,train
11.875779600000000,11.013167577517720,-0.862612022482280,train
17.359886329999998,17.378469559633913,0.018583229633915,train
16.042897830000001,16.239206136319581,0.196308306319580,train
17.328609480000001,16.984223824770993,-0.344385655229008,train
19.933591910000001,20.775551228844733,0.841959318844733,train
5.195590325000000,6.698193521998860,1.502603196998860,train
18.374379390000001,18.089605660848179,-0.284773729151823,train
10.846710870000001,12.302421073356982,1.455710203356981,train
17.465477560000000,16.495236921762512,-0.970240638237488,train
22.823752710000001,25.658741419645139,2.834988709645138,train
18.542185310000001,18.560492705851971,0.018307395851970,train
16.898640740000001,18.286933072057309,1.388292332057308,train
15.332569290000000,15.732535701485745,0.399966411485744,train
17.022365099999998,17.684192566412094,0.661827466412095,train
11.439311119999999,12.042563764287934,0.603252644287934,train
21.955389230000002,23.604420688696564,1.649031458696562,train
9.757167614000000,14.272310686936294,4.515143072936294,train
15.442069340000000,14.483562300310268,-0.958507039689731,train
15.943662200000000,14.545880358657087,-1.397781841342914,train
9.905485565999999,11.241815023015874,1.336329457015875,train
10.868092710000001,10.569116041480925,-0.298976668519076,train
5.838754629000000,8.241251082667191,2.402496453667190,train
10.524522470000001,11.155602797316988,0.631080327316987,train
7.444836420000000,10.020204315217825,2.575367895217825,train
10.611348290000000,9.951550382159553,-0.659797907840447,train
18.581392390000001,17.197438886570012,-1.383953503429989,train
17.780859020000001,17.688578059670476,-0.092280960329525,train
8.308209562000000,10.070488333863750,1.762278771863750,train
23.151729899999999,26.707641748331184,3.555911848331185,train
18.971700609999999,18.731539761834256,-0.240160848165743,train
16.495136920000000,17.085906744136309,0.590769824136309,train
12.904623950000000,11.218883435581915,-1.685740514418084,train
17.347702030000001,16.520287684494974,-0.827414345505026,train
18.840575650000002,18.070115917432304,-0.770459732567698,train
18.729559370000000,17.873649586739475,-0.855909783260525,train
17.193938960000001,15.854677938295936,-1.339261021704065,train
18.415075359999999,18.215238904292846,-0.199836455707153,train
15.966851750000000,17.645554124811383,1.678702374811383,train
21.724246579999999,23.200079505229041,1.475832925229042,train
11.972721410000000,12.405057697435836,0.432336287435836,train
14.055993530000000,14.048444900680238,-0.007548629319762,train
19.453155049999999,19.660964549027426,0.207809499027427,train
12.789209500000000,13.411251809322948,0.622042309322948,train
21.202784139999999,22.778831294897827,1.576047154897829,train
17.949009910000001,17.064795530118317,-0.884214379881683,train
16.793254040000001,15.599512538620843,-1.193741501379158,train
15.428325090000000,15.268830954599707,-0.159494135400292,train
23.438687710000000,27.285636320368212,3.846948610368212,train
19.739503960000000,20.497109549835159,0.757605589835158,train
10.715125840000001,11.801976525176997,1.086850685176996,train
15.818417390000000,15.370734416858113,-0.447682973141887,train
14.083546030000001,12.848056113154598,-1.235489916845403,train
8.896816760000000,9.831132820287053,0.934316060287053,train
9.272920530000000,11.107871987015642,1.834951457015642,train
17.010331789999999,15.027144485620511,-1.983187304379488,train
19.539832720000000,20.175151074407268,0.635318354407268,train
16.092088770000000,16.470637189322815,0.378548419322815,train
18.578195800000000,18.308599439815566,-0.269596360184433,train
19.075571230000001,19.293541527907223,0.217970297907222,train
15.721159020000000,14.915436758735723,-0.805722261264277,train
15.887215149999999,16.584546986862279,0.697331836862279,train
19.884656310000000,20.827509300110592,0.942852990110591,train
14.707038130000001,14.265883380270566,-0.441154749729435,train
12.279918810000000,12.713098908068332,0.433180098068332,train
18.425031890000000,18.928735690751523,0.503703800751524,train
10.394496790000000,10.558560434471815,0.164063644471815,train
19.468824189999999,18.686205335035424,-0.782618854964575,train
17.378458100000000,17.843436689760665,0.464978589760666,train
8.770768553000000,11.175766111539133,2.404997558539133,train
17.170082610000001,16.548207527664886,-0.621875082335116,train
13.290003069999999,12.439363286938374,-0.850639783061625,train
8.192347961999999,7.874120229347795,-0.318227732652204,train
15.508928470000001,14.659223549908688,-0.849704920091312,train
11.839845390000001,13.111449535573684,1.271604145573683,train
14.257263790000000,12.492432000622898,-1.764831789377102,train
12.161842099999999,13.140050578367891,0.978208478367891,train
15.990635810000001,15.434244521171308,-0.556391288828692,train
16.476121150000001,15.674265017512084,-0.801856132487917,train
13.407788910000001,12.905176428931554,-0.502612481068446,train
13.695924789999999,12.708798977925426,-0.987125812074574,train
14.418684380000000,12.714361693523756,-1.704322686476244,train
10.025220709999999,11.629681226822299,1.604460516822300,train
20.585560560000001,21.652738980610252,1.067178420610251,train
14.665054310000000,14.224895442868728,-0.440158867131272,train
20.257501090000002,21.384852908609787,1.127351818609785,train
14.552463469999999,14.689003884146814,0.136540414146815,train
14.721206900000000,13.161212525540691,-1.559994374459309,train
15.489966230000000,15.909626349823498,0.419660119823497,train
5.732104787000000,8.063883655031646,2.331778868031646,train
10.766723290000000,11.944280440639318,1.177557150639318,train
11.812313250000001,12.651727334896123,0.839414084896122,train
10.442000549999999,12.955020168035844,2.513019618035845,train
13.252301550000000,12.709730630870013,-0.542570919129988,train
8.667005187000001,10.070407430648061,1.403402243648060,train
18.639528370000001,19.031831869503890,0.392303499503889,train
14.003340730000000,14.333430838417939,0.330090108417940,train
16.849559710000001,15.277373881335393,-1.572185828664608,train
9.996039625000000,12.095285725810982,2.099246100810982,train
13.416189720000000,13.275993224998160,-0.140196495001840,train
16.288219730000002,14.989623300184121,-1.298596429815881,train
20.898617370000000,21.838640087876342,0.940022717876342,train
15.417861080000000,14.637685594802747,-0.780175485197253,train
17.465629830000001,19.122258109085692,1.656628279085691,train
17.158196879999998,15.562879018816261,-1.595317861183737,train
7.373935134000000,8.445421512793359,1.071486378793360,train
16.158231910000001,15.547896306932785,-0.610335603067217,train
16.870308619999999,15.302198179925881,-1.568110440074118,train
16.646875390000002,16.146300540111042,-0.500574849888960,train
10.620727020000000,9.750782813235560,-0.869944206764441,train
12.047735570000000,13.532834558215313,1.485098988215313,train
12.261928670000000,13.295896718791369,1.033968048791369,train
14.119567730000000,14.132354871125358,0.012787141125358,train
3.573882541000000,5.792647916989040,2.218765375989040,train
16.028505570000000,15.152475973488436,-0.876029596511565,train
16.029959320000000,15.010734514202113,-1.019224805797887,train
16.752370020000001,17.240035809853225,0.487665789853224,train
15.586651840000000,14.967265381298830,-0.619386458701170,train
19.254194370000000,19.774616334788902,0.520421964788902,train
14.998768670000000,12.842743499793869,-2.156025170206131,train
11.232094660000000,10.588163832288956,-0.643930827711044,train
13.762701020000000,12.310217300507247,-1.452483719492752,train
9.315768506000000,10.059946210432599,0.744177704432600,train
12.781196010000000,11.252634082840814,-1.528561927159187,train
15.490005410000000,13.869410193465683,-1.620595216534317,train
14.275309419999999,15.124619456502387,0.849310036502388,train
14.941961350000000,14.925862917041968,-0.016098432958032,train
14.859187920000000,14.442784179904720,-0.416403740095280,train
16.245926600000001,17.337691439228252,1.091764839228251,train
9.274415863000000,9.928069127589538,0.653653264589538,train
12.945827830000001,12.046625845723497,-0.899201984276504,train
17.698622230000002,17.276817688511983,-0.421804541488019,train
16.740275149999999,15.991947842969580,-0.748327307030419,train
13.802997290000000,12.477322478771043,-1.325674811228957,train
15.193876180000000,15.674265017512084,0.480388837512084,train
13.287473680000000,12.833006370695898,-0.454467309304102,train
14.711351400000000,11.676394368638853,-3.034957031361147,train
14.195308190000000,12.641669550343067,-1.553638639656933,train
19.723085780000002,20.930323645117141,1.207237865117140,train
17.566225520000000,17.449917374315532,-0.116308145684467,train
16.648134160000001,15.712244451246988,-0.935889708753013,train
12.518752250000000,12.306416671525540,-0.212335578474461,train
16.244125279999999,14.749826901708502,-1.494298378291496,train
14.763473590000000,14.040133622256462,-0.723339967743538,train
13.117543760000000,12.648036916374508,-0.469506843625492,train
18.332839740000001,17.471000514959428,-0.861839225040573,train
12.106902670000000,12.116060411417266,0.009157741417265,train
12.191840760000000,12.272792543876790,0.080951783876790,train
11.408133910000000,11.831992213371223,0.423858303371222,train
13.469279430000000,14.143231286877153,0.673951856877153,train
20.134126450000000,21.043897551325472,0.909771101325472,train
14.691016960000001,13.248638516287997,-1.442378443712004,train
16.252642420000001,17.769812250736550,1.517169830736549,train
21.653485029999999,23.335714652916749,1.682229622916751,train
11.924609070000001,12.868153158086670,0.943544088086670,train
19.748262940000000,20.588355753196311,0.840092813196311,train
18.644307680000001,19.947847502884315,1.303539822884314,train
14.267419920000000,13.689444107610598,-0.577975812389402,train
18.349253650000001,18.869781242109184,0.520527592109183,train
19.594536680000001,19.764060727779906,0.169524047779905,train
13.716075979999999,12.764921278255883,-0.951154701744116,train
15.414608230000001,13.304840471615876,-2.109767758384125,train
18.272521800000000,17.035768578257148,-1.236753221742852,train
18.496243799999998,17.740536130936334,-0.755707669063664,train
12.312457980000000,11.974863845071127,-0.337594134928873,train
18.807838870000001,18.587041118825027,-0.220797751174974,train
16.766471559999999,17.244526523633681,0.478054963633681,train
12.242819620000001,12.353115086000571,0.110295466000570,train
16.073479230000000,15.403397663923556,-0.670081566076444,train
16.533059089999998,16.829434197806791,0.296375107806792,train
19.742423060000000,20.497109549835159,0.754686489835159,train
8.500583913000000,9.136854740191666,0.636270827191666,train
12.553057470000001,12.786932083609372,0.233874613609371,train
8.721554984000001,8.539402498479717,-0.182152485520284,train
19.311600410000000,20.063613620807473,0.752013210807473,train
16.821944420000001,17.364348423145771,0.542404003145769,train
21.149689800000001,21.289737754224461,0.140047954224460,train
19.608551769999998,19.716481849925913,0.107930079925914,train
13.204450260000000,12.449224184348736,-0.755226075651263,train
9.115906396000000,10.218425040966736,1.102518644966736,train
14.763389320000000,13.384648220934764,-1.378741099065236,train
11.749212060000000,12.295791404932743,0.546579344932743,train
5.908286820000000,8.276552734701681,2.368265914701682,train
16.588014300000001,16.478743197292715,-0.109271102707286,train
17.790997050000001,17.364348423145771,-0.426648626854231,train
17.316543169999999,17.885034773945563,0.568491603945564,train
9.370442441000000,10.658650396453481,1.288207955453482,train
8.061645950000001,11.138718844263394,3.077072894263393,train
16.830148670000000,15.525148884954547,-1.304999785045453,train
8.372381073000000,10.197001445927640,1.824620372927640,train
10.092812960000000,11.483807942929161,1.390994982929161,train
11.406953379999999,11.692636654030935,0.285683274030935,train
13.221837610000000,12.027974992516079,-1.193862617483921,train
16.588128510000001,15.754908628216981,-0.833219881783020,train
6.102803165000000,8.775608132668594,2.672804967668594,train
17.372238119999999,17.275997724732747,-0.096240395267252,train
19.321274480000000,19.386082099650594,0.064807619650594,train
11.136256330000000,13.157573650695781,2.021317320695781,train
18.501898700000002,19.073234333760752,0.571335633760750,train
20.363568969999999,21.785939932384281,1.422370962384282,train
3.331744232000000,3.339519588894177,0.007775356894177,train
17.534621300000001,16.633797447311053,-0.900823852688948,train
14.066414950000000,13.310332230783615,-0.756082719216385,train
16.099805100000001,15.258557181336414,-0.841247918663587,train
20.816117999999999,22.343643254182552,1.527525254182553,train
16.733397690000000,16.819698554577144,0.086300864577144,train
12.846177389999999,12.806653648897736,-0.039523741102263,train
19.638450100000000,19.682075763045532,0.043625663045532,train
10.754634230000001,11.070603264140232,0.315969034140231,train
16.343849110000001,15.382025359464819,-0.961823750535181,train
17.925776679999998,16.686811590822799,-1.238965089177199,train
17.286235930000000,15.725138501944571,-1.561097428055430,train
12.820679220000001,13.198863070058565,0.378183850058564,train
6.783713520000000,7.737290623378499,0.953577103378499,train
19.177244800000000,18.967153125912660,-0.210091674087341,train
16.523051580000001,15.456432466164756,-1.066619113835245,train
15.257580700000000,15.134249879209960,-0.123330820790040,train
16.044399150000000,16.313953304044730,0.269554154044730,train
15.320038050000001,16.439852723925014,1.119814673925013,train
16.993479440000002,16.778296090320282,-0.215183349679720,train
16.752446200000001,16.445111348912405,-0.307334851087596,train
21.508370400000000,23.067828580916284,1.559458180916284,train
20.070339130000001,20.229223477834807,0.158884347834807,train
12.947794610000001,11.894031956515846,-1.053762653484155,train
9.823760845000001,11.826137941097386,2.002377096097385,train
12.350906210000000,13.037005132770219,0.686098922770219,train
4.611961375000000,9.273429498488781,4.661468123488781,train
11.895016340000000,12.626569295235754,0.731552955235754,train
5.698441751000000,6.632687527952726,0.934245776952726,train
13.751047120000001,14.226415716733982,0.475368596733981,train
12.520092760000001,11.747782207877322,-0.772310552122679,train
16.581251280000000,15.310515252602272,-1.270736027397728,train
19.024250580000000,19.142498626169754,0.118248046169754,train
13.022988509999999,13.184449276994656,0.161460766994656,train
17.965433690000001,17.689202403521676,-0.276231286478325,train
17.739268150000001,16.746771292238577,-0.992496857761424,train
19.277614280000002,19.485619048770445,0.208004768770444,train
14.613768889999999,13.630176374049938,-0.983592515950061,train
6.770816781000000,9.642225496250262,2.871408715250262,train
14.301767110000000,13.631492350333588,-0.670274759666412,train
13.174357720000000,13.771108263602173,0.596750543602173,train
11.099640480000000,11.377465819462600,0.277825339462600,train
7.716999809000000,7.949613574617274,0.232613765617274,train
11.195344340000000,11.781045058318909,0.585700718318909,train
8.765193678999999,8.602497690190262,-0.162695988809737,train
18.140305219999998,16.661859313426362,-1.478445906573636,train
16.115526750000001,17.848555097814710,1.733028347814709,train
16.248340819999999,14.618641049431176,-1.629699770568823,train
12.450719640000001,12.144607443479913,-0.306112196520088,train
18.705447050000000,18.306353625362021,-0.399093424637979,train
17.849527129999998,18.560492705851971,0.710965575851972,train
18.774027510000000,18.523101589875864,-0.250925920124136,train
9.844771303000000,9.920092864039020,0.075321561039020,train
18.515410930000002,16.827751004199513,-1.687659925800489,train
19.547718969999998,19.671520156036536,0.123801186036538,train
17.526994230000000,18.337200482609774,0.810206252609774,train
18.452521730000001,17.323400898203204,-1.129120831796797,train
12.431479530000001,11.381143611499851,-1.050335918500149,train
12.458602279999999,12.229207031787496,-0.229395248212503,train
14.619917129999999,14.620287465357023,0.000370335357024,train
10.404536739999999,10.736069772483461,0.331533032483462,train
10.461945520000000,10.893291974328690,0.431346454328690,train
12.929594690000000,12.317931920848309,-0.611662769151691,train
15.371680339999999,15.269454627923324,-0.102225712076676,train
16.786873809999999,16.177967361138144,-0.608906448861855,train
15.877735749999999,13.450209811559148,-2.427525938440851,train
15.691145240000001,16.404815993346915,0.713670753346914,train
11.994674970000000,11.958706336213822,-0.035968633786178,train
14.292807000000000,12.435847542721149,-1.856959457278851,train
7.644801460000000,9.835754838404569,2.190953378404568,train
17.758650889999998,17.333501565898018,-0.425149324101980,train
10.838861950000000,12.469566167742187,1.630704217742187,train
15.159318389999999,14.855168894914414,-0.304149495085586,train
18.840364520000001,17.967019738679937,-0.873344781320064,train
4.751701966000000,8.702691092005239,3.950989126005239,train
18.514426069999999,17.023848005175637,-1.490578064824362,train
18.311092360000000,16.963519256752534,-1.347573103247466,train
9.736565550000000,11.510521058795575,1.773955508795575,train
10.970188220000001,11.654481647797866,0.684293427797865,train
16.049762130000001,15.297845313431708,-0.751916816568293,train
20.615724279999998,21.733789290261257,1.118065010261258,train
16.601796119999999,16.559050279585904,-0.042745840414096,train
13.110981300000001,12.733157622525937,-0.377823677474064,train
13.580366460000000,13.046565889355065,-0.533800570644935,train
16.125443520000001,14.625272522506862,-1.500170997493139,train
15.605155520000000,14.415011914498791,-1.190143605501209,train
19.306191020000000,18.863236983380943,-0.442954036619057,train
12.313727600000000,12.668137214178955,0.354409614178955,train
9.322652651000000,11.365484361779295,2.042831710779295,train
14.272307600000000,13.903946257671009,-0.368361342328990,train
13.977636420000000,15.093772599254521,1.116136179254521,train
21.541617559999999,22.674043004457872,1.132425444457873,train
13.190217580000001,13.132810130313487,-0.057407449686513,train
10.261331860000000,10.888112539924236,0.626780679924236,train
16.760009810000000,17.725167668823474,0.965157858823474,train
16.012801610000000,14.096713764988635,-1.916087845011365,train
13.582540509999999,12.882438203604238,-0.700102306395761,train
16.076409750000000,15.680203134972885,-0.396206615027115,train
16.265211770000001,15.143845372190071,-1.121366397809929,train
18.997244949999999,18.565929904806922,-0.431315045193077,train
17.153300869999999,17.172901545980267,0.019600675980268,train
9.822929109000000,11.788424683797984,1.965495574797984,train
14.910290120000001,15.908806386044262,0.998516266044261,train
15.314915510000001,13.549243908876065,-1.765671601123936,train
17.619115590000000,17.461898831998838,-0.157216758001162,train
17.283505080000001,16.216795242753051,-1.066709837246950,train
12.418199590000000,13.264948486214848,0.846748896214848,train
11.537548180000000,11.267491825738375,-0.270056354261625,train
18.989472390000000,18.584795304371482,-0.404677085628517,train
14.121669480000000,13.846752985691523,-0.274916494308476,train
15.185500930000000,14.932536624473073,-0.252964305526927,train
17.790870089999999,17.115828417082639,-0.675041672917359,train
19.409448170000001,18.545638654568165,-0.863809515431836,train
20.842873239999999,21.723233683252261,0.880360443252261,train
13.188927800000000,13.250013157171793,0.061085357171793,train
11.686312210000001,10.405337561426109,-1.280974648573892,train
15.632333120000000,13.833318406768626,-1.799014713231374,train
11.207433900000000,12.527519942125537,1.320086042125537,train
11.843044750000001,11.744291523782863,-0.098753226217138,train
9.884578653000000,9.165751362362812,-0.718827290637188,train
13.349218609999999,12.255016299131512,-1.094202310868488,train
15.942201130000001,15.070361560051197,-0.871839569948804,train
14.800207329999999,15.532278365391903,0.732071035391904,train
16.258315549999999,15.180521197274970,-1.077794352725029,train
9.832679920000000,10.532045366805619,0.699365446805619,train
21.817423410000000,23.252037576494899,1.434614166494899,train
15.239216490000000,14.797773624693491,-0.441442865306509,train
11.382174980000000,12.094843976877087,0.712668996877087,train
15.509489270000000,14.149236611450192,-1.360252658549808,train
14.217380929999999,12.896271954755434,-1.321108975244565,train
12.082758280000000,13.710474572491535,1.627716292491534,train
21.383018790000001,22.375232195656508,0.992213405656507,train
20.175160750000000,20.494124520739547,0.318963770739547,train
14.960564580000000,14.712229430326488,-0.248335149673512,train
13.643515369999999,13.209418677067561,-0.434096692932439,train
17.038707479999999,15.950203539134918,-1.088503940865081,train
15.085534050000000,15.457349272811371,0.371815222811371,train
16.963450450000000,16.128052196778640,-0.835398253221360,train
18.446409370000001,18.890892456127290,0.444483086127288,train
14.462309460000000,13.498105801389556,-0.964203658610444,train
9.768486236999999,10.748793331319462,0.980307094319462,train
13.724238270000001,14.369159740880605,0.644921470880604,train
14.070543340000000,13.110825191722370,-0.959718148277631,train
19.769871670000001,19.602830064164550,-0.167041605835450,train
9.203916606000000,11.049546333114790,1.845629727114790,train
12.689640689999999,12.534205383453013,-0.155435306546986,train
21.234032530000000,22.819283731693304,1.585251201693303,train
14.482407900000000,12.197618014306272,-2.284789885693728,train
10.426098930000000,12.194007083877295,1.767908153877295,train
15.543275830000001,14.422412180528681,-1.120863649471319,train
21.431276350000001,22.643196147210119,1.211919797210118,train
13.051814040000000,12.366957309842064,-0.684856730157936,train
8.573149678000000,10.970626874352320,2.397477196352320,train
14.853645790000000,15.042269467302958,0.188623677302958,train
13.795320750000000,14.103028287742745,0.307707537742745,train
16.261240730000001,14.693453593508252,-1.567787136491749,train
13.890330830000000,13.471767939219149,-0.418562890780851,train
16.486491659999999,16.136929921346450,-0.349561738653549,train
15.416027260000000,14.627129987793751,-0.788897272206249,train
11.349313550000000,10.981844220829430,-0.367469329170570,train
14.232738570000000,14.505117199686424,0.272378629686424,train
17.248167190000000,16.738781273101267,-0.509385916898733,train
16.770232170000000,17.172277202129067,0.402045032129067,train
14.177630340000000,14.054989159408478,-0.122641180591522,train
11.907757670000001,12.750202928050498,0.842445258050498,train
10.531384420000000,10.618882753520211,0.087498333520211,train
21.364372960000001,22.663487397448876,1.299114437448875,train
15.649158509999999,14.660271359060630,-0.988887150939370,train
12.502099200000000,11.343090828352501,-1.159008371647499,train
17.360147999999999,17.416306494411629,0.056158494411630,train
16.433586829999999,15.253590482558934,-1.179996347441065,train
15.071274409999999,14.044755693722777,-1.026518716277222,train
21.647043340000000,22.601793682953257,0.954750342953258,train
15.566058920000000,14.178281402187963,-1.387777517812037,train
14.721206900000000,13.161212525540691,-1.559994374459309,train
17.019211259999999,15.944416876578089,-1.074794383421910,train
11.180836950000000,12.239784368820210,1.058947418820210,train
15.484062339999999,14.866235871192885,-0.617826468807115,train
10.937689410000001,10.545578213722479,-0.392111196277522,train
13.311566530000000,12.083830527466375,-1.227736002533625,train
15.059089910000001,15.732535701485745,0.673445791485744,train
6.721993288000000,10.154716111820903,3.432722823820903,train
19.756044090000000,20.046881600201345,0.290837510201346,train
20.391254490000001,20.742590039435299,0.351335549435298,train
21.439024100000001,22.777139183210352,1.338115083210351,train
17.947390800000001,17.003101815622699,-0.944288984377302,train
17.170269550000000,16.381585136001036,-0.788684413998965,train
16.148079939999999,15.238166021741677,-0.909913918258322,train
18.061156650000001,17.055059886888557,-1.006096763111444,train
13.044157580000000,13.421558035610246,0.377400455610246,train
21.604600099999999,23.294312188660001,1.689712088660002,train
18.073357690000002,17.219849780136542,-0.853507909863460,train
19.777015440000000,19.448595777925561,-0.328419662074438,train
9.571291149000000,11.717796832895715,2.146505683895715,train
8.070313358000000,10.489036954221774,2.418723596221774,train
2.828122088000000,7.496540392963084,4.668418304963083,train
14.495705279999999,13.617194786105983,-0.878510493894016,train
10.404536739999999,10.736069772483461,0.331533032483462,train
18.686916929999999,17.927061582053625,-0.759855347946374,train
12.519411630000000,12.905944691914556,0.386533061914555,train
17.094372620000001,16.156395896639765,-0.937976723360237,train
11.942901969999999,12.616179142913097,0.673277172913098,train
20.140350829999999,20.670340717930685,0.529989887930686,train
16.737216520000000,16.313953304044730,-0.423263215955270,train
17.220145160000001,16.663559717725434,-0.556585442274567,train
14.273338949999999,12.870813743098438,-1.402525206901561,train
15.099709130000001,15.529766374502856,0.430057244502855,train
21.208080920000000,22.138192980903909,0.930112060903909,train
15.794506070000001,14.364541172388840,-1.429964897611161,train
9.978330286000000,12.099712830685348,2.121382544685348,train
14.310786029999999,13.147282335510681,-1.163503694489318,train
15.115873000000001,14.700626014165550,-0.415246985834450,train
9.410565487000000,11.909384618544891,2.498819131544892,train
18.880240510000000,18.832390126133191,-0.047850383866809,train
19.671289059999999,20.620957229306782,0.949668169306783,train
11.431596949999999,12.839553568070983,1.407956618070983,train
21.393323750000000,22.807986040458104,1.414662290458104,train
21.192640640000000,22.488141897191781,1.295501257191781,train
19.884074900000002,19.696190599687156,-0.187884300312845,train
16.137707519999999,14.520579271308748,-1.617128248691252,train
6.363209247000000,10.745821149049902,4.382611902049902,train
17.188978479999999,19.196621762751874,2.007643282751875,train
13.879936669999999,13.771108263602173,-0.108828406397826,train
18.428710760000001,19.086529206623027,0.657818446623025,train
12.626843800000000,13.502167882825006,0.875324082825006,train
19.650003510000001,19.438040170916452,-0.211963339083550,train
19.167008679999999,18.627819239230575,-0.539189440769423,train
13.220046920000000,14.576546557411689,1.356499637411689,train
17.389523749999999,17.069181023376586,-0.320342726623412,train
15.069155370000001,16.026843665064007,0.957688295064006,train
16.607430659999999,15.165656896294081,-1.441773763705918,train
16.202082239999999,15.372208967097890,-0.829873272902109,train
10.852757620000000,11.398580048085023,0.545822428085023,train
17.005387240000001,18.515531011962480,1.510143771962479,train
13.606648540000000,12.604816488374013,-1.001832051625987,train
14.427538190000000,13.238082909279001,-1.189455280720999,train
21.504509850000002,23.346270259925859,1.841760409925858,train
11.806720479999999,12.543190606766302,0.736470126766303,train
11.650392480000001,12.160226898330166,0.509834418330165,train
13.081900279999999,12.985867025283596,-0.096033254716403,train
14.743743459999999,14.472075737775413,-0.271667722224587,train
20.843381059999999,21.165530361453989,0.322149301453990,train
16.963309649999999,18.474128547705618,1.510818897705619,train
15.029327170000000,14.113123644271468,-0.916203525728532,train
16.275209149999998,16.011797344274555,-0.263411805725443,train
16.948612810000000,15.253590482558934,-1.695022327441066,train
18.116335560000000,17.884839154017527,-0.231496405982472,train
14.775401199999999,13.382581552288229,-1.392819647711770,train
14.315130210000000,13.779738864900537,-0.535391345099463,train
15.991625600000001,14.422492929665964,-1.569132670334037,train
18.958547159999998,18.667600232885206,-0.290946927114792,train
17.121527990000001,16.944973630606114,-0.176554359393887,train
11.563177019999999,10.260838918416880,-1.302338101583119,train
17.081757650000000,16.796909458117852,-0.284848191882148,train
16.279782449999999,15.476466949207520,-0.803315500792479,train
12.804305490000001,13.077270723657421,0.272965233657420,train
16.965894680000002,16.323424324220355,-0.642470355779647,train
18.723181740000001,18.525347404329409,-0.197834335670592,train
19.189586800000001,18.822654482903431,-0.366932317096570,train
17.650206250000000,17.662976131871915,0.012769881871915,train
14.412919020000000,12.844341316279156,-1.568577703720845,train
17.209201199999999,16.602272649229349,-0.606928550770650,train
17.094909670000000,17.158156065640924,0.063246395640924,train
16.914594040000001,15.692394949942013,-1.222199090057988,train
12.266840040000000,12.993607876481860,0.726767836481860,train
16.776028430000000,15.793034956955012,-0.982993473044989,train
16.497834670000000,17.353792816136774,0.855958146136775,train
13.054677040000000,11.102270085167333,-1.952406954832666,train
15.961947560000000,15.029779059573684,-0.932168500426316,train
10.253608590000001,11.937595122195717,1.683986532195716,train
15.153109540000001,16.109648593577731,0.956539053577730,train
14.816120450000000,16.303663873471237,1.487543423471237,train
14.115400980000000,13.715281127748881,-0.400119852251120,train
19.532478980000000,19.571983206916684,0.039504226916684,train
12.709173110000000,11.349044943149693,-1.360128166850307,train
15.466081610000000,14.700934608675425,-0.765147001324575,train
12.696529340000000,12.637124902244864,-0.059404437755136,train
19.517831330000000,19.630117691779674,0.112286361779674,train
15.690487670000000,15.413251718055790,-0.277235951944210,train
13.718695370000001,15.330807658752406,1.612112288752405,train
12.384806090000000,12.859181405114100,0.474375315114100,train
19.331228459999998,18.648734833320646,-0.682493626679353,train
14.855350169999999,13.387570234419513,-1.467779935580486,train
16.507219790000001,15.029088544497199,-1.478131245502802,train
20.071125439999999,20.567244539178205,0.496119099178205,train
15.969741920000001,15.184142794515537,-0.785599125484463,train
15.370295820000001,14.565030836373808,-0.805264983626193,train
16.342975590000002,15.444800128180304,-0.898175461819697,train
9.400006568000000,12.697689703044375,3.297683135044375,train
15.641350470000001,14.772875335670165,-0.868475134329836,train
18.909662579999999,18.849489991870428,-0.060172588129571,train
18.645495340000000,18.517797822491616,-0.127697517508384,train
11.315112539999999,12.094949197399274,0.779836657399274,train
14.822445040000000,15.208837644403161,0.386392604403161,train
18.017244510000001,17.554635023670244,-0.462609486329757,train
18.959876179999998,19.073234333760752,0.113358153760753,train
15.270487870000000,14.926043098899527,-0.344444771100473,train
15.010792710000000,14.431087800373575,-0.579704909626425,train
18.912622760000001,18.378602946866636,-0.534019813133366,train
19.667378540000001,19.768439921191884,0.101061381191883,train
10.265694390000000,12.203055213261223,1.937360823261223,train
8.935856928000000,8.186276558553800,-0.749580369446200,train
16.196070089999999,15.639995129742374,-0.556074960257625,train
12.921934029999999,12.884896383967089,-0.037037646032910,train
11.514426780000001,12.064117799982114,0.549691019982113,train
15.677831160000000,14.138681004441082,-1.539150155558918,train
17.244744659999999,15.682317467134453,-1.562427192865545,train
7.776711513000000,10.799722209080755,3.023010696080755,train
11.324866810000000,12.843563463573219,1.518696653573219,train
14.208721519999999,13.049509617254557,-1.159211902745442,train
19.530037390000000,19.407193313668699,-0.122844076331301,train
19.345842330000000,20.556688932169209,1.210846602169209,train
17.387309380000001,16.836508109693796,-0.550801270306206,train
14.332961180000000,13.664143020262259,-0.668818159737741,train
7.223516266000000,11.021659761316755,3.798143495316755,train
16.511986109999999,15.993024573945036,-0.518961536054963,train
19.000850130000000,18.894083840628809,-0.106766289371190,train
17.374160320000001,16.536955216666115,-0.837205103333886,train
18.071699429999999,18.370293154311184,0.298593724311186,train
16.817645639999999,15.906636009561794,-0.911009630438205,train
18.154534049999999,18.132433975779236,-0.022100074220763,train
20.006459660000001,19.727037456935022,-0.279422203064978,train
13.016467159999999,11.758320791273604,-1.258146368726395,train
12.886847420000000,12.032692419979981,-0.854155000020020,train
18.682829720000001,18.378602946866636,-0.304226773133365,train
12.677756370000001,10.816335576150891,-1.861420793849110,train
12.635813870000000,13.177441694343884,0.541627824343884,train
11.960381650000000,11.232079379786114,-0.728302270213886,train
11.000619329999999,11.293263433599236,0.292644103599237,train
17.321104370000000,15.888409915283319,-1.432694454716682,train
8.623584959000000,10.226965433325518,1.603380474325517,train
15.955171090000000,16.002166921566868,0.046995831566868,train
18.796577830000000,19.179889742145747,0.383311912145746,train
14.274429110000000,14.783558878695885,0.509129768695885,train
15.525345540000000,14.369910514548792,-1.155435025451208,train
5.638772949000000,10.409858046582372,4.771085097582372,train
12.433909370000000,11.816844046801521,-0.617065323198480,train
15.725197310000000,14.947154312917519,-0.778042997082482,train
11.276777830000000,10.420794524683515,-0.855983305316485,train
13.990449990000000,13.679638920517959,-0.310811069482041,train
13.804655990000001,13.767239199014739,-0.037416790985262,train
17.632678859999999,17.387137519605062,-0.245541340394936,train
8.356472300000000,10.588212040848703,2.231739740848703,train
19.257967650000001,18.241660927427347,-1.016306722572654,train
11.702211110000000,11.522787440855495,-0.179423669144505,train
7.746274546000000,10.464542056058121,2.718267510058121,train
18.791287180000001,18.400515667707737,-0.390771512292265,train
13.261545730000000,13.925108204843809,0.663562474843809,train
11.733803110000000,13.453485947077866,1.719682837077865,train
13.919757600000001,13.394511800181135,-0.525245799818865,train
17.882495179999999,17.044504279879447,-0.837990900120552,train
12.047492869999999,11.846107050012847,-0.201385819987152,train
17.606316799999998,16.424742219120503,-1.181574580879495,train
16.830995099999999,15.928992415760831,-0.902002684239168,train
11.358780850000000,12.625749331456518,1.266968481456518,train
15.571348000000000,16.125554350558104,0.554206350558104,train
16.759973620000000,15.246707205945086,-1.513266414054915,train
20.949592849999998,23.046717366898292,2.097124516898294,train
20.154903220000001,20.177265406568949,0.022362186568948,train
18.851260210000000,18.610338394235100,-0.240921815764899,train
13.764855349999999,13.025048029337427,-0.739807320662573,train
14.492667030000000,13.081380531031641,-1.411286498968359,train
20.469776469999999,21.095855622591330,0.626079152591331,train
16.865731449999998,16.675199911567915,-0.190531538432083,train
15.898747810000000,15.331266753321415,-0.567481056678584,train
17.557301039999999,16.922794733329511,-0.634506306670488,train
10.349902650000001,12.012039048363476,1.662136398363476,train
18.485606220000001,18.657044625876097,0.171438405876096,train
13.979228500000000,15.280673648127959,1.301445148127959,train
18.103059829999999,16.321646040368137,-1.781413789631863,train
9.730495460000000,12.084730118801872,2.354234658801872,train
15.426938840000000,14.484925858803649,-0.942012981196351,train
4.935242678000000,5.281267301412981,0.346024623412982,train
13.353162449999999,13.632935753908782,0.279773303908783,train
14.016028730000000,14.420117666509555,0.404088936509554,train
13.889911390000000,12.239342619886429,-1.650568770113571,train
9.643398910000000,9.606440758965505,-0.036958151034495,train
16.479948490000002,18.051188225686928,1.571239735686927,train
12.071872330000000,13.070047071316822,0.998174741316822,train
18.530329020000000,17.034403612184633,-1.495925407815367,train
18.779090100000001,19.107640420641133,0.328550320641131,train
15.189350449999999,13.788350413032731,-1.401000036967268,train
9.012071549000000,12.067658253212699,3.055586704212699,train
14.490879930000000,14.648241201811857,0.157361271811856,train
9.981866518000000,10.496866719976310,0.515000201976310,train
16.127829819999999,14.035020050493017,-2.092809769506982,train
14.750020620000001,14.952827874711829,0.202807254711828,train
18.596753570000001,18.949026940990279,0.352273370990279,train
14.013139270000000,13.736031932661149,-0.277107337338851,train
17.727772420000001,18.023900598071805,0.296128178071804,train
13.759070550000001,12.513282466540772,-1.245788083459228,train
12.898056670000001,13.580090766123931,0.682034096123930,train
18.840136529999999,18.880336849118294,0.040200319118295,train
20.050452249999999,19.830133635687389,-0.220318614312610,train
17.541895000000000,16.613506197072297,-0.928388802927703,train
20.438806240000002,21.332894837343929,0.894088597343927,train
17.556185310000000,17.926241618274389,0.370056308274389,train
14.862746300000000,14.473268454269487,-0.389477845730513,test
14.954314399999999,13.993295444912860,-0.961018955087139,test
19.213368339999999,19.169334135136751,-0.044034204863248,test
15.267134799999999,15.111764024308059,-0.155370775691940,test
17.135174939999999,16.706046768815668,-0.429128171184331,test
16.722900100000000,15.982133582116376,-0.740766517883625,test
17.410593110000001,16.002503449978576,-1.408089660021425,test
12.380311460000000,12.009844443700331,-0.370467016299669,test
18.192595359999999,18.153545189797228,-0.039050170202771,test
10.167163550000000,10.093022397325285,-0.074141152674715,test
19.191989509999999,18.595350911380478,-0.596638598619521,test
13.727562850000000,13.230983619646167,-0.496579230353833,test
20.844242260000001,21.910147325154867,1.065905065154865,test
18.201044119999999,18.667600232885206,0.466556112885208,test
10.595840519999999,9.956975170740520,-0.638865349259479,test
20.506513529999999,20.786106835853730,0.279593305853730,test
17.754952240000001,17.926241618274389,0.171289378274388,test
14.309455030000001,12.987240656934887,-1.322214373065114,test
20.299755739999998,20.598091396426071,0.298335656426072,test
10.476185539999999,9.989441353216648,-0.486744186783351,test
11.621514110000000,13.668790274488856,2.047276164488856,test
14.765091869999999,13.905567728273240,-0.859524141726759,test
15.794506070000001,14.605204105209054,-1.189301964790946,test
15.860650580000000,17.604151660554521,1.743501080554521,test
15.525568079999999,13.703245659333902,-1.822322420666097,test
14.709898780000000,13.621398044169041,-1.088500735830959,test
19.205107179999999,18.909891287262553,-0.295215892737446,test
8.286316818000000,8.052333522553567,-0.233983295446432,test
14.013831430000000,13.034085156437300,-0.979746273562700,test
16.581251280000000,15.372208967097890,-1.209042312902110,test
15.427320490000000,14.749826901708502,-0.677493588291497,test
13.173243640000001,11.046441725335967,-2.126801914664034,test
9.487161064000000,11.893520473180502,2.406359409180501,test
16.728405049999999,15.438705081596027,-1.289699968403973,test
11.546234670000000,11.672480120686259,0.126245450686259,test
17.211552269999999,15.324630089244010,-1.886922180755988,test
12.721881950000000,12.910802947968250,0.188920997968250,test
11.489342660000000,11.458784921858864,-0.030557738141136,test
20.167572750000001,20.208112263816702,0.040539513816700,test
9.397824517000000,9.823188723479348,0.425364206479347,test
16.532780870000000,16.506986987797859,-0.025793882202141,test
7.504724085000000,10.660461362353317,3.155737277353317,test
12.700304989999999,12.977506499573451,0.277201509573452,test
14.961183889999999,12.224545928622433,-2.736637961377566,test
16.502682380000000,16.520145661549577,0.017463281549578,test
18.543865380000000,18.398894197105392,-0.144971182894608,test
13.874789570000001,12.544415528591912,-1.330374041408088,test
16.473280339999999,15.972997946760302,-0.500282393239697,test
13.115213510000000,13.930781766638006,0.815568256638006,test
12.711193870000001,13.255948178582912,0.544754308582911,test
13.048932470000000,12.807223333848128,-0.241709136151872,test
15.151805890000000,14.529887552693026,-0.621918337306974,test
19.855281430000002,19.355235242402841,-0.500046187597160,test
14.028755309999999,13.765991873390021,-0.262763436609978,test
20.647591360000000,21.279182147215465,0.631590787215465,test
13.029268869999999,12.565899637269581,-0.463369232730418,test
0.000000000000000,18.137329894196796,18.137329894196796,test
16.591658469999999,15.442983738362727,-1.148674731637271,test
19.635632810000001,19.458331421155208,-0.177301388844793,test
10.686500310000000,11.098664368054301,0.412164058054302,test
18.285851990000001,17.170389555091219,-1.115462434908782,test
14.982097980000001,16.305285344073468,1.323187364073467,test
6.083234837000000,7.680171076795773,1.596936239795773,test
17.056118550000001,15.558110074363981,-1.498008475636020,test
19.080689570000001,19.640673298788670,0.559983728788669,test
18.795784309999998,18.122073988698276,-0.673710321301723,test
12.510887730000000,12.001025598952879,-0.509862131047122,test
7.940579248000000,7.430535246350587,-0.510044001649413,test
14.368174880000000,14.868730527094726,0.500555647094727,test
12.587703560000000,13.117331833884805,0.529628273884805,test
10.698065150000000,10.618240882471241,-0.079824267528759,test
18.748121630000000,17.633054458925585,-1.115067171074415,test
2.029883213000000,6.280262098633784,4.250378885633785,test
19.620891619999998,18.905459411417041,-0.715432208582957,test
14.348780630000000,13.590956534829502,-0.757824095170498,test
16.717042870000000,16.611008350851762,-0.106034519148238,test
19.672804679999999,20.394013371082792,0.721208691082794,test
19.272240300000000,20.370787824903118,1.098547524903118,test
14.371216889999999,13.262907207869375,-1.108309682130624,test
17.127929890000001,16.073491058770060,-1.054438831229941,test
14.144410360000000,13.787990003927007,-0.356420356072993,test
15.801059170000000,14.845124657174779,-0.955934512825221,test
11.684614170000000,11.878672478191106,0.194058308191106,test
12.399547370000001,12.775922748039875,0.376375378039874,test
17.551461369999998,16.361609716409134,-1.189851653590864,test
9.875942439999999,11.299281476546867,1.423339036546867,test
18.458479210000000,17.736150637677952,-0.722328572322049,test
11.395184739999999,11.836565612089771,0.441380872089772,test
18.118039740000000,17.638064296035168,-0.479975443964832,test
16.370565509999999,16.481255188181763,0.110689678181764,test
11.822858090000000,12.198060835982346,0.375202745982346,test
17.164522210000001,18.316089268591782,1.151567058591780,test
17.183827239999999,16.900005636870219,-0.283821603129780,test
21.228730349999999,21.818348837637586,0.589618487637587,test
14.538775570000000,13.189139406455524,-1.349636163544476,test
11.023807720000001,12.009844443700331,0.986036723700330,test
17.211152559999999,16.426927148972368,-0.784225411027631,test
15.047852880000001,13.889284116169506,-1.158568763830495,test
14.686109320000000,13.654046967926774,-1.032062352073225,test
19.323701400000001,18.904639447637805,-0.419061952362195,test
19.515763180000000,19.188332966272014,-0.327430213727986,test
14.341256140000000,13.050533673783889,-1.290722466216112,test
18.272149129999999,18.415994062842628,0.143844932842629,test
11.751417399999999,12.299661693498138,0.548244293498138,test
18.465911890000001,18.194947654054090,-0.270964235945911,test
14.443084130000001,14.506635679595661,0.063551549595660,test
20.562871980000001,20.941161085871954,0.378289105871954,test
6.909110132000000,10.670020861006719,3.760910729006719,test
12.789620870000000,12.135856516569675,-0.653764353430326,test
13.598755049999999,11.849852221858100,-1.748902828141899,test
12.484115129999999,11.759823641003777,-0.724291488996222,test
13.336420690000001,12.655954595860635,-0.680466094139366,test
17.694983470000000,17.327955795998605,-0.367027674001395,test
14.763645650000001,15.039694884661003,0.276049234661002,test
9.998001036000000,11.414693870219708,1.416692834219708,test
21.168946490000000,22.963040290476442,1.794093800476443,test
19.087361640000001,19.310273548513351,0.222911908513350,test
13.367856010000001,13.832387451242880,0.464531441242880,test
15.297425390000001,12.787415518977014,-2.510009871022987,test
14.813876120000000,14.442475585394845,-0.371400534605154,test
14.226320769999999,14.275619023500326,0.049298253500327,test
12.391077620000001,12.883217760173125,0.492140140173124,test
15.089319370000000,14.192677367253964,-0.896642002746036,test
13.172340600000000,13.620269377947920,0.447928777947920,test
20.841352260000001,21.486194468499662,0.644842208499661,test
13.428575439999999,12.271114661435604,-1.157460778564396,test
20.580749000000001,20.732854396205539,0.152105396205538,test
16.897295520000000,16.042644201522307,-0.854651318477693,test
12.719059509999999,13.959231197610279,1.240171687610280,test
17.369656979999998,18.773681440733185,1.404024460733186,test
14.987257860000000,14.358604133871495,-0.628653726128505,test
19.332845460000001,20.517400800073915,1.184555340073913,test
14.081257949999999,13.450159078404454,-0.631098871595546,test
15.619745099999999,13.838241194894636,-1.781503905105364,test
9.930648293999999,8.207387772571792,-1.723260521428207,test
16.456326910000001,16.011897253630536,-0.444429656369465,test
14.495705279999999,13.441224941997689,-1.054480338002310,test
15.646649170000000,14.188837009196845,-1.457812160803154,test
17.361948170000002,17.570540780650617,0.208592610650616,test
21.029645930000001,22.654623902127355,1.624977972127354,test
21.268364630000001,22.312796396934800,1.044431766934800,test
14.109708469999999,13.865528822509759,-0.244179647490240,test
8.612493964000000,10.449031208566680,1.836537244566680,test
6.721993288000000,10.318710251124912,3.596716963124912,test
16.793254040000001,16.043204361358676,-0.750049678641325,test
17.540965900000000,16.754581809559568,-0.786384090440432,test
15.772817130000000,14.354290210632598,-1.418526919367402,test
13.593120400000000,12.779342024851758,-0.813778375148242,test
11.704603779999999,11.197110482095923,-0.507493297904077,test
9.546642305000001,10.424617398471696,0.877975093471695,test
10.145657590000001,10.288876220738302,0.143218630738302,test
7.754453760000000,10.670020861006719,2.915567101006720,test
14.739605180000000,14.571157551585088,-0.168447628414912,test
18.109867319999999,17.036446519090987,-1.073420800909012,test
20.750286849999998,21.248335289967599,0.498048439967601,test
14.996919719999999,15.000124918819893,0.003205198819893,test
18.452247150000002,19.375526492641598,0.923279342641596,test
20.567546530000001,20.610761335596635,0.043214805596634,test
15.805257760000000,15.091652955926861,-0.713604804073139,test
14.699696060000001,13.332818085685517,-1.366877974314484,test
18.798050090000000,18.389158553875632,-0.408891536124369,test
17.832878940000001,17.224235273394925,-0.608643666605076,test
15.650362860000000,16.156856147120152,0.506493287120152,test
11.291091290000001,13.202614989797439,1.911523699797439,test
18.823336770000001,19.226729405357673,0.403392635357672,test
16.418841929999999,16.107760946539884,-0.311080983460116,test
13.701418250000000,13.762204798384687,0.060786548384687,test
16.957348039999999,16.117496589769644,-0.839851450230356,test
17.227621509999999,15.991606003391780,-1.236015506608219,test
16.170510929999999,15.011782323354055,-1.158728606645944,test
18.905165550000000,18.276932618788464,-0.628232931211535,test
12.814979960000001,12.723976656400737,-0.091003303599264,test
19.382600239999999,19.482634019674833,0.100033779674835,test
16.323232569999998,18.288227440439528,1.964994870439529,test
17.291606200000000,17.183457152989376,-0.108149047010624,test
9.135094038000000,9.410647419730481,0.275553381730480,test
5.114841460000000,6.677328805530465,1.562487345530465,test
9.070899270000000,11.166296951745949,2.095397681745949,test
14.538329330000000,13.157837942519677,-1.380491387480323,test
20.688231389999999,21.116506586129049,0.428275196129050,test
18.777066730000001,19.195882548109807,0.418815818109806,test
14.713294760000000,14.493601478648429,-0.219693281351571,test
13.428575439999999,12.271114661435604,-1.157460778564396,test
16.001245780000001,15.279668395354520,-0.721577384645482,test
13.606440930000000,14.845252593191390,1.238811663191390,test
16.613328429999999,15.545674480190769,-1.067653949809230,test
15.750881160000000,15.102763716676122,-0.648117443323878,test
10.183265540000001,10.365618281974662,0.182352741974661,test
18.510459420000000,19.207177369760984,0.696717949760984,test
19.758300750000000,19.795727548807008,0.037426798807008,test
15.651745260000000,14.613939806831468,-1.037805453168533,test
15.383896150000000,13.953140306280829,-1.430755843719171,test
12.718040120000000,13.543570347081868,0.825530227081869,test
20.886599159999999,21.818348837637586,0.931749677637587,test
19.164915839999999,18.505056154090653,-0.659859685909346,test
16.790959359999999,15.857662967391548,-0.933296392608451,test
16.475778129999998,15.804603098600523,-0.671175031399475,test
14.747062870000001,15.091541178518696,0.344478308518696,test
19.453496470000001,19.602830064164550,0.149333594164549,test
13.419847640000000,13.183697371209973,-0.236150268790027,test
11.535673930000000,11.484239790252218,-0.051434139747782,test
15.255789790000000,14.894325544717731,-0.361464245282269,test
18.669774260000001,18.370293154311184,-0.299481105688816,test
19.396709070000000,19.795727548807008,0.399018478807008,test
21.286356510000001,23.057272973907288,1.770916463907287,test
20.408335340000001,22.087184937099323,1.678849597099322,test
18.152625590000000,19.277312359103917,1.124686769103917,test
12.421630510000000,11.126342863838659,-1.295287646161341,test
16.663254450000000,16.573991379853283,-0.089263070146718,test
16.948587780000000,16.206239635744055,-0.742348144255946,test
17.700783240000000,17.534148153503452,-0.166635086496548,test
17.032426279999999,15.847449199960352,-1.184977080039648,test
14.800098400000000,15.277373881335393,0.477275481335393,test
16.617255190000002,15.396879410748625,-1.220375779251377,test
15.149017690000001,13.905567728273240,-1.243449961726760,test
13.696382030000001,13.301649087114470,-0.394732942885531,test
15.321770400000000,15.691693397065251,0.369922997065251,test
16.054666510000001,15.444230443229912,-0.610436066770088,test
14.126505170000000,13.469555199153888,-0.656949970846112,test
16.824320180000001,16.259492075392245,-0.564828104607756,test
17.779012370000000,16.715924434990825,-1.063087935009175,test
11.512860410000000,11.516391562438571,0.003531152438571,test
17.834088210000001,16.445853433138609,-1.388234776861392,test
12.806911820000000,12.239919085714291,-0.566992734285709,test
9.249887444000001,10.444623700478928,1.194736256478928,test
12.162526959999999,12.512539369446586,0.350012409446586,test
12.473077750000000,12.663667680880053,0.190589930880053,test
5.916745735000000,9.154843834775079,3.238098099775079,test
16.953112520000001,18.051188225686928,1.098075705686927,test
16.880890489999999,16.180010268044498,-0.700880221955501,test
20.387008219999998,21.363741694591795,0.976733474591796,test
11.744562119999999,11.948150729204713,0.203588609204713,test
15.616973630000000,15.116393915526942,-0.500579714473059,test
10.565799050000001,11.883211069995014,1.317412019995013,test
20.447488830000001,20.796662442862726,0.349173612862725,test
10.834307539999999,11.206612968786885,0.372305428786886,test
16.745582500000001,16.210179184458411,-0.535403315541590,test
17.049235910000000,15.225595991927094,-1.823639918072907,test
12.879837060000000,12.755764157780618,-0.124072902219382,test
14.509209900000000,14.545880358657087,0.036670458657087,test
20.181109599999999,20.455707085578410,0.274597485578411,test
14.434139500000001,13.058603667640568,-1.375535832359432,test
17.756265209999999,16.951963708136077,-0.804301501863922,test
10.591311129999999,9.937483281950676,-0.653827848049323,test
13.720439900000001,12.209436406770692,-1.511003493229309,test
14.257263790000000,12.048740177885065,-2.208523612114934,test
13.457784750000000,13.374785325137964,-0.082999424862036,test
11.442726779999999,11.056850020254274,-0.385876759745726,test
18.590947690000000,18.572295638485684,-0.018652051514316,test
15.116329530000000,15.021418057227834,-0.094911472772166,test
16.328429509999999,15.318085830515770,-1.010343679484230,test
17.270267969999999,17.230405387145538,-0.039862582854461,test
17.560012050000001,16.299916001913516,-1.260096048086485,test
14.734923900000000,13.308656669765128,-1.426267230234872,test
14.957483690000000,15.682580689088809,0.725096999088809,test
11.374650989999999,10.766550286707684,-0.608100703292315,test
19.209310479999999,19.774616334788902,0.565305854788903,test
5.693021091000000,4.422518521383950,-1.270502569616051,test
17.477192689999999,16.536639386019374,-0.940553303980625,test
14.540585869999999,15.091968786573716,0.551382916573717,test
17.794684499999999,17.383532564693269,-0.411151935306730,test
19.652946669999999,19.876418145159050,0.223471475159052,test
19.082649050000001,18.607527988991819,-0.475121061008181,test
19.491414590000002,19.947847502884315,0.456432912884313,test
16.848079689999999,14.820132164336314,-2.027947525663684,test
14.997902849999999,13.790028295474031,-1.207874554525969,test
17.347783799999998,17.006657728683876,-0.341126071316122,test
12.219335010000000,12.540678615877255,0.321343605877255,test
18.177608249999999,17.642790102155232,-0.534818147844767,test
14.755525730000000,15.724725184164868,0.969199454164867,test
12.794225290000000,13.065037234207239,0.270811944207239,test
7.203600762000000,7.430535246350587,0.226934484350587,test
17.041581030000000,17.069805367227900,0.028224337227901,test
14.591509490000000,12.954149471101800,-1.637360018898200,test
11.599003290000001,12.981804943848147,1.382801653848146,test
12.138090650000001,12.763833126901432,0.625742476901431,test
16.594482639999999,15.846187487247221,-0.748295152752778,test
17.149446770000001,17.581096387659727,0.431649617659726,test
16.204122959999999,15.633918625501224,-0.570204334498776,test
18.987843789999999,18.894083840628809,-0.093759949371190,test
14.372309460000000,13.115942185154950,-1.256367274845051,test
15.459181879999999,14.411312978805654,-1.047868901194345,test
18.109742900000001,17.771187368256051,-0.338555531743950,test
13.481199549999999,12.211504217988818,-1.269695332011182,test
10.272899839999999,11.446118563244681,1.173218723244682,test
15.262808430000000,14.943092231482069,-0.319716198517931,test
16.407500060000000,15.794867455370763,-0.612632604629237,test
15.235415760000000,14.148777056776566,-1.086638703223434,test
21.626237410000002,22.911082219210584,1.284844809210583,test
15.775020899999999,14.855988858693763,-0.919032041306236,test
14.150490260000000,14.277631703773636,0.127141443773636,test
14.598426650000000,12.498361220996117,-2.100065429003884,test
20.033626819999999,20.732034432426190,0.698407612426191,test
21.210846170000000,22.902218723889064,1.691372553889064,test
8.392922508000000,10.805870308002000,2.412947800002000,test
17.338213509999999,15.919698521464966,-1.418514988535033,test
16.629915340000000,15.650550736751370,-0.979364603248630,test
8.245975477000000,11.325507748196742,3.079532271196742,test
17.053767560000001,16.189745911274258,-0.864021648725743,test
17.175872300000002,17.447153351659495,0.271281051659493,test
18.334224240000001,17.678022452661480,-0.656201787338521,test
16.587648170000001,16.641855208099514,0.054207038099513,test
13.141513710000000,14.143870592163239,1.002356882163239,test
11.411551230000001,11.521771329284093,0.110220099284092,test
16.093152249999999,15.465209789321648,-0.627942460678351,test
14.675890500000000,14.858146643888972,0.182256143888972,test
16.850358109999998,16.631884604086736,-0.218473505913263,test
15.219408090000000,14.526276622264163,-0.693131467735837,test
17.955105110000002,17.493565653025939,-0.461539456974062,test
17.895425390000000,16.858597861447265,-1.036827528552735,test
16.224206089999999,15.009487809334928,-1.214718280665071,test
14.341754320000000,13.458410217431037,-0.883344102568962,test
15.875374430000001,14.679199050806119,-1.196175379193882,test
17.807965849999999,16.291158896419347,-1.516806953580652,test
18.071119410000001,17.604943550959661,-0.466175859040341,test
12.869002710000000,12.502987607631894,-0.366015102368106,test
12.098936030000001,10.281130168655523,-1.817805861344478,test
18.293444600000001,17.647175595413614,-0.646269004586387,test
13.802876280000000,13.699179750840358,-0.103696529159642,test
16.824255720000000,15.635128340320875,-1.189127379679125,test
19.320461269999999,20.817413943581869,1.496952673581870,test
16.148746520000000,15.252803974329936,-0.895942545670064,test
17.519219450000001,16.549079675573012,-0.970139774426990,test
14.860539330000000,13.661843195077040,-1.198696134922960,test
15.087672230000001,14.433297917396771,-0.654374312603229,test
15.695375210000000,14.874904991412905,-0.820470218587095,test
15.100172260000001,15.454094022476283,0.353921762476283,test
19.754651859999999,19.940226191816237,0.185574331816238,test
17.951708289999999,17.606397475008066,-0.345310814991933,test
18.301056830000000,17.926241618274389,-0.374815211725611,test
12.719180780000000,11.537140655078815,-1.182040124921185,test
8.066160412000000,11.629359085499004,3.563198673499004,test
16.411708969999999,15.009902336189953,-1.401806633810047,test
15.090892029999999,14.297144764373343,-0.793747265626656,test
14.790160699999999,13.312526835446761,-1.477633864553239,test
19.985030269999999,19.675079385669164,-0.309950884330835,test
22.188263780000000,23.800057439192301,1.611793659192301,test
12.350906210000000,10.650678189509222,-1.700228020490778,test
15.896179490000000,13.824126358252897,-2.072053131747102,test
20.567037880000001,21.176085968462985,0.609048088462984,test
13.896002449999999,14.207999593214595,0.311997143214596,test
7.643375172000000,6.166251900942029,-1.477123271057970,test
15.892949390000000,16.075829502458646,0.182880112458646,test
17.604015860000001,17.605773131156752,0.001757271156752,test
20.742243089999999,21.570754015875877,0.828510925875879,test
16.394330130000000,14.700310264824225,-1.694019865175775,test
16.309319890000001,15.015089711183350,-1.294230178816651,test
15.816873299999999,14.584092891191062,-1.232780408808937,test
16.039727030000002,15.887589951503969,-0.152137078496033,test
18.910559599999999,20.278247253159748,1.367687653159749,test
11.983775290000001,12.528460586257665,0.544685296257665,test
20.468286020000001,21.052698539471862,0.584412519471861,test
14.906434580000001,14.750517416784987,-0.155917163215014,test
19.274425380000000,19.025655455906758,-0.248769924093242,test
12.204542930000001,13.326822382568025,1.122279452568025,test
20.641684829999999,21.240354265600558,0.598669435600559,test
17.821517180000001,18.027091982573211,0.205574802573210,test
14.415976160000000,12.915111574541356,-1.500864585458643,test
18.759290830000001,19.014279885118412,0.254989055118411,test
10.551472380000000,12.325887488512194,1.774415108512194,test
18.541862410000000,19.158778528127755,0.616916118127754,test
20.323340389999998,19.633676921412302,-0.689663468587696,test
16.328429509999999,15.318085830515770,-1.010343679484230,test
17.502080150000001,16.982810565383943,-0.519269584616058,test
15.840769950000000,14.566991572675192,-1.273778377324808,test
9.817495191000001,10.166102476349693,0.348607285349692,test
18.434390290000000,19.308159216351783,0.873768926351783,test
9.313768104999999,11.536262026699433,2.222493921699433,test
18.488504259999999,19.224483590904129,0.735979330904129,test
19.558562909999999,20.228403514055458,0.669840604055459,test
15.597714150000000,14.711181621174660,-0.886532528825340,test
21.146292970000001,21.692386826004508,0.546093856004507,test
6.904256124000000,9.624120499002970,2.719864375002970,test
13.915599830000000,13.298101062756132,-0.617498767243868,test
16.943931490000001,17.936797225283385,0.992865735283385,test
10.049957859999999,11.200508822058850,1.150550962058851,test
19.478368979999999,19.459151384934557,-0.019217595065442,test
14.777462670000000,12.978284352279275,-1.799178317720726,test
20.197923130000000,20.727972350990740,0.530049220990740,test
18.391522139999999,18.183767703193780,-0.207754436806219,test
14.726311230000000,14.866463716565477,0.140152486565476,test
14.406072829999999,14.596463312403444,0.190390482403444,test
16.655948850000001,16.010918715895059,-0.645030134104942,test
18.962650100000001,19.447775814146212,0.485125714146211,test
10.367078149999999,10.805307611410626,0.438229461410627,test
12.252981000000000,12.327262606031809,0.074281606031809,test
20.957696120000001,22.643196147210119,1.685500027210118,test
16.742881900000000,15.764644271446627,-0.978237628553373,test
15.867016220000000,14.261503658236620,-1.605512561763380,test
9.905301321000000,9.649213514519147,-0.256087806480853,test
17.379654599999999,17.596037487927106,0.216382887927107,test
14.538883909999999,11.532520069480825,-3.006363840519175,test
12.386864380000000,10.526518326353084,-1.860346053646916,test
17.710684709999999,16.155656681997698,-1.555028028002301,test
12.384131970000000,12.637328994995073,0.253197024995073,test
13.817081079999999,14.751710133278948,0.934629053278949,test
13.959581390000000,13.214545714326050,-0.745035675673950,test
10.808324050000000,12.227908384497937,1.419584334497937,test
15.199053060000001,14.256258728787429,-0.942794331212571,test
16.175511490000002,15.293531390192811,-0.881980099807190,test
17.754952240000001,17.750271774166094,-0.004680465833907,test
17.922424920000001,17.772007332035400,-0.150417587964601,test
5.569715438000000,9.819454434200111,4.249738996200111,test
22.310745470000001,24.636695311571430,2.325949841571429,test
13.456592199999999,13.720540345580162,0.263948145580162,test
15.164559320000000,13.795786231077273,-1.368773088922728,test
18.343929589999998,17.467444601898251,-0.876484988101748,test
17.189834200000000,18.426549669851738,1.236715469851738,test
13.430748780000000,12.294912899053884,-1.135835880946116,test
13.020446320000000,13.287482549676383,0.267036229676384,test
13.394044470000001,11.960443098475366,-1.433601371524635,test
10.141469040000000,9.765038614020682,-0.376430425979319,test
13.307452420000001,12.625995535280026,-0.681456884719974,test
5.904085859000000,9.930619582073405,4.026533723073404,test
9.644304074000001,9.380076961527379,-0.264227112472621,test
11.556422720000000,11.299281476546867,-0.257141243453134,test
15.866971270000001,15.566371167353850,-0.300600102646150,test
20.308556509999999,21.075104121872187,0.766547611872188,test
14.457919929999999,14.116431032100650,-0.341488897899350,test
13.796811540000000,13.213617510448444,-0.583194029551557,test
16.225497770000000,15.404217627702792,-0.821280142297208,test
12.621463439999999,12.909865784040107,0.288402344040108,test
13.189019380000000,13.167149564058036,-0.021869815941963,test
15.285033990000001,15.734874145174217,0.449840155174217,test
22.579273069999999,24.647250918580426,2.067977848580426,test
21.068918510000000,22.766583576201356,1.697665066201356,test
8.663851323999999,8.824867392534088,0.161016068534089,test
13.366331629999999,13.327834917204427,-0.038496712795572,test
12.376615500000000,11.871972577035081,-0.504642922964919,test
19.242172820000000,19.334943992164085,0.092771172164085,test
12.894286660000001,12.560111947454061,-0.334174712545940,test
14.794129099999999,14.761253205651428,-0.032875894348571,test
13.935341500000000,14.713648000879743,0.778306500879744,test
6.309090392000000,9.264284142101701,2.955193750101701,test
15.543740180000000,16.179190304265148,0.635450124265148,test
11.352017560000000,12.183541815728290,0.831524255728290,test
10.798950310000000,10.124752124423026,-0.674198185576975,test
16.242674300000001,16.236906311134362,-0.005767988865639,test
17.099956870000000,15.443085113691382,-1.656871756308618,test
15.582185490000001,16.409005866677148,0.826820376677148,test
10.952102119999999,12.709179965136741,1.757077845136742,test
13.045037170000001,12.725373086007949,-0.319664083992052,test
12.221564180000000,12.967701312480813,0.746137132480813,test
13.498838570000000,12.620558336324962,-0.878280233675039,test
18.846251779999999,17.426627140637606,-1.419624639362393,test
18.358497280000002,18.044615054901101,-0.313882225098901,test
8.275143802000001,10.503984262891549,2.228840460891549,test
13.662141310000001,12.720095285444813,-0.942046024555188,test
21.172466700000001,22.540842052683843,1.368375352683842,test
16.938769189999999,17.405750887402633,0.466981697402634,test
16.473473660000000,15.130817396879024,-1.342656263120976,test
21.869905970000001,23.449366438678226,1.579460468678224,test
15.129793140000000,14.559510557508020,-0.570282582491981,test
17.430491159999999,16.207375430170146,-1.223115729829853,test
18.142831800000000,17.436597744650385,-0.706234055349615,test
17.474111430000001,16.392140743010145,-1.081970686989855,test
12.076461430000000,11.473684183243108,-0.602777246756892,test
16.885288010000000,15.788972875519562,-1.096315134480438,test
17.709206259999998,16.798729363504549,-0.910476896495449,test
13.693804900000000,12.395265042243636,-1.298539857756364,test
14.997912780000000,14.133745024369205,-0.864167755630795,test
19.403595750000001,20.433301503177972,1.029705753177971,test
17.857618729999999,17.503301296255586,-0.354317433744413,test
14.985581659999999,13.655000672640313,-1.330580987359687,test
15.561977230000000,13.676111886658418,-1.885865343341582,test
17.804221810000001,18.244659910866403,0.440438100866402,test
15.118084339999999,14.891523911256513,-0.226560428743486,test
12.968994210000000,12.833785709270046,-0.135208500729954,test
17.044473170000000,15.580639858935342,-1.463833311064658,test
17.625022680000001,16.744951386851994,-0.880071293148006,test
14.553386639999999,14.420937630288904,-0.132449009711095,test
16.812759549999999,15.836893592951242,-0.975865957048757,test
15.843962449999999,15.744353021207871,-0.099609428792128,test
14.184622440000000,13.497595999306782,-0.687026440693218,test
17.344209670000001,16.053641557465198,-1.290568112534803,test
17.102724349999999,16.652410815108624,-0.450313534891375,test
20.310221450000000,20.763701253453291,0.453479803453291,test
16.294865110000000,16.342302315071947,0.047437205071947,test
17.509948789999999,16.269069144665764,-1.240879645334235,test
18.269513969999998,17.750271774166094,-0.519242195833904,test
17.044902050000001,15.287929488344389,-1.756972561655612,test
19.024250580000000,18.958843333357208,-0.065407246642792,test
15.180994159999999,13.674215191903727,-1.506778968096272,test
11.630728400000001,12.151836356637432,0.521107956637431,test
12.831480270000000,13.236166493369296,0.404686223369296,test
14.259152210000000,14.198263949984948,-0.060888260015052,test
9.250541612999999,10.602242877208369,1.351701264208369,test
16.597388559999999,14.855988858693763,-1.741399701306236,test
19.334087579999998,18.288308189576810,-1.045779390423188,test
11.044264030000001,11.397074183750533,0.352810153750532,test
15.858247660000000,15.269454627923324,-0.588793032076676,test
12.992241269999999,12.529858385814123,-0.462382884185876,test
14.240573140000000,13.788350413032731,-0.452222726967269,test
13.889459909999999,14.206484179794188,0.317024269794189,test
8.536065346999999,9.497726853241033,0.961661506241034,test
17.113662099999999,15.917242349725484,-1.196419750274515,test
18.353428120000000,17.622498851916475,-0.730929268083525,test
20.308556509999999,21.518795944610019,1.210239434610020,test
18.640411180000001,17.168346648184865,-1.472064531815136,test
13.980041540000000,13.112227388279621,-0.867814151720379,test
17.997875229999998,16.922116792495672,-1.075758437504327,test
18.421834680000000,17.822521095670709,-0.599313584329291,test
15.081791730000001,14.941048415269961,-0.140743314730040,test
14.043016390000000,14.113123644271468,0.070107254271468,test
17.786265400000001,16.932672399504668,-0.853593000495334,test
17.333486390000001,17.580669025814245,0.247182635814244,test
12.449852520000000,13.497033995806873,1.047181475806873,test
15.503183880000000,14.566682978165318,-0.936500901834682,test
17.135775370000001,15.382025359464819,-1.753750010535182,test
20.774139040000001,21.000740468206004,0.226601428206003,test
16.488267470000000,16.001059812875610,-0.487207657124390,test
11.413789460000000,10.823613276196738,-0.590176183803262,test
10.800823080000001,11.022770586886395,0.221947506886394,test
9.885790140999999,10.937480191919235,1.051690050919236,test
9.875942439999999,10.920082062473512,1.044139622473512,test
18.073357690000002,17.219849780136542,-0.853507909863460,test
18.520950559999999,17.595207907730014,-0.925742652269985,test
14.507379360000000,14.990671109336063,0.483291749336063,test
10.447539819999999,12.193319570031576,1.745779750031577,test
14.055114150000000,13.400565574835014,-0.654548575164986,test
16.760244990000000,16.425927207365021,-0.334317782634979,test
20.021676650000000,20.156154192550844,0.134477542550844,test
13.794814969999999,13.138443047902797,-0.656371922097202,test
17.795184610000000,16.610083166550339,-1.185101443449661,test
16.452295800000002,15.160229947036214,-1.292065852963788,test
18.543696170000000,18.192701839600545,-0.350994330399455,test
13.727343299999999,12.156079848971217,-1.571263451028782,test
11.440079089999999,12.094716040860476,0.654636950860477,test
19.557442190000000,19.265886055160877,-0.291556134839123,test
16.507311269999999,15.590375502164989,-0.916935767835010,test
16.608597209999999,15.361425514716302,-1.247171695283697,test
18.394286910000002,17.532694229455046,-0.861592680544955,test
10.227629120000000,11.859587865087860,1.631958745087861,test
17.218804970000001,17.325709981545060,0.106905011545059,test
8.799862976000000,11.681317156764862,2.881454180764862,test
12.996234019999999,12.750094687952242,-0.246139332047758,test
14.945556310000001,13.683497106572872,-1.262059203427128,test
20.087998660000000,20.074169227816469,-0.013829432183531,test
18.157084139999998,18.048203196591317,-0.108880943408682,test
9.948046709000000,11.644464094795808,1.696417385795808,test
15.094357740000000,13.715281127748881,-1.379076612251119,test
14.533745050000000,13.854973215500763,-0.678771834499237,test
13.495107340000001,14.374833302674801,0.879725962674801,test
4.056860224000000,8.599594913252872,4.542734689252872,test
14.329258310000000,13.596822786730058,-0.732435523269942,test
20.904460900000000,22.146174005270950,1.241713105270950,test
20.641520849999999,22.385045718439414,1.743524868439415,test
16.266319990000000,15.680518965619740,-0.585801024380260,test
13.098049440000000,13.054818155609837,-0.043231284390163,test
12.889236230000000,12.641669550343067,-0.247566679656932,test
11.750533290000000,11.284300903867916,-0.466232386132084,test
13.487022420000001,12.410472492591794,-1.076549927408207,test
16.101276410000001,14.897082728440751,-1.204193681559250,test
17.085709479999998,15.553757718897828,-1.531951761102171,test
15.996507769999999,15.061818633315511,-0.934689136684488,test
16.250008709999999,15.669881872961241,-0.580126837038758,test
12.205856170000001,10.592921853497614,-1.612934316502386,test
15.874599450000000,15.963262303530655,0.088662853530655,test
6.566311603000000,10.860277165253933,4.293965562253933,test
15.664241230000000,15.818763660521313,0.154522430521313,test
11.703875600000000,11.671951863418030,-0.031923736581970,test
16.564047020000000,15.649356277725133,-0.914690742274868,test
12.582946120000001,11.982123269525346,-0.600822850474655,test
18.609411340000001,17.663901316173337,-0.945510023826664,test
18.060816400000000,18.885218894333093,0.824402494333093,test
10.989449590000000,9.823032134740174,-1.166417455259825,test
15.057893090000000,14.721965073556248,-0.335928016443752,test
12.778910070000000,12.296334999646774,-0.482575070353226,test
15.385824800000000,15.135169752345291,-0.250655047654709,test
15.561977230000000,13.527900159076808,-2.034077070923193,test
14.689751260000000,13.090230081457321,-1.599521178542679,test
17.898444110000000,17.740536130936334,-0.157907979063665,test
15.545214910000000,14.044338366187617,-1.500876543812383,test
18.894335410000000,18.297419488955256,-0.596915921044744,test
14.316019860000001,16.025222194461776,1.709202334461775,test
10.275099279999999,10.746419376405470,0.471320096405471,test
8.780872990000001,11.053447262696636,2.272574272696636,test
10.856438989999999,11.522787440855495,0.666348450855496,test
14.205646339999999,15.289304129228299,1.083657789228299,test
16.323109060000000,16.073491058770060,-0.249618001229940,test
15.065955180000000,14.446830782375969,-0.619124397624031,test
16.806505940000001,17.151985951890310,0.345480011890309,test
10.642116720000001,12.703363264838686,2.061246544838685,test
17.277326510000002,16.821586201614991,-0.455740308385010,test
18.785608669999998,19.733213870532154,0.947605200532156,test
17.186172280000001,16.755506993860990,-0.430665286139011,test
10.897736730000000,10.472752595949373,-0.424984134050627,test
14.107126689999999,12.554971135601022,-1.552155554398977,test
4.124903252000000,7.613083230608026,3.488179978608026,test
13.909462150000000,14.199487802417707,0.290025652417707,test
14.085633039999999,13.110521331696077,-0.975111708303922,test
7.803494496000000,10.345490934971281,2.541996438971281,test
19.477645400000000,19.427484563907456,-0.050160836092545,test
14.008537300000000,13.255867429445630,-0.752669870554371,test
10.394849689999999,12.384283011829439,1.989433321829440,test
19.242711889999999,19.520025135650826,0.277313245650827,test
0.000000000000000,5.747448961608598,5.747448961608598,test_gen
3.663862377000000,4.335323227276035,0.671460850276035,test_gen
0.000000000000000,1.645493784583891,1.645493784583891,test_gen
4.059766426000000,4.212354133063968,0.152587707063968,test_gen
5.333489567000000,4.648249980680589,-0.685239586319411,test_gen
4.749499982000000,4.947892793826554,0.198392811826555,test_gen
6.598951539000000,6.171436485374329,-0.427515053625671,test_gen
6.138138789000000,5.511302239958127,-0.626836549041873,test_gen
6.138138789000000,5.418761668214870,-0.719377120785130,test_gen
7.706911803000000,6.496651651217348,-1.210260151782651,test_gen
8.997351944000000,7.530678661568231,-1.466673282431769,test_gen
0.000000000000000,5.475520983571982,5.475520983571982,test_gen
3.663862377000000,6.676798395565697,3.012936018565697,test_gen
0.000000000000000,3.514403709532871,3.514403709532871,test_gen
4.851170757000000,6.117260429713951,1.266089672713951,test_gen
6.947555449000000,6.829668324254840,-0.117887124745160,test_gen
7.517689897000000,7.253399166110626,-0.264290730889375,test_gen
7.894594487000000,7.590384503434052,-0.304209983565948,test_gen
6.551743288000000,6.571518270925935,0.019774982925935,test_gen
8.830664955000000,7.713771932425288,-1.116893022574711,test_gen
9.672807731000001,8.640810804368812,-1.031996926631189,test_gen
8.967360849000000,7.713771932425288,-1.253588916574712,test_gen
9.659498545000000,8.258525880058414,-1.400972664941586,test_gen
8.793345604000001,7.942158197184199,-0.851187406815802,test_gen
9.659498545000000,8.289372737306167,-1.370125807693833,test_gen
11.370774180000000,9.525065616179290,-1.845708563820709,test_gen
10.666979130000000,8.888224351631152,-1.778754778368848,test_gen
3.663862377000000,7.770531247782287,4.106668870782287,test_gen
5.333489567000000,8.438672624406649,3.105183057406649,test_gen
5.044899163000000,6.689489829015315,1.644590666015315,test_gen
7.244320351000000,7.966660801091280,0.722340450091280,test_gen
8.085586606000000,8.274781090612464,0.189194484612464,test_gen
5.875918083000000,7.232650859935688,1.356732776935688,test_gen
8.051684058999999,8.643254867987139,0.591570808987139,test_gen
9.181187331000000,8.735795439730623,-0.445391891269377,test_gen
10.394372660000000,9.173064640243297,-1.221308019756703,test_gen
8.584394654000000,8.532001496038333,-0.052393157961667,test_gen
9.417807632000001,8.643254867987139,-0.774552764012862,test_gen
6.784755787000000,7.294344574431193,0.509588787431193,test_gen
10.759046639999999,9.111370925747565,-1.647675714252435,test_gen
11.188477799999999,9.348133741455626,-1.840344058544373,test_gen
6.784755787000000,7.140110288192204,0.355354501192204,test_gen
9.312341317000000,9.010697112344474,-0.301644204655526,test_gen
10.249194970000000,9.018830354004308,-1.230364615995692,test_gen
10.562806309999999,9.471521170446863,-1.091285139553136,test_gen
9.665346419000000,8.593695210534065,-1.071651208465935,test_gen
11.381786090000000,9.507498846122758,-1.874287243877243,test_gen
7.453573250000000,7.466408577787092,0.012835327787093,test_gen
9.124415509000000,8.408614067047324,-0.715801441952676,test_gen
9.814729699000001,9.080524068499813,-0.734205630500188,test_gen
10.956657820000000,9.471521170446863,-1.485136649553137,test_gen
9.634380159999999,8.735795439730623,-0.898584720269376,test_gen
12.046092040000000,9.723426846857251,-2.322665193142749,test_gen
11.381786090000000,9.317286884207874,-2.064499205792126,test_gen
11.762234290000000,10.071546993346260,-1.690687296653740,test_gen
10.249194970000000,9.018830354004308,-1.230364615995692,test_gen
10.740257670000000,9.173064640243297,-1.567193029756703,test_gen
11.294969139999999,9.348133741455626,-1.946835398544373,test_gen
12.276562780000001,9.839581781203492,-2.436980998796509,test_gen
10.215605670000000,8.918156540601217,-1.297449129398784,test_gen
12.457207980000000,10.519159347699656,-1.938048632300344,test_gen
12.631223230000000,10.102393850594240,-2.528829379405760,test_gen
11.942872449999999,9.870428638451244,-2.072443811548755,test_gen
11.373522430000000,9.317286884207874,-2.056235545792125,test_gen
11.471628360000000,9.839581781203492,-1.632046578796508,test_gen
11.471628360000000,9.870428638451244,-1.601199721548756,test_gen
13.040401370000000,10.886109416476188,-2.154291953523812,test_gen
12.536170260000000,10.133240707841992,-2.402929552158009,test_gen
12.046092040000000,9.445805131627026,-2.600286908372974,test_gen
12.957429429999999,10.133240707841992,-2.824188722158008,test_gen
13.948417729999999,10.855262559228208,-3.093155170771791,test_gen
0.000000000000000,7.196869603549317,7.196869603549317,test_gen
6.138138789000000,9.067456427701586,2.929317638701586,test_gen
5.333489567000000,9.198977098352657,3.865487531352657,test_gen
6.138138789000000,9.528280485803975,3.390141696803975,test_gen
3.663862377000000,8.650454525891178,4.986592148891178,test_gen
7.706911803000000,9.564258161479870,1.857346358479870,test_gen
0.000000000000000,7.523167893144205,7.523167893144205,test_gen
4.415332478000000,8.588760811395446,4.173428333395446,test_gen
5.978240566000000,9.260670812848161,3.282430246848161,test_gen
8.209021221000000,9.528280485803975,1.319259264803975,test_gen
7.517689896000000,8.761707897839983,1.244018001839983,test_gen
8.997351944000000,9.528280485803975,0.530928541803975,test_gen
8.997351944000000,9.896341096560604,0.898989152560604,test_gen
8.355502145999999,9.404893056812739,1.049390910812740,test_gen
9.966511884000001,10.019728525551841,0.053216641551840,test_gen
5.333489567000000,9.589974200299480,4.256484633299480,test_gen
5.333489567000000,9.834647382065100,4.501157815065100,test_gen
10.684544580000001,10.980842913599531,0.296298333599530,test_gen
8.140719220999999,10.374454354526165,2.233735133526165,test_gen
10.684544580000001,11.073383485342788,0.388838905342787,test_gen
8.140719220999999,10.281913782782908,2.141194561782909,test_gen
14.099455200000000,10.800696169251182,-3.298759030748817,test_gen
14.099455200000000,10.893236740994666,-3.206218459005333,test_gen
13.640388910000000,10.607997240126110,-3.032391669873890,test_gen
8.997351944000000,10.788143984474459,1.790792040474459,test_gen
9.966511884000001,10.849837698969964,0.883325814969963,test_gen
12.404778300000000,10.849837698969964,-1.554940601030037,test_gen
14.390331970000000,11.099801993159076,-3.290529976840924,test_gen
11.370774180000000,11.279948737507425,-0.090825442492575,test_gen
7.706911803000000,11.341642452002702,3.634730649002702,test_gen
12.005951169999999,11.156561308515961,-0.849389861484038,test_gen
13.955866990000001,10.700537811869594,-3.255329178130406,test_gen
11.370774180000000,10.757297127226707,-0.613477052773293,test_gen
7.706911803000000,10.695603412730975,2.988691609730975,test_gen
11.284602980000001,10.880684556217716,-0.403918423782285,test_gen
12.762618430000000,10.317695039169053,-2.444923390830947,test_gen
12.762618430000000,10.286848181921300,-2.475770248078700,test_gen
13.027986690000001,10.426986146942568,-2.601000543057433,test_gen
8.997351944000000,10.607132891290917,1.609780947290917,test_gen
8.355502145999999,10.668826605786421,2.313324459786422,test_gen
13.491712260000000,10.638844097373862,-2.852868162626137,test_gen
10.666979130000000,10.818990841722211,0.152011711722212,test_gen
7.327724753000000,10.757297127226707,3.429572374226707,test_gen
9.539780458999999,10.726450269978727,1.186669810978728,test_gen
15.705375660000000,11.660110756535119,-4.045264903464881,test_gen
15.705375660000000,11.690957613782871,-4.014418046217129,test_gen
12.642324889999999,11.716870071892004,-0.925454818107996,test_gen
13.318458110000000,11.747716929139983,-1.570741180860017,test_gen
15.940425149999999,11.993450091092541,-3.946975058907459,test_gen
14.958831510000000,11.384880482528729,-3.573951027471271,test_gen
8.997351944000000,11.778563786387735,2.781211842387735,test_gen
8.997351944000000,11.809410643635488,2.812058699635488,test_gen
15.110029539999999,11.505876470296130,-3.604153069703870,test_gen
13.843990489999999,10.700537811869594,-3.143452678130405,test_gen
14.962630290000000,11.415727339776481,-3.546902950223519,test_gen
14.023396360000000,11.161495707654581,-2.861900652345419,test_gen
13.012925440000000,10.101767038434559,-2.911158401565441,test_gen
15.223244660000001,11.993450091092541,-3.229794568907460,test_gen
14.707615410000001,11.384880482528729,-3.322734927471272,test_gen
15.301284020000001,11.931756376596809,-3.369527643403192,test_gen
15.039558930000000,11.598417042039387,-3.441141887960613,test_gen
15.426096660000001,11.931756376596809,-3.494340283403192,test_gen
14.992988110000001,12.024296948340293,-2.968691161659708,test_gen
14.992988110000001,11.931756376596809,-3.061231733403192,test_gen
14.404120040000000,11.130648850406828,-3.273471189593172,test_gen
15.413823610000000,12.456772537428492,-2.957051072571508,test_gen
14.300850420000000,11.477421054272213,-2.823429365727787,test_gen
13.329208800000000,10.457833004190320,-2.871375795809680,test_gen
13.960621939999999,10.893236740994666,-3.067385199005333,test_gen
14.214977279999999,11.446574197024233,-2.768403082975766,test_gen
14.226668690000000,11.446574197024233,-2.780094492975767,test_gen
14.126835170000000,11.505876470296130,-2.620958699703870,test_gen
13.845050590000000,11.323186768033224,-2.521863821966775,test_gen
13.845050590000000,11.446574197024233,-2.398476392975766,test_gen
12.976203690000000,10.954930455490171,-2.021273234509829,test_gen
11.885232860000000,10.101767038434559,-1.783465821565441,test_gen
11.363752640000000,9.877469683682534,-1.486282956317465,test_gen
14.323760020000000,10.924083598242419,-3.399676421757581,test_gen
12.404778300000000,11.104230342590540,-1.300547957409460,test_gen
14.323760020000000,10.924083598242419,-3.399676421757581,test_gen
12.404778300000000,11.104230342590540,-1.300547957409460,test_gen
12.939664620000000,10.862389883746687,-2.077274736253313,test_gen
11.459587250000000,10.880684556217716,-0.578902693782284,test_gen
13.022785669999999,10.457833004190320,-2.564952665809679,test_gen
6.755194817000000,10.607132891290917,3.851938074290917,test_gen
14.026257310000000,10.985777312737923,-3.040479997262077,test_gen
10.861228770000000,11.042536628095036,0.181307858095035,test_gen
12.753667340000000,10.607997240126110,-2.145670099873890,test_gen
8.355884354000001,10.788143984474459,2.432259630474459,test_gen
13.775530480000000,10.831543026498935,-2.943987453501066,test_gen
9.659498545000000,11.011689770847283,1.352191225847283,test_gen
12.939664620000000,10.457833004190320,-2.481831615809680,test_gen
7.706911803000000,10.514592319547432,2.807680516547433,test_gen
13.191197470000001,10.457833004190320,-2.733364465809681,test_gen
9.147884581000000,10.637979748538669,1.490095167538669,test_gen
11.677007270000001,9.846622826434555,-1.830384443565446,test_gen
5.843022858000000,9.903382141791667,4.060359283791667,test_gen
13.206174570000000,10.638844097373862,-2.567330472626137,test_gen
9.659498545000000,10.818990841722211,1.159492296722211,test_gen
11.363752640000000,9.495567332569294,-1.868185307430705,test_gen
5.333489567000000,9.675714076917643,4.342224509917643,test_gen
12.721765200000000,9.970353719764603,-2.751411480235397,test_gen
13.660151340000001,10.550373575933804,-3.109777764066196,test_gen
8.174138134000000,9.539635454261884,1.365497320261884,test_gen
10.877663510000000,9.513722996152524,-1.363940513847476,test_gen
13.250639590000000,10.515456668382853,-2.735182921617147,test_gen
12.292670169999999,9.939163398178039,-2.353506771821960,test_gen
12.292670169999999,10.225154467425796,-2.067515702574203,test_gen
8.967360849000000,10.281913782782908,1.314552933782908,test_gen
10.070078540000001,8.856421458310137,-1.213657081689863,test_gen
3.663862377000000,9.036568202658486,5.372705825658486,test_gen
11.079643109999999,10.101767038434559,-0.977876071565440,test_gen
13.491712260000000,10.669690954621842,-2.822021305378158,test_gen
11.082166620000001,10.726450269978727,-0.355716350021273,test_gen
7.327724753000000,10.788143984474459,3.460419231474459,test_gen
12.479708870000000,10.101767038434559,-2.377941831565440,test_gen
9.539780458999999,10.281913782782908,0.742133323782909,test_gen
8.929317823000000,10.343607497278413,1.414289674278413,test_gen
13.491712260000000,10.669690954621842,-2.822021305378158,test_gen
11.082166620000001,10.726450269978727,-0.355716350021273,test_gen
7.327724753000000,10.788143984474459,3.460419231474459,test_gen
12.808401750000000,10.488679861438072,-2.319721888561928,test_gen
12.479708870000000,9.908660005269098,-2.571048864730901,test_gen
9.539780458999999,10.088806749617220,0.549026290617221,test_gen
8.929317823000000,10.150500464112952,1.221182641112952,test_gen
10.991587129999999,10.031703969921296,-0.959883160078704,test_gen
12.450626140000001,10.317695039169053,-2.132931100830948,test_gen
13.017247390000000,10.700537811869594,-2.316709578130405,test_gen
10.102652859999999,10.880684556217716,0.778031696217717,test_gen
12.513082080000000,10.348541896417032,-2.164540183582968,test_gen
9.104034392000001,10.405301211774145,1.301266819774144,test_gen
11.780580649999999,10.286848181921300,-1.493732468078699,test_gen
12.722414740000000,10.607997240126110,-2.114417499873889,test_gen
12.722414740000000,10.700537811869594,-2.021876928130405,test_gen
8.793345604000001,10.757297127226707,1.963951523226706,test_gen
11.571896810000000,9.784929111939050,-1.786967698060950,test_gen
6.138138789000000,9.965075856287399,3.826937067287399,test_gen
12.551759219999999,10.225154467425796,-2.326604752574204,test_gen
11.392391580000000,10.194307610178043,-1.198083969821957,test_gen
11.111291740000000,9.846622826434555,-1.264668913565446,test_gen
6.290302684000000,9.903382141791667,3.613079457791667,test_gen
10.364869610000000,9.290140220736134,-1.074729389263865,test_gen
4.415332477000000,9.346899536093247,4.931567059093247,test_gen
10.414057890000000,9.372179903578285,-1.041877986421715,test_gen
11.002608720000000,9.939163398178039,-1.063445321821961,test_gen
11.002608720000000,9.908316540930286,-1.094292179069713,test_gen
6.551743288000000,9.965075856287399,3.413332568287399,test_gen
10.847925020000000,9.784929111939050,-1.062995908060950,test_gen
6.138138789000000,9.965075856287399,3.826937067287399,test_gen
9.585859493999999,9.328641852665783,-0.257217641334217,test_gen
11.646176100000000,11.094867594020457,-0.551308505979543,test_gen
3.663862377000000,11.218255023011693,7.554392646011693,test_gen
10.311883770000000,11.279948737507198,0.968064967507198,test_gen
17.861698109999999,13.224705644863548,-4.636992465136451,test_gen
8.119532851000001,10.668826605786421,2.549293754786421,test_gen
3.663862377000000,11.472486655133594,7.808624278133593,test_gen
15.139608350000000,11.477421054272213,-3.662187295727787,test_gen
13.631257130000000,10.426986146942568,-3.204270983057432,test_gen
14.602842689999999,11.038108278663344,-3.564734411336655,test_gen
14.795120080000000,11.192342564902333,-3.602777515097667,test_gen
15.027951910000001,11.130648850406828,-3.897303059593172,test_gen
15.287014330000000,11.415727339776481,-3.871286990223519,test_gen
10.704061120000000,11.716870071892004,1.012808951892003,test_gen
15.851311279999999,11.598417042039387,-4.252894237960613,test_gen
11.794086280000000,12.142749978192910,0.348663698192910,test_gen
12.089901149999999,12.390144423794368,0.300243273794369,test_gen
16.343249090000000,12.333385108437255,-4.009863981562745,test_gen
16.352749580000001,11.962603233844789,-4.390146346155213,test_gen
16.648733230000001,12.333385108437255,-4.315348121562746,test_gen
16.060804120000000,12.055143805588045,-4.005660314411955,test_gen
14.392128240000000,12.786255059264136,-1.605873180735864,test_gen
17.394958670000001,12.729495743907023,-4.665462926092978,test_gen
16.712674159999999,12.302538251189503,-4.410135908810496,test_gen
13.155885650000000,10.488679861438072,-2.667205788561928,test_gen
11.722022989999999,9.877469683682534,-1.844553306317465,test_gen
9.842965697000000,8.918115172805869,-0.924850524194131,test_gen
12.800390350000001,10.348541896417032,-2.451848453582969,test_gen
12.580605370000001,10.217128577746848,-2.363476792253152,test_gen
11.983073820000000,10.062894291508087,-1.920179528491913,test_gen
11.757173060000000,9.908316540930286,-1.848856519069713,test_gen
6.927377112000000,7.811612025518002,0.884234913518002,test_gen
12.605272610000000,10.194307610178043,-2.410964999821957,test_gen
11.983863380000001,10.762231526365099,-1.221631853634902,test_gen
10.462307729999999,9.452029281657019,-1.010278448342980,test_gen
8.971059666000000,8.892363573599710,-0.078696092400291,test_gen
11.834295279999999,9.970353719764603,-1.863941560235396,test_gen
11.202117940000001,10.031703969921296,-1.170413970078705,test_gen
11.211246830000000,9.606337034162266,-1.604909795837735,test_gen
9.450803170000000,9.351833935231639,-0.098969234768362,test_gen
11.035726840000001,10.124588006003592,-0.911138833996409,test_gen
10.043847570000001,9.166752791744898,-0.877094778255103,test_gen
9.707186590999999,9.791418177649234,0.084231586649235,test_gen
8.519183604000000,8.645588715617464,0.126405111617464,test_gen
8.693383422000000,9.194551191091819,0.501167769091818,test_gen
8.501782521000001,8.794727743814633,0.292945222814632,test_gen
8.274775284000000,8.746848980612299,0.472073696612298,test_gen
5.907963404000000,8.438380408134321,2.530417004134321,test_gen
7.349415996000000,8.329666643971564,0.980250647971563,test_gen
5.082653842000000,7.379456595877969,2.296802753877969,test_gen
5.333489567000000,4.524862551689353,-0.808627015310647,test_gen
7.327724753000000,7.373384461547062,0.045659708547062,test_gen
0.000286599000000,4.705009296037701,4.704722697037702,test_gen
7.706911803000000,6.404111079474092,-1.302800723525908,test_gen
6.551743288000000,6.386437127439194,-0.165306160560806,test_gen
8.793345604000001,7.880464482688581,-0.912881121311420,test_gen
8.967360849000000,7.880464482688581,-1.086896366311420,test_gen
10.149416060000000,8.381913309049537,-1.767502750950463,test_gen
9.802001166000000,8.289372737306167,-1.512628428693834,test_gen
10.666979130000000,8.949918066126770,-1.717061063873230,test_gen
5.333489567000000,8.060611227036816,2.727121660036816,test_gen
7.327724753000000,8.438672624406649,1.110947871406649,test_gen
10.740257670000000,9.080524068499813,-1.659733601500188,test_gen
11.762234290000000,9.870428638451244,-1.891805651548756,test_gen
11.294969139999999,9.193899455216638,-2.101069684783361,test_gen
12.276562780000001,9.993816067442481,-2.282746712557520,test_gen
9.312341317000000,8.733075397114249,-0.579265919885751,test_gen
10.562806309999999,9.378980598703379,-1.183825711296620,test_gen
9.665346419000000,8.733075397114249,-0.932271021885752,test_gen
11.751836170000001,9.661733132361746,-2.090103037638254,test_gen
11.751836170000001,9.569192560618262,-2.182643609381739,test_gen
13.323360920000001,10.824415701980456,-2.498945218019545,test_gen
13.040401370000000,10.824415701980456,-2.215985668019544,test_gen
13.813278439999999,10.855262559228208,-2.958015880771791,test_gen
5.333489567000000,9.137283383856925,3.803793816856925,test_gen
7.706911803000000,9.927187953808357,2.220276150808357,test_gen
8.355502145999999,9.374046199564987,1.018544053564987,test_gen
9.966511884000001,10.050575382799593,0.084063498799592,test_gen
5.333489567000000,9.435739914060491,4.102250347060491,test_gen
7.327724753000000,9.718492447718859,2.390767694718859,test_gen
7.327724753000000,9.656798733223127,2.329073980223127,test_gen
10.991587129999999,10.912021874585321,-0.079565255414678,test_gen
3.663862377000000,10.973715589081053,7.309853212081053,test_gen
12.844853000000001,11.104230342590540,-1.740622657409460,test_gen
14.603060749999999,11.047471027233428,-3.555589722766571,test_gen
10.991587129999999,11.104230342590540,0.112643212590541,test_gen
10.149416060000000,11.042536628095036,0.893120568095036,test_gen
13.939685680000000,10.669690954621842,-3.269994725378158,test_gen
13.939685680000000,10.862389883746687,-3.077295796253313,test_gen
12.709173110000000,10.093741148755839,-2.615431961244161,test_gen
7.327724753000000,10.150500464112952,2.822775711112952,test_gen
10.149416060000000,10.088806749617220,-0.060609310382780,test_gen
14.323760020000000,10.862389883746687,-3.461370136253313,test_gen
10.666979130000000,10.919149199103799,0.252170069103800,test_gen
8.929317823000000,10.857455484608295,1.928137661608295,test_gen
11.082166620000001,11.011689770847283,-0.070476849152717,test_gen
12.479708870000000,9.970353719764603,-2.509355150235397,test_gen
10.666979130000000,10.027113035121715,-0.639866094878284,test_gen
8.929317823000000,10.088806749617220,1.159488926617220,test_gen
13.271869740000000,10.638844097373862,-2.633025642626137,test_gen
9.802001166000000,10.695603412730975,0.893602246730975,test_gen
7.327724753000000,10.633909698235470,3.306184945235470,test_gen
11.202941610000000,10.818990841722211,-0.383950768277789,test_gen
11.866612070000000,9.846622826434555,-2.019989243565446,test_gen
9.802001166000000,9.903382141791667,0.101380975791667,test_gen
7.327724753000000,9.841688427296162,2.513963674296162,test_gen
8.929317823000000,10.026769570782903,1.097451747782904,test_gen
15.482905629999999,12.116837520083550,-3.366068109916450,test_gen
15.415698539999999,11.598417042039387,-3.817281497960613,test_gen
12.661214319999999,12.173596835440662,-0.487617484559337,test_gen
5.300000000000000,12.111903120945158,6.811903120945158,test_gen
13.463954670000000,10.638844097373862,-2.825110572626137,test_gen
15.413823610000000,12.240844536693999,-3.172979073306001,test_gen
15.045648470000000,11.660110756535119,-3.385537713464881,test_gen
14.300850420000000,11.415727339776481,-2.885123080223519,test_gen
12.179299280000000,9.877469683682534,-2.301829596317466,test_gen
12.976937970000000,10.669690954621842,-2.307247015378158,test_gen
14.126835170000000,11.690957613782871,-2.435877556217129,test_gen
13.913057340000000,11.192342564902333,-2.720714775097667,test_gen
12.276277580000000,10.669690954621842,-1.606586625378158,test_gen
12.276277580000000,10.669690954621842,-1.606586625378158,test_gen
11.885232850000000,10.286848181921300,-1.598384668078699,test_gen
10.448618160000001,9.135905934497146,-1.312712225502855,test_gen
10.070078540000001,9.105059077249393,-0.965019462750607,test_gen
13.640388910000000,10.607997240126110,-3.032391669873890,test_gen
14.390331970000000,11.038108278663344,-3.352223691336656,test_gen
12.005951169999999,11.218255023011693,-0.787696146988306,test_gen
13.775530480000000,10.831543026498935,-2.943987453501066,test_gen
13.206174570000000,10.365292432446836,-2.840882137553164,test_gen
13.955866990000001,10.762231526365099,-3.193635463634902,test_gen
11.284602980000001,10.818990841722211,-0.465612138277789,test_gen
7.706911803000000,10.757297127226707,3.050385324226707,test_gen
13.250639590000000,10.638844097373862,-2.611795492626138,test_gen
8.967360849000000,10.695603412730975,1.728242563730975,test_gen
12.721765200000000,10.163460752930064,-2.558304447069936,test_gen
7.706911803000000,10.343607497278413,2.636695694278413,test_gen
13.027986690000001,10.365292432446836,-2.662694257553165,test_gen
11.571896810000000,9.970010255425791,-1.601886554574209,test_gen
11.960381650000000,10.032047434260107,-1.928334215739893,test_gen
9.531879836000000,10.212194178608456,0.680314342608456,test_gen
12.551759219999999,10.612067290429309,-1.939691929570690,test_gen
8.793345604000001,10.668826605786421,1.875481001786421,test_gen
11.079643109999999,9.606337034162266,-1.473306075837733,test_gen
5.333489567000000,9.786483778510615,4.452994211510615,test_gen
10.847925020000000,9.618954761560531,-1.228970258439469,test_gen
10.321940680000001,9.668030748657998,-0.653909931342003,test_gen
6.354586557000000,9.848177493006347,3.493590936006346,test_gen
7.940579248000000,8.144585500484823,0.204006252484823,test_gen
9.585859493999999,9.266948138170278,-0.318911355829721,test_gen
6.551743288000000,9.323707453527390,2.771964165527391,test_gen
6.927377112000000,7.564837167535529,0.637460055535529,test_gen
14.357689030000000,10.800696169251182,-3.556992860748817,test_gen
15.863744310000000,11.660110756535119,-4.203633553464881,test_gen
15.550914380000000,11.354033625280977,-4.196880754719023,test_gen
10.149416060000000,8.258525880058414,-1.890890179941586,test_gen
7.327724753000000,8.438672624406649,1.110947871406649,test_gen
11.751836170000001,9.507498846122758,-2.244337323877243,test_gen
13.939685680000000,11.161495707654581,-2.778189972345420,test_gen
12.709173110000000,10.093741148755839,-2.615431961244161,test_gen
7.327724753000000,10.150500464112952,2.822775711112952,test_gen
10.149416060000000,10.212194178608456,0.062778118608456,test_gen
14.603060749999999,10.862389883746687,-3.740670866253312,test_gen
10.991587129999999,11.042536628095036,0.050949498095036,test_gen
10.149416060000000,11.104230342590540,0.954814282590540,test_gen
12.844853000000001,10.919149199103799,-1.925703800896201,test_gen
10.991587129999999,10.980842913599531,-0.010744216400468,test_gen
10.149416060000000,10.857455484608295,0.708039424608295,test_gen
15.415698539999999,11.660110756535119,-3.755587783464881,test_gen
15.482905629999999,12.055143805588045,-3.427761824411954,test_gen
10.991587129999999,11.716870071892004,0.725282941892004,test_gen
12.661214319999999,12.111903120945158,-0.549311199054841,test_gen
5.330000000000000,12.050209406449653,6.720209406449653,test_gen
17.477140819999999,13.163011930368043,-4.314128889631956,test_gen
7.327724753000000,13.312311817468412,5.984587064468412,test_gen
12.709173110000000,10.225154467425796,-2.484018642574204,test_gen
13.271869740000000,10.823925240860603,-2.447944499139396,test_gen
11.202941610000000,10.880684556217716,-0.322257053782284,test_gen
11.866612070000000,10.031703969921296,-1.834908100078705,test_gen
8.929317823000000,10.088463285278408,1.159145462278408,test_gen
7.327724753000000,10.026769570782903,2.699044817782903,test_gen
14.603060749999999,10.924083598242305,-3.678977151757694,test_gen
12.844853010000000,10.980842913599417,-1.864010096400582,test_gen
10.149416060000000,10.919149199103799,0.769733139103799,test_gen
