real,expected,error,set
16.773406909999999,15.808400142117394,-0.965006767882604,train
16.021591940000000,15.808400142117394,-0.213191797882606,train
11.476728489999999,13.603057470151493,2.126328980151493,train
15.736615550000000,15.808400142117394,0.071784592117394,train
20.466066800000000,15.808400142117394,-4.657666657882606,train
18.040177600000000,15.808400142117394,-2.231777457882606,train
17.384307329999999,15.808400142117394,-1.575907187882605,train
17.929060520000000,15.808400142117394,-2.120660377882606,train
16.923490269999999,13.603057470151493,-3.320432799848506,train
12.583872059999999,13.603057470151493,1.019185410151493,train
10.865549250000001,13.603057470151493,2.737508220151492,train
13.523255260000001,15.808400142117394,2.285144882117393,train
14.481849750000000,15.808400142117394,1.326550392117394,train
10.691067510000000,15.808400142117394,5.117332632117394,train
10.600696279999999,15.808400142117394,5.207703862117395,train
13.917179880000001,15.808400142117394,1.891220262117393,train
19.711899270000000,15.808400142117394,-3.903499127882606,train
13.511125800000000,15.808400142117394,2.297274342117394,train
14.406474879999999,15.808400142117394,1.401925262117395,train
14.242241840000000,13.603057470151493,-0.639184369848508,train
18.460352050000001,15.808400142117394,-2.651951907882607,train
18.594563170000001,15.808400142117394,-2.786163027882607,train
17.895425390000000,15.808400142117394,-2.087025247882606,train
12.665333290000000,11.397714798185584,-1.267618491814416,train
10.905544040000001,15.808400142117394,4.902856102117394,train
12.270947400000001,13.603057470151493,1.332110070151492,train
10.537235040000001,15.808400142117394,5.271165102117394,train
13.426811850000000,15.808400142117394,2.381588292117394,train
18.411974030000000,15.808400142117394,-2.603573887882606,train
14.786277999999999,15.808400142117394,1.022122142117395,train
16.284006380000001,15.808400142117394,-0.475606237882607,train
17.071126679999999,15.808400142117394,-1.262726537882605,train
7.349415996000000,13.603057470151493,6.253641474151492,train
16.012726560000001,15.808400142117394,-0.204326417882607,train
13.268118510000001,15.808400142117394,2.540281632117393,train
12.234891350000000,13.603057470151493,1.368166120151493,train
17.285519789999999,13.603057470151493,-3.682462319848506,train
10.213190440000000,15.808400142117394,5.595209702117394,train
15.633990989999999,15.808400142117394,0.174409152117395,train
16.428298340000001,13.603057470151493,-2.825240869848509,train
18.824956640000000,15.808400142117394,-3.016556497882606,train
19.661091630000001,15.808400142117394,-3.852691487882607,train
13.048636810000000,15.808400142117394,2.759763332117394,train
11.102425560000000,15.808400142117394,4.705974582117394,train
18.382356210000001,15.808400142117394,-2.573956067882607,train
15.684589330000000,15.808400142117394,0.123810812117394,train
10.206765000000001,13.603057470151493,3.396292470151492,train
20.809298790000000,15.808400142117394,-5.000898647882606,train
11.874044950000000,15.808400142117394,3.934355192117394,train
10.140911830000000,15.808400142117394,5.667488312117394,train
17.876000869999999,15.808400142117394,-2.067600727882605,train
16.462114499999998,15.808400142117394,-0.653714357882604,train
16.920677210000001,13.603057470151493,-3.317619739848508,train
19.405336810000001,15.808400142117394,-3.596936667882607,train
16.740087429999999,15.808400142117394,-0.931687287882605,train
19.915233789999998,15.808400142117394,-4.106833647882604,train
15.174065329999999,15.808400142117394,0.634334812117395,train
9.832508040000000,15.808400142117394,5.975892102117394,train
11.410929410000000,13.603057470151493,2.192128060151493,train
15.750048130000000,15.808400142117394,0.058352012117394,train
15.238287270000001,15.808400142117394,0.570112872117393,train
18.179808560000001,15.808400142117394,-2.371408417882607,train
20.455487240000000,15.808400142117394,-4.647087097882606,train
18.041528270000001,15.808400142117394,-2.233128127882607,train
13.009201270000000,15.808400142117394,2.799198872117394,train
16.211159129999999,15.808400142117394,-0.402758987882605,train
17.570003730000000,15.808400142117394,-1.761603587882606,train
16.144299369999999,13.603057470151493,-2.541241899848506,train
14.513391040000000,15.808400142117394,1.295009102117394,train
9.465021656999999,11.397714798185584,1.932693141185585,train
19.548159510000001,15.808400142117394,-3.739759367882607,train
7.406767572000000,9.192372126219675,1.785604554219676,train
17.220739129999998,15.808400142117394,-1.412338987882604,train
12.185540630000000,11.397714798185584,-0.787825831814416,train
14.653272820000000,13.603057470151493,-1.050215349848507,train
10.081362860000000,11.397714798185584,1.316351938185583,train
17.528605480000000,15.808400142117394,-1.720205337882605,train
18.410567660000002,15.808400142117394,-2.602167517882608,train
14.969601590000000,15.808400142117394,0.838798552117394,train
14.195407330000000,13.603057470151493,-0.592349859848508,train
15.461720860000000,13.603057470151493,-1.858663389848507,train
12.603385480000000,15.808400142117394,3.205014662117394,train
19.581099170000002,15.808400142117394,-3.772699027882608,train
15.721159020000000,15.808400142117394,0.087241122117394,train
15.460668090000000,15.808400142117394,0.347732052117394,train
12.741677070000000,15.808400142117394,3.066723072117394,train
16.084768929999999,15.808400142117394,-0.276368787882605,train
16.315194240000000,15.808400142117394,-0.506794097882606,train
9.597383236000001,15.808400142117394,6.211016906117393,train
14.587774530000001,15.808400142117394,1.220625612117393,train
9.313369225000001,13.603057470151493,4.289688245151492,train
17.417356240000000,15.808400142117394,-1.608956097882606,train
15.349762000000000,15.808400142117394,0.458638142117394,train
11.453193369999999,11.397714798185584,-0.055478571814415,train
20.949211680000001,15.808400142117394,-5.140811537882607,train
16.576356100000002,15.808400142117394,-0.767955957882608,train
9.504215391000001,13.603057470151493,4.098842079151492,train
16.887154480000000,15.808400142117394,-1.078754337882605,train
19.386119570000002,15.808400142117394,-3.577719427882608,train
7.798300232000000,11.397714798185584,3.599414566185584,train
13.524033469999999,13.603057470151493,0.079024000151493,train
15.708150699999999,15.808400142117394,0.100249442117395,train
17.342961360000000,15.808400142117394,-1.534561217882606,train
13.280455640000000,9.192372126219675,-4.088083513780324,train
15.171449200000000,13.603057470151493,-1.568391729848507,train
16.474543770000000,15.808400142117394,-0.666143627882606,train
18.416472939999998,15.808400142117394,-2.608072797882604,train
7.244320351000000,13.603057470151493,6.358737119151493,train
15.084987340000000,15.808400142117394,0.723412802117394,train
11.740641040000000,11.397714798185584,-0.342926241814416,train
13.347891870000000,13.603057470151493,0.255165600151493,train
17.718362740000000,15.808400142117394,-1.909962597882606,train
18.691652460000000,15.808400142117394,-2.883252317882606,train
16.944067350000001,15.808400142117394,-1.135667207882607,train
19.548159510000001,15.808400142117394,-3.739759367882607,train
17.604941230000001,15.808400142117394,-1.796541087882607,train
13.385228750000000,11.397714798185584,-1.987513951814416,train
13.704630560000000,15.808400142117394,2.103769582117394,train
12.305158440000000,13.603057470151493,1.297899030151493,train
12.005870720000001,15.808400142117394,3.802529422117393,train
19.215696110000000,15.808400142117394,-3.407295967882606,train
16.445856299999999,15.808400142117394,-0.637456157882605,train
11.219117730000001,13.603057470151493,2.383939740151492,train
11.794741430000000,13.603057470151493,1.808316040151492,train
13.193516340000000,15.808400142117394,2.614883802117394,train
13.653171550000000,15.808400142117394,2.155228592117394,train
14.059426889999999,15.808400142117394,1.748973252117395,train
21.847008880000001,15.808400142117394,-6.038608737882607,train
16.825641959999999,15.808400142117394,-1.017241817882605,train
16.045148099999999,15.808400142117394,-0.236747957882605,train
10.566626749999999,15.808400142117394,5.241773392117395,train
14.971693020000000,15.808400142117394,0.836707122117394,train
16.969445879999999,15.808400142117394,-1.161045737882604,train
19.887657279999999,15.808400142117394,-4.079257137882605,train
17.778489709999999,15.808400142117394,-1.970089567882605,train
15.619947700000001,15.808400142117394,0.188452442117393,train
12.665722310000000,15.808400142117394,3.142677832117394,train
15.975555840000000,15.808400142117394,-0.167155697882606,train
10.796594980000000,11.397714798185584,0.601119818185584,train
18.173130430000001,15.808400142117394,-2.364730287882606,train
18.918055370000001,15.808400142117394,-3.109655227882607,train
13.104360059999999,15.808400142117394,2.704040082117395,train
12.516928139999999,15.808400142117394,3.291472002117395,train
16.050967329999999,13.603057470151493,-2.447909859848506,train
19.568120619999998,15.808400142117394,-3.759720477882604,train
21.155728629999999,15.808400142117394,-5.347328487882605,train
10.044499940000000,15.808400142117394,5.763900202117394,train
9.333676879000000,13.603057470151493,4.269380591151492,train
13.573904210000000,15.808400142117394,2.234495932117394,train
13.609804230000000,13.603057470151493,-0.006746759848507,train
17.403424200000000,15.808400142117394,-1.595024057882606,train
11.466709160000001,15.808400142117394,4.341690982117393,train
19.951029060000000,15.808400142117394,-4.142628917882606,train
16.787130410000000,15.808400142117394,-0.978730267882606,train
19.777790110000002,15.808400142117394,-3.969389967882607,train
17.453087929999999,15.808400142117394,-1.644687787882605,train
10.067425450000000,13.603057470151493,3.535632020151493,train
16.150985429999999,13.603057470151493,-2.547927959848506,train
14.081445730000000,15.808400142117394,1.726954412117394,train
20.378827970000000,15.808400142117394,-4.570427827882606,train
18.218619780000001,15.808400142117394,-2.410219637882607,train
20.002136929999999,15.808400142117394,-4.193736787882605,train
13.434559640000000,15.808400142117394,2.373840502117394,train
14.621178000000000,15.808400142117394,1.187222142117394,train
16.649372469999999,13.603057470151493,-3.046314999848507,train
16.383635770000001,15.808400142117394,-0.575235627882607,train
19.638525399999999,15.808400142117394,-3.830125257882605,train
10.693360550000000,11.397714798185584,0.704354248185584,train
16.446555520000000,15.808400142117394,-0.638155377882606,train
20.573884450000001,15.808400142117394,-4.765484307882607,train
15.138071560000000,13.603057470151493,-1.535014089848508,train
12.810882570000000,11.397714798185584,-1.413167771814416,train
13.451518070000001,15.808400142117394,2.356882072117394,train
12.516536500000001,15.808400142117394,3.291863642117393,train
20.338916540000000,15.808400142117394,-4.530516397882606,train
11.962848040000001,15.808400142117394,3.845552102117393,train
16.184631670000002,15.808400142117394,-0.376231527882608,train
17.967565960000002,15.808400142117394,-2.159165817882608,train
18.813956860000001,15.808400142117394,-3.005556717882607,train
6.997189148000000,6.987029454253767,-0.010159693746234,train
20.507490669999999,15.808400142117394,-4.699090527882605,train
12.414308950000001,15.808400142117394,3.394091192117394,train
15.745222410000000,13.603057470151493,-2.142164939848508,train
18.198749750000001,15.808400142117394,-2.390349607882607,train
16.974877029999998,11.397714798185584,-5.577162231814414,train
13.696038400000001,15.808400142117394,2.112361742117393,train
12.937484510000001,15.808400142117394,2.870915632117393,train
15.371521339999999,15.808400142117394,0.436878802117395,train
16.642175300000002,15.808400142117394,-0.833775157882608,train
21.826246609999998,15.808400142117394,-6.017846467882604,train
16.591185580000001,15.808400142117394,-0.782785437882607,train
14.641484510000000,15.808400142117394,1.166915632117394,train
16.666516089999998,15.808400142117394,-0.858115947882604,train
16.467540350000000,15.808400142117394,-0.659140207882606,train
8.689986375000000,13.603057470151493,4.913071095151492,train
16.234953300000001,13.603057470151493,-2.631895829848508,train
10.985907610000000,6.987029454253767,-3.998878155746233,train
13.484161220000001,15.808400142117394,2.324238922117393,train
14.489198289999999,15.808400142117394,1.319201852117395,train
12.231823620000000,15.808400142117394,3.576576522117394,train
15.901589380000001,15.808400142117394,-0.093189237882607,train
18.168520370000000,15.808400142117394,-2.360120227882605,train
11.958912840000000,15.808400142117394,3.849487302117394,train
14.082245530000000,15.808400142117394,1.726154612117394,train
19.321274480000000,15.808400142117394,-3.512874337882606,train
12.314988690000000,13.603057470151493,1.288068780151493,train
15.730757230000000,15.808400142117394,0.077642912117394,train
18.974928380000001,15.808400142117394,-3.166528237882607,train
17.410111290000000,15.808400142117394,-1.601711147882606,train
15.283600800000000,15.808400142117394,0.524799342117394,train
13.651309870000000,15.808400142117394,2.157090272117394,train
13.640751750000000,15.808400142117394,2.167648392117394,train
10.075860970000001,15.808400142117394,5.732539172117393,train
16.371989090000000,15.808400142117394,-0.563588947882605,train
12.455544780000000,15.808400142117394,3.352855362117394,train
10.735423360000000,13.603057470151493,2.867634110151492,train
19.801125830000000,15.808400142117394,-3.992725687882606,train
20.530701959999998,15.808400142117394,-4.722301817882604,train
14.348354710000001,15.808400142117394,1.460045432117393,train
17.925736050000001,15.808400142117394,-2.117335907882607,train
15.441035230000001,15.808400142117394,0.367364912117393,train
20.206706759999999,13.603057470151493,-6.603649289848507,train
18.548637840000001,15.808400142117394,-2.740237697882607,train
16.006779540000000,13.603057470151493,-2.403722069848508,train
15.483483260000000,15.808400142117394,0.324916882117394,train
16.998338230000002,13.603057470151493,-3.395280759848509,train
14.166394410000001,15.808400142117394,1.642005732117394,train
18.231913190000000,15.808400142117394,-2.423513047882606,train
12.680284130000000,15.808400142117394,3.128116012117394,train
12.134342439999999,13.603057470151493,1.468715030151493,train
9.033284111000000,13.603057470151493,4.569773359151492,train
8.016815566000000,9.192372126219675,1.175556560219675,train
20.111480520000001,15.808400142117394,-4.303080377882607,train
12.467985310000000,13.603057470151493,1.135072160151493,train
13.730082560000000,13.603057470151493,-0.127025089848507,train
20.318512179999999,15.808400142117394,-4.510112037882605,train
14.823940680000000,15.808400142117394,0.984459462117394,train
12.872612289999999,15.808400142117394,2.935787852117395,train
13.963905740000000,15.808400142117394,1.844494402117395,train
16.413527779999999,15.808400142117394,-0.605127637882605,train
16.880890489999999,15.808400142117394,-1.072490347882605,train
18.060068680000001,15.808400142117394,-2.251668537882606,train
16.071858580000001,15.808400142117394,-0.263458437882607,train
9.700477476000000,13.603057470151493,3.902579994151493,train
15.601469870000001,15.808400142117394,0.206930272117393,train
17.677210370000001,15.808400142117394,-1.868810227882607,train
15.713089040000000,15.808400142117394,0.095311102117394,train
17.279532889999999,13.603057470151493,-3.676475419848506,train
16.153313560000001,15.808400142117394,-0.344913417882607,train
16.677311260000000,15.808400142117394,-0.868911117882606,train
11.229974439999999,15.808400142117394,4.578425702117395,train
14.865456829999999,15.808400142117394,0.942943312117395,train
17.202035309999999,13.603057470151493,-3.598977839848507,train
13.387107940000000,15.808400142117394,2.421292202117394,train
20.757719710000000,15.808400142117394,-4.949319567882606,train
13.732278290000000,15.808400142117394,2.076121852117394,train
12.721330699999999,11.397714798185584,-1.323615901814415,train
7.022196589000000,6.987029454253767,-0.035167134746233,train
15.492660570000000,13.603057470151493,-1.889603099848507,train
14.855496300000000,13.603057470151493,-1.252438829848508,train
18.177877190000000,15.808400142117394,-2.369477047882606,train
6.451370560000000,15.808400142117394,9.357029582117395,train
19.561345809999999,15.808400142117394,-3.752945667882605,train
18.150363280000001,15.808400142117394,-2.341963137882606,train
19.658640850000001,15.808400142117394,-3.850240707882607,train
18.119380379999999,15.808400142117394,-2.310980237882605,train
6.443537381000000,4.781686782287862,-1.661850598712138,train
14.006522090000001,13.603057470151493,-0.403464619848508,train
13.991658449999999,15.808400142117394,1.816741692117395,train
18.455313830000001,15.808400142117394,-2.646913687882607,train
15.444107180000000,15.808400142117394,0.364292962117394,train
13.351050870000000,15.808400142117394,2.457349272117394,train
11.563354309999999,13.603057470151493,2.039703160151493,train
10.440453509999999,15.808400142117394,5.367946632117395,train
15.501809350000000,15.808400142117394,0.306590792117394,train
19.579831049999999,15.808400142117394,-3.771430907882605,train
17.476421800000001,15.808400142117394,-1.668021657882607,train
5.212566822000000,11.397714798185584,6.185147976185584,train
14.265023010000000,11.397714798185584,-2.867308211814416,train
13.174077199999999,15.808400142117394,2.634322942117395,train
14.647347920000000,13.603057470151493,-1.044290449848507,train
15.855016500000000,15.808400142117394,-0.046616357882606,train
13.981200950000000,15.808400142117394,1.827199192117394,train
15.869043690000000,15.808400142117394,-0.060643547882606,train
11.760685080000000,13.603057470151493,1.842372390151493,train
17.543770110000001,15.808400142117394,-1.735369967882606,train
20.559452990000000,15.808400142117394,-4.751052847882606,train
18.887233070000001,15.808400142117394,-3.078832927882607,train
13.434559640000000,15.808400142117394,2.373840502117394,train
17.251476510000000,15.808400142117394,-1.443076367882606,train
19.766799840000001,15.808400142117394,-3.958399697882607,train
14.358861820000000,15.808400142117394,1.449538322117395,train
18.492676220000000,15.808400142117394,-2.684276077882606,train
18.079508690000001,15.808400142117394,-2.271108547882607,train
15.487353110000001,15.808400142117394,0.321047032117393,train
15.401588530000000,13.603057470151493,-1.798531059848507,train
18.752081900000000,15.808400142117394,-2.943681757882606,train
10.687174969999999,11.397714798185584,0.710539828185585,train
10.208517240000001,15.808400142117394,5.599882902117393,train
16.060550599999999,13.603057470151493,-2.457493129848507,train
19.415082600000002,15.808400142117394,-3.606682457882608,train
18.185928499999999,15.808400142117394,-2.377528357882605,train
14.919076830000000,15.808400142117394,0.889323312117394,train
5.945742344000000,15.808400142117394,9.862657798117393,train
13.869570440000000,13.603057470151493,-0.266512969848508,train
19.038508860000000,15.808400142117394,-3.230108717882606,train
20.409843720000001,15.808400142117394,-4.601443577882607,train
14.770315230000000,13.603057470151493,-1.167257759848507,train
12.921927880000000,15.808400142117394,2.886472262117394,train
10.610048430000001,15.808400142117394,5.198351712117393,train
12.719426690000001,15.808400142117394,3.088973452117393,train
18.167475530000001,15.808400142117394,-2.359075387882607,train
18.526727579999999,15.808400142117394,-2.718327437882605,train
11.797385950000001,13.603057470151493,1.805671520151492,train
16.955267960000000,15.808400142117394,-1.146867817882606,train
19.534056600000000,15.808400142117394,-3.725656457882605,train
21.361543420000000,15.808400142117394,-5.553143277882606,train
12.299213780000001,15.808400142117394,3.509186362117394,train
10.147269880000000,13.603057470151493,3.455787590151493,train
10.749157640000000,15.808400142117394,5.059242502117394,train
9.084694588000000,15.808400142117394,6.723705554117394,train
17.619108449999999,15.808400142117394,-1.810708307882605,train
11.766185920000000,15.808400142117394,4.042214222117394,train
18.400793730000000,13.603057470151493,-4.797736259848508,train
14.526920450000000,15.808400142117394,1.281479692117394,train
17.541291120000000,15.808400142117394,-1.732890977882606,train
15.151488420000000,15.808400142117394,0.656911722117394,train
12.873091470000000,15.808400142117394,2.935308672117394,train
16.486978369999999,15.808400142117394,-0.678578227882605,train
16.091722810000000,13.603057470151493,-2.488665339848508,train
13.106876120000001,13.603057470151493,0.496181350151492,train
15.619151590000000,15.808400142117394,0.189248552117395,train
11.671417340000000,15.808400142117394,4.136982802117394,train
13.150242349999999,13.603057470151493,0.452815120151493,train
17.357002160000000,15.808400142117394,-1.548602017882606,train
9.327458108000000,15.808400142117394,6.480942034117394,train
13.131115840000000,15.808400142117394,2.677284302117394,train
12.780767089999999,13.603057470151493,0.822290380151493,train
14.798872859999999,13.603057470151493,-1.195815389848507,train
17.837173740000001,15.808400142117394,-2.028773597882607,train
15.264002130000000,15.808400142117394,0.544398012117394,train
8.973449326000001,11.397714798185584,2.424265472185583,train
16.654788119999999,15.808400142117394,-0.846387977882605,train
11.706622330000000,15.808400142117394,4.101777812117394,train
18.008956649999998,15.808400142117394,-2.200556507882604,train
15.181710349999999,13.603057470151493,-1.578652879848507,train
10.627496180000000,13.603057470151493,2.975561290151493,train
18.399598910000002,15.808400142117394,-2.591198767882608,train
17.157423619999999,15.808400142117394,-1.349023477882605,train
13.737110980000001,15.808400142117394,2.071289162117393,train
15.395581130000000,15.808400142117394,0.412819012117394,train
14.735401220000000,13.603057470151493,-1.132343749848507,train
18.267391430000000,15.808400142117394,-2.458991287882606,train
8.567161376000000,13.603057470151493,5.035896094151493,train
16.980513200000001,13.603057470151493,-3.377455729848508,train
19.867962649999999,15.808400142117394,-4.059562507882605,train
13.408033870000001,15.808400142117394,2.400366272117394,train
12.725413910000000,13.603057470151493,0.877643560151492,train
15.151488420000000,15.808400142117394,0.656911722117394,train
13.894562010000000,13.603057470151493,-0.291504539848507,train
9.624681603000001,15.808400142117394,6.183718539117393,train
13.338428220000001,13.603057470151493,0.264629250151492,train
17.602282039999999,15.808400142117394,-1.793881897882605,train
14.875233930000000,15.808400142117394,0.933166212117394,train
14.482843440000000,13.603057470151493,-0.879785969848507,train
12.554072590000001,15.808400142117394,3.254327552117394,train
14.755884080000000,11.397714798185584,-3.358169281814416,train
16.659774370000001,15.808400142117394,-0.851374227882607,train
20.216294019999999,15.808400142117394,-4.407893877882605,train
12.508992129999999,15.808400142117394,3.299408012117395,train
14.430442630000000,13.603057470151493,-0.827385159848507,train
14.621541960000000,15.808400142117394,1.186858182117394,train
15.162873720000000,15.808400142117394,0.645526422117394,train
18.932308389999999,15.808400142117394,-3.123908247882605,train
9.474580454000000,9.192372126219675,-0.282208327780324,train
13.502360010000000,15.808400142117394,2.306040132117394,train
12.433909370000000,13.603057470151493,1.169148100151492,train
19.551318070000001,15.808400142117394,-3.742917927882607,train
13.580781020000000,15.808400142117394,2.227619122117394,train
15.335005770000000,15.808400142117394,0.473394372117394,train
19.426839749999999,15.808400142117394,-3.618439607882605,train
13.050009930000000,13.603057470151493,0.553047540151493,train
16.400886570000001,15.808400142117394,-0.592486427882607,train
20.772032740000000,15.808400142117394,-4.963632597882606,train
11.603084650000000,11.397714798185584,-0.205369851814416,train
16.337534210000001,15.808400142117394,-0.529134067882607,train
9.356938982000001,15.808400142117394,6.451461160117393,train
17.900558149999998,13.603057470151493,-4.297500679848506,train
9.372594304000000,15.808400142117394,6.435805838117394,train
16.750522990000000,15.808400142117394,-0.942122847882606,train
10.222073370000000,15.808400142117394,5.586326772117394,train
16.211130059999999,13.603057470151493,-2.608072589848506,train
8.628755386000000,13.603057470151493,4.974302084151493,train
10.117141240000000,13.603057470151493,3.485916230151492,train
18.376501340000001,15.808400142117394,-2.568101197882607,train
20.735393699999999,15.808400142117394,-4.926993557882605,train
19.711899270000000,15.808400142117394,-3.903499127882606,train
17.686195000000001,15.808400142117394,-1.877794857882607,train
13.353752310000001,15.808400142117394,2.454647832117393,train
14.409028169999999,15.808400142117394,1.399371972117395,train
12.571899690000000,15.808400142117394,3.236500452117394,train
11.728901329999999,13.603057470151493,1.874156140151493,train
13.087911310000001,15.808400142117394,2.720488832117393,train
17.243956950000001,15.808400142117394,-1.435556807882607,train
18.786391299999998,15.808400142117394,-2.977991157882604,train
16.455882200000001,15.808400142117394,-0.647482057882607,train
15.257328590000000,13.603057470151493,-1.654271119848508,train
16.580406329999999,15.808400142117394,-0.772006187882605,train
18.224647300000001,15.808400142117394,-2.416247157882607,train
14.002704230000001,15.808400142117394,1.805695912117393,train
16.500022980000001,15.808400142117394,-0.691622837882607,train
14.261766030000000,13.603057470151493,-0.658708559848508,train
19.754151929999999,15.808400142117394,-3.945751787882605,train
17.500311860000000,15.808400142117394,-1.691911717882606,train
12.006039360000001,15.808400142117394,3.802360782117393,train
18.781057730000001,15.808400142117394,-2.972657587882606,train
15.053865430000000,15.808400142117394,0.754534712117394,train
4.400832516000000,15.808400142117394,11.407567626117395,train
17.931416370000001,13.603057470151493,-4.328358899848508,train
10.839660530000000,13.603057470151493,2.763396940151493,train
18.932113309999998,15.808400142117394,-3.123713167882604,train
11.877095130000001,15.808400142117394,3.931305012117393,train
19.185013970000000,15.808400142117394,-3.376613827882606,train
17.531401599999999,15.808400142117394,-1.723001457882605,train
21.755156979999999,15.808400142117394,-5.946756837882605,train
16.106385759999998,15.808400142117394,-0.297985617882604,train
15.235161720000001,15.808400142117394,0.573238422117393,train
20.226657390000000,15.808400142117394,-4.418257247882606,train
20.241642150000001,15.808400142117394,-4.433242007882606,train
11.773623069999999,15.808400142117394,4.034777072117395,train
15.541112620000000,15.808400142117394,0.267287522117394,train
20.615434940000000,15.808400142117394,-4.807034797882606,train
14.700852680000001,15.808400142117394,1.107547462117394,train
16.525769570000001,15.808400142117394,-0.717369427882607,train
21.433686120000001,15.808400142117394,-5.625285977882607,train
14.458045650000001,13.603057470151493,-0.854988179848508,train
17.646818960000001,15.808400142117394,-1.838418817882607,train
11.545856000000001,15.808400142117394,4.262544142117394,train
13.889911390000000,15.808400142117394,1.918488752117394,train
15.331632720000000,13.603057470151493,-1.728575249848507,train
17.369028090000000,15.808400142117394,-1.560627947882606,train
13.931524950000000,15.808400142117394,1.876875192117394,train
15.339236400000001,15.808400142117394,0.469163742117393,train
16.241112560000001,15.808400142117394,-0.432712417882607,train
17.501932940000000,15.808400142117394,-1.693532797882606,train
11.788995690000000,15.808400142117394,4.019404452117394,train
9.256363412000001,15.808400142117394,6.552036730117393,train
10.057729640000000,9.192372126219675,-0.865357513780324,train
15.816953310000001,15.808400142117394,-0.008553167882607,train
13.762312000000000,13.603057470151493,-0.159254529848507,train
15.128748790000000,15.808400142117394,0.679651352117395,train
8.317378718000001,11.397714798185584,3.080336080185583,train
13.852518870000001,15.808400142117394,1.955881272117393,train
15.554677529999999,15.808400142117394,0.253722612117395,train
17.284564240000002,15.808400142117394,-1.476164097882608,train
16.967051380000001,15.808400142117394,-1.158651237882607,train
14.685443780000000,13.603057470151493,-1.082386309848507,train
14.596966760000001,13.603057470151493,-0.993909289848508,train
16.752589290000000,15.808400142117394,-0.944189147882605,train
12.979109990000000,15.808400142117394,2.829290152117395,train
17.098517189999999,13.603057470151493,-3.495459719848506,train
16.808950979999999,13.603057470151493,-3.205893509848506,train
9.806684299000000,15.808400142117394,6.001715843117394,train
13.587055830000001,15.808400142117394,2.221344312117393,train
16.556553930000000,15.808400142117394,-0.748153787882606,train
12.846089879999999,15.808400142117394,2.962310262117395,train
11.384985080000000,13.603057470151493,2.218072390151493,train
12.698136060000000,13.603057470151493,0.904921410151493,train
15.560551300000000,15.808400142117394,0.247848842117394,train
11.416745360000000,13.603057470151493,2.186312110151492,train
19.086240690000000,15.808400142117394,-3.277840547882606,train
16.366488019999998,15.808400142117394,-0.558087877882604,train
15.094357740000000,15.808400142117394,0.714042402117395,train
15.706840379999999,15.808400142117394,0.101559762117395,train
15.537511620000000,15.808400142117394,0.270888522117394,train
9.180573644000001,11.397714798185584,2.217141154185583,train
17.006011440000002,15.808400142117394,-1.197611297882608,train
19.227441580000001,15.808400142117394,-3.419041437882607,train
15.128809660000000,13.603057470151493,-1.525752189848507,train
12.126427300000000,15.808400142117394,3.681972842117395,train
12.933510679999999,15.808400142117394,2.874889462117395,train
15.363890410000000,15.808400142117394,0.444509732117394,train
14.082543870000000,15.808400142117394,1.725856272117394,train
11.683335560000000,15.808400142117394,4.125064582117394,train
13.317200200000000,15.808400142117394,2.491199942117394,train
8.933456430000000,15.808400142117394,6.874943712117394,train
15.682565840000001,13.603057470151493,-2.079508369848508,train
18.573496819999999,15.808400142117394,-2.765096677882605,train
16.706594970000001,15.808400142117394,-0.898194827882607,train
10.319922930000001,15.808400142117394,5.488477212117393,train
10.129333660000000,13.603057470151493,3.473723810151492,train
14.708497230000001,15.808400142117394,1.099902912117393,train
14.509565200000001,15.808400142117394,1.298834942117393,train
14.530169570000000,15.808400142117394,1.278230572117394,train
16.898149340000000,15.808400142117394,-1.089749197882606,train
11.513297200000000,15.808400142117394,4.295102942117394,train
8.524377429999999,15.808400142117394,7.284022712117395,train
20.304720629999998,15.808400142117394,-4.496320487882604,train
15.550029810000000,13.603057470151493,-1.946972339848507,train
0.000000000000000,13.603057470151493,13.603057470151493,train
19.153551400000001,15.808400142117394,-3.345151257882607,train
15.345537119999999,13.603057470151493,-1.742479649848507,train
12.069712180000000,15.808400142117394,3.738687962117394,train
14.974151270000000,13.603057470151493,-1.371093799848508,train
15.855406970000001,15.808400142117394,-0.047006827882607,train
19.730210960000001,15.808400142117394,-3.921810817882607,train
8.531232202000000,6.987029454253767,-1.544202747746233,train
12.235435830000000,15.808400142117394,3.572964312117394,train
15.937648660000001,15.808400142117394,-0.129248517882607,train
15.458372689999999,15.808400142117394,0.350027452117395,train
13.707146379999999,15.808400142117394,2.101253762117395,train
16.410823160000000,11.397714798185584,-5.013108361814416,train
13.654652770000000,13.603057470151493,-0.051595299848508,train
10.975435020000001,15.808400142117394,4.832965122117393,train
14.440946410000000,15.808400142117394,1.367453732117394,train
16.251823340000001,15.808400142117394,-0.443423197882607,train
20.151488610000001,15.808400142117394,-4.343088467882607,train
16.428608799999999,15.808400142117394,-0.620208657882605,train
16.821112320000001,15.808400142117394,-1.012712177882607,train
15.229100450000001,15.808400142117394,0.579299692117393,train
14.236783510000000,13.603057470151493,-0.633726039848508,train
18.895051740000000,15.808400142117394,-3.086651597882605,train
13.052645990000000,15.808400142117394,2.755754152117394,train
15.290894209999999,15.808400142117394,0.517505932117395,train
18.885122970000001,15.808400142117394,-3.076722827882607,train
16.201527389999999,15.808400142117394,-0.393127247882605,train
10.763876760000000,13.603057470151493,2.839180710151492,train
13.099899850000000,9.192372126219675,-3.907527723780325,train
14.605625670000000,15.808400142117394,1.202774472117394,train
17.459662829999999,15.808400142117394,-1.651262687882605,train
19.488542500000001,15.808400142117394,-3.680142357882607,train
15.757482030000000,15.808400142117394,0.050918112117394,train
16.235341600000002,13.603057470151493,-2.632284129848509,train
13.890229070000000,13.603057470151493,-0.287171599848508,train
12.074711680000000,11.397714798185584,-0.676996881814416,train
15.206039240000001,15.808400142117394,0.602360902117393,train
19.401174529999999,15.808400142117394,-3.592774387882605,train
17.372238119999999,15.808400142117394,-1.563837977882605,train
10.876006739999999,15.808400142117394,4.932393402117395,train
15.123004999999999,15.808400142117394,0.685395142117395,train
14.178175939999999,15.808400142117394,1.630224202117395,train
10.955840390000001,15.808400142117394,4.852559752117394,train
5.893627044000000,13.603057470151493,7.709430426151493,train
15.844645390000000,15.808400142117394,-0.036245247882606,train
12.602596110000000,11.397714798185584,-1.204881311814416,train
18.460991230000001,15.808400142117394,-2.652591087882607,train
14.971693020000000,15.808400142117394,0.836707122117394,train
9.996287400000000,13.603057470151493,3.606770070151493,train
19.985819639999999,15.808400142117394,-4.177419497882605,train
20.554412840000001,15.808400142117394,-4.746012697882607,train
16.092746900000002,15.808400142117394,-0.284346757882608,train
5.044899163000000,11.397714798185584,6.352815635185584,train
18.774071330000002,15.808400142117394,-2.965671187882608,train
11.198889790000001,11.397714798185584,0.198825008185583,train
14.276468430000000,15.808400142117394,1.531931712117395,train
15.178274460000001,15.808400142117394,0.630125682117393,train
18.491368590000000,15.808400142117394,-2.682968447882606,train
15.651641570000001,15.808400142117394,0.156758572117393,train
14.642365000000000,13.603057470151493,-1.039307529848507,train
16.979000460000002,15.808400142117394,-1.170600317882608,train
20.469004970000000,15.808400142117394,-4.660604827882606,train
18.173130430000001,15.808400142117394,-2.364730287882606,train
18.657609850000000,15.808400142117394,-2.849209707882606,train
13.750744950000000,15.808400142117394,2.057655192117394,train
13.212342590000000,13.603057470151493,0.390714880151492,train
17.629488169999998,13.603057470151493,-4.026430699848506,train
17.694823700000001,15.808400142117394,-1.886423557882607,train
16.059508130000001,15.808400142117394,-0.251107987882607,train
12.886675990000001,13.603057470151493,0.716381480151492,train
12.639414329999999,13.603057470151493,0.963643140151493,train
11.956049220000001,13.603057470151493,1.647008250151492,train
14.533600880000000,13.603057470151493,-0.930543409848507,train
18.857002470000001,15.808400142117394,-3.048602327882607,train
13.699052549999999,13.603057470151493,-0.095995079848507,train
16.161668540000001,15.808400142117394,-0.353268397882607,train
18.436596609999999,15.808400142117394,-2.628196467882605,train
17.763658889999999,15.808400142117394,-1.955258747882604,train
11.801946839999999,15.808400142117394,4.006453302117395,train
13.694672929999999,15.808400142117394,2.113727212117395,train
17.442107660000001,15.808400142117394,-1.633707517882607,train
11.432110959999999,15.808400142117394,4.376289182117395,train
15.649548110000000,15.808400142117394,0.158852032117395,train
4.124903252000000,13.603057470151493,9.478154218151492,train
19.177244800000000,15.808400142117394,-3.368844657882606,train
16.384037200000002,13.603057470151493,-2.780979729848509,train
12.430418830000001,15.808400142117394,3.377981312117393,train
15.796953810000000,13.603057470151493,-2.193896339848507,train
18.852954780000001,15.808400142117394,-3.044554637882607,train
13.608420470000000,13.603057470151493,-0.005362999848508,train
14.181975800000000,15.808400142117394,1.626424342117394,train
10.889635589999999,15.808400142117394,4.918764552117395,train
19.107812750000001,15.808400142117394,-3.299412607882607,train
12.473298750000000,15.808400142117394,3.335101392117394,train
17.045099600000000,15.808400142117394,-1.236699457882606,train
17.520698440000000,15.808400142117394,-1.712298297882606,train
17.087970760000001,13.603057470151493,-3.484913289848508,train
17.698842100000000,15.808400142117394,-1.890441957882606,train
15.957145450000001,15.808400142117394,-0.148745307882606,train
22.419780660000001,15.808400142117394,-6.611380517882607,train
21.310933400000000,15.808400142117394,-5.502533257882606,train
19.332326599999998,13.603057470151493,-5.729269129848506,train
15.304904340000000,11.397714798185584,-3.907189541814416,train
19.621303040000001,15.808400142117394,-3.812902897882607,train
9.283857489000001,15.808400142117394,6.524542653117393,train
4.056860224000000,11.397714798185584,7.340854574185584,train
18.724690200000001,15.808400142117394,-2.916290057882607,train
13.473718650000000,13.603057470151493,0.129338820151492,train
11.012569330000000,13.603057470151493,2.590488140151493,train
19.015278599999998,15.808400142117394,-3.206878457882604,train
12.932858700000001,9.192372126219675,-3.740486573780325,train
14.283067190000001,15.808400142117394,1.525332952117394,train
8.422266668000001,11.397714798185584,2.975448130185583,train
10.578480190000001,11.397714798185584,0.819234608185583,train
15.142297200000000,15.808400142117394,0.666102942117394,train
16.144710130000000,15.808400142117394,-0.336309987882606,train
10.852215729999999,15.808400142117394,4.956184412117395,train
19.862464259999999,15.808400142117394,-4.054064117882605,train
16.582109840000001,15.808400142117394,-0.773709697882607,train
9.496073787000000,15.808400142117394,6.312326355117394,train
8.390937607000000,11.397714798185584,3.006777191185584,train
18.289529970000000,15.808400142117394,-2.481129827882606,train
20.672933340000000,15.808400142117394,-4.864533197882606,train
12.771939010000001,15.808400142117394,3.036461132117394,train
15.660401820000001,15.808400142117394,0.147998322117393,train
19.745857569999998,15.808400142117394,-3.937457427882604,train
8.247510508000000,15.808400142117394,7.560889634117395,train
20.836393229999999,15.808400142117394,-5.027993087882605,train
12.751125750000000,13.603057470151493,0.851931720151493,train
17.765138579999999,15.808400142117394,-1.956738437882604,train
14.537166109999999,15.808400142117394,1.271234032117395,train
18.689330089999999,13.603057470151493,-5.086272619848506,train
6.289576746000000,15.808400142117394,9.518823396117394,train
17.920062349999998,15.808400142117394,-2.111662207882604,train
14.482679620000001,15.808400142117394,1.325720522117393,train
14.253731990000000,15.808400142117394,1.554668152117394,train
20.844843010000002,15.808400142117394,-5.036442867882608,train
15.181695500000000,11.397714798185584,-3.783980701814416,train
16.168212140000001,15.808400142117394,-0.359811997882607,train
17.832080000000001,15.808400142117394,-2.023679857882607,train
14.534484870000000,13.603057470151493,-0.931427399848507,train
11.904572890000001,15.808400142117394,3.903827252117393,train
15.149017690000001,15.808400142117394,0.659382452117393,train
13.952523810000001,15.808400142117394,1.855876332117393,train
15.873155430000001,15.808400142117394,-0.064755287882607,train
16.587824160000000,15.808400142117394,-0.779424017882606,train
13.533760859999999,13.603057470151493,0.069296610151493,train
0.000000000000000,6.987029454253767,6.987029454253767,train
18.388491009999999,15.808400142117394,-2.580090867882605,train
15.171929609999999,15.808400142117394,0.636470532117395,train
15.694316640000000,13.603057470151493,-2.091259169848508,train
17.277318139999998,13.603057470151493,-3.674260669848506,train
21.432177500000002,15.808400142117394,-5.623777357882608,train
12.532904400000000,15.808400142117394,3.275495742117394,train
7.440012119000000,13.603057470151493,6.163045351151492,train
13.316099220000000,15.808400142117394,2.492300922117394,train
13.692835430000001,15.808400142117394,2.115564712117393,train
13.955598280000000,15.808400142117394,1.852801862117394,train
12.675781089999999,15.808400142117394,3.132619052117395,train
20.489562599999999,15.808400142117394,-4.681162457882605,train
20.408962079999998,15.808400142117394,-4.600561937882604,train
14.852746710000000,11.397714798185584,-3.455031911814416,train
14.610151439999999,13.603057470151493,-1.007093969848507,train
15.251343869999999,15.808400142117394,0.557056272117395,train
15.942348559999999,13.603057470151493,-2.339291089848507,train
15.779960559999999,15.808400142117394,0.028439582117395,train
17.302002210000001,15.808400142117394,-1.493602067882607,train
13.674500330000001,13.603057470151493,-0.071442859848508,train
15.961401800000001,15.808400142117394,-0.153001657882607,train
8.366398189000000,15.808400142117394,7.442001953117394,train
17.799778190000001,15.808400142117394,-1.991378047882607,train
14.312645229999999,13.603057470151493,-0.709587759848507,train
13.866149860000000,11.397714798185584,-2.468435061814416,train
14.400446690000001,15.808400142117394,1.407953452117393,train
14.412592240000000,13.603057470151493,-0.809534769848508,train
16.855928810000002,13.603057470151493,-3.252871339848509,train
18.197659089999998,15.808400142117394,-2.389258947882604,train
15.919292820000001,13.603057470151493,-2.316235349848508,train
15.254496019999999,15.808400142117394,0.553904122117395,train
14.334344520000000,11.397714798185584,-2.936629721814416,train
9.362236961000001,13.603057470151493,4.240820509151492,train
11.424039590000000,15.808400142117394,4.384360552117395,train
15.013217010000000,13.603057470151493,-1.410159539848507,train
10.543302949999999,15.808400142117394,5.265097192117395,train
18.669491000000001,15.808400142117394,-2.861090857882607,train
14.728534430000000,15.808400142117394,1.079865712117394,train
17.495457940000001,15.808400142117394,-1.687057797882607,train
16.119549270000000,15.808400142117394,-0.311149127882606,train
15.078818480000001,15.808400142117394,0.729581662117393,train
9.883006959999999,9.192372126219675,-0.690634833780324,train
11.556923180000000,15.808400142117394,4.251476962117394,train
14.983293240000000,15.808400142117394,0.825106902117394,train
4.769889602000000,13.603057470151493,8.833167868151492,train
15.579938130000000,15.808400142117394,0.228462012117394,train
19.097479310000001,15.808400142117394,-3.289079167882607,train
18.544133540000001,15.808400142117394,-2.735733397882607,train
11.737685150000001,15.808400142117394,4.070714992117393,train
18.491604200000001,15.808400142117394,-2.683204057882607,train
16.865731449999998,15.808400142117394,-1.057331307882604,train
14.270491990000000,15.808400142117394,1.537908152117394,train
19.889622299999999,15.808400142117394,-4.081222157882605,train
18.553719180000002,15.808400142117394,-2.745319037882608,train
10.378901450000001,11.397714798185584,1.018813348185583,train
12.765136670000000,15.808400142117394,3.043263472117394,train
18.093373490000001,15.808400142117394,-2.284973347882607,train
17.303379240000002,15.808400142117394,-1.494979097882608,train
18.741529220000000,15.808400142117394,-2.933129077882606,train
12.755670100000000,15.808400142117394,3.052730042117394,train
15.533644470000000,15.808400142117394,0.274755672117394,train
17.014037360000000,15.808400142117394,-1.205637217882606,train
18.335930059999999,15.808400142117394,-2.527529917882605,train
18.087614869999999,15.808400142117394,-2.279214727882605,train
13.200759870000001,13.603057470151493,0.402297600151492,train
20.454725239999998,15.808400142117394,-4.646325097882604,train
8.288589043000000,9.192372126219675,0.903783083219675,train
16.372794750000001,15.808400142117394,-0.564394607882607,train
15.865485440000000,15.808400142117394,-0.057085297882606,train
14.702331190000001,15.808400142117394,1.106068952117393,train
15.455083800000001,15.808400142117394,0.353316342117393,train
17.974810450000000,15.808400142117394,-2.166410307882606,train
15.594341699999999,15.808400142117394,0.214058442117395,train
17.558362780000000,13.603057470151493,-3.955305309848507,train
16.004128829999999,15.808400142117394,-0.195728687882605,train
22.039598890000001,15.808400142117394,-6.231198747882607,train
15.275176999999999,15.808400142117394,0.533223142117395,train
11.027388280000000,13.603057470151493,2.575669190151492,train
14.497180580000000,15.808400142117394,1.311219562117394,train
8.275143802000001,13.603057470151493,5.327913668151492,train
13.333850370000000,15.808400142117394,2.474549772117394,train
21.354619490000001,15.808400142117394,-5.546219347882607,train
14.033412940000000,13.603057470151493,-0.430355469848507,train
14.687506839999999,11.397714798185584,-3.289792041814415,train
12.180562810000000,15.808400142117394,3.627837332117394,train
13.847924130000001,15.808400142117394,1.960476012117393,train
18.035003580000001,15.808400142117394,-2.226603437882607,train
16.428608799999999,15.808400142117394,-0.620208657882605,train
16.173668310000000,15.808400142117394,-0.365268167882606,train
17.381292490000000,15.808400142117394,-1.572892347882606,train
19.386119570000002,15.808400142117394,-3.577719427882608,train
16.817645639999999,15.808400142117394,-1.009245497882604,train
12.310416740000001,15.808400142117394,3.497983402117393,train
14.258051849999999,11.397714798185584,-2.860337051814415,train
9.869967966000001,15.808400142117394,5.938432176117393,train
18.900816480000000,15.808400142117394,-3.092416337882606,train
17.246192210000000,13.603057470151493,-3.643134739848508,train
15.601058770000000,15.808400142117394,0.207341372117394,train
8.010952754000000,15.808400142117394,7.797447388117394,train
14.723913270000001,13.603057470151493,-1.120855799848508,train
14.774370920000001,15.808400142117394,1.034029222117393,train
15.959094520000001,15.808400142117394,-0.150694377882607,train
12.069131680000000,15.808400142117394,3.739268462117394,train
13.502031300000001,15.808400142117394,2.306368842117394,train
13.523847399999999,13.603057470151493,0.079210070151493,train
19.394368190000002,15.808400142117394,-3.585968047882607,train
19.013090070000001,15.808400142117394,-3.204689927882606,train
17.385891510000000,15.808400142117394,-1.577491367882606,train
15.736367880000000,13.603057470151493,-2.133310409848507,train
15.551920450000001,15.808400142117394,0.256479692117393,train
15.186519479999999,15.808400142117394,0.621880662117395,train
15.780443119999999,15.808400142117394,0.027957022117395,train
7.601847471000000,15.808400142117394,8.206552671117393,train
13.762312000000000,13.603057470151493,-0.159254529848507,train
16.556259170000001,15.808400142117394,-0.747859027882606,train
16.993101100000001,15.808400142117394,-1.184700957882606,train
13.879035070000000,13.603057470151493,-0.275977599848508,train
12.945827830000001,15.808400142117394,2.862572312117393,train
12.416827509999999,15.808400142117394,3.391572632117395,train
11.319234020000000,15.808400142117394,4.489166122117394,train
15.320388960000001,15.808400142117394,0.488011182117393,train
11.327430250000001,15.808400142117394,4.480969892117393,train
13.101392420000000,15.808400142117394,2.707007722117394,train
16.781974920000000,15.808400142117394,-0.973574777882606,train
17.867342600000001,15.808400142117394,-2.058942457882607,train
18.769412899999999,15.808400142117394,-2.961012757882605,train
15.879937780000001,13.603057470151493,-2.276880309848508,train
13.447271110000001,13.603057470151493,0.155786360151492,train
19.789867180000002,15.808400142117394,-3.981467037882608,train
13.604776950000000,15.808400142117394,2.203623192117394,train
21.649655540000001,15.808400142117394,-5.841255397882607,train
14.286868150000000,15.808400142117394,1.521531992117394,train
13.911041060000001,15.808400142117394,1.897359082117394,train
14.408873050000000,13.603057470151493,-0.805815579848508,train
18.017344500000000,13.603057470151493,-4.414287029848508,train
18.950971450000001,15.808400142117394,-3.142571307882607,train
12.033081080000001,15.808400142117394,3.775319062117394,train
16.086176110000000,15.808400142117394,-0.277775967882606,train
14.345334100000001,15.808400142117394,1.463066042117394,train
10.977454740000001,11.397714798185584,0.420260058185583,train
17.489905409999999,15.808400142117394,-1.681505267882605,train
11.506607420000000,15.808400142117394,4.301792722117394,train
18.538435740000001,13.603057470151493,-4.935378269848508,train
13.187005610000000,15.808400142117394,2.621394532117394,train
15.829026239999999,15.808400142117394,-0.020626097882605,train
15.784083420000000,15.808400142117394,0.024316722117394,train
18.863798780000000,15.808400142117394,-3.055398637882606,train
14.579913080000001,13.603057470151493,-0.976855609848508,train
15.063978140000000,15.808400142117394,0.744422002117394,train
14.457092390000000,15.808400142117394,1.351307752117394,train
16.698457739999998,15.808400142117394,-0.890057597882604,train
17.251236710000001,13.603057470151493,-3.648179239848508,train
13.557360490000001,13.603057470151493,0.045696980151492,train
10.833729110000000,9.192372126219675,-1.641356983780325,train
12.112920830000000,15.808400142117394,3.695479312117394,train
17.014037360000000,15.808400142117394,-1.205637217882606,train
22.163242669999999,15.808400142117394,-6.354842527882605,train
13.738145619999999,15.808400142117394,2.070254522117395,train
17.357860509999998,15.808400142117394,-1.549460367882604,train
19.627531510000001,15.808400142117394,-3.819131367882607,train
17.474111430000001,15.808400142117394,-1.665711287882607,train
18.878360590000000,15.808400142117394,-3.069960447882606,train
19.144966069999999,15.808400142117394,-3.336565927882605,train
14.693360009999999,13.603057470151493,-1.090302539848507,train
10.233653670000001,15.808400142117394,5.574746472117393,train
13.888259939999999,13.603057470151493,-0.285202469848507,train
7.510945301000000,15.808400142117394,8.297454841117395,train
16.869089030000001,15.808400142117394,-1.060688887882607,train
16.666247039999998,15.808400142117394,-0.857846897882604,train
15.446961510000000,15.808400142117394,0.361438632117395,train
19.298401170000002,15.808400142117394,-3.490001027882608,train
19.516543039999998,15.808400142117394,-3.708142897882604,train
18.433965910000001,15.808400142117394,-2.625565767882607,train
15.869671880000000,15.808400142117394,-0.061271737882606,train
13.213264860000001,15.808400142117394,2.595135282117393,train
18.902043729999999,15.808400142117394,-3.093643587882605,train
16.164738610000001,15.808400142117394,-0.356338467882606,train
14.944980440000000,13.603057470151493,-1.341922969848508,train
16.085845230000000,15.808400142117394,-0.277445087882606,train
19.951458339999999,15.808400142117394,-4.143058197882604,train
19.634514710000001,15.808400142117394,-3.826114567882607,train
14.265362820000000,15.808400142117394,1.543037322117394,train
5.817129693000000,11.397714798185584,5.580585105185584,train
13.412358510000001,15.808400142117394,2.396041632117393,train
14.867478739999999,15.808400142117394,0.940921402117395,train
16.724781440000001,15.808400142117394,-0.916381297882607,train
18.929452269999999,15.808400142117394,-3.121052127882605,train
13.303342750000001,15.808400142117394,2.505057392117394,train
19.350876939999999,15.808400142117394,-3.542476797882605,train
16.068617799999998,15.808400142117394,-0.260217657882604,train
5.854242722000000,15.808400142117394,9.954157420117394,train
11.972583009999999,15.808400142117394,3.835817132117395,train
8.458580268000000,11.397714798185584,2.939134530185584,train
19.443031930000000,15.808400142117394,-3.634631787882606,train
13.368553690000001,13.603057470151493,0.234503780151492,train
18.327613360000001,15.808400142117394,-2.519213217882607,train
16.807778979999998,15.808400142117394,-0.999378837882604,train
9.900212474000000,15.808400142117394,5.908187668117394,train
14.115583200000000,13.603057470151493,-0.512525729848507,train
16.014611779999999,15.808400142117394,-0.206211637882605,train
16.735807449999999,15.808400142117394,-0.927407307882605,train
14.219176930000000,15.808400142117394,1.589223212117394,train
21.235557539999999,15.808400142117394,-5.427157397882604,train
18.957833760000000,13.603057470151493,-5.354776289848507,train
10.638621250000000,13.603057470151493,2.964436220151493,train
18.879202729999999,15.808400142117394,-3.070802587882605,train
17.620740330000000,15.808400142117394,-1.812340187882606,train
18.204801639999999,15.808400142117394,-2.396401497882605,train
15.397157760000001,13.603057470151493,-1.794100289848508,train
12.631379519999999,11.397714798185584,-1.233664721814415,train
19.321283260000001,15.808400142117394,-3.512883117882607,train
19.324076130000002,15.808400142117394,-3.515675987882608,train
11.864522210000001,15.808400142117394,3.943877932117394,train
7.588180224000000,6.987029454253767,-0.601150769746233,train
18.147658040000000,15.808400142117394,-2.339257897882606,train
13.694947920000001,15.808400142117394,2.113452222117393,train
16.191258810000001,15.808400142117394,-0.382858667882607,train
15.112416959999999,15.808400142117394,0.695983182117395,train
16.606268109999998,15.808400142117394,-0.797867967882604,train
9.542120777999999,15.808400142117394,6.266279364117395,train
11.755282140000000,15.808400142117394,4.053118002117394,train
19.537063830000001,15.808400142117394,-3.728663687882607,train
0.000000000000000,0.371001438356048,0.371001438356048,train
11.163390639999999,11.397714798185584,0.234324158185585,train
19.573726279999999,13.603057470151493,-5.970668809848506,train
13.128976180000000,13.603057470151493,0.474081290151492,train
12.349699260000000,15.808400142117394,3.458700882117395,train
21.872699409999999,15.808400142117394,-6.064299267882605,train
13.038874130000000,15.808400142117394,2.769526012117394,train
18.459697729999998,15.808400142117394,-2.651297587882604,train
18.940373380000000,15.808400142117394,-3.131973237882606,train
12.113434450000000,15.808400142117394,3.694965692117394,train
10.316459940000000,15.808400142117394,5.491940202117394,train
20.897598869999999,15.808400142117394,-5.089198727882605,train
13.005371790000000,15.808400142117394,2.803028352117394,train
21.672601680000000,15.808400142117394,-5.864201537882606,train
12.651668650000000,13.603057470151493,0.951388820151493,train
14.195308190000000,15.808400142117394,1.613091952117394,train
17.528004820000000,15.808400142117394,-1.719604677882606,train
7.397539783000000,15.808400142117394,8.410860359117393,train
16.379584250000001,15.808400142117394,-0.571184107882607,train
13.428663400000000,15.808400142117394,2.379736742117394,train
18.723181740000001,15.808400142117394,-2.914781597882607,train
17.777449350000001,15.808400142117394,-1.969049207882607,train
12.911923639999999,15.808400142117394,2.896476502117395,train
20.360584830000001,15.808400142117394,-4.552184687882606,train
16.949606119999999,15.808400142117394,-1.141205977882604,train
8.619105061000001,15.808400142117394,7.189295081117393,train
13.122340890000000,15.808400142117394,2.686059252117394,train
14.695015919999999,15.808400142117394,1.113384222117395,train
13.485121910000000,15.808400142117394,2.323278232117394,train
17.748859039999999,15.808400142117394,-1.940458897882605,train
20.608018489999999,15.808400142117394,-4.799618347882605,train
20.070339130000001,15.808400142117394,-4.261938987882607,train
16.098912720000001,15.808400142117394,-0.290512577882607,train
15.624340889999999,15.808400142117394,0.184059252117395,train
16.778822439999999,13.603057470151493,-3.175764969848506,train
16.233238170000000,13.603057470151493,-2.630180699848507,train
19.658373059999999,15.808400142117394,-3.849972917882605,train
6.751971100000000,13.603057470151493,6.851086370151493,train
12.572852530000000,13.603057470151493,1.030204940151492,train
17.900558149999998,13.603057470151493,-4.297500679848506,train
10.965810530000001,11.397714798185584,0.431904268185583,train
14.735996569999999,15.808400142117394,1.072403572117395,train
11.802921310000000,15.808400142117394,4.005478832117394,train
13.760021679999999,15.808400142117394,2.048378462117395,train
12.867649419999999,15.808400142117394,2.940750722117395,train
2.828122088000000,0.371001438356048,-2.457120649643952,train
11.894078650000001,13.603057470151493,1.708978820151492,train
14.566514639999999,15.808400142117394,1.241885502117395,train
18.418408589999999,13.603057470151493,-4.815351119848506,train
20.056499819999999,15.808400142117394,-4.248099677882605,train
12.808228820000000,15.808400142117394,3.000171322117394,train
17.372238119999999,15.808400142117394,-1.563837977882605,train
12.506687930000000,11.397714798185584,-1.108973131814416,train
13.471654340000001,13.603057470151493,0.131403130151492,train
12.933270029999999,15.808400142117394,2.875130112117395,train
17.053722510000000,15.808400142117394,-1.245322367882606,train
15.501228100000001,13.603057470151493,-1.898170629848508,train
13.593120400000000,13.603057470151493,0.009937070151492,train
17.987497290000000,15.808400142117394,-2.179097147882606,train
7.936474229000000,11.397714798185584,3.461240569185584,train
17.758377530000001,15.808400142117394,-1.949977387882607,train
11.522431440000000,13.603057470151493,2.080626030151493,train
14.854910560000000,15.808400142117394,0.953489582117394,train
15.610887520000000,15.808400142117394,0.197512622117394,train
17.243470710000000,15.808400142117394,-1.435070567882606,train
18.460991230000001,15.808400142117394,-2.652591087882607,train
9.756546791000000,15.808400142117394,6.051853351117394,train
20.224521679999999,15.808400142117394,-4.416121537882605,train
19.786771880000000,15.808400142117394,-3.978371737882606,train
16.275970480000002,15.808400142117394,-0.467570337882607,train
10.260243440000000,11.397714798185584,1.137471358185584,train
17.235275630000000,13.603057470151493,-3.632218159848508,train
15.311032579999999,13.603057470151493,-1.707975109848507,train
15.514385910000000,15.808400142117394,0.294014232117394,train
11.016388299999999,13.603057470151493,2.586669170151493,train
15.597714150000000,13.603057470151493,-1.994656679848507,train
18.146851430000002,15.808400142117394,-2.338451287882608,train
17.348277029999998,15.808400142117394,-1.539876887882604,train
18.181974889999999,15.808400142117394,-2.373574747882605,train
15.346062220000000,15.808400142117394,0.462337922117394,train
15.802539319999999,15.808400142117394,0.005860822117395,train
4.592125697000000,4.781686782287862,0.189561085287862,train
13.911041060000001,15.808400142117394,1.897359082117394,train
9.046995734999999,13.603057470151493,4.556061735151493,train
19.638809909999999,15.808400142117394,-3.830409767882605,train
17.381472120000002,15.808400142117394,-1.573071977882607,train
15.190706730000000,15.808400142117394,0.617693412117394,train
14.702591390000000,15.808400142117394,1.105808752117394,train
15.763105449999999,15.808400142117394,0.045294692117395,train
12.599791829999999,15.808400142117394,3.208608312117395,train
19.408513859999999,15.808400142117394,-3.600113717882605,train
13.503410100000000,15.808400142117394,2.304990042117394,train
12.169985290000000,13.603057470151493,1.433072180151493,train
18.312686700000000,15.808400142117394,-2.504286557882606,train
12.006036999999999,11.397714798185584,-0.608322201814415,train
14.772525999999999,15.808400142117394,1.035874142117395,train
15.068047670000000,15.808400142117394,0.740352472117394,train
15.772180609999999,15.808400142117394,0.036219532117395,train
21.480328770000000,15.808400142117394,-5.671928627882606,train
7.555005752000000,15.808400142117394,8.253394390117395,train
17.278194450000001,15.808400142117394,-1.469794307882607,train
12.540295220000001,11.397714798185584,-1.142580421814417,train
8.423244315000000,13.603057470151493,5.179813155151493,train
18.072416570000001,15.808400142117394,-2.264016427882607,train
18.000454520000002,15.808400142117394,-2.192054377882608,train
16.413527779999999,15.808400142117394,-0.605127637882605,train
10.011328190000000,15.808400142117394,5.797071952117394,train
14.959038319999999,15.808400142117394,0.849361822117395,train
19.324263729999998,13.603057470151493,-5.721206259848506,train
19.224856039999999,15.808400142117394,-3.416455897882605,train
17.560527600000000,15.808400142117394,-1.752127457882606,train
17.656358539999999,13.603057470151493,-4.053301069848507,train
19.531927159999999,15.808400142117394,-3.723527017882605,train
17.829610370000001,15.808400142117394,-2.021210227882607,train
14.717000810000000,13.603057470151493,-1.113943339848507,train
19.281990770000000,15.808400142117394,-3.473590627882606,train
13.072664290000001,15.808400142117394,2.735735852117394,train
17.691934889999999,13.603057470151493,-4.088877419848506,train
17.888236089999999,15.808400142117394,-2.079835947882605,train
11.167024140000001,13.603057470151493,2.436033330151492,train
18.095527090000001,15.808400142117394,-2.287126947882607,train
15.585360200000000,15.808400142117394,0.223039942117394,train
9.614456261999999,13.603057470151493,3.988601208151493,train
16.860240670000000,15.808400142117394,-1.051840527882606,train
10.264674950000000,11.397714798185584,1.133039848185584,train
14.584868269999999,15.808400142117394,1.223531872117395,train
12.768074770000000,13.603057470151493,0.834982700151492,train
14.700257740000000,13.603057470151493,-1.097200269848507,train
17.523968000000000,13.603057470151493,-3.920910529848507,train
12.326556360000000,15.808400142117394,3.481843782117394,train
15.450505730000000,15.808400142117394,0.357894412117394,train
13.229902579999999,15.808400142117394,2.578497562117395,train
15.753510090000001,15.808400142117394,0.054890052117393,train
11.726685320000000,13.603057470151493,1.876372150151493,train
19.168436390000000,15.808400142117394,-3.360036247882606,train
13.543352680000000,15.808400142117394,2.265047462117394,train
14.166394410000001,15.808400142117394,1.642005732117394,train
18.509511719999999,15.808400142117394,-2.701111577882605,train
14.194052490000001,15.808400142117394,1.614347652117393,train
10.774804130000000,15.808400142117394,5.033596012117394,train
21.045719670000000,15.808400142117394,-5.237319527882606,train
16.100330960000001,15.808400142117394,-0.291930817882607,train
15.341797560000000,15.808400142117394,0.466602582117394,train
13.964433690000000,13.603057470151493,-0.361376219848507,train
17.034639580000000,15.808400142117394,-1.226239437882606,train
16.634189820000000,15.808400142117394,-0.825789677882605,train
20.221061270000000,15.808400142117394,-4.412661127882606,train
14.605438250000001,15.808400142117394,1.202961892117393,train
9.462928248000001,15.808400142117394,6.345471894117393,train
20.734259970000000,15.808400142117394,-4.925859827882606,train
17.737201420000002,15.808400142117394,-1.928801277882608,train
14.451874309999999,15.808400142117394,1.356525832117395,train
17.172988969999999,13.603057470151493,-3.569931499848506,train
16.586687319999999,15.808400142117394,-0.778287177882605,train
19.335725940000000,15.808400142117394,-3.527325797882606,train
17.321625139999998,15.808400142117394,-1.513224997882604,train
7.880925077000000,15.808400142117394,7.927475065117394,train
14.538883909999999,15.808400142117394,1.269516232117395,train
18.200928590000000,15.808400142117394,-2.392528447882606,train
14.715939649999999,15.808400142117394,1.092460492117395,train
19.422513779999999,15.808400142117394,-3.614113637882605,train
16.160190380000000,15.808400142117394,-0.351790237882605,train
19.933591910000001,15.808400142117394,-4.125191767882606,train
16.254675460000001,15.808400142117394,-0.446275317882607,train
14.916185170000000,13.603057470151493,-1.313127699848508,train
14.959038319999999,15.808400142117394,0.849361822117395,train
12.914201400000000,15.808400142117394,2.894198742117394,train
14.344581390000000,9.192372126219675,-5.152209263780325,train
16.294865110000000,15.808400142117394,-0.486464967882606,train
13.529720070000000,15.808400142117394,2.278680072117394,train
11.511691290000000,11.397714798185584,-0.113976491814416,train
15.018342860000001,9.192372126219675,-5.825970733780325,train
14.952941429999999,15.808400142117394,0.855458712117395,train
21.675158610000000,15.808400142117394,-5.866758467882606,train
14.308374560000001,15.808400142117394,1.500025582117393,train
15.444107180000000,15.808400142117394,0.364292962117394,train
18.500165610000000,15.808400142117394,-2.691765467882606,train
18.282961449999998,15.808400142117394,-2.474561307882604,train
13.625267220000000,15.808400142117394,2.183132922117395,train
21.292221200000000,15.808400142117394,-5.483821057882606,train
16.456978570000000,15.808400142117394,-0.648578427882606,train
15.426938840000000,15.808400142117394,0.381461302117394,train
14.606657450000000,15.808400142117394,1.201742692117394,train
15.718146010000000,13.603057470151493,-2.115088539848507,train
12.343420610000001,13.603057470151493,1.259636860151492,train
0.000000000000000,9.192372126219675,9.192372126219675,train
14.634703770000000,15.808400142117394,1.173696372117394,train
14.373583229999999,15.808400142117394,1.434816912117395,train
12.538339400000000,15.808400142117394,3.270060742117394,train
12.290062969999999,15.808400142117394,3.518337172117395,train
16.732160919999998,13.603057470151493,-3.129103449848506,train
17.139059110000002,15.808400142117394,-1.330658967882608,train
15.999640030000000,15.808400142117394,-0.191239887882606,train
17.690118609999999,15.808400142117394,-1.881718467882605,train
21.963510010000000,15.808400142117394,-6.155109867882606,train
19.022435789999999,15.808400142117394,-3.214035647882605,train
15.190356500000000,15.808400142117394,0.618043642117394,train
20.834874599999999,15.808400142117394,-5.026474457882605,train
11.953214070000000,15.808400142117394,3.855186072117395,train
14.350219839999999,15.808400142117394,1.458180302117395,train
14.233889660000001,15.808400142117394,1.574510482117393,train
11.334960080000000,15.808400142117394,4.473440062117394,train
18.048728990000001,15.808400142117394,-2.240328847882607,train
13.730539080000000,13.603057470151493,-0.127481609848507,train
10.266827760000000,13.603057470151493,3.336229710151493,train
19.312848830000000,15.808400142117394,-3.504448687882606,train
14.631631179999999,15.808400142117394,1.176768962117395,train
11.031444430000001,15.808400142117394,4.776955712117394,train
11.954526970000000,9.192372126219675,-2.762154843780324,train
16.430823130000000,15.808400142117394,-0.622422987882606,train
12.731243890000000,15.808400142117394,3.077156252117394,train
8.882564242000001,13.603057470151493,4.720493228151492,train
16.389676770000001,13.603057470151493,-2.786619299848509,train
14.833857589999999,15.808400142117394,0.974542552117395,train
12.172259490000000,15.808400142117394,3.636140652117394,train
10.650257939999999,15.808400142117394,5.158142202117395,train
12.666136610000001,15.808400142117394,3.142263532117394,train
18.398052270000001,15.808400142117394,-2.589652127882607,train
19.468674440000001,15.808400142117394,-3.660274297882607,train
12.888740329999999,11.397714798185584,-1.491025531814415,train
15.721159020000000,15.808400142117394,0.087241122117394,train
15.568696590000000,15.808400142117394,0.239703552117394,train
18.023572949999998,15.808400142117394,-2.215172807882604,train
20.177362100000000,15.808400142117394,-4.368961957882606,train
10.650322389999999,13.603057470151493,2.952735080151493,train
14.644227510000000,15.808400142117394,1.164172632117394,train
14.621550060000001,15.808400142117394,1.186850082117394,train
12.350643190000000,15.808400142117394,3.457756952117395,train
19.434252799999999,15.808400142117394,-3.625852657882605,train
15.258849590000001,15.808400142117394,0.549550552117394,train
9.981140698000001,15.808400142117394,5.827259444117393,train
11.775546029999999,15.808400142117394,4.032854112117395,train
12.312457980000000,13.603057470151493,1.290599490151493,train
17.974810450000000,15.808400142117394,-2.166410307882606,train
15.117262230000000,15.808400142117394,0.691137912117394,train
16.084155870000000,15.808400142117394,-0.275755727882606,train
19.853460510000001,15.808400142117394,-4.045060367882607,train
14.222249700000001,15.808400142117394,1.586150442117393,train
10.658860420000000,13.603057470151493,2.944197050151493,train
16.111213140000000,15.808400142117394,-0.302812997882606,train
13.129293069999999,15.808400142117394,2.679107072117395,train
15.815361340000001,15.808400142117394,-0.006961197882607,train
13.389944140000001,11.397714798185584,-1.992229341814417,train
13.642095870000000,13.603057470151493,-0.039038399848508,train
11.891198480000000,15.808400142117394,3.917201662117394,train
16.667977090000001,15.808400142117394,-0.859576947882607,train
5.238684101000000,6.987029454253767,1.748345353253767,train
19.413954440000001,15.808400142117394,-3.605554297882607,train
19.108125730000001,15.808400142117394,-3.299725587882607,train
16.543749380000001,15.808400142117394,-0.735349237882607,train
17.697222810000000,13.603057470151493,-4.094165339848507,train
17.679111460000001,15.808400142117394,-1.870711317882607,train
19.351756479999999,15.808400142117394,-3.543356337882605,train
14.472338069999999,15.808400142117394,1.336062072117395,train
19.706670429999999,15.808400142117394,-3.898270287882605,train
18.581655959999999,15.808400142117394,-2.773255817882605,train
5.140206563000000,13.603057470151493,8.462850907151493,train
21.461762390000001,15.808400142117394,-5.653362247882606,train
12.915564600000000,15.808400142117394,2.892835542117394,train
17.114591879999999,15.808400142117394,-1.306191737882605,train
5.860539302000000,13.603057470151493,7.742518168151492,train
15.954873559999999,15.808400142117394,-0.146473417882605,train
14.367768740000001,15.808400142117394,1.440631402117393,train
13.699155319999999,15.808400142117394,2.109244822117395,train
16.992319360000000,15.808400142117394,-1.183919217882606,train
20.175651909999999,15.808400142117394,-4.367251767882605,train
14.215956920000000,13.603057470151493,-0.612899449848507,train
20.087468789999999,15.808400142117394,-4.279068647882605,train
5.556518816000000,9.192372126219675,3.635853310219676,train
13.960534310000000,13.603057470151493,-0.357476839848507,train
19.547589500000001,15.808400142117394,-3.739189357882607,train
10.554998850000000,15.808400142117394,5.253401292117394,train
17.349486760000001,13.603057470151493,-3.746429289848509,train
18.356094750000000,15.808400142117394,-2.547694607882606,train
18.655202220000000,15.808400142117394,-2.846802077882606,train
14.738466830000000,15.808400142117394,1.069933312117394,train
16.754904069999998,15.808400142117394,-0.946503927882604,train
20.085954040000001,15.808400142117394,-4.277553897882607,train
6.778198890000000,11.397714798185584,4.619515908185584,train
17.893573029999999,13.603057470151493,-4.290515559848506,train
17.307403390000001,13.603057470151493,-3.704345919848508,train
10.426172800000000,15.808400142117394,5.382227342117394,train
14.787689650000001,15.808400142117394,1.020710492117393,train
15.274648420000000,15.808400142117394,0.533751722117394,train
11.197141550000000,13.603057470151493,2.405915920151493,train
12.549436860000000,13.603057470151493,1.053620610151492,train
16.999056950000000,15.808400142117394,-1.190656807882606,train
17.146998440000001,15.808400142117394,-1.338598297882607,train
7.475237430000000,6.987029454253767,-0.488207975746233,train
12.593173869999999,13.603057470151493,1.009883600151493,train
15.915356100000000,15.808400142117394,-0.106955957882606,train
17.051612009999999,15.808400142117394,-1.243211867882605,train
19.235624250000001,13.603057470151493,-5.632566779848508,train
18.392200570000000,15.808400142117394,-2.583800427882606,train
15.892465850000001,15.808400142117394,-0.084065707882607,train
17.203366290000002,15.808400142117394,-1.394966147882608,train
10.594686650000000,15.808400142117394,5.213713492117394,train
19.172010539999999,15.808400142117394,-3.363610397882605,train
16.042245260000001,15.808400142117394,-0.233845117882607,train
14.581907030000000,15.808400142117394,1.226493112117394,train
16.241303930000001,15.808400142117394,-0.432903787882607,train
17.352352990000000,15.808400142117394,-1.543952847882606,train
16.730733200000000,15.808400142117394,-0.922333057882605,train
19.744522000000000,15.808400142117394,-3.936121857882606,train
15.273022620000001,15.808400142117394,0.535377522117393,train
11.002008750000000,15.808400142117394,4.806391392117394,train
9.608741772000000,15.808400142117394,6.199658370117394,train
15.384352180000000,15.808400142117394,0.424047962117394,train
16.057203370000000,15.808400142117394,-0.248803227882606,train
19.374378080000000,15.808400142117394,-3.565977937882606,train
14.061906459999999,15.808400142117394,1.746493682117395,train
10.955965530000000,13.603057470151493,2.647091940151492,train
16.387584520000001,15.808400142117394,-0.579184377882607,train
19.183474560000001,15.808400142117394,-3.375074417882606,train
12.775053939999999,13.603057470151493,0.828003530151493,train
16.153191119999999,15.808400142117394,-0.344790977882605,train
13.686232980000000,15.808400142117394,2.122167162117394,train
15.614386170000000,15.808400142117394,0.194013972117395,train
17.714491249999998,13.603057470151493,-4.111433779848506,train
8.954989262000000,9.192372126219675,0.237382864219676,train
17.947829490000000,15.808400142117394,-2.139429347882606,train
17.772410980000000,15.808400142117394,-1.964010837882606,train
13.413384460000000,15.808400142117394,2.395015682117394,train
15.458684200000000,15.808400142117394,0.349715942117394,train
14.307198110000000,15.808400142117394,1.501202032117394,train
12.515308120000000,15.808400142117394,3.293092022117394,train
12.820186150000000,15.808400142117394,2.988213992117394,train
16.027948259999999,15.808400142117394,-0.219548117882605,train
13.239848370000001,11.397714798185584,-1.842133571814417,train
15.484039599999999,15.808400142117394,0.324360542117395,train
14.787316799999999,13.603057470151493,-1.184259329848507,train
14.011642940000000,13.603057470151493,-0.408585469848507,train
3.486660146000000,9.192372126219675,5.705711980219675,train
19.351756479999999,15.808400142117394,-3.543356337882605,train
20.011425620000001,15.808400142117394,-4.203025477882607,train
13.086946670000000,13.603057470151493,0.516110800151493,train
19.454500740000000,15.808400142117394,-3.646100597882606,train
14.871122020000000,13.603057470151493,-1.268064549848507,train
13.706880840000000,11.397714798185584,-2.309166041814416,train
12.398802160000001,11.397714798185584,-1.001087361814417,train
12.756431220000000,15.808400142117394,3.051968922117394,train
13.872228850000001,13.603057470151493,-0.269171379848508,train
13.075856699999999,13.603057470151493,0.527200770151493,train
16.703531110000000,15.808400142117394,-0.895130967882606,train
19.799005930000000,15.808400142117394,-3.990605787882606,train
12.336674390000001,15.808400142117394,3.471725752117393,train
18.150363280000001,15.808400142117394,-2.341963137882606,train
15.237125960000000,15.808400142117394,0.571274182117394,train
14.938085490000001,15.808400142117394,0.870314652117393,train
16.564621970000001,15.808400142117394,-0.756221827882607,train
14.312959270000000,15.808400142117394,1.495440872117394,train
10.866418130000000,15.808400142117394,4.941982012117395,train
17.160243170000001,15.808400142117394,-1.351843027882607,train
14.482382189999999,15.808400142117394,1.326017952117395,train
20.759336009999998,15.808400142117394,-4.950935867882604,train
13.355312440000001,13.603057470151493,0.247745030151492,train
10.595821900000001,15.808400142117394,5.212578242117393,train
15.881728680000000,15.808400142117394,-0.073328537882606,train
8.469809794000000,15.808400142117394,7.338590348117394,train
13.620788749999999,15.808400142117394,2.187611392117395,train
14.318275950000000,13.603057470151493,-0.715218479848508,train
17.907025229999999,15.808400142117394,-2.098625087882604,train
14.134778830000000,13.603057470151493,-0.531721359848508,train
15.007092490000000,15.808400142117394,0.801307652117394,train
8.938230519999999,15.808400142117394,6.870169622117395,train
17.811036170000001,15.808400142117394,-2.002636027882607,train
17.807965849999999,15.808400142117394,-1.999565707882605,train
6.426671907000000,15.808400142117394,9.381728235117393,train
16.716885150000000,15.808400142117394,-0.908485007882605,train
17.043037999999999,15.808400142117394,-1.234637857882605,train
6.751971100000000,15.808400142117394,9.056429042117394,train
11.987177880000001,15.808400142117394,3.821222262117393,train
17.506822150000001,15.808400142117394,-1.698422007882607,train
10.032547449999999,9.192372126219675,-0.840175323780324,train
12.892255750000000,15.808400142117394,2.916144392117394,train
12.894501810000000,15.808400142117394,2.913898332117395,train
19.889950649999999,15.808400142117394,-4.081550507882605,train
13.074497100000000,13.603057470151493,0.528560370151492,train
13.982076610000000,13.603057470151493,-0.379019139848507,train
17.174339069999998,15.808400142117394,-1.365938927882604,train
0.000000000000000,4.781686782287862,4.781686782287862,train
15.265685789999999,15.808400142117394,0.542714352117395,train
18.712322210000000,15.808400142117394,-2.903922067882606,train
12.196607550000000,15.808400142117394,3.611792592117395,train
12.355931940000000,15.808400142117394,3.452468202117394,train
13.338805770000000,15.808400142117394,2.469594372117394,train
22.160931040000001,15.808400142117394,-6.352530897882607,train
15.548030760000000,15.808400142117394,0.260369382117394,train
9.427073628000000,9.192372126219675,-0.234701501780325,train
15.522909670000001,15.808400142117394,0.285490472117393,train
15.370795660000001,15.808400142117394,0.437604482117393,train
11.844505829999999,13.603057470151493,1.758551640151493,train
13.620523080000000,15.808400142117394,2.187877062117394,train
18.613948270000002,15.808400142117394,-2.805548127882608,train
22.026339910000001,15.808400142117394,-6.217939767882607,train
16.179280949999999,15.808400142117394,-0.370880807882605,train
15.033930560000000,13.603057470151493,-1.430873089848507,train
13.802124630000000,13.603057470151493,-0.199067159848507,train
4.851170757000000,11.397714798185584,6.546544041185584,train
19.535658959999999,15.808400142117394,-3.727258817882605,train
17.738506850000000,15.808400142117394,-1.930106707882606,train
12.335075580000000,15.808400142117394,3.473324562117394,train
17.786265400000001,13.603057470151493,-4.183207929848509,train
16.046424290000001,15.808400142117394,-0.238024147882607,train
18.245033899999999,13.603057470151493,-4.641976429848507,train
13.196101250000000,15.808400142117394,2.612298892117394,train
20.770361279999999,15.808400142117394,-4.961961137882605,train
11.219117730000001,13.603057470151493,2.383939740151492,train
4.854663339000000,15.808400142117394,10.953736803117394,train
13.832795030000000,15.808400142117394,1.975605112117394,train
10.183009550000000,13.603057470151493,3.420047920151493,train
16.628825160000002,15.808400142117394,-0.820425017882608,train
13.235522120000001,15.808400142117394,2.572878022117393,train
13.933018990000001,11.397714798185584,-2.535304191814417,train
16.470406749999999,15.808400142117394,-0.662006607882605,train
15.325934410000000,15.808400142117394,0.482465732117394,train
13.508338320000000,15.808400142117394,2.300061822117394,train
16.615848790000001,15.808400142117394,-0.807448647882607,train
13.058981390000000,13.603057470151493,0.544076080151493,train
15.509156600000001,13.603057470151493,-1.906099129848508,train
13.768978329999999,15.808400142117394,2.039421812117395,train
16.667499750000001,15.808400142117394,-0.859099607882607,train
15.627497640000000,15.808400142117394,0.180902502117394,train
11.689992999999999,15.808400142117394,4.118407142117395,train
12.691956500000000,13.603057470151493,0.911100970151493,train
14.924398810000000,15.808400142117394,0.884001332117395,train
11.589518730000000,11.397714798185584,-0.191803931814416,train
14.124240270000000,15.808400142117394,1.684159872117394,train
14.313241050000000,15.808400142117394,1.495159092117394,train
16.643350519999998,15.808400142117394,-0.834950377882604,train
17.893653650000001,15.808400142117394,-2.085253507882607,train
17.754952240000001,15.808400142117394,-1.946552097882607,train
17.800185360000000,15.808400142117394,-1.991785217882606,train
11.320694150000000,15.808400142117394,4.487705992117395,train
9.385194157000001,11.397714798185584,2.012520641185583,train
9.965245041999999,13.603057470151493,3.637812428151493,train
12.636161319999999,13.603057470151493,0.966896150151493,train
13.349854880000001,15.808400142117394,2.458545262117394,train
17.038707479999999,15.808400142117394,-1.230307337882605,train
8.562042137000001,15.808400142117394,7.246358005117393,train
11.637035230000000,11.397714798185584,-0.239320431814416,train
14.637445880000000,15.808400142117394,1.170954262117395,train
19.533274970000001,15.808400142117394,-3.724874827882607,train
15.955794020000001,15.808400142117394,-0.147393877882607,train
13.417374390000001,15.808400142117394,2.391025752117393,train
17.983621849999999,15.808400142117394,-2.175221707882605,train
5.137941202000000,4.781686782287862,-0.356254419712139,train
12.706335040000001,15.808400142117394,3.102065102117393,train
14.788487050000001,15.808400142117394,1.019913092117394,train
12.345332839999999,15.808400142117394,3.463067302117395,train
12.664109900000000,15.808400142117394,3.144290242117394,train
19.857761510000000,15.808400142117394,-4.049361367882605,train
13.436013539999999,15.808400142117394,2.372386602117395,train
16.608000050000001,15.808400142117394,-0.799599907882607,train
16.711945239999999,15.808400142117394,-0.903545097882605,train
11.021041700000000,15.808400142117394,4.787358442117394,train
16.516124160000000,13.603057470151493,-2.913066689848508,train
15.650333370000000,15.808400142117394,0.158066772117394,train
18.147867049999999,15.808400142117394,-2.339466907882604,train
15.464176699999999,15.808400142117394,0.344223442117395,train
12.057978100000000,13.603057470151493,1.545079370151493,train
22.781325930000001,15.808400142117394,-6.972925787882607,train
14.409098569999999,15.808400142117394,1.399301572117395,train
15.408557750000000,15.808400142117394,0.399842392117394,train
15.505106580000000,15.808400142117394,0.303293562117394,train
10.467246240000000,11.397714798185584,0.930468558185584,train
18.243847420000002,15.808400142117394,-2.435447277882608,train
16.655502030000001,15.808400142117394,-0.847101887882607,train
16.850663900000001,15.808400142117394,-1.042263757882607,train
12.319908600000000,15.808400142117394,3.488491542117394,train
15.749145220000001,15.808400142117394,0.059254922117393,train
13.063360760000000,13.603057470151493,0.539696710151492,train
15.694567310000000,15.808400142117394,0.113832832117394,train
17.071946100000002,15.808400142117394,-1.263545957882608,train
9.841926740000000,15.808400142117394,5.966473402117394,train
18.547075029999998,15.808400142117394,-2.738674887882604,train
15.735766210000000,15.808400142117394,0.072633932117395,train
20.461306740000001,15.808400142117394,-4.652906597882607,train
13.938969380000000,13.603057470151493,-0.335911909848507,train
13.291005340000000,15.808400142117394,2.517394802117394,train
19.551318070000001,15.808400142117394,-3.742917927882607,train
15.718339340000000,13.603057470151493,-2.115281869848507,train
19.832883850000002,13.603057470151493,-6.229826379848509,train
18.258506019999999,15.808400142117394,-2.450105877882605,train
17.246242209999998,15.808400142117394,-1.437842067882604,train
20.011425620000001,15.808400142117394,-4.203025477882607,train
16.471936079999999,15.808400142117394,-0.663535937882605,train
13.661699020000000,15.808400142117394,2.146701122117394,train
12.766707530000000,15.808400142117394,3.041692612117394,train
15.456391090000000,15.808400142117394,0.352009052117394,train
10.857131310000000,15.808400142117394,4.951268832117394,train
16.507219790000001,15.808400142117394,-0.698819647882607,train
11.944738900000001,15.808400142117394,3.863661242117393,train
18.702208679999998,15.808400142117394,-2.893808537882604,train
14.002388030000001,15.808400142117394,1.806012112117394,train
17.656812349999999,15.808400142117394,-1.848412207882605,train
15.309027580000000,13.603057470151493,-1.705970109848508,train
15.612473570000001,15.808400142117394,0.195926572117394,train
14.334354709999999,15.808400142117394,1.474045432117395,train
17.534732030000001,15.808400142117394,-1.726331887882607,train
17.472149500000000,15.808400142117394,-1.663749357882606,train
14.504412090000001,15.808400142117394,1.303988052117393,train
14.348354710000001,15.808400142117394,1.460045432117393,train
16.068228860000001,15.808400142117394,-0.259828717882607,train
14.250229680000000,15.808400142117394,1.558170462117394,train
19.503945930000000,15.808400142117394,-3.695545787882606,train
17.137613920000000,15.808400142117394,-1.329213777882606,train
17.051612009999999,15.808400142117394,-1.243211867882605,train
14.282269480000000,15.808400142117394,1.526130662117394,train
15.270902710000000,15.808400142117394,0.537497432117394,train
10.639844269999999,11.397714798185584,0.757870528185585,train
8.501782521000001,15.808400142117394,7.306617621117393,train
17.309070540000000,15.808400142117394,-1.500670397882606,train
15.999509800000000,15.808400142117394,-0.191109657882606,train
13.406593250000000,15.808400142117394,2.401806892117394,train
11.373996310000001,15.808400142117394,4.434403832117393,train
18.670844599999999,15.808400142117394,-2.862444457882605,train
14.728081870000000,13.603057470151493,-1.125024399848508,train
16.296445439999999,15.808400142117394,-0.488045297882605,train
19.030921880000001,15.808400142117394,-3.222521737882607,train
10.337213830000000,13.603057470151493,3.265843640151493,train
15.899966270000000,15.808400142117394,-0.091566127882606,train
19.396228229999998,15.808400142117394,-3.587828087882604,train
19.190330950000000,15.808400142117394,-3.381930807882606,train
15.910917710000000,15.808400142117394,-0.102517567882606,train
17.006693479999999,15.808400142117394,-1.198293337882605,train
15.035043890000001,15.808400142117394,0.773356252117393,train
15.506054130000001,15.808400142117394,0.302346012117393,train
18.840136529999999,15.808400142117394,-3.031736387882605,train
12.090936870000000,11.397714798185584,-0.693222071814416,train
14.900208599999999,11.397714798185584,-3.502493801814415,train
8.541671402000000,15.808400142117394,7.266728740117394,train
14.874396870000000,13.603057470151493,-1.271339399848507,train
14.865456829999999,15.808400142117394,0.942943312117395,train
16.871402069999998,13.603057470151493,-3.268344599848506,train
13.732405320000000,15.808400142117394,2.075994822117394,train
4.994856404000000,9.192372126219675,4.197515722219675,train
11.719475579999999,13.603057470151493,1.883581890151493,train
19.223973879999999,15.808400142117394,-3.415573737882605,train
19.264343790000002,13.603057470151493,-5.661286319848509,train
14.880128660000000,15.808400142117394,0.928271482117394,train
17.093469240000001,15.808400142117394,-1.285069097882607,train
8.392103621000000,15.808400142117394,7.416296521117394,train
3.553819919000000,13.603057470151493,10.049237551151492,train
12.732991930000001,15.808400142117394,3.075408212117393,train
14.237491190000000,15.808400142117394,1.570908952117394,train
16.836285199999999,15.808400142117394,-1.027885057882605,train
17.580374310000000,15.808400142117394,-1.771974167882606,train
10.817292530000000,13.603057470151493,2.785764940151493,train
16.397757190000000,15.808400142117394,-0.589357047882606,train
9.379391810000000,15.808400142117394,6.429008332117395,train
11.720402090000000,13.603057470151493,1.882655380151492,train
6.297019653000000,13.603057470151493,7.306037817151492,train
10.999980960000000,9.192372126219675,-1.807608833780325,train
13.852314059999999,15.808400142117394,1.956086082117395,train
9.675141143999999,11.397714798185584,1.722573654185585,train
20.498438849999999,15.808400142117394,-4.690038707882605,train
13.785695470000000,15.808400142117394,2.022704672117394,train
14.735401220000000,13.603057470151493,-1.132343749848507,train
13.852488870000000,15.808400142117394,1.955911272117394,train
13.067314500000000,15.808400142117394,2.741085642117394,train
20.351448930000000,15.808400142117394,-4.543048787882606,train
15.106629620000000,15.808400142117394,0.701770522117394,train
14.221924449999999,15.808400142117394,1.586475692117395,train
4.400832516000000,2.576344110321953,-1.824488405678047,train
10.955171450000000,15.808400142117394,4.853228692117394,train
18.583162990000002,15.808400142117394,-2.774762847882608,train
15.352852700000000,11.397714798185584,-3.955137901814416,train
20.633379160000000,15.808400142117394,-4.824979017882606,train
15.938694130000000,11.397714798185584,-4.540979331814416,train
14.485295410000001,15.808400142117394,1.323104732117393,train
15.083662470000000,15.808400142117394,0.724737672117394,train
19.425608820000001,15.808400142117394,-3.617208677882607,train
11.345003849999999,13.603057470151493,2.258053620151493,train
14.015076900000000,15.808400142117394,1.793323242117394,train
16.540254070000000,15.808400142117394,-0.731853927882606,train
20.701160580000000,15.808400142117394,-4.892760437882606,train
12.868464810000001,15.808400142117394,2.939935332117393,train
16.923490269999999,13.603057470151493,-3.320432799848506,train
15.002622900000000,15.808400142117394,0.805777242117394,train
19.255463160000001,15.808400142117394,-3.447063017882607,train
19.712046550000000,13.603057470151493,-6.108989079848508,train
14.273644600000001,11.397714798185584,-2.875929801814417,train
18.593959170000002,15.808400142117394,-2.785559027882607,train
16.069309830000002,15.808400142117394,-0.260909687882608,train
18.100061990000000,15.808400142117394,-2.291661847882606,train
13.411285820000000,13.603057470151493,0.191771650151493,train
18.488504259999999,15.808400142117394,-2.680104117882605,train
11.432250529999999,15.808400142117394,4.376149612117395,train
10.880474370000000,13.603057470151493,2.722583100151493,train
18.208371249999999,15.808400142117394,-2.399971107882605,train
14.124240270000000,15.808400142117394,1.684159872117394,train
22.028775230000001,15.808400142117394,-6.220375087882607,train
7.681490618000000,15.808400142117394,8.126909524117394,train
19.838985489999999,15.808400142117394,-4.030585347882605,train
20.420267590000002,15.808400142117394,-4.611867447882608,train
17.993087100000000,15.808400142117394,-2.184686957882606,train
19.149098410000001,15.808400142117394,-3.340698267882606,train
10.266112260000000,15.808400142117394,5.542287882117394,train
16.859535760000000,15.808400142117394,-1.051135617882606,train
20.878504780000000,15.808400142117394,-5.070104637882606,train
17.528155399999999,15.808400142117394,-1.719755257882605,train
22.022538919999999,15.808400142117394,-6.214138777882605,train
11.929060890000001,15.808400142117394,3.879339252117393,train
6.663610941000000,15.808400142117394,9.144789201117394,train
16.352216100000000,15.808400142117394,-0.543815957882606,train
18.838345180000001,15.808400142117394,-3.029945037882607,train
18.525264020000002,13.603057470151493,-4.922206549848509,train
18.768003719999999,15.808400142117394,-2.959603577882605,train
14.685172930000000,15.808400142117394,1.123227212117394,train
14.832447510000000,15.808400142117394,0.975952632117394,train
20.650117739999999,15.808400142117394,-4.841717597882605,train
17.466688229999999,15.808400142117394,-1.658288087882605,train
11.393224630000001,11.397714798185584,0.004490168185583,train
8.773457282000001,9.192372126219675,0.418914844219675,train
15.143752770000001,15.808400142117394,0.664647372117393,train
11.634354399999999,13.603057470151493,1.968703070151493,train
16.600399759999998,15.808400142117394,-0.791999617882604,train
19.060275489999999,15.808400142117394,-3.251875347882605,train
11.476900830000000,15.808400142117394,4.331499312117394,train
10.355475410000000,15.808400142117394,5.452924732117394,train
14.286859350000000,15.808400142117394,1.521540792117394,train
16.376589419999998,15.808400142117394,-0.568189277882604,train
16.818643720000001,15.808400142117394,-1.010243577882607,train
18.665755040000001,15.808400142117394,-2.857354897882606,train
12.933510679999999,15.808400142117394,2.874889462117395,train
15.119127069999999,13.603057470151493,-1.516069599848507,train
20.752083689999999,15.808400142117394,-4.943683547882605,train
16.099793869999999,13.603057470151493,-2.496736399848507,train
16.446555520000000,15.808400142117394,-0.638155377882606,train
13.955815729999999,15.808400142117394,1.852584412117395,train
15.146633500000000,15.808400142117394,0.661766642117394,train
20.267809730000000,15.808400142117394,-4.459409587882606,train
14.133464880000000,15.808400142117394,1.674935262117394,train
12.979307120000000,15.808400142117394,2.829093022117394,train
14.508112310000000,15.808400142117394,1.300287832117395,train
12.092385009999999,15.808400142117394,3.716015132117395,train
14.540492060000000,15.808400142117394,1.267908082117394,train
16.702891260000001,13.603057470151493,-3.099833789848509,train
16.870308619999999,15.808400142117394,-1.061908477882605,train
14.128511189999999,15.808400142117394,1.679888952117395,train
19.782710860000002,15.808400142117394,-3.974310717882608,train
19.231536160000001,15.808400142117394,-3.423136017882607,train
8.523768656000000,15.808400142117394,7.284631486117394,train
12.271236360000000,11.397714798185584,-0.873521561814416,train
12.436829430000000,15.808400142117394,3.371570712117395,train
18.251640920000000,15.808400142117394,-2.443240777882606,train
7.239652076000000,13.603057470151493,6.363405394151493,train
17.601570200000001,15.808400142117394,-1.793170057882607,train
14.057143920000000,15.808400142117394,1.751256222117394,train
11.828757570000000,11.397714798185584,-0.431042771814417,train
20.521065620000002,15.808400142117394,-4.712665477882608,train
22.210716890000000,15.808400142117394,-6.402316747882606,train
14.678079420000000,15.808400142117394,1.130320722117395,train
14.416026260000001,13.603057470151493,-0.812968789848508,train
12.182953980000001,13.603057470151493,1.420103490151492,train
16.345283259999999,15.808400142117394,-0.536883117882605,train
13.459592669999999,13.603057470151493,0.143464800151493,train
9.531879836000000,9.192372126219675,-0.339507709780325,train
20.228570009999999,13.603057470151493,-6.625512539848506,train
15.423866510000000,11.397714798185584,-4.026151711814416,train
13.759047109999999,13.603057470151493,-0.155989639848507,train
14.919921490000000,15.808400142117394,0.888478652117394,train
17.456947530000001,15.808400142117394,-1.648547387882607,train
17.657467319999999,15.808400142117394,-1.849067177882604,train
12.884517380000000,15.808400142117394,2.923882762117394,train
13.871307370000000,15.808400142117394,1.937092772117394,train
16.553505380000001,15.808400142117394,-0.745105237882607,train
15.055877510000000,15.808400142117394,0.752522632117394,train
11.797773660000001,11.397714798185584,-0.400058861814417,train
16.873901190000002,15.808400142117394,-1.065501047882607,train
18.615181939999999,15.808400142117394,-2.806781797882605,train
20.266494000000002,15.808400142117394,-4.458093857882607,train
18.274132779999999,15.808400142117394,-2.465732637882605,train
8.294099675000000,11.397714798185584,3.103615123185584,train
10.776357550000000,13.603057470151493,2.826699920151492,train
16.051579570000001,15.808400142117394,-0.243179427882607,train
3.163963229000000,2.576344110321953,-0.587619118678047,train
8.014861458000000,9.192372126219675,1.177510668219675,train
17.237302540000002,15.808400142117394,-1.428902397882608,train
12.607611020000000,13.603057470151493,0.995446450151492,train
3.427205246000000,6.987029454253767,3.559824208253767,train
15.350559790000000,15.808400142117394,0.457840352117394,train
16.979128849999999,15.808400142117394,-1.170728707882605,train
16.271368280000001,11.397714798185584,-4.873653481814417,train
12.632583309999999,15.808400142117394,3.175816832117395,train
9.250556263000000,11.397714798185584,2.147158535185584,train
13.242476679999999,15.808400142117394,2.565923462117395,train
19.163646379999999,15.808400142117394,-3.355246237882605,train
15.462417880000000,15.808400142117394,0.345982262117394,train
12.269979330000000,15.808400142117394,3.538420812117394,train
9.398894073999999,15.808400142117394,6.409506068117395,train
13.198560280000001,15.808400142117394,2.609839862117393,train
17.694823700000001,15.808400142117394,-1.886423557882607,train
11.330922980000000,15.808400142117394,4.477477162117394,train
16.066302870000001,15.808400142117394,-0.257902727882607,train
10.937174700000000,15.808400142117394,4.871225442117394,train
22.059384510000001,15.808400142117394,-6.250984367882607,train
18.146151039999999,15.808400142117394,-2.337750897882605,train
20.206768669999999,15.808400142117394,-4.398368527882605,train
12.338488060000000,15.808400142117394,3.469912082117395,train
9.671880584000000,13.603057470151493,3.931176886151492,train
16.567613359999999,15.808400142117394,-0.759213217882605,train
14.859923719999999,15.808400142117394,0.948476422117395,train
8.602031166000000,9.192372126219675,0.590340960219676,train
12.456792960000000,15.808400142117394,3.351607182117395,train
19.621002300000001,15.808400142117394,-3.812602157882607,train
11.396419160000001,15.808400142117394,4.411980982117393,train
0.000000000000000,11.397714798185584,11.397714798185584,train
9.217800316000000,6.987029454253767,-2.230770861746233,train
15.175060240000001,15.808400142117394,0.633339902117394,train
15.965641690000000,15.808400142117394,-0.157241547882606,train
18.789011349999999,13.603057470151493,-5.185953879848507,train
8.536755598999999,11.397714798185584,2.860959199185585,train
11.442684659999999,15.808400142117394,4.365715482117395,train
16.435876780000001,15.808400142117394,-0.627476637882607,train
13.170829650000000,15.808400142117394,2.637570492117394,train
17.046778000000000,15.808400142117394,-1.238377857882606,train
16.475304580000000,15.808400142117394,-0.666904437882605,train
16.345283259999999,15.808400142117394,-0.536883117882605,train
16.410132950000001,15.808400142117394,-0.601732807882607,train
16.743951849999998,13.603057470151493,-3.140894379848506,train
19.108125730000001,15.808400142117394,-3.299725587882607,train
10.799792979999999,15.808400142117394,5.008607162117395,train
14.924550130000000,15.808400142117394,0.883850012117394,train
11.390668560000000,15.808400142117394,4.417731582117394,train
19.464841580000002,15.808400142117394,-3.656441437882608,train
16.277733229999999,15.808400142117394,-0.469333087882605,train
7.989339330000000,15.808400142117394,7.819060812117394,train
17.546803019999999,15.808400142117394,-1.738402877882605,train
15.916658990000000,15.808400142117394,-0.108258847882606,train
18.695994310000000,15.808400142117394,-2.887594167882606,train
18.458860130000001,15.808400142117394,-2.650459987882607,train
11.127188830000000,15.808400142117394,4.681211312117394,train
12.021711939999999,13.603057470151493,1.581345530151493,train
17.309070540000000,15.808400142117394,-1.500670397882606,train
5.500486416000000,6.987029454253767,1.486543038253767,train
12.735554990000001,13.603057470151493,0.867502480151492,train
11.818886900000001,13.603057470151493,1.784170570151492,train
11.573623860000000,13.603057470151493,2.029433610151493,train
7.084925954000000,4.781686782287862,-2.303239171712138,train
10.317504560000000,13.603057470151493,3.285552910151493,train
15.159719400000000,13.603057470151493,-1.556661929848508,train
15.216617710000000,15.808400142117394,0.591782432117395,train
20.939395380000001,15.808400142117394,-5.130995237882606,train
15.346525040000000,15.808400142117394,0.461875102117395,train
12.220010110000000,13.603057470151493,1.383047360151492,train
15.245902720000000,15.808400142117394,0.562497422117394,train
12.169700590000000,15.808400142117394,3.638699552117394,train
16.496085570000002,15.808400142117394,-0.687685427882608,train
17.433510869999999,13.603057470151493,-3.830453399848507,train
6.343760889000000,15.808400142117394,9.464639253117394,train
12.810309999999999,9.192372126219675,-3.617937873780324,train
13.688571189999999,15.808400142117394,2.119828952117395,train
20.790107930000001,15.808400142117394,-4.981707787882607,train
12.029085930000001,15.808400142117394,3.779314212117393,train
13.650922110000000,15.808400142117394,2.157478032117394,train
17.879505790000000,15.808400142117394,-2.071105647882606,train
19.211264499999999,15.808400142117394,-3.402864357882605,train
13.482191980000000,15.808400142117394,2.326208162117394,train
11.987721110000001,13.603057470151493,1.615336360151492,train
13.240809369999999,15.808400142117394,2.567590772117395,train
16.402203100000001,15.808400142117394,-0.593802957882607,train
11.542018580000001,13.603057470151493,2.061038890151492,train
18.465911890000001,15.808400142117394,-2.657511747882607,train
9.635892772000000,15.808400142117394,6.172507370117394,train
7.801341224000000,6.987029454253767,-0.814311769746233,train
12.085848960000000,15.808400142117394,3.722551182117394,train
14.482843440000000,13.603057470151493,-0.879785969848507,train
11.390305150000000,9.192372126219675,-2.197933023780324,train
12.751125750000000,13.603057470151493,0.851931720151493,train
21.072905330000001,15.808400142117394,-5.264505187882607,train
16.406572220000001,13.603057470151493,-2.803514749848508,train
17.892503630000000,15.808400142117394,-2.084103487882606,train
13.111194980000000,13.603057470151493,0.491862490151492,train
18.742377560000001,15.808400142117394,-2.933977417882607,train
12.271284610000000,15.808400142117394,3.537115532117394,train
20.514045079999999,15.808400142117394,-4.705644937882605,train
10.259047450000001,15.808400142117394,5.549352692117393,train
8.039875597000000,13.603057470151493,5.563181873151493,train
15.149017690000001,15.808400142117394,0.659382452117393,train
15.026824410000000,15.808400142117394,0.781575732117394,train
5.904085859000000,9.192372126219675,3.288286267219675,train
10.501252819999999,15.808400142117394,5.307147322117395,train
15.177851430000000,11.397714798185584,-3.780136631814417,train
17.360440830000002,15.808400142117394,-1.552040687882608,train
14.758494810000000,15.808400142117394,1.049905332117394,train
10.579021920000001,6.987029454253767,-3.591992465746234,train
21.221967800000002,15.808400142117394,-5.413567657882608,train
12.851854510000001,15.808400142117394,2.956545632117393,train
15.297425390000001,15.808400142117394,0.510974752117393,train
11.602905249999999,11.397714798185584,-0.205190451814415,train
13.391480359999999,13.603057470151493,0.211577110151493,train
13.903895000000000,15.808400142117394,1.904505142117394,train
16.736911500000001,15.808400142117394,-0.928511357882607,train
10.992040279999999,13.603057470151493,2.611017190151493,train
18.355586259999999,13.603057470151493,-4.752528789848506,train
17.259510850000002,15.808400142117394,-1.451110707882608,train
19.178941460000001,15.808400142117394,-3.370541317882607,train
13.588558500000000,11.397714798185584,-2.190843701814416,train
10.561016750000000,11.397714798185584,0.836698048185584,train
16.161970350000001,15.808400142117394,-0.353570207882607,train
17.876538610000001,15.808400142117394,-2.068138467882607,train
12.742781890000000,13.603057470151493,0.860275580151493,train
13.377967170000000,15.808400142117394,2.430432972117394,train
14.844830260000000,15.808400142117394,0.963569882117394,train
14.341068470000000,15.808400142117394,1.467331672117394,train
18.590885910000001,15.808400142117394,-2.782485767882607,train
10.443582660000001,15.808400142117394,5.364817482117394,train
16.368944110000001,13.603057470151493,-2.765886639848508,train
16.736911500000001,15.808400142117394,-0.928511357882607,train
16.040928300000001,13.603057470151493,-2.437870829848508,train
13.117866729999999,15.808400142117394,2.690533412117395,train
16.395798740000000,15.808400142117394,-0.587398597882606,train
13.240994100000000,15.808400142117394,2.567406042117394,train
12.364061260000000,13.603057470151493,1.238996210151493,train
16.459423220000001,13.603057470151493,-2.856365749848509,train
8.901516637000000,11.397714798185584,2.496198161185584,train
13.320210690000000,15.808400142117394,2.488189452117394,train
15.018858520000000,15.808400142117394,0.789541622117394,train
15.643874840000001,13.603057470151493,-2.040817369848508,train
14.496953050000000,13.603057470151493,-0.893895579848508,train
14.587795099999999,15.808400142117394,1.220605042117395,train
18.671206880000000,13.603057470151493,-5.068149409848507,train
15.404693679999999,13.603057470151493,-1.801636209848507,train
9.417590916000000,11.397714798185584,1.980123882185584,train
11.891336780000000,15.808400142117394,3.917063362117394,train
21.222555710000002,15.808400142117394,-5.414155567882608,train
10.613792860000000,15.808400142117394,5.194607282117394,train
9.051100456000000,15.808400142117394,6.757299686117394,train
13.747021940000000,15.808400142117394,2.061378202117394,train
11.601499580000000,15.808400142117394,4.206900562117394,train
12.716097880000000,15.808400142117394,3.092302262117395,train
11.269287250000000,13.603057470151493,2.333770220151493,train
17.412082900000001,15.808400142117394,-1.603682757882607,train
9.903515457999999,13.603057470151493,3.699542012151493,train
16.400928230000002,15.808400142117394,-0.592528087882608,train
11.018919570000000,15.808400142117394,4.789480572117395,train
14.214838930000001,15.808400142117394,1.593561212117393,train
19.246726649999999,15.808400142117394,-3.438326507882605,train
21.339236300000000,15.808400142117394,-5.530836157882606,train
9.885498660000000,9.192372126219675,-0.693126533780324,train
11.067907350000000,15.808400142117394,4.740492792117394,train
12.236823050000000,15.808400142117394,3.571577092117394,train
18.464887720000000,15.808400142117394,-2.656487577882606,train
16.377550540000001,15.808400142117394,-0.569150397882607,train
19.252143629999999,15.808400142117394,-3.443743487882605,train
17.302280300000000,13.603057470151493,-3.699222829848507,train
16.855928810000002,13.603057470151493,-3.252871339848509,train
18.047143139999999,13.603057470151493,-4.444085669848507,train
13.349651229999999,13.603057470151493,0.253406240151493,train
10.872068980000000,15.808400142117394,4.936331162117394,train
12.933510679999999,15.808400142117394,2.874889462117395,train
15.702948900000001,15.808400142117394,0.105451242117393,train
5.986149363000000,15.808400142117394,9.822250779117393,train
9.899961755000000,13.603057470151493,3.703095715151493,train
20.917522999999999,15.808400142117394,-5.109122857882605,train
8.651148557999999,6.987029454253767,-1.664119103746232,train
18.192325010000001,15.808400142117394,-2.383924867882607,train
14.024065830000000,15.808400142117394,1.784334312117394,train
16.553771760000000,15.808400142117394,-0.745371617882606,train
15.562603370000000,15.808400142117394,0.245796772117394,train
16.638038060000000,11.397714798185584,-5.240323261814416,train
12.373810400000000,15.808400142117394,3.434589742117394,train
14.306360950000000,13.603057470151493,-0.703303479848508,train
17.214401760000001,15.808400142117394,-1.406001617882607,train
16.275711749999999,15.808400142117394,-0.467311607882605,train
16.936321939999999,15.808400142117394,-1.127921797882605,train
12.968162220000000,15.808400142117394,2.840237922117394,train
12.638377600000000,15.808400142117394,3.170022542117394,train
3.526195991000000,11.397714798185584,7.871518807185584,train
14.987341349999999,15.808400142117394,0.821058792117395,train
11.456126410000000,15.808400142117394,4.352273732117395,train
12.012201620000001,13.603057470151493,1.590855850151492,train
7.374343889000000,11.397714798185584,4.023370909185584,train
18.191359030000001,15.808400142117394,-2.382958887882607,train
15.971328020000000,13.603057470151493,-2.368270549848507,train
14.352232539999999,15.808400142117394,1.456167602117395,train
19.488542500000001,15.808400142117394,-3.680142357882607,train
18.646669509999999,15.808400142117394,-2.838269367882605,train
11.788444490000000,15.808400142117394,4.019955652117394,train
20.077636089999999,15.808400142117394,-4.269235947882605,train
10.506188050000000,15.808400142117394,5.302212092117394,train
12.891371560000000,13.603057470151493,0.711685910151493,train
5.860539302000000,11.397714798185584,5.537175496185584,train
20.257501090000002,15.808400142117394,-4.449100947882608,train
18.650513749999998,13.603057470151493,-5.047456279848506,train
9.182579326000001,15.808400142117394,6.625820816117393,train
16.531064629999999,15.808400142117394,-0.722664487882605,train
18.842286359999999,15.808400142117394,-3.033886217882605,train
20.669378909999999,15.808400142117394,-4.860978767882605,train
13.400121850000000,13.603057470151493,0.202935620151493,train
15.404693679999999,13.603057470151493,-1.801636209848507,train
15.132711530000000,13.603057470151493,-1.529654059848507,train
13.745319530000000,15.808400142117394,2.063080612117394,train
16.093986040000001,15.808400142117394,-0.285585897882607,train
16.544635809999999,15.808400142117394,-0.736235667882605,train
13.608015890000001,13.603057470151493,-0.004958419848508,train
17.632147639999999,15.808400142117394,-1.823747497882605,train
12.762996230000001,15.808400142117394,3.045403912117393,train
13.739461159999999,15.808400142117394,2.068938982117395,train
13.963040140000000,15.808400142117394,1.845360002117394,train
8.959362017000000,15.808400142117394,6.849038125117394,train
18.888932860000001,15.808400142117394,-3.080532717882607,train
13.996457520000000,15.808400142117394,1.811942622117394,train
18.091267649999999,15.808400142117394,-2.282867507882605,train
19.944681090000000,15.808400142117394,-4.136280947882605,train
14.507056840000001,15.808400142117394,1.301343302117393,train
13.508338320000000,15.808400142117394,2.300061822117394,train
8.836642343999999,9.192372126219675,0.355729782219676,train
19.237169930000000,15.808400142117394,-3.428769787882606,train
18.241899109999999,15.808400142117394,-2.433498967882604,train
18.427255689999999,15.808400142117394,-2.618855547882605,train
16.467540350000000,15.808400142117394,-0.659140207882606,train
15.837698169999999,15.808400142117394,-0.029298027882605,train
14.189638680000000,15.808400142117394,1.618761462117394,train
11.875779600000000,11.397714798185584,-0.478064801814416,train
17.359886329999998,15.808400142117394,-1.551486187882604,train
16.042897830000001,15.808400142117394,-0.234497687882607,train
17.328609480000001,15.808400142117394,-1.520209337882607,train
19.933591910000001,15.808400142117394,-4.125191767882606,train
5.195590325000000,15.808400142117394,10.612809817117395,train
18.374379390000001,15.808400142117394,-2.565979247882607,train
10.846710870000001,13.603057470151493,2.756346600151492,train
17.465477560000000,15.808400142117394,-1.657077417882606,train
22.823752710000001,15.808400142117394,-7.015352567882607,train
18.542185310000001,15.808400142117394,-2.733785167882607,train
16.898640740000001,15.808400142117394,-1.090240597882607,train
15.332569290000000,15.808400142117394,0.475830852117394,train
17.022365099999998,15.808400142117394,-1.213964957882604,train
11.439311119999999,15.808400142117394,4.369089022117395,train
21.955389230000002,15.808400142117394,-6.146989087882607,train
9.757167614000000,15.808400142117394,6.051232528117394,train
15.442069340000000,15.808400142117394,0.366330802117394,train
15.943662200000000,15.808400142117394,-0.135262057882606,train
9.905485565999999,13.603057470151493,3.697571904151493,train
10.868092710000001,11.397714798185584,0.529622088185583,train
5.838754629000000,13.603057470151493,7.764302841151492,train
10.524522470000001,15.808400142117394,5.283877672117393,train
7.444836420000000,13.603057470151493,6.158221050151493,train
10.611348290000000,9.192372126219675,-1.418976163780325,train
18.581392390000001,15.808400142117394,-2.772992247882607,train
17.780859020000001,15.808400142117394,-1.972458877882607,train
8.308209562000000,15.808400142117394,7.500190580117394,train
23.151729899999999,15.808400142117394,-7.343329757882605,train
18.971700609999999,15.808400142117394,-3.163300467882605,train
16.495136920000000,15.808400142117394,-0.686736777882606,train
12.904623950000000,11.397714798185584,-1.506909151814416,train
17.347702030000001,13.603057470151493,-3.744644559848508,train
18.840575650000002,15.808400142117394,-3.032175507882608,train
18.729559370000000,13.603057470151493,-5.126501899848508,train
17.193938960000001,15.808400142117394,-1.385538817882606,train
18.415075359999999,15.808400142117394,-2.606675217882605,train
15.966851750000000,15.808400142117394,-0.158451607882606,train
21.724246579999999,15.808400142117394,-5.915846437882605,train
11.972721410000000,15.808400142117394,3.835678732117394,train
14.055993530000000,15.808400142117394,1.752406612117394,train
19.453155049999999,15.808400142117394,-3.644754907882605,train
12.789209500000000,15.808400142117394,3.019190642117394,train
21.202784139999999,15.808400142117394,-5.394383997882604,train
17.949009910000001,15.808400142117394,-2.140609767882607,train
16.793254040000001,15.808400142117394,-0.984853897882607,train
15.428325090000000,15.808400142117394,0.380075052117395,train
23.438687710000000,15.808400142117394,-7.630287567882606,train
19.739503960000000,15.808400142117394,-3.931103817882606,train
10.715125840000001,15.808400142117394,5.093274302117393,train
15.818417390000000,15.808400142117394,-0.010017247882606,train
14.083546030000001,13.603057470151493,-0.480488559848508,train
8.896816760000000,11.397714798185584,2.500898038185584,train
9.272920530000000,13.603057470151493,4.330136940151492,train
17.010331789999999,15.808400142117394,-1.201931647882605,train
19.539832720000000,15.808400142117394,-3.731432577882606,train
16.092088770000000,15.808400142117394,-0.283688627882606,train
18.578195800000000,15.808400142117394,-2.769795657882606,train
19.075571230000001,15.808400142117394,-3.267171087882607,train
15.721159020000000,15.808400142117394,0.087241122117394,train
15.887215149999999,15.808400142117394,-0.078815007882605,train
19.884656310000000,15.808400142117394,-4.076256167882606,train
14.707038130000001,15.808400142117394,1.101362012117393,train
12.279918810000000,15.808400142117394,3.528481332117394,train
18.425031890000000,15.808400142117394,-2.616631747882606,train
10.394496790000000,11.397714798185584,1.003218008185584,train
19.468824189999999,15.808400142117394,-3.660424047882605,train
17.378458100000000,15.808400142117394,-1.570057957882605,train
8.770768553000000,13.603057470151493,4.832288917151493,train
17.170082610000001,15.808400142117394,-1.361682467882607,train
13.290003069999999,11.397714798185584,-1.892288271814415,train
8.192347961999999,9.192372126219675,1.000024164219676,train
15.508928470000001,13.603057470151493,-1.905870999848508,train
11.839845390000001,15.808400142117394,3.968554752117393,train
14.257263790000000,15.808400142117394,1.551136352117394,train
12.161842099999999,15.808400142117394,3.646558042117395,train
15.990635810000001,13.603057470151493,-2.387578339848508,train
16.476121150000001,15.808400142117394,-0.667721007882607,train
13.407788910000001,15.808400142117394,2.400611232117393,train
13.695924789999999,15.808400142117394,2.112475352117395,train
14.418684380000000,13.603057470151493,-0.815626909848508,train
10.025220709999999,15.808400142117394,5.783179432117395,train
20.585560560000001,15.808400142117394,-4.777160417882607,train
14.665054310000000,15.808400142117394,1.143345832117394,train
20.257501090000002,15.808400142117394,-4.449100947882608,train
14.552463469999999,15.808400142117394,1.255936672117395,train
14.721206900000000,15.808400142117394,1.087193242117394,train
15.489966230000000,15.808400142117394,0.318433912117394,train
5.732104787000000,11.397714798185584,5.665610011185584,train
10.766723290000000,15.808400142117394,5.041676852117394,train
11.812313250000001,15.808400142117394,3.996086892117393,train
10.442000549999999,15.808400142117394,5.366399592117395,train
13.252301550000000,15.808400142117394,2.556098592117394,train
8.667005187000001,15.808400142117394,7.141394955117393,train
18.639528370000001,15.808400142117394,-2.831128227882607,train
14.003340730000000,15.808400142117394,1.805059412117394,train
16.849559710000001,15.808400142117394,-1.041159567882607,train
9.996039625000000,13.603057470151493,3.607017845151493,train
13.416189720000000,13.603057470151493,0.186867750151492,train
16.288219730000002,13.603057470151493,-2.685162259848509,train
20.898617370000000,15.808400142117394,-5.090217227882606,train
15.417861080000000,15.808400142117394,0.390539062117394,train
17.465629830000001,15.808400142117394,-1.657229687882607,train
17.158196879999998,13.603057470151493,-3.555139409848506,train
7.373935134000000,11.397714798185584,4.023779664185584,train
16.158231910000001,13.603057470151493,-2.555174439848509,train
16.870308619999999,15.808400142117394,-1.061908477882605,train
16.646875390000002,15.808400142117394,-0.838475247882608,train
10.620727020000000,9.192372126219675,-1.428354893780325,train
12.047735570000000,15.808400142117394,3.760664572117394,train
12.261928670000000,13.603057470151493,1.341128800151493,train
14.119567730000000,15.808400142117394,1.688832412117394,train
3.573882541000000,15.808400142117394,12.234517601117394,train
16.028505570000000,15.808400142117394,-0.220105427882606,train
16.029959320000000,13.603057470151493,-2.426901849848507,train
16.752370020000001,15.808400142117394,-0.943969877882607,train
15.586651840000000,15.808400142117394,0.221748302117394,train
19.254194370000000,15.808400142117394,-3.445794227882606,train
14.998768670000000,15.808400142117394,0.809631472117394,train
11.232094660000000,15.808400142117394,4.576305482117395,train
13.762701020000000,15.808400142117394,2.045699122117394,train
9.315768506000000,15.808400142117394,6.492631636117395,train
12.781196010000000,15.808400142117394,3.027204132117394,train
15.490005410000000,15.808400142117394,0.318394732117394,train
14.275309419999999,15.808400142117394,1.533090722117395,train
14.941961350000000,15.808400142117394,0.866438792117394,train
14.859187920000000,15.808400142117394,0.949212222117394,train
16.245926600000001,15.808400142117394,-0.437526457882607,train
9.274415863000000,13.603057470151493,4.328641607151493,train
12.945827830000001,15.808400142117394,2.862572312117393,train
17.698622230000002,15.808400142117394,-1.890222087882607,train
16.740275149999999,13.603057470151493,-3.137217679848506,train
13.802997290000000,13.603057470151493,-0.199939819848508,train
15.193876180000000,15.808400142117394,0.614523962117394,train
13.287473680000000,15.808400142117394,2.520926462117394,train
14.711351400000000,15.808400142117394,1.097048742117394,train
14.195308190000000,15.808400142117394,1.613091952117394,train
19.723085780000002,15.808400142117394,-3.914685637882608,train
17.566225520000000,15.808400142117394,-1.757825377882606,train
16.648134160000001,15.808400142117394,-0.839734017882607,train
12.518752250000000,13.603057470151493,1.084305220151492,train
16.244125279999999,15.808400142117394,-0.435725137882605,train
14.763473590000000,15.808400142117394,1.044926552117394,train
13.117543760000000,15.808400142117394,2.690856382117394,train
18.332839740000001,13.603057470151493,-4.729782269848508,train
12.106902670000000,15.808400142117394,3.701497472117394,train
12.191840760000000,15.808400142117394,3.616559382117394,train
11.408133910000000,15.808400142117394,4.400266232117394,train
13.469279430000000,15.808400142117394,2.339120712117394,train
20.134126450000000,15.808400142117394,-4.325726307882606,train
14.691016960000001,15.808400142117394,1.117383182117393,train
16.252642420000001,15.808400142117394,-0.444242277882607,train
21.653485029999999,15.808400142117394,-5.845084887882605,train
11.924609070000001,15.808400142117394,3.883791072117393,train
19.748262940000000,15.808400142117394,-3.939862797882606,train
18.644307680000001,15.808400142117394,-2.835907537882607,train
14.267419920000000,15.808400142117394,1.540980222117394,train
18.349253650000001,15.808400142117394,-2.540853507882607,train
19.594536680000001,15.808400142117394,-3.786136537882607,train
13.716075979999999,11.397714798185584,-2.318361181814415,train
15.414608230000001,15.808400142117394,0.393791912117393,train
18.272521800000000,13.603057470151493,-4.669464329848507,train
18.496243799999998,15.808400142117394,-2.687843657882604,train
12.312457980000000,13.603057470151493,1.290599490151493,train
18.807838870000001,15.808400142117394,-2.999438727882607,train
16.766471559999999,15.808400142117394,-0.958071417882605,train
12.242819620000001,13.603057470151493,1.360237850151492,train
16.073479230000000,13.603057470151493,-2.470421759848508,train
16.533059089999998,15.808400142117394,-0.724658947882604,train
19.742423060000000,15.808400142117394,-3.934022917882606,train
8.500583913000000,13.603057470151493,5.102473557151493,train
12.553057470000001,13.603057470151493,1.050000000151492,train
8.721554984000001,15.808400142117394,7.086845158117393,train
19.311600410000000,15.808400142117394,-3.503200267882606,train
16.821944420000001,15.808400142117394,-1.013544277882607,train
21.149689800000001,15.808400142117394,-5.341289657882607,train
19.608551769999998,15.808400142117394,-3.800151627882604,train
13.204450260000000,15.808400142117394,2.603949882117394,train
9.115906396000000,11.397714798185584,2.281808402185584,train
14.763389320000000,13.603057470151493,-1.160331849848507,train
11.749212060000000,15.808400142117394,4.059188082117394,train
5.908286820000000,15.808400142117394,9.900113322117395,train
16.588014300000001,15.808400142117394,-0.779614157882607,train
17.790997050000001,15.808400142117394,-1.982596907882607,train
17.316543169999999,15.808400142117394,-1.508143027882605,train
9.370442441000000,11.397714798185584,2.027272357185584,train
8.061645950000001,13.603057470151493,5.541411520151492,train
16.830148670000000,15.808400142117394,-1.021748527882606,train
8.372381073000000,15.808400142117394,7.436019069117394,train
10.092812960000000,15.808400142117394,5.715587182117394,train
11.406953379999999,13.603057470151493,2.196104090151493,train
13.221837610000000,13.603057470151493,0.381219860151493,train
16.588128510000001,13.603057470151493,-2.985071039848508,train
6.102803165000000,13.603057470151493,7.500254305151492,train
17.372238119999999,15.808400142117394,-1.563837977882605,train
19.321274480000000,15.808400142117394,-3.512874337882606,train
11.136256330000000,13.603057470151493,2.466801140151492,train
18.501898700000002,15.808400142117394,-2.693498557882608,train
20.363568969999999,15.808400142117394,-4.555168827882605,train
3.331744232000000,4.781686782287862,1.449942550287862,train
17.534621300000001,15.808400142117394,-1.726221157882607,train
14.066414950000000,15.808400142117394,1.741985192117394,train
16.099805100000001,15.808400142117394,-0.291404957882607,train
20.816117999999999,15.808400142117394,-5.007717857882605,train
16.733397690000000,15.808400142117394,-0.924997547882606,train
12.846177389999999,13.603057470151493,0.756880080151493,train
19.638450100000000,15.808400142117394,-3.830049957882606,train
10.754634230000001,15.808400142117394,5.053765912117393,train
16.343849110000001,15.808400142117394,-0.535448967882607,train
17.925776679999998,15.808400142117394,-2.117376537882604,train
17.286235930000000,15.808400142117394,-1.477835787882606,train
12.820679220000001,13.603057470151493,0.782378250151492,train
6.783713520000000,6.987029454253767,0.203315934253767,train
19.177244800000000,15.808400142117394,-3.368844657882606,train
16.523051580000001,15.808400142117394,-0.714651437882607,train
15.257580700000000,15.808400142117394,0.550819442117394,train
16.044399150000000,15.808400142117394,-0.235999007882606,train
15.320038050000001,15.808400142117394,0.488362092117393,train
16.993479440000002,15.808400142117394,-1.185079297882607,train
16.752446200000001,15.808400142117394,-0.944046057882607,train
21.508370400000000,15.808400142117394,-5.699970257882606,train
20.070339130000001,15.808400142117394,-4.261938987882607,train
12.947794610000001,13.603057470151493,0.655262860151492,train
9.823760845000001,15.808400142117394,5.984639297117393,train
12.350906210000000,15.808400142117394,3.457493932117394,train
4.611961375000000,11.397714798185584,6.785753423185584,train
11.895016340000000,13.603057470151493,1.708041130151493,train
5.698441751000000,9.192372126219675,3.493930375219676,train
13.751047120000001,15.808400142117394,2.057353022117393,train
12.520092760000001,13.603057470151493,1.082964710151492,train
16.581251280000000,15.808400142117394,-0.772851137882606,train
19.024250580000000,15.808400142117394,-3.215850437882606,train
13.022988509999999,15.808400142117394,2.785411632117395,train
17.965433690000001,15.808400142117394,-2.157033547882607,train
17.739268150000001,13.603057470151493,-4.136210679848508,train
19.277614280000002,15.808400142117394,-3.469214137882608,train
14.613768889999999,15.808400142117394,1.194631252117395,train
6.770816781000000,11.397714798185584,4.626898017185584,train
14.301767110000000,13.603057470151493,-0.698709639848508,train
13.174357720000000,15.808400142117394,2.634042422117394,train
11.099640480000000,15.808400142117394,4.708759662117394,train
7.716999809000000,11.397714798185584,3.680714989185584,train
11.195344340000000,15.808400142117394,4.613055802117394,train
8.765193678999999,13.603057470151493,4.837863791151493,train
18.140305219999998,15.808400142117394,-2.331905077882604,train
16.115526750000001,15.808400142117394,-0.307126607882607,train
16.248340819999999,13.603057470151493,-2.645283349848507,train
12.450719640000001,15.808400142117394,3.357680502117393,train
18.705447050000000,15.808400142117394,-2.897046907882606,train
17.849527129999998,15.808400142117394,-2.041126987882604,train
18.774027510000000,15.808400142117394,-2.965627367882606,train
9.844771303000000,11.397714798185584,1.552943495185584,train
18.515410930000002,15.808400142117394,-2.707010787882608,train
19.547718969999998,15.808400142117394,-3.739318827882604,train
17.526994230000000,15.808400142117394,-1.718594087882606,train
18.452521730000001,15.808400142117394,-2.644121587882607,train
12.431479530000001,11.397714798185584,-1.033764731814417,train
12.458602279999999,15.808400142117394,3.349797862117395,train
14.619917129999999,15.808400142117394,1.188483012117395,train
10.404536739999999,13.603057470151493,3.198520730151493,train
10.461945520000000,13.603057470151493,3.141111950151492,train
12.929594690000000,11.397714798185584,-1.531879891814416,train
15.371680339999999,13.603057470151493,-1.768622869848507,train
16.786873809999999,15.808400142117394,-0.978473667882605,train
15.877735749999999,15.808400142117394,-0.069335607882605,train
15.691145240000001,15.808400142117394,0.117254902117393,train
11.994674970000000,15.808400142117394,3.813725172117394,train
14.292807000000000,15.808400142117394,1.515593142117394,train
7.644801460000000,15.808400142117394,8.163598682117394,train
17.758650889999998,15.808400142117394,-1.950250747882604,train
10.838861950000000,15.808400142117394,4.969538192117394,train
15.159318389999999,15.808400142117394,0.649081752117395,train
18.840364520000001,15.808400142117394,-3.031964377882607,train
4.751701966000000,9.192372126219675,4.440670160219676,train
18.514426069999999,15.808400142117394,-2.706025927882605,train
18.311092360000000,13.603057470151493,-4.708034889848507,train
9.736565550000000,13.603057470151493,3.866491920151493,train
10.970188220000001,15.808400142117394,4.838211922117393,train
16.049762130000001,15.808400142117394,-0.241361987882607,train
20.615724279999998,15.808400142117394,-4.807324137882604,train
16.601796119999999,15.808400142117394,-0.793395977882605,train
13.110981300000001,15.808400142117394,2.697418842117393,train
13.580366460000000,13.603057470151493,0.022691010151492,train
16.125443520000001,11.397714798185584,-4.727728721814417,train
15.605155520000000,15.808400142117394,0.203244622117394,train
19.306191020000000,15.808400142117394,-3.497790877882606,train
12.313727600000000,15.808400142117394,3.494672542117394,train
9.322652651000000,15.808400142117394,6.485747491117394,train
14.272307600000000,15.808400142117394,1.536092542117395,train
13.977636420000000,15.808400142117394,1.830763722117394,train
21.541617559999999,15.808400142117394,-5.733217417882605,train
13.190217580000001,15.808400142117394,2.618182562117394,train
10.261331860000000,13.603057470151493,3.341725610151492,train
16.760009810000000,15.808400142117394,-0.951609667882606,train
16.012801610000000,15.808400142117394,-0.204401467882606,train
13.582540509999999,13.603057470151493,0.020516960151493,train
16.076409750000000,15.808400142117394,-0.268009607882606,train
16.265211770000001,15.808400142117394,-0.456811627882606,train
18.997244949999999,15.808400142117394,-3.188844807882605,train
17.153300869999999,15.808400142117394,-1.344900727882605,train
9.822929109000000,15.808400142117394,5.985471033117394,train
14.910290120000001,15.808400142117394,0.898110022117393,train
15.314915510000001,15.808400142117394,0.493484632117394,train
17.619115590000000,15.808400142117394,-1.810715447882606,train
17.283505080000001,15.808400142117394,-1.475104937882607,train
12.418199590000000,15.808400142117394,3.390200552117394,train
11.537548180000000,11.397714798185584,-0.139833381814416,train
18.989472390000000,15.808400142117394,-3.181072247882605,train
14.121669480000000,15.808400142117394,1.686730662117395,train
15.185500930000000,15.808400142117394,0.622899212117394,train
17.790870089999999,15.808400142117394,-1.982469947882604,train
19.409448170000001,15.808400142117394,-3.601048027882607,train
20.842873239999999,15.808400142117394,-5.034473097882605,train
13.188927800000000,15.808400142117394,2.619472342117394,train
11.686312210000001,9.192372126219675,-2.493940083780325,train
15.632333120000000,15.808400142117394,0.176067022117394,train
11.207433900000000,15.808400142117394,4.600966242117394,train
11.843044750000001,11.397714798185584,-0.445329951814417,train
9.884578653000000,9.192372126219675,-0.692206526780325,train
13.349218609999999,15.808400142117394,2.459181532117395,train
15.942201130000001,15.808400142117394,-0.133800987882607,train
14.800207329999999,15.808400142117394,1.008192812117395,train
16.258315549999999,13.603057470151493,-2.655258079848506,train
9.832679920000000,13.603057470151493,3.770377550151492,train
21.817423410000000,15.808400142117394,-6.009023267882606,train
15.239216490000000,15.808400142117394,0.569183652117394,train
11.382174980000000,15.808400142117394,4.426225162117394,train
15.509489270000000,13.603057470151493,-1.906431799848507,train
14.217380929999999,15.808400142117394,1.591019212117395,train
12.082758280000000,15.808400142117394,3.725641862117394,train
21.383018790000001,15.808400142117394,-5.574618647882607,train
20.175160750000000,15.808400142117394,-4.366760607882606,train
14.960564580000000,15.808400142117394,0.847835562117394,train
13.643515369999999,13.603057470151493,-0.040457899848507,train
17.038707479999999,15.808400142117394,-1.230307337882605,train
15.085534050000000,15.808400142117394,0.722866092117394,train
16.963450450000000,15.808400142117394,-1.155050307882606,train
18.446409370000001,15.808400142117394,-2.638009227882607,train
14.462309460000000,15.808400142117394,1.346090682117394,train
9.768486236999999,13.603057470151493,3.834571233151493,train
13.724238270000001,15.808400142117394,2.084161872117393,train
14.070543340000000,15.808400142117394,1.737856802117394,train
19.769871670000001,15.808400142117394,-3.961471527882606,train
9.203916606000000,11.397714798185584,2.193798192185584,train
12.689640689999999,15.808400142117394,3.118759452117395,train
21.234032530000000,15.808400142117394,-5.425632387882606,train
14.482407900000000,15.808400142117394,1.325992242117394,train
10.426098930000000,15.808400142117394,5.382301212117394,train
15.543275830000001,15.808400142117394,0.265124312117393,train
21.431276350000001,15.808400142117394,-5.622876207882607,train
13.051814040000000,13.603057470151493,0.551243430151493,train
8.573149678000000,15.808400142117394,7.235250464117394,train
14.853645790000000,15.808400142117394,0.954754352117394,train
13.795320750000000,15.808400142117394,2.013079392117394,train
16.261240730000001,15.808400142117394,-0.452840587882607,train
13.890330830000000,13.603057470151493,-0.287273359848507,train
16.486491659999999,15.808400142117394,-0.678091517882605,train
15.416027260000000,15.808400142117394,0.392372882117394,train
11.349313550000000,11.397714798185584,0.048401248185584,train
14.232738570000000,15.808400142117394,1.575661572117394,train
17.248167190000000,15.808400142117394,-1.439767047882606,train
16.770232170000000,15.808400142117394,-0.961832027882606,train
14.177630340000000,15.808400142117394,1.630769802117394,train
11.907757670000001,15.808400142117394,3.900642472117394,train
10.531384420000000,13.603057470151493,3.071673050151492,train
21.364372960000001,15.808400142117394,-5.555972817882607,train
15.649158509999999,15.808400142117394,0.159241632117395,train
12.502099200000000,11.397714798185584,-1.104384401814416,train
17.360147999999999,15.808400142117394,-1.551747857882605,train
16.433586829999999,13.603057470151493,-2.830529359848507,train
15.071274409999999,15.808400142117394,0.737125732117395,train
21.647043340000000,15.808400142117394,-5.838643197882606,train
15.566058920000000,11.397714798185584,-4.168344121814416,train
14.721206900000000,15.808400142117394,1.087193242117394,train
17.019211259999999,13.603057470151493,-3.416153789848506,train
11.180836950000000,13.603057470151493,2.422220520151493,train
15.484062339999999,13.603057470151493,-1.881004869848507,train
10.937689410000001,11.397714798185584,0.460025388185583,train
13.311566530000000,11.397714798185584,-1.913851731814416,train
15.059089910000001,15.808400142117394,0.749310232117393,train
6.721993288000000,15.808400142117394,9.086406854117394,train
19.756044090000000,15.808400142117394,-3.947643947882606,train
20.391254490000001,15.808400142117394,-4.582854347882607,train
21.439024100000001,15.808400142117394,-5.630623957882607,train
17.947390800000001,15.808400142117394,-2.138990657882607,train
17.170269550000000,15.808400142117394,-1.361869407882606,train
16.148079939999999,15.808400142117394,-0.339679797882605,train
18.061156650000001,15.808400142117394,-2.252756507882607,train
13.044157580000000,15.808400142117394,2.764242562117394,train
21.604600099999999,15.808400142117394,-5.796199957882605,train
18.073357690000002,15.808400142117394,-2.264957547882608,train
19.777015440000000,15.808400142117394,-3.968615297882605,train
9.571291149000000,15.808400142117394,6.237108993117394,train
8.070313358000000,13.603057470151493,5.532744112151493,train
2.828122088000000,15.808400142117394,12.980278054117393,train
14.495705279999999,15.808400142117394,1.312694862117395,train
10.404536739999999,13.603057470151493,3.198520730151493,train
18.686916929999999,15.808400142117394,-2.878516787882605,train
12.519411630000000,15.808400142117394,3.288988512117394,train
17.094372620000001,15.808400142117394,-1.285972477882607,train
11.942901969999999,15.808400142117394,3.865498172117395,train
20.140350829999999,15.808400142117394,-4.331950687882605,train
16.737216520000000,15.808400142117394,-0.928816377882606,train
17.220145160000001,15.808400142117394,-1.411745017882607,train
14.273338949999999,15.808400142117394,1.535061192117395,train
15.099709130000001,15.808400142117394,0.708691012117393,train
21.208080920000000,15.808400142117394,-5.399680777882606,train
15.794506070000001,13.603057470151493,-2.191448599848508,train
9.978330286000000,13.603057470151493,3.624727184151492,train
14.310786029999999,15.808400142117394,1.497614112117395,train
15.115873000000001,13.603057470151493,-1.512815529848508,train
9.410565487000000,13.603057470151493,4.192491983151493,train
18.880240510000000,15.808400142117394,-3.071840367882606,train
19.671289059999999,15.808400142117394,-3.862888917882605,train
11.431596949999999,13.603057470151493,2.171460520151493,train
21.393323750000000,15.808400142117394,-5.584923607882606,train
21.192640640000000,15.808400142117394,-5.384240497882606,train
19.884074900000002,15.808400142117394,-4.075674757882608,train
16.137707519999999,15.808400142117394,-0.329307377882605,train
6.363209247000000,15.808400142117394,9.445190895117394,train
17.188978479999999,15.808400142117394,-1.380578337882605,train
13.879936669999999,15.808400142117394,1.928463472117395,train
18.428710760000001,15.808400142117394,-2.620310617882607,train
12.626843800000000,15.808400142117394,3.181556342117394,train
19.650003510000001,15.808400142117394,-3.841603367882607,train
19.167008679999999,15.808400142117394,-3.358608537882604,train
13.220046920000000,15.808400142117394,2.588353222117394,train
17.389523749999999,15.808400142117394,-1.581123607882605,train
15.069155370000001,15.808400142117394,0.739244772117393,train
16.607430659999999,15.808400142117394,-0.799030517882604,train
16.202082239999999,15.808400142117394,-0.393682097882605,train
10.852757620000000,15.808400142117394,4.955642522117394,train
17.005387240000001,15.808400142117394,-1.196987097882607,train
13.606648540000000,13.603057470151493,-0.003591069848508,train
14.427538190000000,15.808400142117394,1.380861952117394,train
21.504509850000002,15.808400142117394,-5.696109707882608,train
11.806720479999999,15.808400142117394,4.001679662117395,train
11.650392480000001,15.808400142117394,4.158007662117393,train
13.081900279999999,15.808400142117394,2.726499862117395,train
14.743743459999999,15.808400142117394,1.064656682117395,train
20.843381059999999,15.808400142117394,-5.034980917882605,train
16.963309649999999,15.808400142117394,-1.154909507882605,train
15.029327170000000,15.808400142117394,0.779072972117394,train
16.275209149999998,15.808400142117394,-0.466809007882604,train
16.948612810000000,13.603057470151493,-3.345555339848508,train
18.116335560000000,15.808400142117394,-2.307935417882605,train
14.775401199999999,15.808400142117394,1.032998942117395,train
14.315130210000000,15.808400142117394,1.493269932117395,train
15.991625600000001,15.808400142117394,-0.183225457882607,train
18.958547159999998,15.808400142117394,-3.150147017882604,train
17.121527990000001,15.808400142117394,-1.313127847882607,train
11.563177019999999,9.192372126219675,-2.370804893780324,train
17.081757650000000,15.808400142117394,-1.273357507882606,train
16.279782449999999,13.603057470151493,-2.676724979848506,train
12.804305490000001,15.808400142117394,3.004094652117393,train
16.965894680000002,15.808400142117394,-1.157494537882608,train
18.723181740000001,15.808400142117394,-2.914781597882607,train
19.189586800000001,15.808400142117394,-3.381186657882607,train
17.650206250000000,15.808400142117394,-1.841806107882606,train
14.412919020000000,11.397714798185584,-3.015204221814416,train
17.209201199999999,13.603057470151493,-3.606143729848506,train
17.094909670000000,15.808400142117394,-1.286509527882606,train
16.914594040000001,13.603057470151493,-3.311536569848508,train
12.266840040000000,15.808400142117394,3.541560102117394,train
16.776028430000000,15.808400142117394,-0.967628287882606,train
16.497834670000000,15.808400142117394,-0.689434527882606,train
13.054677040000000,15.808400142117394,2.753723102117394,train
15.961947560000000,15.808400142117394,-0.153547417882606,train
10.253608590000001,15.808400142117394,5.554791552117393,train
15.153109540000001,15.808400142117394,0.655290602117393,train
14.816120450000000,15.808400142117394,0.992279692117394,train
14.115400980000000,15.808400142117394,1.692999162117394,train
19.532478980000000,15.808400142117394,-3.724078837882606,train
12.709173110000000,15.808400142117394,3.099227032117394,train
15.466081610000000,15.808400142117394,0.342318532117394,train
12.696529340000000,13.603057470151493,0.906528130151493,train
19.517831330000000,15.808400142117394,-3.709431187882606,train
15.690487670000000,15.808400142117394,0.117912472117395,train
13.718695370000001,13.603057470151493,-0.115637899848508,train
12.384806090000000,13.603057470151493,1.218251380151493,train
19.331228459999998,15.808400142117394,-3.522828317882604,train
14.855350169999999,11.397714798185584,-3.457635371814415,train
16.507219790000001,15.808400142117394,-0.698819647882607,train
20.071125439999999,15.808400142117394,-4.262725297882605,train
15.969741920000001,15.808400142117394,-0.161341777882607,train
15.370295820000001,15.808400142117394,0.438104322117393,train
16.342975590000002,13.603057470151493,-2.739918119848509,train
9.400006568000000,15.808400142117394,6.408393574117394,train
15.641350470000001,13.603057470151493,-2.038292999848508,train
18.909662579999999,15.808400142117394,-3.101262437882605,train
18.645495340000000,13.603057470151493,-5.042437869848508,train
11.315112539999999,15.808400142117394,4.493287602117395,train
14.822445040000000,15.808400142117394,0.985955102117394,train
18.017244510000001,15.808400142117394,-2.208844367882607,train
18.959876179999998,15.808400142117394,-3.151476037882604,train
15.270487870000000,15.808400142117394,0.537912272117394,train
15.010792710000000,15.808400142117394,0.797607432117394,train
18.912622760000001,15.808400142117394,-3.104222617882607,train
19.667378540000001,15.808400142117394,-3.858978397882607,train
10.265694390000000,15.808400142117394,5.542705752117394,train
8.935856928000000,6.987029454253767,-1.948827473746233,train
16.196070089999999,15.808400142117394,-0.387669947882605,train
12.921934029999999,15.808400142117394,2.886466112117395,train
11.514426780000001,13.603057470151493,2.088630690151492,train
15.677831160000000,13.603057470151493,-2.074773689848508,train
17.244744659999999,15.808400142117394,-1.436344517882604,train
7.776711513000000,13.603057470151493,5.826345957151492,train
11.324866810000000,15.808400142117394,4.483533332117394,train
14.208721519999999,13.603057470151493,-0.605664049848507,train
19.530037390000000,15.808400142117394,-3.721637247882606,train
19.345842330000000,15.808400142117394,-3.537442187882606,train
17.387309380000001,13.603057470151493,-3.784251909848509,train
14.332961180000000,15.808400142117394,1.475438962117394,train
7.223516266000000,15.808400142117394,8.584883876117395,train
16.511986109999999,15.808400142117394,-0.703585967882605,train
19.000850130000000,15.808400142117394,-3.192449987882606,train
17.374160320000001,13.603057470151493,-3.771102849848509,train
18.071699429999999,15.808400142117394,-2.263299287882605,train
16.817645639999999,15.808400142117394,-1.009245497882604,train
18.154534049999999,15.808400142117394,-2.346133907882605,train
20.006459660000001,15.808400142117394,-4.198059517882607,train
13.016467159999999,11.397714798185584,-1.618752361814416,train
12.886847420000000,11.397714798185584,-1.489132621814417,train
18.682829720000001,15.808400142117394,-2.874429577882607,train
12.677756370000001,15.808400142117394,3.130643772117393,train
12.635813870000000,15.808400142117394,3.172586272117394,train
11.960381650000000,13.603057470151493,1.642675820151492,train
11.000619329999999,15.808400142117394,4.807780812117395,train
17.321104370000000,15.808400142117394,-1.512704227882606,train
8.623584959000000,15.808400142117394,7.184815183117394,train
15.955171090000000,15.808400142117394,-0.146770947882606,train
18.796577830000000,15.808400142117394,-2.988177687882606,train
14.274429110000000,15.808400142117394,1.533971032117394,train
15.525345540000000,15.808400142117394,0.283054602117394,train
5.638772949000000,11.397714798185584,5.758941849185584,train
12.433909370000000,13.603057470151493,1.169148100151492,train
15.725197310000000,15.808400142117394,0.083202832117394,train
11.276777830000000,15.808400142117394,4.531622312117394,train
13.990449990000000,15.808400142117394,1.817950152117394,train
13.804655990000001,15.808400142117394,2.003744152117394,train
17.632678859999999,15.808400142117394,-1.824278717882605,train
8.356472300000000,15.808400142117394,7.451927842117394,train
19.257967650000001,15.808400142117394,-3.449567507882607,train
11.702211110000000,15.808400142117394,4.106189032117394,train
7.746274546000000,11.397714798185584,3.651440252185584,train
18.791287180000001,15.808400142117394,-2.982887037882607,train
13.261545730000000,15.808400142117394,2.546854412117394,train
11.733803110000000,13.603057470151493,1.869254360151492,train
13.919757600000001,15.808400142117394,1.888642542117394,train
17.882495179999999,15.808400142117394,-2.074095037882605,train
12.047492869999999,15.808400142117394,3.760907272117395,train
17.606316799999998,15.808400142117394,-1.797916657882604,train
16.830995099999999,15.808400142117394,-1.022594957882605,train
11.358780850000000,13.603057470151493,2.244276620151492,train
15.571348000000000,15.808400142117394,0.237052142117394,train
16.759973620000000,15.808400142117394,-0.951573477882606,train
20.949592849999998,15.808400142117394,-5.141192707882604,train
20.154903220000001,15.808400142117394,-4.346503077882607,train
18.851260210000000,13.603057470151493,-5.248202739848507,train
13.764855349999999,15.808400142117394,2.043544792117395,train
14.492667030000000,11.397714798185584,-3.094952231814416,train
20.469776469999999,15.808400142117394,-4.661376327882605,train
16.865731449999998,15.808400142117394,-1.057331307882604,train
15.898747810000000,15.808400142117394,-0.090347667882606,train
17.557301039999999,15.808400142117394,-1.748900897882605,train
10.349902650000001,15.808400142117394,5.458497492117393,train
18.485606220000001,15.808400142117394,-2.677206077882607,train
13.979228500000000,13.603057470151493,-0.376171029848507,train
18.103059829999999,15.808400142117394,-2.294659687882605,train
9.730495460000000,13.603057470151493,3.872562010151492,train
15.426938840000000,15.808400142117394,0.381461302117394,train
4.935242678000000,6.987029454253767,2.051786776253767,train
13.353162449999999,13.603057470151493,0.249895020151493,train
14.016028730000000,15.808400142117394,1.792371412117394,train
13.889911390000000,15.808400142117394,1.918488752117394,train
9.643398910000000,15.808400142117394,6.165001232117394,train
16.479948490000002,15.808400142117394,-0.671548347882608,train
12.071872330000000,15.808400142117394,3.736527812117394,train
18.530329020000000,15.808400142117394,-2.721928877882606,train
18.779090100000001,15.808400142117394,-2.970689957882607,train
15.189350449999999,15.808400142117394,0.619049692117395,train
9.012071549000000,13.603057470151493,4.590985921151493,train
14.490879930000000,15.808400142117394,1.317520212117394,train
9.981866518000000,11.397714798185584,1.415848280185584,train
16.127829819999999,15.808400142117394,-0.319429677882605,train
14.750020620000001,15.808400142117394,1.058379522117393,train
18.596753570000001,15.808400142117394,-2.788353427882607,train
14.013139270000000,13.603057470151493,-0.410081799848507,train
17.727772420000001,15.808400142117394,-1.919372277882607,train
13.759070550000001,13.603057470151493,-0.156013079848508,train
12.898056670000001,15.808400142117394,2.910343472117393,train
18.840136529999999,15.808400142117394,-3.031736387882605,train
20.050452249999999,15.808400142117394,-4.242052107882605,train
17.541895000000000,15.808400142117394,-1.733494857882606,train
20.438806240000002,15.808400142117394,-4.630406097882608,train
17.556185310000000,15.808400142117394,-1.747785167882606,train
14.862746300000000,15.808400142117394,0.945653842117395,test
14.954314399999999,15.808400142117394,0.854085742117395,test
19.213368339999999,15.808400142117394,-3.404968197882605,test
15.267134799999999,15.808400142117394,0.541265342117395,test
17.135174939999999,15.808400142117394,-1.326774797882605,test
16.722900100000000,15.808400142117394,-0.914499957882606,test
17.410593110000001,13.603057470151493,-3.807535639848508,test
12.380311460000000,15.808400142117394,3.428088682117394,test
18.192595359999999,15.808400142117394,-2.384195217882604,test
10.167163550000000,15.808400142117394,5.641236592117394,test
19.191989509999999,15.808400142117394,-3.383589367882605,test
13.727562850000000,13.603057470151493,-0.124505379848507,test
20.844242260000001,15.808400142117394,-5.035842117882607,test
18.201044119999999,15.808400142117394,-2.392643977882605,test
10.595840519999999,9.192372126219675,-1.403468393780324,test
20.506513529999999,15.808400142117394,-4.698113387882605,test
17.754952240000001,15.808400142117394,-1.946552097882607,test
14.309455030000001,15.808400142117394,1.498945112117394,test
20.299755739999998,15.808400142117394,-4.491355597882604,test
10.476185539999999,11.397714798185584,0.921529258185585,test
11.621514110000000,15.808400142117394,4.186886032117394,test
14.765091869999999,15.808400142117394,1.043308272117395,test
15.794506070000001,13.603057470151493,-2.191448599848508,test
15.860650580000000,15.808400142117394,-0.052250437882606,test
15.525568079999999,15.808400142117394,0.282832062117395,test
14.709898780000000,11.397714798185584,-3.312183981814416,test
19.205107179999999,13.603057470151493,-5.602049709848506,test
8.286316818000000,6.987029454253767,-1.299287363746233,test
14.013831430000000,15.808400142117394,1.794568712117394,test
16.581251280000000,15.808400142117394,-0.772851137882606,test
15.427320490000000,15.808400142117394,0.381079652117394,test
13.173243640000001,15.808400142117394,2.635156502117393,test
9.487161064000000,13.603057470151493,4.115896406151492,test
16.728405049999999,13.603057470151493,-3.125347579848507,test
11.546234670000000,13.603057470151493,2.056822800151492,test
17.211552269999999,15.808400142117394,-1.403152127882604,test
12.721881950000000,15.808400142117394,3.086518192117394,test
11.489342660000000,13.603057470151493,2.113714810151492,test
20.167572750000001,15.808400142117394,-4.359172607882607,test
9.397824517000000,15.808400142117394,6.410575625117394,test
16.532780870000000,15.808400142117394,-0.724380727882606,test
7.504724085000000,15.808400142117394,8.303676057117393,test
12.700304989999999,15.808400142117394,3.108095152117395,test
14.961183889999999,15.808400142117394,0.847216252117395,test
16.502682380000000,15.808400142117394,-0.694282237882605,test
18.543865380000000,15.808400142117394,-2.735465237882606,test
13.874789570000001,11.397714798185584,-2.477074771814417,test
16.473280339999999,15.808400142117394,-0.664880197882605,test
13.115213510000000,15.808400142117394,2.693186632117394,test
12.711193870000001,15.808400142117394,3.097206272117393,test
13.048932470000000,13.603057470151493,0.554125000151492,test
15.151805890000000,15.808400142117394,0.656594252117394,test
19.855281430000002,15.808400142117394,-4.046881287882607,test
14.028755309999999,15.808400142117394,1.779644832117395,test
20.647591360000000,15.808400142117394,-4.839191217882606,test
13.029268869999999,11.397714798185584,-1.631554071814415,test
0.000000000000000,-4.039683905575768,-4.039683905575768,test
16.591658469999999,15.808400142117394,-0.783258327882605,test
19.635632810000001,15.808400142117394,-3.827232667882607,test
10.686500310000000,13.603057470151493,2.916557160151493,test
18.285851990000001,15.808400142117394,-2.477451847882607,test
14.982097980000001,15.808400142117394,0.826302162117393,test
6.083234837000000,11.397714798185584,5.314479961185584,test
17.056118550000001,15.808400142117394,-1.247718407882607,test
19.080689570000001,15.808400142117394,-3.272289427882606,test
18.795784309999998,15.808400142117394,-2.987384167882604,test
12.510887730000000,11.397714798185584,-1.113172931814416,test
7.940579248000000,9.192372126219675,1.251792878219676,test
14.368174880000000,13.603057470151493,-0.765117409848507,test
12.587703560000000,13.603057470151493,1.015353910151493,test
10.698065150000000,13.603057470151493,2.904992320151493,test
18.748121630000000,15.808400142117394,-2.939721487882606,test
2.029883213000000,-1.834341233609861,-3.864224446609861,test
19.620891619999998,15.808400142117394,-3.812491477882604,test
14.348780630000000,13.603057470151493,-0.745723159848508,test
16.717042870000000,15.808400142117394,-0.908642727882606,test
19.672804679999999,15.808400142117394,-3.864404537882605,test
19.272240300000000,15.808400142117394,-3.463840157882606,test
14.371216889999999,15.808400142117394,1.437183252117395,test
17.127929890000001,15.808400142117394,-1.319529747882607,test
14.144410360000000,13.603057470151493,-0.541352889848508,test
15.801059170000000,13.603057470151493,-2.198001699848508,test
11.684614170000000,13.603057470151493,1.918443300151493,test
12.399547370000001,13.603057470151493,1.203510100151492,test
17.551461369999998,13.603057470151493,-3.948403899848506,test
9.875942439999999,15.808400142117394,5.932457702117395,test
18.458479210000000,15.808400142117394,-2.650079067882606,test
11.395184739999999,13.603057470151493,2.207872730151493,test
18.118039740000000,15.808400142117394,-2.309639597882606,test
16.370565509999999,15.808400142117394,-0.562165367882605,test
11.822858090000000,13.603057470151493,1.780199380151492,test
17.164522210000001,15.808400142117394,-1.356122067882607,test
17.183827239999999,15.808400142117394,-1.375427097882605,test
21.228730349999999,15.808400142117394,-5.420330207882605,test
14.538775570000000,15.808400142117394,1.269624572117394,test
11.023807720000001,15.808400142117394,4.784592422117393,test
17.211152559999999,13.603057470151493,-3.608095089848506,test
15.047852880000001,11.397714798185584,-3.650138081814417,test
14.686109320000000,13.603057470151493,-1.083051849848507,test
19.323701400000001,15.808400142117394,-3.515301257882607,test
19.515763180000000,13.603057470151493,-5.912705709848508,test
14.341256140000000,11.397714798185584,-2.943541341814417,test
18.272149129999999,15.808400142117394,-2.463748987882605,test
11.751417399999999,15.808400142117394,4.056982742117395,test
18.465911890000001,15.808400142117394,-2.657511747882607,test
14.443084130000001,15.808400142117394,1.365316012117393,test
20.562871980000001,15.808400142117394,-4.754471837882607,test
6.909110132000000,13.603057470151493,6.693947338151492,test
12.789620870000000,15.808400142117394,3.018779272117394,test
13.598755049999999,15.808400142117394,2.209645092117395,test
12.484115129999999,15.808400142117394,3.324285012117395,test
13.336420690000001,13.603057470151493,0.266636780151492,test
17.694983470000000,15.808400142117394,-1.886583327882606,test
14.763645650000001,15.808400142117394,1.044754492117393,test
9.998001036000000,13.603057470151493,3.605056434151493,test
21.168946490000000,15.808400142117394,-5.360546347882606,test
19.087361640000001,15.808400142117394,-3.278961497882607,test
13.367856010000001,15.808400142117394,2.440544132117394,test
15.297425390000001,15.808400142117394,0.510974752117393,test
14.813876120000000,13.603057470151493,-1.210818649848507,test
14.226320769999999,15.808400142117394,1.582079372117395,test
12.391077620000001,13.603057470151493,1.211979850151492,test
15.089319370000000,15.808400142117394,0.719080772117394,test
13.172340600000000,15.808400142117394,2.636059542117394,test
20.841352260000001,15.808400142117394,-5.032952117882607,test
13.428575439999999,15.808400142117394,2.379824702117395,test
20.580749000000001,15.808400142117394,-4.772348857882607,test
16.897295520000000,15.808400142117394,-1.088895377882606,test
12.719059509999999,13.603057470151493,0.883997960151493,test
17.369656979999998,15.808400142117394,-1.561256837882604,test
14.987257860000000,15.808400142117394,0.821142282117394,test
19.332845460000001,15.808400142117394,-3.524445317882607,test
14.081257949999999,15.808400142117394,1.727142192117395,test
15.619745099999999,15.808400142117394,0.188655042117395,test
9.930648293999999,6.987029454253767,-2.943618839746232,test
16.456326910000001,15.808400142117394,-0.647926767882607,test
14.495705279999999,15.808400142117394,1.312694862117395,test
15.646649170000000,11.397714798185584,-4.248934371814416,test
17.361948170000002,15.808400142117394,-1.553548027882607,test
21.029645930000001,15.808400142117394,-5.221245787882607,test
21.268364630000001,15.808400142117394,-5.459964487882607,test
14.109708469999999,15.808400142117394,1.698691672117395,test
8.612493964000000,13.603057470151493,4.990563506151492,test
6.721993288000000,13.603057470151493,6.881064182151492,test
16.793254040000001,15.808400142117394,-0.984853897882607,test
17.540965900000000,15.808400142117394,-1.732565757882606,test
15.772817130000000,13.603057470151493,-2.169759659848507,test
13.593120400000000,13.603057470151493,0.009937070151492,test
11.704603779999999,15.808400142117394,4.103796362117395,test
9.546642305000001,11.397714798185584,1.851072493185583,test
10.145657590000001,15.808400142117394,5.662742552117393,test
7.754453760000000,13.603057470151493,5.848603710151493,test
14.739605180000000,15.808400142117394,1.068794962117394,test
18.109867319999999,15.808400142117394,-2.301467177882605,test
20.750286849999998,15.808400142117394,-4.941886707882604,test
14.996919719999999,15.808400142117394,0.811480422117395,test
18.452247150000002,15.808400142117394,-2.643847007882608,test
20.567546530000001,15.808400142117394,-4.759146387882607,test
15.805257760000000,15.808400142117394,0.003142382117394,test
14.699696060000001,15.808400142117394,1.108704082117393,test
18.798050090000000,15.808400142117394,-2.989649947882606,test
17.832878940000001,15.808400142117394,-2.024478797882606,test
15.650362860000000,15.808400142117394,0.158037282117395,test
11.291091290000001,15.808400142117394,4.517308852117393,test
18.823336770000001,15.808400142117394,-3.014936627882607,test
16.418841929999999,15.808400142117394,-0.610441787882605,test
13.701418250000000,13.603057470151493,-0.098360779848507,test
16.957348039999999,15.808400142117394,-1.148947897882605,test
17.227621509999999,15.808400142117394,-1.419221367882605,test
16.170510929999999,15.808400142117394,-0.362110787882605,test
18.905165550000000,15.808400142117394,-3.096765407882605,test
12.814979960000001,15.808400142117394,2.993420182117394,test
19.382600239999999,15.808400142117394,-3.574200097882605,test
16.323232569999998,15.808400142117394,-0.514832427882604,test
17.291606200000000,15.808400142117394,-1.483206057882606,test
9.135094038000000,9.192372126219675,0.057278088219675,test
5.114841460000000,11.397714798185584,6.282873338185584,test
9.070899270000000,11.397714798185584,2.326815528185584,test
14.538329330000000,15.808400142117394,1.270070812117394,test
20.688231389999999,15.808400142117394,-4.879831247882604,test
18.777066730000001,15.808400142117394,-2.968666587882607,test
14.713294760000000,15.808400142117394,1.095105382117394,test
13.428575439999999,15.808400142117394,2.379824702117395,test
16.001245780000001,15.808400142117394,-0.192845637882607,test
13.606440930000000,15.808400142117394,2.201959212117394,test
16.613328429999999,15.808400142117394,-0.804928287882605,test
15.750881160000000,15.808400142117394,0.057518982117394,test
10.183265540000001,9.192372126219675,-0.990893413780325,test
18.510459420000000,15.808400142117394,-2.702059277882606,test
19.758300750000000,15.808400142117394,-3.949900607882606,test
15.651745260000000,15.808400142117394,0.156654882117394,test
15.383896150000000,15.808400142117394,0.424503992117394,test
12.718040120000000,15.808400142117394,3.090360022117395,test
20.886599159999999,15.808400142117394,-5.078199017882605,test
19.164915839999999,15.808400142117394,-3.356515697882605,test
16.790959359999999,15.808400142117394,-0.982559217882605,test
16.475778129999998,15.808400142117394,-0.667377987882604,test
14.747062870000001,13.603057470151493,-1.144005399848508,test
19.453496470000001,15.808400142117394,-3.645096327882607,test
13.419847640000000,15.808400142117394,2.388552502117394,test
11.535673930000000,11.397714798185584,-0.137959131814416,test
15.255789790000000,15.808400142117394,0.552610352117394,test
18.669774260000001,15.808400142117394,-2.861374117882606,test
19.396709070000000,15.808400142117394,-3.588308927882606,test
21.286356510000001,15.808400142117394,-5.477956367882607,test
20.408335340000001,15.808400142117394,-4.599935197882607,test
18.152625590000000,15.808400142117394,-2.344225447882605,test
12.421630510000000,11.397714798185584,-1.023915711814416,test
16.663254450000000,15.808400142117394,-0.854854307882606,test
16.948587780000000,15.808400142117394,-1.140187637882606,test
17.700783240000000,15.808400142117394,-1.892383097882606,test
17.032426279999999,13.603057470151493,-3.429368809848507,test
14.800098400000000,15.808400142117394,1.008301742117395,test
16.617255190000002,15.808400142117394,-0.808855047882608,test
15.149017690000001,15.808400142117394,0.659382452117393,test
13.696382030000001,15.808400142117394,2.112018112117394,test
15.321770400000000,15.808400142117394,0.486629742117394,test
16.054666510000001,13.603057470151493,-2.451609039848508,test
14.126505170000000,11.397714798185584,-2.728790371814416,test
16.824320180000001,15.808400142117394,-1.015920037882607,test
17.779012370000000,13.603057470151493,-4.175954899848508,test
11.512860410000000,11.397714798185584,-0.115145611814416,test
17.834088210000001,15.808400142117394,-2.025688067882607,test
12.806911820000000,13.603057470151493,0.796145650151493,test
9.249887444000001,11.397714798185584,2.147827354185583,test
12.162526959999999,15.808400142117394,3.645873182117395,test
12.473077750000000,13.603057470151493,1.129979720151493,test
5.916745735000000,15.808400142117394,9.891654407117393,test
16.953112520000001,15.808400142117394,-1.144712377882607,test
16.880890489999999,15.808400142117394,-1.072490347882605,test
20.387008219999998,15.808400142117394,-4.578608077882604,test
11.744562119999999,15.808400142117394,4.063838022117395,test
15.616973630000000,15.808400142117394,0.191426512117394,test
10.565799050000001,15.808400142117394,5.242601092117393,test
20.447488830000001,15.808400142117394,-4.639088687882607,test
10.834307539999999,13.603057470151493,2.768749930151493,test
16.745582500000001,13.603057470151493,-3.142525029848509,test
17.049235910000000,15.808400142117394,-1.240835767882606,test
12.879837060000000,13.603057470151493,0.723220410151493,test
14.509209900000000,15.808400142117394,1.299190242117394,test
20.181109599999999,15.808400142117394,-4.372709457882605,test
14.434139500000001,13.603057470151493,-0.831082029848508,test
17.756265209999999,15.808400142117394,-1.947865067882605,test
10.591311129999999,11.397714798185584,0.806403668185585,test
13.720439900000001,13.603057470151493,-0.117382429848508,test
14.257263790000000,15.808400142117394,1.551136352117394,test
13.457784750000000,13.603057470151493,0.145272720151493,test
11.442726779999999,11.397714798185584,-0.045011981814415,test
18.590947690000000,15.808400142117394,-2.782547547882606,test
15.116329530000000,15.808400142117394,0.692070612117394,test
16.328429509999999,15.808400142117394,-0.520029367882605,test
17.270267969999999,15.808400142117394,-1.461867827882605,test
17.560012050000001,13.603057470151493,-3.956954579848508,test
14.734923900000000,15.808400142117394,1.073476242117394,test
14.957483690000000,15.808400142117394,0.850916452117394,test
11.374650989999999,15.808400142117394,4.433749152117395,test
19.209310479999999,15.808400142117394,-3.400910337882605,test
5.693021091000000,2.576344110321953,-3.116676980678047,test
17.477192689999999,15.808400142117394,-1.668792547882605,test
14.540585869999999,13.603057470151493,-0.937528399848507,test
17.794684499999999,15.808400142117394,-1.986284357882605,test
19.652946669999999,15.808400142117394,-3.844546527882605,test
19.082649050000001,15.808400142117394,-3.274248907882606,test
19.491414590000002,15.808400142117394,-3.683014447882607,test
16.848079689999999,15.808400142117394,-1.039679547882605,test
14.997902849999999,15.808400142117394,0.810497292117395,test
17.347783799999998,13.603057470151493,-3.744726329848506,test
12.219335010000000,15.808400142117394,3.589065132117394,test
18.177608249999999,15.808400142117394,-2.369208107882605,test
14.755525730000000,13.603057470151493,-1.152468259848508,test
12.794225290000000,15.808400142117394,3.014174852117394,test
7.203600762000000,9.192372126219675,1.988771364219676,test
17.041581030000000,15.808400142117394,-1.233180887882606,test
14.591509490000000,15.808400142117394,1.216890652117394,test
11.599003290000001,15.808400142117394,4.209396852117393,test
12.138090650000001,15.808400142117394,3.670309492117394,test
16.594482639999999,15.808400142117394,-0.786082497882605,test
17.149446770000001,15.808400142117394,-1.341046627882607,test
16.204122959999999,15.808400142117394,-0.395722817882605,test
18.987843789999999,15.808400142117394,-3.179443647882605,test
14.372309460000000,13.603057470151493,-0.769251989848508,test
15.459181879999999,15.808400142117394,0.349218262117395,test
18.109742900000001,15.808400142117394,-2.301342757882606,test
13.481199549999999,15.808400142117394,2.327200592117395,test
10.272899839999999,15.808400142117394,5.535500302117395,test
15.262808430000000,15.808400142117394,0.545591712117394,test
16.407500060000000,15.808400142117394,-0.599099917882606,test
15.235415760000000,15.808400142117394,0.572984382117394,test
21.626237410000002,15.808400142117394,-5.817837267882608,test
15.775020899999999,15.808400142117394,0.033379242117395,test
14.150490260000000,15.808400142117394,1.657909882117394,test
14.598426650000000,15.808400142117394,1.209973492117394,test
20.033626819999999,15.808400142117394,-4.225226677882604,test
21.210846170000000,15.808400142117394,-5.402446027882606,test
8.392922508000000,11.397714798185584,3.004792290185584,test
17.338213509999999,13.603057470151493,-3.735156039848507,test
16.629915340000000,15.808400142117394,-0.821515197882606,test
8.245975477000000,15.808400142117394,7.562424665117394,test
17.053767560000001,15.808400142117394,-1.245367417882607,test
17.175872300000002,15.808400142117394,-1.367472157882608,test
18.334224240000001,15.808400142117394,-2.525824097882607,test
16.587648170000001,15.808400142117394,-0.779248027882607,test
13.141513710000000,15.808400142117394,2.666886432117394,test
11.411551230000001,13.603057470151493,2.191506240151492,test
16.093152249999999,15.808400142117394,-0.284752107882605,test
14.675890500000000,15.808400142117394,1.132509642117395,test
16.850358109999998,15.808400142117394,-1.041957967882604,test
15.219408090000000,15.808400142117394,0.588992052117394,test
17.955105110000002,15.808400142117394,-2.146704967882608,test
17.895425390000000,15.808400142117394,-2.087025247882606,test
16.224206089999999,15.808400142117394,-0.415805947882605,test
14.341754320000000,13.603057470151493,-0.738696849848507,test
15.875374430000001,15.808400142117394,-0.066974287882607,test
17.807965849999999,15.808400142117394,-1.999565707882605,test
18.071119410000001,13.603057470151493,-4.468061939848509,test
12.869002710000000,15.808400142117394,2.939397432117394,test
12.098936030000001,9.192372126219675,-2.906563903780325,test
18.293444600000001,15.808400142117394,-2.485044457882607,test
13.802876280000000,15.808400142117394,2.005523862117395,test
16.824255720000000,13.603057470151493,-3.221198249848507,test
19.320461269999999,15.808400142117394,-3.512061127882605,test
16.148746520000000,13.603057470151493,-2.545689049848507,test
17.519219450000001,15.808400142117394,-1.710819307882607,test
14.860539330000000,15.808400142117394,0.947860812117394,test
15.087672230000001,15.808400142117394,0.720727912117393,test
15.695375210000000,15.808400142117394,0.113024932117394,test
15.100172260000001,15.808400142117394,0.708227882117393,test
19.754651859999999,15.808400142117394,-3.946251717882605,test
17.951708289999999,15.808400142117394,-2.143308147882605,test
18.301056830000000,15.808400142117394,-2.492656687882606,test
12.719180780000000,15.808400142117394,3.089219362117394,test
8.066160412000000,15.808400142117394,7.742239730117394,test
16.411708969999999,15.808400142117394,-0.603308827882605,test
15.090892029999999,15.808400142117394,0.717508112117395,test
14.790160699999999,15.808400142117394,1.018239442117395,test
19.985030269999999,15.808400142117394,-4.176630127882605,test
22.188263780000000,15.808400142117394,-6.379863637882606,test
12.350906210000000,6.987029454253767,-5.363876755746233,test
15.896179490000000,15.808400142117394,-0.087779347882606,test
20.567037880000001,15.808400142117394,-4.758637737882607,test
13.896002449999999,15.808400142117394,1.912397692117395,test
7.643375172000000,4.781686782287862,-2.861688389712138,test
15.892949390000000,15.808400142117394,-0.084549247882606,test
17.604015860000001,15.808400142117394,-1.795615717882606,test
20.742243089999999,15.808400142117394,-4.933842947882605,test
16.394330130000000,15.808400142117394,-0.585929987882606,test
16.309319890000001,13.603057470151493,-2.706262419848509,test
15.816873299999999,13.603057470151493,-2.213815829848507,test
16.039727030000002,15.808400142117394,-0.231326887882608,test
18.910559599999999,15.808400142117394,-3.102159457882605,test
11.983775290000001,13.603057470151493,1.619282180151492,test
20.468286020000001,15.808400142117394,-4.659885877882607,test
14.906434580000001,15.808400142117394,0.901965562117393,test
19.274425380000000,15.808400142117394,-3.466025237882606,test
12.204542930000001,15.808400142117394,3.603857212117394,test
20.641684829999999,15.808400142117394,-4.833284687882605,test
17.821517180000001,15.808400142117394,-2.013117037882607,test
14.415976160000000,13.603057470151493,-0.812918689848507,test
18.759290830000001,15.808400142117394,-2.950890687882607,test
10.551472380000000,15.808400142117394,5.256927762117394,test
18.541862410000000,15.808400142117394,-2.733462267882606,test
20.323340389999998,15.808400142117394,-4.514940247882604,test
16.328429509999999,15.808400142117394,-0.520029367882605,test
17.502080150000001,15.808400142117394,-1.693680007882607,test
15.840769950000000,15.808400142117394,-0.032369807882606,test
9.817495191000001,11.397714798185584,1.580219607185583,test
18.434390290000000,15.808400142117394,-2.625990147882606,test
9.313768104999999,13.603057470151493,4.289289365151493,test
18.488504259999999,15.808400142117394,-2.680104117882605,test
19.558562909999999,15.808400142117394,-3.750162767882605,test
15.597714150000000,13.603057470151493,-1.994656679848507,test
21.146292970000001,15.808400142117394,-5.337892827882607,test
6.904256124000000,11.397714798185584,4.493458674185584,test
13.915599830000000,15.808400142117394,1.892800312117394,test
16.943931490000001,15.808400142117394,-1.135531347882607,test
10.049957859999999,9.192372126219675,-0.857585733780324,test
19.478368979999999,15.808400142117394,-3.669968837882605,test
14.777462670000000,11.397714798185584,-3.379747871814416,test
20.197923130000000,15.808400142117394,-4.389522987882605,test
18.391522139999999,15.808400142117394,-2.583121997882605,test
14.726311230000000,15.808400142117394,1.082088912117394,test
14.406072829999999,15.808400142117394,1.402327312117395,test
16.655948850000001,13.603057470151493,-3.052891379848509,test
18.962650100000001,15.808400142117394,-3.154249957882607,test
10.367078149999999,13.603057470151493,3.235979320151493,test
12.252981000000000,15.808400142117394,3.555419142117394,test
20.957696120000001,15.808400142117394,-5.149295977882607,test
16.742881900000000,13.603057470151493,-3.139824429848508,test
15.867016220000000,15.808400142117394,-0.058616077882606,test
9.905301321000000,15.808400142117394,5.903098821117394,test
17.379654599999999,15.808400142117394,-1.571254457882604,test
14.538883909999999,15.808400142117394,1.269516232117395,test
12.386864380000000,15.808400142117394,3.421535762117394,test
17.710684709999999,15.808400142117394,-1.902284567882605,test
12.384131970000000,11.397714798185584,-0.986417171814416,test
13.817081079999999,15.808400142117394,1.991319062117395,test
13.959581390000000,15.808400142117394,1.848818752117394,test
10.808324050000000,13.603057470151493,2.794733420151493,test
15.199053060000001,15.808400142117394,0.609347082117393,test
16.175511490000002,13.603057470151493,-2.572454019848509,test
17.754952240000001,15.808400142117394,-1.946552097882607,test
17.922424920000001,15.808400142117394,-2.114024777882607,test
5.569715438000000,13.603057470151493,8.033342032151491,test
22.310745470000001,15.808400142117394,-6.502345327882606,test
13.456592199999999,15.808400142117394,2.351807942117395,test
15.164559320000000,15.808400142117394,0.643840822117394,test
18.343929589999998,15.808400142117394,-2.535529447882604,test
17.189834200000000,15.808400142117394,-1.381434057882606,test
13.430748780000000,11.397714798185584,-2.033033981814416,test
13.020446320000000,15.808400142117394,2.787953822117395,test
13.394044470000001,11.397714798185584,-1.996329671814417,test
10.141469040000000,11.397714798185584,1.256245758185583,test
13.307452420000001,15.808400142117394,2.500947722117393,test
5.904085859000000,15.808400142117394,9.904314283117394,test
9.644304074000001,9.192372126219675,-0.451931947780325,test
11.556422720000000,15.808400142117394,4.251977422117394,test
15.866971270000001,15.808400142117394,-0.058571127882606,test
20.308556509999999,15.808400142117394,-4.500156367882605,test
14.457919929999999,13.603057470151493,-0.854862459848507,test
13.796811540000000,13.603057470151493,-0.193754069848508,test
16.225497770000000,13.603057470151493,-2.622440299848508,test
12.621463439999999,13.603057470151493,0.981594030151493,test
13.189019380000000,13.603057470151493,0.414038090151493,test
15.285033990000001,15.808400142117394,0.523366152117394,test
22.579273069999999,15.808400142117394,-6.770872927882605,test
21.068918510000000,15.808400142117394,-5.260518367882606,test
8.663851323999999,15.808400142117394,7.144548818117395,test
13.366331629999999,15.808400142117394,2.442068512117395,test
12.376615500000000,11.397714798185584,-0.978900701814416,test
19.242172820000000,15.808400142117394,-3.433772677882606,test
12.894286660000001,15.808400142117394,2.914113482117394,test
14.794129099999999,15.808400142117394,1.014271042117395,test
13.935341500000000,15.808400142117394,1.873058642117394,test
6.309090392000000,15.808400142117394,9.499309750117394,test
15.543740180000000,15.808400142117394,0.264659962117394,test
11.352017560000000,11.397714798185584,0.045697238185584,test
10.798950310000000,15.808400142117394,5.009449832117394,test
16.242674300000001,15.808400142117394,-0.434274157882607,test
17.099956870000000,13.603057470151493,-3.496899399848507,test
15.582185490000001,15.808400142117394,0.226214652117394,test
10.952102119999999,15.808400142117394,4.856298022117395,test
13.045037170000001,13.603057470151493,0.558020300151492,test
12.221564180000000,15.808400142117394,3.586835962117394,test
13.498838570000000,15.808400142117394,2.309561572117394,test
18.846251779999999,15.808400142117394,-3.037851637882605,test
18.358497280000002,13.603057470151493,-4.755439809848509,test
8.275143802000001,15.808400142117394,7.533256340117394,test
13.662141310000001,15.808400142117394,2.146258832117393,test
21.172466700000001,15.808400142117394,-5.364066557882607,test
16.938769189999999,15.808400142117394,-1.130369047882605,test
16.473473660000000,11.397714798185584,-5.075758861814416,test
21.869905970000001,15.808400142117394,-6.061505827882607,test
15.129793140000000,15.808400142117394,0.678607002117394,test
17.430491159999999,13.603057470151493,-3.827433689848506,test
18.142831800000000,15.808400142117394,-2.334431657882606,test
17.474111430000001,15.808400142117394,-1.665711287882607,test
12.076461430000000,11.397714798185584,-0.678746631814416,test
16.885288010000000,15.808400142117394,-1.076887867882606,test
17.709206259999998,13.603057470151493,-4.106148789848506,test
13.693804900000000,15.808400142117394,2.114595242117394,test
14.997912780000000,15.808400142117394,0.810487362117394,test
19.403595750000001,15.808400142117394,-3.595195607882607,test
17.857618729999999,15.808400142117394,-2.049218587882605,test
14.985581659999999,15.808400142117394,0.822818482117395,test
15.561977230000000,15.808400142117394,0.246422912117394,test
17.804221810000001,15.808400142117394,-1.995821667882607,test
15.118084339999999,13.603057470151493,-1.515026869848507,test
12.968994210000000,11.397714798185584,-1.571279411814416,test
17.044473170000000,15.808400142117394,-1.236073027882606,test
17.625022680000001,15.808400142117394,-1.816622537882607,test
14.553386639999999,15.808400142117394,1.255013502117395,test
16.812759549999999,13.603057470151493,-3.209702079848507,test
15.843962449999999,13.603057470151493,-2.240904979848507,test
14.184622440000000,13.603057470151493,-0.581564969848507,test
17.344209670000001,13.603057470151493,-3.741152199848509,test
17.102724349999999,15.808400142117394,-1.294324207882605,test
20.310221450000000,15.808400142117394,-4.501821307882606,test
16.294865110000000,15.808400142117394,-0.486464967882606,test
17.509948789999999,13.603057470151493,-3.906891319848507,test
18.269513969999998,15.808400142117394,-2.461113827882604,test
17.044902050000001,15.808400142117394,-1.236501907882607,test
19.024250580000000,15.808400142117394,-3.215850437882606,test
15.180994159999999,13.603057470151493,-1.577936689848507,test
11.630728400000001,15.808400142117394,4.177671742117393,test
12.831480270000000,15.808400142117394,2.976919872117394,test
14.259152210000000,15.808400142117394,1.549247932117394,test
9.250541612999999,11.397714798185584,2.147173185185585,test
16.597388559999999,15.808400142117394,-0.788988417882605,test
19.334087579999998,15.808400142117394,-3.525687437882604,test
11.044264030000001,11.397714798185584,0.353450768185583,test
15.858247660000000,13.603057470151493,-2.255190189848507,test
12.992241269999999,15.808400142117394,2.816158872117395,test
14.240573140000000,15.808400142117394,1.567827002117394,test
13.889459909999999,15.808400142117394,1.918940232117395,test
8.536065346999999,11.397714798185584,2.861649451185585,test
17.113662099999999,15.808400142117394,-1.305261957882605,test
18.353428120000000,15.808400142117394,-2.545027977882606,test
20.308556509999999,15.808400142117394,-4.500156367882605,test
18.640411180000001,15.808400142117394,-2.832011037882607,test
13.980041540000000,11.397714798185584,-2.582326741814416,test
17.997875229999998,13.603057470151493,-4.394817759848506,test
18.421834680000000,15.808400142117394,-2.613434537882606,test
15.081791730000001,15.808400142117394,0.726608412117393,test
14.043016390000000,15.808400142117394,1.765383752117394,test
17.786265400000001,13.603057470151493,-4.183207929848509,test
17.333486390000001,15.808400142117394,-1.525086247882607,test
12.449852520000000,13.603057470151493,1.153204950151492,test
15.503183880000000,13.603057470151493,-1.900126409848507,test
17.135775370000001,15.808400142117394,-1.327375227882607,test
20.774139040000001,15.808400142117394,-4.965738897882607,test
16.488267470000000,15.808400142117394,-0.679867327882606,test
11.413789460000000,13.603057470151493,2.189268010151492,test
10.800823080000001,15.808400142117394,5.007577062117393,test
9.885790140999999,15.808400142117394,5.922610001117395,test
9.875942439999999,15.808400142117394,5.932457702117395,test
18.073357690000002,15.808400142117394,-2.264957547882608,test
18.520950559999999,13.603057470151493,-4.917893089848507,test
14.507379360000000,15.808400142117394,1.301020782117394,test
10.447539819999999,15.808400142117394,5.360860322117395,test
14.055114150000000,13.603057470151493,-0.452056679848507,test
16.760244990000000,15.808400142117394,-0.951844847882606,test
20.021676650000000,15.808400142117394,-4.213276507882606,test
13.794814969999999,13.603057470151493,-0.191757499848507,test
17.795184610000000,15.808400142117394,-1.986784467882606,test
16.452295800000002,13.603057470151493,-2.849238329848509,test
18.543696170000000,15.808400142117394,-2.735296027882606,test
13.727343299999999,11.397714798185584,-2.329628501814415,test
11.440079089999999,13.603057470151493,2.162978380151493,test
19.557442190000000,15.808400142117394,-3.749042047882606,test
16.507311269999999,15.808400142117394,-0.698911127882605,test
16.608597209999999,13.603057470151493,-3.005539739848507,test
18.394286910000002,13.603057470151493,-4.791229439848509,test
10.227629120000000,15.808400142117394,5.580771022117395,test
17.218804970000001,15.808400142117394,-1.410404827882607,test
8.799862976000000,15.808400142117394,7.008537166117394,test
12.996234019999999,13.603057470151493,0.606823450151493,test
14.945556310000001,13.603057470151493,-1.342498839848508,test
20.087998660000000,15.808400142117394,-4.279598517882606,test
18.157084139999998,15.808400142117394,-2.348683997882604,test
9.948046709000000,13.603057470151493,3.655010761151493,test
15.094357740000000,15.808400142117394,0.714042402117395,test
14.533745050000000,15.808400142117394,1.274655092117394,test
13.495107340000001,15.808400142117394,2.313292802117394,test
4.056860224000000,9.192372126219675,5.135511902219675,test
14.329258310000000,15.808400142117394,1.479141832117394,test
20.904460900000000,15.808400142117394,-5.096060757882606,test
20.641520849999999,15.808400142117394,-4.833120707882605,test
16.266319990000000,13.603057470151493,-2.663262519848507,test
13.098049440000000,13.603057470151493,0.505008030151492,test
12.889236230000000,15.808400142117394,2.919163912117394,test
11.750533290000000,15.808400142117394,4.057866852117394,test
13.487022420000001,11.397714798185584,-2.089307621814417,test
16.101276410000001,13.603057470151493,-2.498218939848508,test
17.085709479999998,11.397714798185584,-5.687994681814414,test
15.996507769999999,15.808400142117394,-0.188107627882605,test
16.250008709999999,15.808400142117394,-0.441608567882605,test
12.205856170000001,9.192372126219675,-3.013484043780325,test
15.874599450000000,15.808400142117394,-0.066199307882606,test
6.566311603000000,13.603057470151493,7.036745867151493,test
15.664241230000000,15.808400142117394,0.144158912117394,test
11.703875600000000,15.808400142117394,4.104524542117394,test
16.564047020000000,15.808400142117394,-0.755646877882606,test
12.582946120000001,15.808400142117394,3.225454022117393,test
18.609411340000001,15.808400142117394,-2.801011197882607,test
18.060816400000000,15.808400142117394,-2.252416257882606,test
10.989449590000000,9.192372126219675,-1.797077463780324,test
15.057893090000000,15.808400142117394,0.750507052117394,test
12.778910070000000,15.808400142117394,3.029490072117394,test
15.385824800000000,15.808400142117394,0.422575342117394,test
15.561977230000000,15.808400142117394,0.246422912117394,test
14.689751260000000,13.603057470151493,-1.086693789848507,test
17.898444110000000,15.808400142117394,-2.090043967882606,test
15.545214910000000,11.397714798185584,-4.147500111814416,test
18.894335410000000,15.808400142117394,-3.085935267882606,test
14.316019860000001,15.808400142117394,1.492380282117393,test
10.275099279999999,13.603057470151493,3.327958190151493,test
8.780872990000001,13.603057470151493,4.822184480151492,test
10.856438989999999,15.808400142117394,4.951961152117395,test
14.205646339999999,15.808400142117394,1.602753802117395,test
16.323109060000000,15.808400142117394,-0.514708917882606,test
15.065955180000000,13.603057470151493,-1.462897709848507,test
16.806505940000001,15.808400142117394,-0.998105797882607,test
10.642116720000001,15.808400142117394,5.166283422117393,test
17.277326510000002,15.808400142117394,-1.468926367882608,test
18.785608669999998,15.808400142117394,-2.977208527882604,test
17.186172280000001,15.808400142117394,-1.377772137882607,test
10.897736730000000,15.808400142117394,4.910663412117394,test
14.107126689999999,11.397714798185584,-2.709411891814415,test
4.124903252000000,6.987029454253767,2.862126202253767,test
13.909462150000000,15.808400142117394,1.898937992117395,test
14.085633039999999,13.603057470151493,-0.482575569848507,test
7.803494496000000,13.603057470151493,5.799562974151493,test
19.477645400000000,15.808400142117394,-3.669245257882606,test
14.008537300000000,15.808400142117394,1.799862842117394,test
10.394849689999999,13.603057470151493,3.208207780151493,test
19.242711889999999,15.808400142117394,-3.434311747882605,test
0.000000000000000,-1.834341233609861,-1.834341233609861,test_gen
3.663862377000000,0.371001438356048,-3.292860938643952,test_gen
0.000000000000000,2.576344110321953,2.576344110321953,test_gen
4.059766426000000,2.576344110321953,-1.483422315678047,test_gen
5.333489567000000,2.576344110321953,-2.757145456678047,test_gen
4.749499982000000,4.781686782287862,0.032186800287862,test_gen
6.598951539000000,4.781686782287862,-1.817264756712138,test_gen
6.138138789000000,4.781686782287862,-1.356452006712138,test_gen
6.138138789000000,4.781686782287862,-1.356452006712138,test_gen
7.706911803000000,4.781686782287862,-2.925225020712138,test_gen
8.997351944000000,4.781686782287862,-4.215665161712138,test_gen
0.000000000000000,4.781686782287862,4.781686782287862,test_gen
3.663862377000000,4.781686782287862,1.117824405287862,test_gen
0.000000000000000,6.987029454253767,6.987029454253767,test_gen
4.851170757000000,6.987029454253767,2.135858697253767,test_gen
6.947555449000000,6.987029454253767,0.039474005253767,test_gen
7.517689897000000,6.987029454253767,-0.530660442746234,test_gen
7.894594487000000,6.987029454253767,-0.907565032746233,test_gen
6.551743288000000,6.987029454253767,0.435286166253767,test_gen
8.830664955000000,6.987029454253767,-1.843635500746233,test_gen
9.672807731000001,6.987029454253767,-2.685778276746234,test_gen
8.967360849000000,6.987029454253767,-1.980331394746234,test_gen
9.659498545000000,6.987029454253767,-2.672469090746233,test_gen
8.793345604000001,6.987029454253767,-1.806316149746234,test_gen
9.659498545000000,6.987029454253767,-2.672469090746233,test_gen
11.370774180000000,6.987029454253767,-4.383744725746233,test_gen
10.666979130000000,6.987029454253767,-3.679949675746233,test_gen
3.663862377000000,6.987029454253767,3.323167077253767,test_gen
5.333489567000000,6.987029454253767,1.653539887253767,test_gen
5.044899163000000,9.192372126219675,4.147472963219675,test_gen
7.244320351000000,9.192372126219675,1.948051775219676,test_gen
8.085586606000000,9.192372126219675,1.106785520219676,test_gen
5.875918083000000,9.192372126219675,3.316454043219675,test_gen
8.051684058999999,9.192372126219675,1.140688067219676,test_gen
9.181187331000000,9.192372126219675,0.011184795219675,test_gen
10.394372660000000,9.192372126219675,-1.202000533780325,test_gen
8.584394654000000,9.192372126219675,0.607977472219675,test_gen
9.417807632000001,9.192372126219675,-0.225435505780325,test_gen
6.784755787000000,9.192372126219675,2.407616339219675,test_gen
10.759046639999999,9.192372126219675,-1.566674513780324,test_gen
11.188477799999999,9.192372126219675,-1.996105673780324,test_gen
6.784755787000000,9.192372126219675,2.407616339219675,test_gen
9.312341317000000,9.192372126219675,-0.119969190780324,test_gen
10.249194970000000,9.192372126219675,-1.056822843780324,test_gen
10.562806309999999,9.192372126219675,-1.370434183780324,test_gen
9.665346419000000,9.192372126219675,-0.472974292780325,test_gen
11.381786090000000,9.192372126219675,-2.189413963780325,test_gen
7.453573250000000,9.192372126219675,1.738798876219676,test_gen
9.124415509000000,9.192372126219675,0.067956617219675,test_gen
9.814729699000001,9.192372126219675,-0.622357572780325,test_gen
10.956657820000000,9.192372126219675,-1.764285693780325,test_gen
9.634380159999999,9.192372126219675,-0.442008033780324,test_gen
12.046092040000000,9.192372126219675,-2.853719913780324,test_gen
11.381786090000000,9.192372126219675,-2.189413963780325,test_gen
11.762234290000000,9.192372126219675,-2.569862163780325,test_gen
10.249194970000000,9.192372126219675,-1.056822843780324,test_gen
10.740257670000000,9.192372126219675,-1.547885543780325,test_gen
11.294969139999999,9.192372126219675,-2.102597013780324,test_gen
12.276562780000001,9.192372126219675,-3.084190653780325,test_gen
10.215605670000000,9.192372126219675,-1.023233543780325,test_gen
12.457207980000000,9.192372126219675,-3.264835853780324,test_gen
12.631223230000000,9.192372126219675,-3.438851103780324,test_gen
11.942872449999999,9.192372126219675,-2.750500323780324,test_gen
11.373522430000000,9.192372126219675,-2.181150303780324,test_gen
11.471628360000000,9.192372126219675,-2.279256233780325,test_gen
11.471628360000000,9.192372126219675,-2.279256233780325,test_gen
13.040401370000000,9.192372126219675,-3.848029243780324,test_gen
12.536170260000000,9.192372126219675,-3.343798133780325,test_gen
12.046092040000000,9.192372126219675,-2.853719913780324,test_gen
12.957429429999999,9.192372126219675,-3.765057303780324,test_gen
13.948417729999999,9.192372126219675,-4.756045603780324,test_gen
0.000000000000000,9.192372126219675,9.192372126219675,test_gen
6.138138789000000,9.192372126219675,3.054233337219675,test_gen
5.333489567000000,9.192372126219675,3.858882559219675,test_gen
6.138138789000000,9.192372126219675,3.054233337219675,test_gen
3.663862377000000,9.192372126219675,5.528509749219675,test_gen
7.706911803000000,9.192372126219675,1.485460323219676,test_gen
0.000000000000000,9.192372126219675,9.192372126219675,test_gen
4.415332478000000,9.192372126219675,4.777039648219676,test_gen
5.978240566000000,9.192372126219675,3.214131560219675,test_gen
8.209021221000000,9.192372126219675,0.983350905219675,test_gen
7.517689896000000,9.192372126219675,1.674682230219675,test_gen
8.997351944000000,9.192372126219675,0.195020182219675,test_gen
8.997351944000000,9.192372126219675,0.195020182219675,test_gen
8.355502145999999,9.192372126219675,0.836869980219676,test_gen
9.966511884000001,9.192372126219675,-0.774139757780326,test_gen
5.333489567000000,9.192372126219675,3.858882559219675,test_gen
5.333489567000000,9.192372126219675,3.858882559219675,test_gen
10.684544580000001,11.397714798185584,0.713170218185583,test_gen
8.140719220999999,11.397714798185584,3.256995577185585,test_gen
10.684544580000001,11.397714798185584,0.713170218185583,test_gen
8.140719220999999,11.397714798185584,3.256995577185585,test_gen
14.099455200000000,11.397714798185584,-2.701740401814416,test_gen
14.099455200000000,11.397714798185584,-2.701740401814416,test_gen
13.640388910000000,11.397714798185584,-2.242674111814416,test_gen
8.997351944000000,11.397714798185584,2.400362854185584,test_gen
9.966511884000001,11.397714798185584,1.431202914185583,test_gen
12.404778300000000,11.397714798185584,-1.007063501814416,test_gen
14.390331970000000,11.397714798185584,-2.992617171814416,test_gen
11.370774180000000,11.397714798185584,0.026940618185584,test_gen
7.706911803000000,11.397714798185584,3.690802995185584,test_gen
12.005951169999999,11.397714798185584,-0.608236371814415,test_gen
13.955866990000001,11.397714798185584,-2.558152191814417,test_gen
11.370774180000000,11.397714798185584,0.026940618185584,test_gen
7.706911803000000,11.397714798185584,3.690802995185584,test_gen
11.284602980000001,11.397714798185584,0.113111818185583,test_gen
12.762618430000000,11.397714798185584,-1.364903631814416,test_gen
12.762618430000000,11.397714798185584,-1.364903631814416,test_gen
13.027986690000001,11.397714798185584,-1.630271891814417,test_gen
8.997351944000000,11.397714798185584,2.400362854185584,test_gen
8.355502145999999,11.397714798185584,3.042212652185585,test_gen
13.491712260000000,11.397714798185584,-2.093997461814416,test_gen
10.666979130000000,11.397714798185584,0.730735668185584,test_gen
7.327724753000000,11.397714798185584,4.069990045185584,test_gen
9.539780458999999,11.397714798185584,1.857934339185585,test_gen
15.705375660000000,11.397714798185584,-4.307660861814416,test_gen
15.705375660000000,11.397714798185584,-4.307660861814416,test_gen
12.642324889999999,11.397714798185584,-1.244610091814415,test_gen
13.318458110000000,11.397714798185584,-1.920743311814416,test_gen
15.940425149999999,11.397714798185584,-4.542710351814415,test_gen
14.958831510000000,11.397714798185584,-3.561116711814416,test_gen
8.997351944000000,11.397714798185584,2.400362854185584,test_gen
8.997351944000000,11.397714798185584,2.400362854185584,test_gen
15.110029539999999,11.397714798185584,-3.712314741814415,test_gen
13.843990489999999,11.397714798185584,-2.446275691814416,test_gen
14.962630290000000,11.397714798185584,-3.564915491814416,test_gen
14.023396360000000,11.397714798185584,-2.625681561814416,test_gen
13.012925440000000,11.397714798185584,-1.615210641814416,test_gen
15.223244660000001,11.397714798185584,-3.825529861814417,test_gen
14.707615410000001,11.397714798185584,-3.309900611814417,test_gen
15.301284020000001,11.397714798185584,-3.903569221814417,test_gen
15.039558930000000,11.397714798185584,-3.641844131814416,test_gen
15.426096660000001,11.397714798185584,-4.028381861814417,test_gen
14.992988110000001,11.397714798185584,-3.595273311814417,test_gen
14.992988110000001,11.397714798185584,-3.595273311814417,test_gen
14.404120040000000,11.397714798185584,-3.006405241814416,test_gen
15.413823610000000,11.397714798185584,-4.016108811814416,test_gen
14.300850420000000,11.397714798185584,-2.903135621814416,test_gen
13.329208800000000,11.397714798185584,-1.931494001814416,test_gen
13.960621939999999,11.397714798185584,-2.562907141814415,test_gen
14.214977279999999,11.397714798185584,-2.817262481814415,test_gen
14.226668690000000,11.397714798185584,-2.828953891814416,test_gen
14.126835170000000,11.397714798185584,-2.729120371814416,test_gen
13.845050590000000,11.397714798185584,-2.447335791814416,test_gen
13.845050590000000,11.397714798185584,-2.447335791814416,test_gen
12.976203690000000,11.397714798185584,-1.578488891814416,test_gen
11.885232860000000,11.397714798185584,-0.487518061814416,test_gen
11.363752640000000,11.397714798185584,0.033962158185584,test_gen
14.323760020000000,11.397714798185584,-2.926045221814416,test_gen
12.404778300000000,11.397714798185584,-1.007063501814416,test_gen
14.323760020000000,11.397714798185584,-2.926045221814416,test_gen
12.404778300000000,11.397714798185584,-1.007063501814416,test_gen
12.939664620000000,11.397714798185584,-1.541949821814416,test_gen
11.459587250000000,11.397714798185584,-0.061872451814416,test_gen
13.022785669999999,11.397714798185584,-1.625070871814415,test_gen
6.755194817000000,11.397714798185584,4.642519981185584,test_gen
14.026257310000000,11.397714798185584,-2.628542511814416,test_gen
10.861228770000000,11.397714798185584,0.536486028185584,test_gen
12.753667340000000,11.397714798185584,-1.355952541814416,test_gen
8.355884354000001,11.397714798185584,3.041830444185583,test_gen
13.775530480000000,11.397714798185584,-2.377815681814416,test_gen
9.659498545000000,11.397714798185584,1.738216253185584,test_gen
12.939664620000000,11.397714798185584,-1.541949821814416,test_gen
7.706911803000000,11.397714798185584,3.690802995185584,test_gen
13.191197470000001,11.397714798185584,-1.793482671814417,test_gen
9.147884581000000,11.397714798185584,2.249830217185584,test_gen
11.677007270000001,11.397714798185584,-0.279292471814417,test_gen
5.843022858000000,11.397714798185584,5.554691940185584,test_gen
13.206174570000000,11.397714798185584,-1.808459771814416,test_gen
9.659498545000000,11.397714798185584,1.738216253185584,test_gen
11.363752640000000,11.397714798185584,0.033962158185584,test_gen
5.333489567000000,11.397714798185584,6.064225231185584,test_gen
12.721765200000000,11.397714798185584,-1.324050401814416,test_gen
13.660151340000001,11.397714798185584,-2.262436541814417,test_gen
8.174138134000000,11.397714798185584,3.223576664185584,test_gen
10.877663510000000,11.397714798185584,0.520051288185584,test_gen
13.250639590000000,11.397714798185584,-1.852924791814416,test_gen
12.292670169999999,11.397714798185584,-0.894955371814415,test_gen
12.292670169999999,11.397714798185584,-0.894955371814415,test_gen
8.967360849000000,11.397714798185584,2.430353949185584,test_gen
10.070078540000001,11.397714798185584,1.327636258185583,test_gen
3.663862377000000,11.397714798185584,7.733852421185584,test_gen
11.079643109999999,11.397714798185584,0.318071688185585,test_gen
13.491712260000000,11.397714798185584,-2.093997461814416,test_gen
11.082166620000001,11.397714798185584,0.315548178185583,test_gen
7.327724753000000,11.397714798185584,4.069990045185584,test_gen
12.479708870000000,11.397714798185584,-1.081994071814416,test_gen
9.539780458999999,11.397714798185584,1.857934339185585,test_gen
8.929317823000000,11.397714798185584,2.468396975185584,test_gen
13.491712260000000,11.397714798185584,-2.093997461814416,test_gen
11.082166620000001,11.397714798185584,0.315548178185583,test_gen
7.327724753000000,11.397714798185584,4.069990045185584,test_gen
12.808401750000000,11.397714798185584,-1.410686951814416,test_gen
12.479708870000000,11.397714798185584,-1.081994071814416,test_gen
9.539780458999999,11.397714798185584,1.857934339185585,test_gen
8.929317823000000,11.397714798185584,2.468396975185584,test_gen
10.991587129999999,11.397714798185584,0.406127668185585,test_gen
12.450626140000001,11.397714798185584,-1.052911341814417,test_gen
13.017247390000000,11.397714798185584,-1.619532591814416,test_gen
10.102652859999999,11.397714798185584,1.295061938185585,test_gen
12.513082080000000,11.397714798185584,-1.115367281814416,test_gen
9.104034392000001,11.397714798185584,2.293680406185583,test_gen
11.780580649999999,11.397714798185584,-0.382865851814415,test_gen
12.722414740000000,11.397714798185584,-1.324699941814416,test_gen
12.722414740000000,11.397714798185584,-1.324699941814416,test_gen
8.793345604000001,11.397714798185584,2.604369194185583,test_gen
11.571896810000000,11.397714798185584,-0.174182011814416,test_gen
6.138138789000000,11.397714798185584,5.259576009185584,test_gen
12.551759219999999,11.397714798185584,-1.154044421814415,test_gen
11.392391580000000,11.397714798185584,0.005323218185584,test_gen
11.111291740000000,11.397714798185584,0.286423058185584,test_gen
6.290302684000000,11.397714798185584,5.107412114185584,test_gen
10.364869610000000,11.397714798185584,1.032845188185584,test_gen
4.415332477000000,11.397714798185584,6.982382321185584,test_gen
10.414057890000000,11.397714798185584,0.983656908185583,test_gen
11.002608720000000,11.397714798185584,0.395106078185584,test_gen
11.002608720000000,11.397714798185584,0.395106078185584,test_gen
6.551743288000000,11.397714798185584,4.845971510185584,test_gen
10.847925020000000,11.397714798185584,0.549789778185584,test_gen
6.138138789000000,11.397714798185584,5.259576009185584,test_gen
9.585859493999999,11.397714798185584,1.811855304185585,test_gen
11.646176100000000,11.397714798185584,-0.248461301814416,test_gen
3.663862377000000,11.397714798185584,7.733852421185584,test_gen
10.311883770000000,11.397714798185584,1.085831028185584,test_gen
17.861698109999999,11.397714798185584,-6.463983311814415,test_gen
8.119532851000001,11.397714798185584,3.278181947185583,test_gen
3.663862377000000,11.397714798185584,7.733852421185584,test_gen
15.139608350000000,11.397714798185584,-3.741893551814416,test_gen
13.631257130000000,11.397714798185584,-2.233542331814416,test_gen
14.602842689999999,11.397714798185584,-3.205127891814415,test_gen
14.795120080000000,11.397714798185584,-3.397405281814416,test_gen
15.027951910000001,11.397714798185584,-3.630237111814417,test_gen
15.287014330000000,11.397714798185584,-3.889299531814416,test_gen
10.704061120000000,11.397714798185584,0.693653678185584,test_gen
15.851311279999999,11.397714798185584,-4.453596481814415,test_gen
11.794086280000000,11.397714798185584,-0.396371481814416,test_gen
12.089901149999999,11.397714798185584,-0.692186351814415,test_gen
16.343249090000000,11.397714798185584,-4.945534291814417,test_gen
16.352749580000001,11.397714798185584,-4.955034781814417,test_gen
16.648733230000001,11.397714798185584,-5.251018431814417,test_gen
16.060804120000000,11.397714798185584,-4.663089321814416,test_gen
14.392128240000000,11.397714798185584,-2.994413441814416,test_gen
17.394958670000001,11.397714798185584,-5.997243871814417,test_gen
16.712674159999999,11.397714798185584,-5.314959361814415,test_gen
13.155885650000000,11.397714798185584,-1.758170851814416,test_gen
11.722022989999999,11.397714798185584,-0.324308191814415,test_gen
9.842965697000000,11.397714798185584,1.554749101185584,test_gen
12.800390350000001,11.397714798185584,-1.402675551814417,test_gen
12.580605370000001,11.397714798185584,-1.182890571814417,test_gen
11.983073820000000,11.397714798185584,-0.585359021814416,test_gen
11.757173060000000,11.397714798185584,-0.359458261814416,test_gen
6.927377112000000,11.397714798185584,4.470337686185584,test_gen
12.605272610000000,11.397714798185584,-1.207557811814416,test_gen
11.983863380000001,11.397714798185584,-0.586148581814417,test_gen
10.462307729999999,11.397714798185584,0.935407068185585,test_gen
8.971059666000000,11.397714798185584,2.426655132185584,test_gen
11.834295279999999,11.397714798185584,-0.436580481814415,test_gen
11.202117940000001,11.397714798185584,0.195596858185583,test_gen
11.211246830000000,11.397714798185584,0.186467968185584,test_gen
9.450803170000000,11.397714798185584,1.946911628185584,test_gen
11.035726840000001,11.397714798185584,0.361987958185583,test_gen
10.043847570000001,11.397714798185584,1.353867228185583,test_gen
9.707186590999999,11.397714798185584,1.690528207185585,test_gen
8.519183604000000,11.397714798185584,2.878531194185584,test_gen
8.693383422000000,11.397714798185584,2.704331376185584,test_gen
8.501782521000001,11.397714798185584,2.895932277185583,test_gen
8.274775284000000,11.397714798185584,3.122939514185584,test_gen
5.907963404000000,11.397714798185584,5.489751394185584,test_gen
7.349415996000000,11.397714798185584,4.048298802185584,test_gen
5.082653842000000,11.397714798185584,6.315060956185584,test_gen
5.333489567000000,2.576344110321953,-2.757145456678047,test_gen
7.327724753000000,2.576344110321953,-4.751380642678047,test_gen
0.000286599000000,2.576344110321953,2.576057511321953,test_gen
7.706911803000000,4.781686782287862,-2.925225020712138,test_gen
6.551743288000000,6.987029454253767,0.435286166253767,test_gen
8.793345604000001,6.987029454253767,-1.806316149746234,test_gen
8.967360849000000,6.987029454253767,-1.980331394746234,test_gen
10.149416060000000,6.987029454253767,-3.162386605746233,test_gen
9.802001166000000,6.987029454253767,-2.814971711746233,test_gen
10.666979130000000,6.987029454253767,-3.679949675746233,test_gen
5.333489567000000,6.987029454253767,1.653539887253767,test_gen
7.327724753000000,6.987029454253767,-0.340695298746233,test_gen
10.740257670000000,9.192372126219675,-1.547885543780325,test_gen
11.762234290000000,9.192372126219675,-2.569862163780325,test_gen
11.294969139999999,9.192372126219675,-2.102597013780324,test_gen
12.276562780000001,9.192372126219675,-3.084190653780325,test_gen
9.312341317000000,9.192372126219675,-0.119969190780324,test_gen
10.562806309999999,9.192372126219675,-1.370434183780324,test_gen
9.665346419000000,9.192372126219675,-0.472974292780325,test_gen
11.751836170000001,9.192372126219675,-2.559464043780325,test_gen
11.751836170000001,9.192372126219675,-2.559464043780325,test_gen
13.323360920000001,9.192372126219675,-4.130988793780325,test_gen
13.040401370000000,9.192372126219675,-3.848029243780324,test_gen
13.813278439999999,9.192372126219675,-4.620906313780324,test_gen
5.333489567000000,9.192372126219675,3.858882559219675,test_gen
7.706911803000000,9.192372126219675,1.485460323219676,test_gen
8.355502145999999,9.192372126219675,0.836869980219676,test_gen
9.966511884000001,9.192372126219675,-0.774139757780326,test_gen
5.333489567000000,9.192372126219675,3.858882559219675,test_gen
7.327724753000000,9.192372126219675,1.864647373219675,test_gen
7.327724753000000,9.192372126219675,1.864647373219675,test_gen
10.991587129999999,9.192372126219675,-1.799215003780324,test_gen
3.663862377000000,9.192372126219675,5.528509749219675,test_gen
12.844853000000001,11.397714798185584,-1.447138201814417,test_gen
14.603060749999999,11.397714798185584,-3.205345951814415,test_gen
10.991587129999999,11.397714798185584,0.406127668185585,test_gen
10.149416060000000,11.397714798185584,1.248298738185584,test_gen
13.939685680000000,11.397714798185584,-2.541970881814416,test_gen
13.939685680000000,11.397714798185584,-2.541970881814416,test_gen
12.709173110000000,11.397714798185584,-1.311458311814416,test_gen
7.327724753000000,11.397714798185584,4.069990045185584,test_gen
10.149416060000000,11.397714798185584,1.248298738185584,test_gen
14.323760020000000,11.397714798185584,-2.926045221814416,test_gen
10.666979130000000,11.397714798185584,0.730735668185584,test_gen
8.929317823000000,11.397714798185584,2.468396975185584,test_gen
11.082166620000001,11.397714798185584,0.315548178185583,test_gen
12.479708870000000,11.397714798185584,-1.081994071814416,test_gen
10.666979130000000,11.397714798185584,0.730735668185584,test_gen
8.929317823000000,11.397714798185584,2.468396975185584,test_gen
13.271869740000000,11.397714798185584,-1.874154941814416,test_gen
9.802001166000000,11.397714798185584,1.595713632185584,test_gen
7.327724753000000,11.397714798185584,4.069990045185584,test_gen
11.202941610000000,11.397714798185584,0.194773188185584,test_gen
11.866612070000000,11.397714798185584,-0.468897271814416,test_gen
9.802001166000000,11.397714798185584,1.595713632185584,test_gen
7.327724753000000,11.397714798185584,4.069990045185584,test_gen
8.929317823000000,11.397714798185584,2.468396975185584,test_gen
15.482905629999999,11.397714798185584,-4.085190831814415,test_gen
15.415698539999999,11.397714798185584,-4.017983741814415,test_gen
12.661214319999999,11.397714798185584,-1.263499521814415,test_gen
5.300000000000000,11.397714798185584,6.097714798185584,test_gen
13.463954670000000,11.397714798185584,-2.066239871814416,test_gen
15.413823610000000,11.397714798185584,-4.016108811814416,test_gen
15.045648470000000,11.397714798185584,-3.647933671814416,test_gen
14.300850420000000,11.397714798185584,-2.903135621814416,test_gen
12.179299280000000,11.397714798185584,-0.781584481814416,test_gen
12.976937970000000,11.397714798185584,-1.579223171814416,test_gen
14.126835170000000,11.397714798185584,-2.729120371814416,test_gen
13.913057340000000,11.397714798185584,-2.515342541814416,test_gen
12.276277580000000,11.397714798185584,-0.878562781814416,test_gen
12.276277580000000,11.397714798185584,-0.878562781814416,test_gen
11.885232850000000,11.397714798185584,-0.487518051814416,test_gen
10.448618160000001,11.397714798185584,0.949096638185583,test_gen
10.070078540000001,11.397714798185584,1.327636258185583,test_gen
13.640388910000000,11.397714798185584,-2.242674111814416,test_gen
14.390331970000000,11.397714798185584,-2.992617171814416,test_gen
12.005951169999999,11.397714798185584,-0.608236371814415,test_gen
13.775530480000000,11.397714798185584,-2.377815681814416,test_gen
13.206174570000000,11.397714798185584,-1.808459771814416,test_gen
13.955866990000001,11.397714798185584,-2.558152191814417,test_gen
11.284602980000001,11.397714798185584,0.113111818185583,test_gen
7.706911803000000,11.397714798185584,3.690802995185584,test_gen
13.250639590000000,11.397714798185584,-1.852924791814416,test_gen
8.967360849000000,11.397714798185584,2.430353949185584,test_gen
12.721765200000000,11.397714798185584,-1.324050401814416,test_gen
7.706911803000000,11.397714798185584,3.690802995185584,test_gen
13.027986690000001,11.397714798185584,-1.630271891814417,test_gen
11.571896810000000,11.397714798185584,-0.174182011814416,test_gen
11.960381650000000,11.397714798185584,-0.562666851814416,test_gen
9.531879836000000,11.397714798185584,1.865834962185584,test_gen
12.551759219999999,11.397714798185584,-1.154044421814415,test_gen
8.793345604000001,11.397714798185584,2.604369194185583,test_gen
11.079643109999999,11.397714798185584,0.318071688185585,test_gen
5.333489567000000,11.397714798185584,6.064225231185584,test_gen
10.847925020000000,11.397714798185584,0.549789778185584,test_gen
10.321940680000001,11.397714798185584,1.075774118185583,test_gen
6.354586557000000,11.397714798185584,5.043128241185584,test_gen
7.940579248000000,11.397714798185584,3.457135550185584,test_gen
9.585859493999999,11.397714798185584,1.811855304185585,test_gen
6.551743288000000,11.397714798185584,4.845971510185584,test_gen
6.927377112000000,11.397714798185584,4.470337686185584,test_gen
14.357689030000000,11.397714798185584,-2.959974231814416,test_gen
15.863744310000000,11.397714798185584,-4.466029511814416,test_gen
15.550914380000000,11.397714798185584,-4.153199581814416,test_gen
10.149416060000000,6.987029454253767,-3.162386605746233,test_gen
7.327724753000000,6.987029454253767,-0.340695298746233,test_gen
11.751836170000001,9.192372126219675,-2.559464043780325,test_gen
13.939685680000000,11.397714798185584,-2.541970881814416,test_gen
12.709173110000000,11.397714798185584,-1.311458311814416,test_gen
7.327724753000000,11.397714798185584,4.069990045185584,test_gen
10.149416060000000,11.397714798185584,1.248298738185584,test_gen
14.603060749999999,11.397714798185584,-3.205345951814415,test_gen
10.991587129999999,11.397714798185584,0.406127668185585,test_gen
10.149416060000000,11.397714798185584,1.248298738185584,test_gen
12.844853000000001,11.397714798185584,-1.447138201814417,test_gen
10.991587129999999,11.397714798185584,0.406127668185585,test_gen
10.149416060000000,11.397714798185584,1.248298738185584,test_gen
15.415698539999999,11.397714798185584,-4.017983741814415,test_gen
15.482905629999999,11.397714798185584,-4.085190831814415,test_gen
10.991587129999999,11.397714798185584,0.406127668185585,test_gen
12.661214319999999,11.397714798185584,-1.263499521814415,test_gen
5.330000000000000,11.397714798185584,6.067714798185584,test_gen
17.477140819999999,11.397714798185584,-6.079426021814415,test_gen
7.327724753000000,11.397714798185584,4.069990045185584,test_gen
12.709173110000000,11.397714798185584,-1.311458311814416,test_gen
13.271869740000000,11.397714798185584,-1.874154941814416,test_gen
11.202941610000000,11.397714798185584,0.194773188185584,test_gen
11.866612070000000,11.397714798185584,-0.468897271814416,test_gen
8.929317823000000,11.397714798185584,2.468396975185584,test_gen
7.327724753000000,11.397714798185584,4.069990045185584,test_gen
14.603060749999999,11.397714798185584,-3.205345951814415,test_gen
12.844853010000000,11.397714798185584,-1.447138211814416,test_gen
10.149416060000000,11.397714798185584,1.248298738185584,test_gen
