real,expected,error,set
18.073358535766602,16.233503341674805,-1.839855194091797,train
14.774371147155762,13.891818046569824,-0.882553100585938,train
10.426098823547363,10.087227821350098,-0.338871002197266,train
17.758651733398438,17.832345962524414,0.073694229125977,train
14.621177673339844,15.169880867004395,0.548703193664551,train
15.815361022949219,16.222482681274414,0.407121658325195,train
13.394044876098633,12.271986007690430,-1.122058868408203,train
14.258051872253418,14.583892822265625,0.325840950012207,train
19.426839828491211,19.364141464233398,-0.062698364257812,train
13.366332054138184,12.211867332458496,-1.154464721679688,train
17.279533386230469,17.665128707885742,0.385595321655273,train
19.252143859863281,19.029756546020508,-0.222387313842773,train
14.344581604003906,16.994634628295898,2.650053024291992,train
9.372593879699707,8.931628227233887,-0.440965652465820,train
12.725414276123047,13.803328514099121,1.077914237976074,train
14.596966743469238,14.811377525329590,0.214410781860352,train
14.987257957458496,15.231452941894531,0.244194984436035,train
20.844842910766602,20.029998779296875,-0.814844131469727,train
11.630728721618652,14.383049964904785,2.752321243286133,train
20.843381881713867,20.049642562866211,-0.793739318847656,train
12.810882568359375,14.650182723999023,1.839300155639648,train
19.075571060180664,18.628141403198242,-0.447429656982422,train
16.265211105346680,17.018438339233398,0.753227233886719,train
18.581655502319336,17.557775497436523,-1.023880004882812,train
14.509209632873535,15.763689041137695,1.254479408264160,train
12.540295600891113,10.790329933166504,-1.749965667724609,train
18.615182876586914,18.994638442993164,0.379455566406250,train
9.823760986328125,12.106753349304199,2.282992362976074,train
15.551920890808105,19.524026870727539,3.972105979919434,train
17.338212966918945,17.624816894531250,0.286603927612305,train
13.608420372009277,12.900427818298340,-0.707992553710938,train
14.348354339599609,13.635849952697754,-0.712504386901855,train
19.163646697998047,18.896572113037109,-0.267074584960938,train
15.487353324890137,14.112288475036621,-1.375064849853516,train
8.469809532165527,9.197911262512207,0.728101730346680,train
13.964433670043945,13.571895599365234,-0.392538070678711,train
17.526994705200195,17.528760910034180,0.001766204833984,train
8.390937805175781,8.609688758850098,0.218750953674316,train
15.397157669067383,16.307352066040039,0.910194396972656,train
15.695375442504883,15.697351455688477,0.001976013183594,train
9.978330612182617,11.787360191345215,1.809029579162598,train
20.006460189819336,19.497114181518555,-0.509346008300781,train
12.326556205749512,12.217076301574707,-0.109479904174805,train
9.806684494018555,11.551049232482910,1.744364738464355,train
18.957834243774414,19.003114700317383,0.045280456542969,train
18.514425277709961,18.619915008544922,0.105489730834961,train
19.672803878784180,19.167083740234375,-0.505720138549805,train
15.441035270690918,15.554097175598145,0.113061904907227,train
16.309320449829102,15.891501426696777,-0.417819023132324,train
9.730495452880859,10.481163024902344,0.750667572021484,train
16.500022888183594,14.866131782531738,-1.633891105651855,train
16.261240005493164,16.089630126953125,-0.171609878540039,train
17.811037063598633,16.999414443969727,-0.811622619628906,train
15.462417602539062,15.478367805480957,0.015950202941895,train
15.115873336791992,14.781043052673340,-0.334830284118652,train
16.402202606201172,16.430242538452148,0.028039932250977,train
16.502681732177734,16.512853622436523,0.010171890258789,train
9.768486022949219,8.300157546997070,-1.468328475952148,train
9.903515815734863,9.209861755371094,-0.693654060363770,train
15.138072013854980,14.294503211975098,-0.843568801879883,train
19.638450622558594,19.848386764526367,0.209936141967773,train
12.314989089965820,12.263827323913574,-0.051161766052246,train
19.453496932983398,18.627504348754883,-0.825992584228516,train
14.533744812011719,14.865120887756348,0.331376075744629,train
16.507219314575195,15.755793571472168,-0.751425743103027,train
15.955170631408691,15.928841590881348,-0.026329040527344,train
18.590948104858398,18.059278488159180,-0.531669616699219,train
16.773406982421875,15.356253623962402,-1.417153358459473,train
15.065955162048340,13.831012725830078,-1.234942436218262,train
18.061157226562500,17.111478805541992,-0.949678421020508,train
20.021677017211914,18.740690231323242,-1.280986785888672,train
14.253731727600098,12.441551208496094,-1.812180519104004,train
15.185501098632812,16.071067810058594,0.885566711425781,train
15.320037841796875,16.775981903076172,1.455944061279297,train
16.242673873901367,15.432106971740723,-0.810566902160645,train
18.686916351318359,17.215856552124023,-1.471059799194336,train
19.548158645629883,18.999273300170898,-0.548885345458984,train
9.869968414306641,10.832780838012695,0.962812423706055,train
10.404537200927734,8.647152900695801,-1.757384300231934,train
16.617254257202148,15.279869079589844,-1.337385177612305,train
14.833857536315918,15.000658035278320,0.166800498962402,train
14.219177246093750,13.774074554443359,-0.445102691650391,train
17.246242523193359,16.545309066772461,-0.700933456420898,train
16.778821945190430,16.799194335937500,0.020372390747070,train
17.794685363769531,17.487077713012695,-0.307607650756836,train
18.460351943969727,17.444501876831055,-1.015850067138672,train
18.501897811889648,18.999862670898438,0.497964859008789,train
14.735401153564453,12.651337623596191,-2.084063529968262,train
18.146850585937500,17.459789276123047,-0.687061309814453,train
16.071859359741211,16.788282394409180,0.716423034667969,train
15.309027671813965,15.957772254943848,0.648744583129883,train
16.073478698730469,16.001121520996094,-0.072357177734375,train
16.224206924438477,15.077538490295410,-1.146668434143066,train
14.292806625366211,14.410584449768066,0.117777824401855,train
12.691956520080566,11.808745384216309,-0.883211135864258,train
20.957696914672852,20.370943069458008,-0.586753845214844,train
20.011425018310547,18.252347946166992,-1.759077072143555,train
12.894501686096191,12.850814819335938,-0.043686866760254,train
17.321104049682617,17.067434310913086,-0.253669738769531,train
19.082649230957031,18.769615173339844,-0.313034057617188,train
16.275970458984375,14.719472885131836,-1.556497573852539,train
16.706594467163086,15.881812095642090,-0.824782371520996,train
18.488504409790039,17.470792770385742,-1.017711639404297,train
19.985031127929688,19.789972305297852,-0.195058822631836,train
16.582109451293945,17.428524017333984,0.846414566040039,train
17.604940414428711,17.386434555053711,-0.218505859375000,train
10.897736549377441,9.097675323486328,-1.800061225891113,train
18.428710937500000,19.169717788696289,0.741006851196289,train
14.312644958496094,14.618342399597168,0.305697441101074,train
16.807779312133789,16.424037933349609,-0.383741378784180,train
12.312458038330078,13.191496849060059,0.879038810729980,train
16.068229675292969,15.065303802490234,-1.002925872802734,train
17.189834594726562,16.921766281127930,-0.268068313598633,train
17.251235961914062,17.724468231201172,0.473232269287109,train
18.910558700561523,19.274076461791992,0.363517761230469,train
13.436013221740723,14.175885200500488,0.739871978759766,train
16.649372100830078,17.737836837768555,1.088464736938477,train
16.400886535644531,14.699115753173828,-1.701770782470703,train
8.938230514526367,8.194988250732422,-0.743242263793945,train
19.209310531616211,18.977241516113281,-0.232069015502930,train
18.241899490356445,16.743967056274414,-1.497932434082031,train
9.756546974182129,10.766455650329590,1.009908676147461,train
14.693360328674316,15.082812309265137,0.389451980590820,train
13.963905334472656,13.605046272277832,-0.358859062194824,train
8.192347526550293,7.736777782440186,-0.455569744110107,train
19.862464904785156,19.637212753295898,-0.225252151489258,train
10.011327743530273,11.024314880371094,1.012987136840820,train
9.012071609497070,10.557268142700195,1.545196533203125,train
18.436595916748047,18.346712112426758,-0.089883804321289,train
18.657609939575195,18.630716323852539,-0.026893615722656,train
10.117140769958496,9.112712860107422,-1.004427909851074,train
18.785608291625977,18.889190673828125,0.103582382202148,train
14.665054321289062,14.190662384033203,-0.474391937255859,train
14.232738494873047,12.731017112731934,-1.501721382141113,train
13.220046997070312,12.837349891662598,-0.382697105407715,train
13.523255348205566,12.049857139587402,-1.473398208618164,train
10.620726585388184,9.155292510986328,-1.465434074401855,train
18.087614059448242,17.564830780029297,-0.522783279418945,train
13.411285400390625,12.866501808166504,-0.544783592224121,train
16.564046859741211,16.334033966064453,-0.230012893676758,train
19.985818862915039,19.623273849487305,-0.362545013427734,train
15.229100227355957,16.137283325195312,0.908183097839355,train
18.779090881347656,18.536933898925781,-0.242156982421875,train
16.885288238525391,17.062978744506836,0.177690505981445,train
17.170082092285156,16.364875793457031,-0.805206298828125,train
13.651309967041016,10.597582817077637,-3.053727149963379,train
19.627531051635742,19.879014968872070,0.251483917236328,train
12.071872711181641,13.688763618469238,1.616890907287598,train
14.605626106262207,14.256950378417969,-0.348675727844238,train
19.855281829833984,18.873201370239258,-0.982080459594727,train
14.997902870178223,14.513369560241699,-0.484533309936523,train
13.982076644897461,15.507151603698730,1.525074958801270,train
18.204801559448242,19.196012496948242,0.991210937500000,train
11.537548065185547,9.828808784484863,-1.708739280700684,train
15.582185745239258,14.821209907531738,-0.760975837707520,train
16.948612213134766,16.624746322631836,-0.323865890502930,train
15.612473487854004,14.448489189147949,-1.163984298706055,train
12.418199539184570,11.731276512145996,-0.686923027038574,train
16.093986511230469,16.226631164550781,0.132644653320312,train
19.889621734619141,19.140388488769531,-0.749233245849609,train
16.733398437500000,16.151550292968750,-0.581848144531250,train
18.458860397338867,18.568843841552734,0.109983444213867,train
16.389677047729492,18.237215042114258,1.847537994384766,train
15.649158477783203,16.501247406005859,0.852088928222656,train
18.823337554931641,18.708803176879883,-0.114534378051758,train
16.717042922973633,17.113702774047852,0.396659851074219,train
20.216293334960938,20.136398315429688,-0.079895019531250,train
2.029883146286011,3.444314718246460,1.414431571960449,train
10.261331558227539,9.793298721313477,-0.468032836914062,train
13.606440544128418,15.843757629394531,2.237317085266113,train
16.060550689697266,16.818712234497070,0.758161544799805,train
17.342962265014648,18.003396987915039,0.660434722900391,train
15.099709510803223,14.290080070495605,-0.809629440307617,train
15.942200660705566,14.356375694274902,-1.585824966430664,train
14.315130233764648,15.768055915832520,1.452925682067871,train
13.316099166870117,13.492439270019531,0.176340103149414,train
17.694824218750000,18.185817718505859,0.490993499755859,train
12.161842346191406,13.443437576293945,1.281595230102539,train
15.254495620727539,15.180441856384277,-0.074053764343262,train
15.881729125976562,15.906176567077637,0.024447441101074,train
12.416827201843262,11.570092201232910,-0.846735000610352,train
14.011643409729004,13.406584739685059,-0.605058670043945,train
6.102803230285645,5.891096591949463,-0.211706638336182,train
11.440078735351562,11.076810836791992,-0.363267898559570,train
10.639843940734863,9.954111099243164,-0.685732841491699,train
12.350643157958984,13.205434799194336,0.854791641235352,train
9.531879425048828,8.836153984069824,-0.695725440979004,train
17.697223663330078,18.639995574951172,0.942771911621094,train
21.192640304565430,20.737607955932617,-0.455032348632812,train
11.513297080993652,11.586211204528809,0.072914123535156,train
16.824254989624023,17.148904800415039,0.324649810791016,train
12.433909416198730,12.554253578186035,0.120344161987305,train
6.083234786987305,8.391970634460449,2.308735847473145,train
11.775546073913574,10.777831077575684,-0.997714996337891,train
12.947794914245605,12.419008255004883,-0.528786659240723,train
10.866417884826660,9.821836471557617,-1.044581413269043,train
15.314915657043457,16.862039566040039,1.547123908996582,train
18.525264739990234,18.807518005371094,0.282253265380859,train
16.328430175781250,15.445723533630371,-0.882706642150879,train
19.272239685058594,18.870641708374023,-0.401597976684570,train
16.275209426879883,14.952810287475586,-1.322399139404297,train
10.594686508178711,11.100279808044434,0.505593299865723,train
15.753510475158691,16.297739028930664,0.544228553771973,train
16.581251144409180,17.423103332519531,0.841852188110352,train
16.793254852294922,16.337881088256836,-0.455373764038086,train
17.049236297607422,17.409795761108398,0.360559463500977,train
13.240809440612793,11.988009452819824,-1.252799987792969,train
14.345334053039551,11.720099449157715,-2.625234603881836,train
16.479948043823242,17.444412231445312,0.964464187622070,train
18.418409347534180,18.931085586547852,0.512676239013672,train
20.573884963989258,20.302492141723633,-0.271392822265625,train
16.051580429077148,15.167904853820801,-0.883675575256348,train
21.029645919799805,20.449907302856445,-0.579738616943359,train
17.528156280517578,16.634923934936523,-0.893232345581055,train
19.558563232421875,19.812450408935547,0.253887176513672,train
15.426939010620117,17.027975082397461,1.601036071777344,train
16.428298950195312,17.032642364501953,0.604343414306641,train
16.211158752441406,15.783103942871094,-0.428054809570312,train
8.954989433288574,8.754318237304688,-0.200671195983887,train
11.621514320373535,10.764109611511230,-0.857404708862305,train
13.832795143127441,11.884938240051270,-1.947856903076172,train
14.458045959472656,13.830932617187500,-0.627113342285156,train
10.145657539367676,8.504916191101074,-1.640741348266602,train
15.660401344299316,16.131881713867188,0.471480369567871,train
19.652946472167969,19.206392288208008,-0.446554183959961,train
9.115906715393066,9.004197120666504,-0.111709594726562,train
12.520092964172363,10.611645698547363,-1.908447265625000,train
11.207433700561523,12.022302627563477,0.814868927001953,train
10.264675140380859,9.033753395080566,-1.230921745300293,train
11.198889732360840,10.932676315307617,-0.266213417053223,train
13.529720306396484,13.778449058532715,0.248728752136230,train
16.084768295288086,16.413705825805664,0.328937530517578,train
17.558362960815430,18.152471542358398,0.594108581542969,train
16.716884613037109,17.859434127807617,1.142549514770508,train
12.180562973022461,11.787899971008301,-0.392663002014160,train
16.855928421020508,15.722922325134277,-1.133006095886230,train
16.745582580566406,15.879883766174316,-0.865698814392090,train
16.642175674438477,16.347286224365234,-0.294889450073242,train
18.103059768676758,18.631334304809570,0.528274536132812,train
12.310417175292969,13.210829734802246,0.900412559509277,train
15.896179199218750,14.545390129089355,-1.350789070129395,train
5.986149311065674,10.676534652709961,4.690385341644287,train
21.286355972290039,20.978441238403320,-0.307914733886719,train
18.791286468505859,19.381822586059570,0.590536117553711,train
16.752590179443359,15.821159362792969,-0.931430816650391,train
16.467540740966797,17.117321014404297,0.649780273437500,train
19.782711029052734,19.743825912475586,-0.038885116577148,train
5.500486373901367,5.614788532257080,0.114302158355713,train
14.189639091491699,13.487343788146973,-0.702295303344727,train
20.391254425048828,20.314741134643555,-0.076513290405273,train
16.760009765625000,16.308374404907227,-0.451635360717773,train
8.765193939208984,8.958637237548828,0.193443298339844,train
16.001245498657227,15.713106155395508,-0.288139343261719,train
12.456792831420898,13.816166877746582,1.359374046325684,train
11.750533103942871,12.105204582214355,0.354671478271484,train
17.283504486083984,17.303144454956055,0.019639968872070,train
17.227621078491211,16.908960342407227,-0.318660736083984,train
16.250009536743164,15.625740051269531,-0.624269485473633,train
20.226657867431641,20.105115890502930,-0.121541976928711,train
21.168947219848633,20.160144805908203,-1.008802413940430,train
12.336674690246582,10.980593681335449,-1.356081008911133,train
20.087999343872070,19.582231521606445,-0.505767822265625,train
12.996233940124512,11.389346122741699,-1.606887817382812,train
14.482381820678711,11.851193428039551,-2.631188392639160,train
19.415082931518555,19.142076492309570,-0.273006439208984,train
16.456327438354492,16.524150848388672,0.067823410034180,train
23.438688278198242,19.360694885253906,-4.077993392944336,train
16.413528442382812,17.210988998413086,0.797460556030273,train
10.600696563720703,9.287554740905762,-1.313141822814941,train
17.541290283203125,17.288654327392578,-0.252635955810547,train
20.904460906982422,20.458129882812500,-0.446331024169922,train
13.242476463317871,13.403363227844238,0.160886764526367,train
5.904085636138916,5.764658927917480,-0.139426708221436,train
20.567546844482422,20.164562225341797,-0.402984619140625,train
16.057203292846680,15.863421440124512,-0.193781852722168,train
5.698441982269287,6.611314773559570,0.912872791290283,train
12.689640998840332,10.471013069152832,-2.218627929687500,train
21.364372253417969,21.047933578491211,-0.316438674926758,train
14.865456581115723,15.620043754577637,0.754587173461914,train
12.888740539550781,12.759131431579590,-0.129609107971191,train
15.614386558532715,15.433794975280762,-0.180591583251953,train
9.250555992126465,9.859775543212891,0.609219551086426,train
13.485121726989746,14.042822837829590,0.557701110839844,train
20.299755096435547,20.102506637573242,-0.197248458862305,train
12.719181060791016,12.140479087829590,-0.578701972961426,train
12.373810768127441,13.758975028991699,1.385164260864258,train
13.580780982971191,12.846300125122070,-0.734480857849121,train
15.444107055664062,14.573061943054199,-0.871045112609863,train
12.933510780334473,12.924078941345215,-0.009431838989258,train
9.465022087097168,9.192392349243164,-0.272629737854004,train
19.332845687866211,18.297138214111328,-1.035707473754883,train
8.066160202026367,11.565230369567871,3.499070167541504,train
21.508371353149414,20.638412475585938,-0.869958877563477,train
14.758494377136230,15.383048057556152,0.624553680419922,train
19.889949798583984,19.891130447387695,0.001180648803711,train
17.056118011474609,17.503931045532227,0.447813034057617,train
17.285520553588867,17.883955001831055,0.598434448242188,train
13.796811103820801,12.925803184509277,-0.871007919311523,train
16.993478775024414,16.215730667114258,-0.777748107910156,train
20.070339202880859,19.172998428344727,-0.897340774536133,train
16.201526641845703,16.089887619018555,-0.111639022827148,train
15.151488304138184,14.831936836242676,-0.319551467895508,train
17.974809646606445,18.350587844848633,0.375778198242188,train
13.760021209716797,12.679886817932129,-1.080134391784668,train
20.387008666992188,19.286054611206055,-1.100954055786133,train
20.461307525634766,19.951850891113281,-0.509456634521484,train
15.087672233581543,14.385499954223633,-0.702172279357910,train
18.312686920166016,18.117610931396484,-0.195075988769531,train
13.889459609985352,14.852498054504395,0.963038444519043,train
14.273339271545410,14.400647163391113,0.127307891845703,train
17.551462173461914,18.054536819458008,0.503074645996094,train
9.571290969848633,10.184954643249512,0.613663673400879,train
12.933510780334473,9.938082695007324,-2.995428085327148,train
12.261928558349609,11.949240684509277,-0.312687873840332,train
14.813876152038574,14.863200187683105,0.049324035644531,train
12.775053977966309,13.483555793762207,0.708501815795898,train
17.832080841064453,17.913206100463867,0.081125259399414,train
18.824956893920898,18.129869461059570,-0.695087432861328,train
19.535659790039062,19.705379486083984,0.169719696044922,train
11.021041870117188,10.462962150573730,-0.558079719543457,train
13.888259887695312,13.209332466125488,-0.678927421569824,train
16.153312683105469,17.226829528808594,1.073516845703125,train
11.944739341735840,12.968981742858887,1.024242401123047,train
18.353427886962891,17.886579513549805,-0.466848373413086,train
13.190217971801758,12.907525062561035,-0.282692909240723,train
20.033626556396484,19.478166580200195,-0.555459976196289,train
14.226321220397949,13.181616783142090,-1.044704437255859,train
19.191989898681641,18.825679779052734,-0.366310119628906,train
17.006011962890625,16.875749588012695,-0.130262374877930,train
15.879938125610352,16.247053146362305,0.367115020751953,train
15.117261886596680,15.349260330200195,0.231998443603516,train
15.566059112548828,16.126264572143555,0.560205459594727,train
15.996507644653320,16.076978683471680,0.080471038818359,train
14.184622764587402,13.072339057922363,-1.112283706665039,train
11.733802795410156,11.439623832702637,-0.294178962707520,train
16.184631347656250,15.633088111877441,-0.551543235778809,train
13.111194610595703,12.936135292053223,-0.175059318542480,train
14.462309837341309,10.750595092773438,-3.711714744567871,train
17.951707839965820,17.736150741577148,-0.215557098388672,train
5.860539436340332,4.893062591552734,-0.967476844787598,train
12.185540199279785,11.289097785949707,-0.896442413330078,train
12.508992195129395,15.715493202209473,3.206501007080078,train
18.465911865234375,18.016216278076172,-0.449695587158203,train
14.996919631958008,13.813033103942871,-1.183886528015137,train
16.006778717041016,14.792430877685547,-1.214347839355469,train
18.530328750610352,18.374261856079102,-0.156066894531250,train
19.086240768432617,18.463346481323242,-0.622894287109375,train
18.971700668334961,19.338068008422852,0.366367340087891,train
18.894334793090820,18.731813430786133,-0.162521362304688,train
10.081362724304199,9.986100196838379,-0.095262527465820,train
21.310934066772461,20.233266830444336,-1.077667236328125,train
15.193876266479492,14.442378044128418,-0.751498222351074,train
4.124903202056885,4.784619808197021,0.659716606140137,train
18.017345428466797,18.258291244506836,0.240945816040039,train
12.182953834533691,11.429278373718262,-0.753675460815430,train
17.381471633911133,16.486253738403320,-0.895217895507812,train
12.098936080932617,12.112126350402832,0.013190269470215,train
14.495705604553223,15.475638389587402,0.979932785034180,train
15.159317970275879,15.630536079406738,0.471218109130859,train
13.654652595520020,13.461030960083008,-0.193621635437012,train
21.431276321411133,21.057844161987305,-0.373432159423828,train
17.895425796508789,17.162370681762695,-0.733055114746094,train
16.936321258544922,15.473924636840820,-1.462396621704102,train
20.949592590332031,20.895311355590820,-0.054281234741211,train
13.785695075988770,12.080738067626953,-1.704957008361816,train
10.213190078735352,10.332661628723145,0.119471549987793,train
15.100172042846680,13.850059509277344,-1.250112533569336,train
22.160930633544922,21.030534744262695,-1.130395889282227,train
21.235557556152344,20.641510009765625,-0.594047546386719,train
13.543353080749512,11.709811210632324,-1.833541870117188,train
12.804305076599121,13.682188987731934,0.877883911132812,train
13.694672584533691,14.099293708801270,0.404621124267578,train
12.846177101135254,13.561470985412598,0.715293884277344,train
8.531231880187988,8.996840476989746,0.465608596801758,train
14.734924316406250,14.021783828735352,-0.713140487670898,train
17.780858993530273,17.258708953857422,-0.522150039672852,train
20.257501602172852,19.569673538208008,-0.687828063964844,train
17.149446487426758,16.657852172851562,-0.491594314575195,train
19.503946304321289,18.972219467163086,-0.531726837158203,train
18.742378234863281,17.454271316528320,-1.288106918334961,train
17.925735473632812,16.578557968139648,-1.347177505493164,train
5.904085636138916,4.792375564575195,-1.111710071563721,train
10.965810775756836,11.009632110595703,0.043821334838867,train
17.135175704956055,16.033527374267578,-1.101648330688477,train
14.619916915893555,13.949007987976074,-0.670908927917480,train
14.416026115417480,14.802177429199219,0.386151313781738,train
13.212342262268066,12.178153038024902,-1.034189224243164,train
14.348354339599609,13.735651016235352,-0.612703323364258,train
14.763646125793457,15.076566696166992,0.312920570373535,train
9.046996116638184,11.423244476318359,2.376248359680176,train
13.150242805480957,13.432347297668457,0.282104492187500,train
14.070543289184570,13.942977905273438,-0.127565383911133,train
15.270902633666992,14.312859535217285,-0.958043098449707,train
16.170511245727539,15.531906127929688,-0.638605117797852,train
17.286235809326172,16.562395095825195,-0.723840713500977,train
21.649656295776367,20.590333938598633,-1.059322357177734,train
7.746274471282959,8.454648017883301,0.708373546600342,train
15.180994033813477,15.836049079895020,0.655055046081543,train
16.446556091308594,14.876721382141113,-1.569834709167480,train
11.987177848815918,10.838721275329590,-1.148456573486328,train
14.310786247253418,13.885850906372070,-0.424935340881348,train
19.477645874023438,19.176889419555664,-0.300756454467773,train
17.876001358032227,18.549276351928711,0.673274993896484,train
19.537063598632812,19.655652999877930,0.118589401245117,train
21.647043228149414,20.675302505493164,-0.971740722656250,train
15.543275833129883,15.018054962158203,-0.525220870971680,train
21.354619979858398,20.727722167968750,-0.626897811889648,train
12.074711799621582,11.261108398437500,-0.813603401184082,train
10.233654022216797,11.603090286254883,1.369436264038086,train
16.254674911499023,15.363780021667480,-0.890894889831543,train
16.703531265258789,12.784060478210449,-3.919470787048340,train
19.060276031494141,19.218297958374023,0.158021926879883,train
14.409028053283691,14.404192924499512,-0.004835128784180,train
14.721206665039062,14.564435958862305,-0.156770706176758,train
13.952524185180664,11.568587303161621,-2.383936882019043,train
13.980041503906250,12.960944175720215,-1.019097328186035,train
14.240572929382324,14.558260917663574,0.317687988281250,train
18.840364456176758,18.251773834228516,-0.588590621948242,train
14.800098419189453,14.320918083190918,-0.479180335998535,train
14.150489807128906,14.298613548278809,0.148123741149902,train
12.742781639099121,11.393900871276855,-1.348880767822266,train
18.768003463745117,19.103988647460938,0.335985183715820,train
16.516124725341797,16.762079238891602,0.245954513549805,train
17.051612854003906,15.798653602600098,-1.252959251403809,train
15.694316864013672,15.136411666870117,-0.557905197143555,train
20.615724563598633,20.151159286499023,-0.464565277099609,train
18.795783996582031,18.782096862792969,-0.013687133789062,train
13.909461975097656,13.522833824157715,-0.386628150939941,train
18.460990905761719,17.148775100708008,-1.312215805053711,train
17.541894912719727,17.958726882934570,0.416831970214844,train
10.754633903503418,10.752310752868652,-0.002323150634766,train
20.011425018310547,19.439043045043945,-0.572381973266602,train
15.384351730346680,15.463092803955078,0.078741073608398,train
14.237491607666016,14.433703422546387,0.196211814880371,train
16.400928497314453,17.370334625244141,0.969406127929688,train
12.380311012268066,12.451611518859863,0.071300506591797,train
16.233238220214844,16.434370040893555,0.201131820678711,train
17.038707733154297,17.653360366821289,0.614652633666992,train
15.216617584228516,16.973485946655273,1.756868362426758,train
16.999057769775391,16.254430770874023,-0.744626998901367,train
18.224647521972656,17.070409774780273,-1.154237747192383,train
13.955597877502441,13.631575584411621,-0.324022293090820,train
19.080690383911133,18.791868209838867,-0.288822174072266,train
7.717000007629395,8.871325492858887,1.154325485229492,train
17.502080917358398,16.897560119628906,-0.604520797729492,train
22.022539138793945,21.043792724609375,-0.978746414184570,train
12.872611999511719,10.930924415588379,-1.941687583923340,train
14.610151290893555,15.282173156738281,0.672021865844727,train
17.360441207885742,17.915002822875977,0.554561614990234,train
18.116334915161133,17.755605697631836,-0.360729217529297,train
16.870307922363281,14.059720993041992,-2.810586929321289,train
11.875779151916504,11.525443077087402,-0.350336074829102,train
9.135093688964844,9.373450279235840,0.238356590270996,train
22.419780731201172,20.864664077758789,-1.555116653442383,train
18.950971603393555,18.409015655517578,-0.541955947875977,train
18.723182678222656,17.769075393676758,-0.954107284545898,train
14.728534698486328,13.270910263061523,-1.457624435424805,train
17.779012680053711,19.131727218627930,1.352714538574219,train
16.923490524291992,16.312391281127930,-0.611099243164062,train
19.621303558349609,19.038232803344727,-0.583070755004883,train
17.947391510009766,17.240095138549805,-0.707296371459961,train
3.427205324172974,4.572644710540771,1.145439386367798,train
5.732104778289795,5.644677162170410,-0.087427616119385,train
16.613328933715820,17.766412734985352,1.153083801269531,train
19.706670761108398,20.059473037719727,0.352802276611328,train
19.022436141967773,19.725475311279297,0.703039169311523,train
15.971327781677246,15.975472450256348,0.004144668579102,train
19.189586639404297,18.995840072631836,-0.193746566772461,train
19.579830169677734,19.123067855834961,-0.456762313842773,train
17.799777984619141,18.004682540893555,0.204904556274414,train
16.406572341918945,15.941394805908203,-0.465177536010742,train
17.374160766601562,17.292768478393555,-0.081392288208008,train
20.175161361694336,20.763021469116211,0.587860107421875,train
16.144298553466797,16.631801605224609,0.487503051757812,train
19.030921936035156,18.749647140502930,-0.281274795532227,train
16.752370834350586,16.382888793945312,-0.369482040405273,train
13.762311935424805,15.070698738098145,1.308386802673340,train
15.112417221069336,16.385112762451172,1.272695541381836,train
16.258316040039062,16.120117187500000,-0.138198852539062,train
19.453155517578125,19.988580703735352,0.535425186157227,train
19.274425506591797,17.608385086059570,-1.666040420532227,train
20.750286102294922,20.275461196899414,-0.474824905395508,train
16.760244369506836,15.755545616149902,-1.004698753356934,train
21.869905471801758,20.787534713745117,-1.082370758056641,train
10.766723632812500,12.282303810119629,1.515580177307129,train
17.051612854003906,15.347420692443848,-1.704192161560059,train
11.522431373596191,11.501772880554199,-0.020658493041992,train
9.385193824768066,8.508637428283691,-0.876556396484375,train
15.346525192260742,14.864754676818848,-0.481770515441895,train
16.830148696899414,16.603528976440430,-0.226619720458984,train
13.737111091613770,12.621563911437988,-1.115547180175781,train
18.282960891723633,18.156038284301758,-0.126922607421875,train
14.621541976928711,13.997341156005859,-0.624200820922852,train
20.438806533813477,19.642953872680664,-0.795852661132812,train
13.101392745971680,14.679975509643555,1.578582763671875,train
12.898056983947754,13.303156852722168,0.405099868774414,train
12.806911468505859,11.599139213562012,-1.207772254943848,train
14.107126235961914,14.099925041198730,-0.007201194763184,train
13.045037269592285,12.055050849914551,-0.989986419677734,train
15.035043716430664,14.555227279663086,-0.479816436767578,train
15.943662643432617,15.570033073425293,-0.373629570007324,train
17.602281570434570,17.191991806030273,-0.410289764404297,train
15.385825157165527,14.589892387390137,-0.795932769775391,train
21.755157470703125,20.801156997680664,-0.954000473022461,train
14.566514968872070,14.694544792175293,0.128029823303223,train
15.239216804504395,15.896485328674316,0.657268524169922,train
11.637035369873047,10.494941711425781,-1.142093658447266,train
13.347891807556152,13.958221435546875,0.610329627990723,train
11.797773361206055,12.924302101135254,1.126528739929199,train
12.766707420349121,11.484519004821777,-1.282188415527344,train
14.526920318603516,13.299845695495605,-1.227074623107910,train
12.433909416198730,12.470385551452637,0.036476135253906,train
12.234890937805176,12.512433052062988,0.277542114257812,train
13.407789230346680,14.383421897888184,0.975632667541504,train
13.696038246154785,13.542196273803711,-0.153841972351074,train
13.608016014099121,13.156265258789062,-0.451750755310059,train
17.248167037963867,16.717292785644531,-0.530874252319336,train
14.124239921569824,10.262727737426758,-3.861512184143066,train
19.801126480102539,19.023494720458984,-0.777631759643555,train
19.277614593505859,19.082601547241211,-0.195013046264648,train
16.328430175781250,16.214071273803711,-0.114358901977539,train
13.193516731262207,13.346305847167969,0.152789115905762,train
20.772033691406250,20.550453186035156,-0.221580505371094,train
12.518752098083496,10.871414184570312,-1.647337913513184,train
11.563354492187500,11.008780479431152,-0.554574012756348,train
14.177630424499512,14.087969779968262,-0.089660644531250,train
13.063361167907715,11.788854598999023,-1.274506568908691,train
16.743951797485352,17.460735321044922,0.716783523559570,train
12.384132385253906,11.812321662902832,-0.571810722351074,train
18.374380111694336,18.211414337158203,-0.162965774536133,train
15.033930778503418,14.597351074218750,-0.436579704284668,train
13.890229225158691,13.552900314331055,-0.337328910827637,train
18.491369247436523,17.940290451049805,-0.551078796386719,train
16.137706756591797,16.380582809448242,0.242876052856445,train
10.260243415832520,8.721785545349121,-1.538457870483398,train
15.721158981323242,15.731829643249512,0.010670661926270,train
17.686195373535156,17.569288253784180,-0.116907119750977,train
19.594535827636719,19.374208450317383,-0.220327377319336,train
14.537165641784668,13.895114898681641,-0.642050743103027,train
17.632678985595703,16.863576889038086,-0.769102096557617,train
11.319233894348145,11.839718818664551,0.520484924316406,train
16.576356887817383,16.477354049682617,-0.099002838134766,train
17.202035903930664,17.533958435058594,0.331922531127930,train
15.395581245422363,14.946211814880371,-0.449369430541992,train
20.360584259033203,19.650321960449219,-0.710262298583984,train
19.167009353637695,19.669130325317383,0.502120971679688,train
17.384307861328125,16.734188079833984,-0.650119781494141,train
18.729558944702148,19.652036666870117,0.922477722167969,train
11.766185760498047,11.284712791442871,-0.481472969055176,train
17.892503738403320,17.275594711303711,-0.616909027099609,train
14.875233650207520,13.953509330749512,-0.921724319458008,train
15.484062194824219,14.770438194274902,-0.713624000549316,train
15.514386177062988,15.359588623046875,-0.154797554016113,train
17.754951477050781,15.931621551513672,-1.823329925537109,train
17.137613296508789,17.816648483276367,0.679035186767578,train
16.963451385498047,16.618803024291992,-0.344648361206055,train
12.868464469909668,11.433953285217285,-1.434511184692383,train
18.840137481689453,18.423795700073242,-0.416341781616211,train
18.047143936157227,18.582305908203125,0.535161972045898,train
13.871307373046875,12.672909736633301,-1.198397636413574,train
21.541618347167969,20.570392608642578,-0.971225738525391,train
14.409098625183105,13.766698837280273,-0.642399787902832,train
12.076461791992188,11.104313850402832,-0.972147941589355,train
15.013216972351074,15.556940078735352,0.543723106384277,train
18.880241394042969,18.608320236206055,-0.271921157836914,train
16.279783248901367,16.182708740234375,-0.097074508666992,train
19.015277862548828,18.698923110961914,-0.316354751586914,train
13.075857162475586,11.460326194763184,-1.615530967712402,train
14.606657028198242,14.606803894042969,0.000146865844727,train
12.771939277648926,13.109290122985840,0.337350845336914,train
19.530036926269531,19.235189437866211,-0.294847488403320,train
21.439023971557617,20.824998855590820,-0.614025115966797,train
17.519220352172852,18.598867416381836,1.079647064208984,train
18.427255630493164,19.010915756225586,0.583660125732422,train
16.992319107055664,16.133354187011719,-0.858964920043945,train
13.367856025695801,11.601866722106934,-1.765989303588867,train
13.794815063476562,13.968913078308105,0.174098014831543,train
16.366487503051758,15.457457542419434,-0.909029960632324,train
13.117544174194336,12.549839973449707,-0.567704200744629,train
10.627495765686035,9.748126029968262,-0.879369735717773,train
15.332569122314453,14.714877128601074,-0.617691993713379,train
16.266319274902344,16.831939697265625,0.565620422363281,train
13.115213394165039,13.139639854431152,0.024426460266113,train
14.440946578979492,12.648344993591309,-1.792601585388184,train
19.223974227905273,18.987127304077148,-0.236846923828125,train
15.177851676940918,14.900893211364746,-0.276958465576172,train
4.056860446929932,4.230154514312744,0.173294067382812,train
16.949605941772461,17.724309921264648,0.774703979492188,train
17.570003509521484,18.233854293823242,0.663850784301758,train
11.476901054382324,14.059041023254395,2.582139968872070,train
15.171449661254883,14.810234069824219,-0.361215591430664,train
15.371680259704590,15.095055580139160,-0.276624679565430,train
15.283600807189941,14.259313583374023,-1.024287223815918,train
10.275099754333496,9.464234352111816,-0.810865402221680,train
11.067907333374023,11.615324974060059,0.547417640686035,train
11.027388572692871,10.634022712707520,-0.393365859985352,train
9.875942230224609,11.465072631835938,1.589130401611328,train
16.288219451904297,15.919528961181641,-0.368690490722656,train
6.343760967254639,7.522192478179932,1.178431510925293,train
13.852313995361328,14.485099792480469,0.632785797119141,train
14.348780632019043,13.855103492736816,-0.493677139282227,train
8.896817207336426,8.988223075866699,0.091405868530273,train
21.604600906372070,20.526308059692383,-1.078292846679688,train
12.350906372070312,11.160511970520020,-1.190394401550293,train
18.959877014160156,18.550132751464844,-0.409744262695312,train
16.808950424194336,17.519945144653320,0.710994720458984,train
14.119567871093750,12.877818107604980,-1.241749763488770,train
8.392922401428223,8.450377464294434,0.057455062866211,train
9.417591094970703,12.156874656677246,2.739283561706543,train
12.696529388427734,13.721746444702148,1.025217056274414,train
15.352852821350098,15.948837280273438,0.595984458923340,train
19.661090850830078,19.394254684448242,-0.266836166381836,train
14.634703636169434,13.897878646850586,-0.736824989318848,train
17.433511734008789,17.640855789184570,0.207344055175781,train
11.413789749145508,11.597917556762695,0.184127807617188,train
16.511985778808594,14.772988319396973,-1.738997459411621,train
12.603385925292969,13.963163375854492,1.359777450561523,train
9.614456176757812,9.275297164916992,-0.339159011840820,train
11.958912849426270,11.939739227294922,-0.019173622131348,train
11.432250976562500,12.383420944213867,0.951169967651367,train
19.933591842651367,18.174091339111328,-1.759500503540039,train
18.613948822021484,18.196146011352539,-0.417802810668945,train
15.677830696105957,16.283731460571289,0.605900764465332,train
15.018342971801758,14.121952056884766,-0.896390914916992,train
18.509511947631836,18.497875213623047,-0.011636734008789,train
20.514045715332031,20.149616241455078,-0.364429473876953,train
15.548030853271484,14.172104835510254,-1.375926017761230,train
11.424039840698242,11.949686050415039,0.525646209716797,train
15.537511825561523,14.010733604431152,-1.526778221130371,train
13.338428497314453,11.935314178466797,-1.403114318847656,train
16.252641677856445,17.018690109252930,0.766048431396484,train
3.573882579803467,4.130466461181641,0.556583881378174,train
12.450719833374023,12.937077522277832,0.486357688903809,train
13.524033546447754,13.593337059020996,0.069303512573242,train
14.507379531860352,15.874398231506348,1.367018699645996,train
8.573149681091309,11.708294868469238,3.135145187377930,train
17.601570129394531,16.825746536254883,-0.775823593139648,train
15.708150863647461,15.773179054260254,0.065028190612793,train
11.466709136962891,10.497924804687500,-0.968784332275391,train
18.888933181762695,18.833173751831055,-0.055759429931641,train
19.281990051269531,18.717281341552734,-0.564708709716797,train
12.138091087341309,12.030310630798340,-0.107780456542969,train
10.265694618225098,10.256918907165527,-0.008775711059570,train
8.562042236328125,9.960411071777344,1.398368835449219,train
16.873901367187500,17.008153915405273,0.134252548217773,train
18.902044296264648,18.541923522949219,-0.360120773315430,train
10.693360328674316,10.998858451843262,0.305498123168945,train
9.474580764770508,8.842030525207520,-0.632550239562988,train
6.426671981811523,9.391491889953613,2.964819908142090,train
18.179807662963867,17.566886901855469,-0.612920761108398,train
7.349415779113770,7.134544849395752,-0.214870929718018,train
14.726311683654785,15.625211715698242,0.898900032043457,train
12.820186614990234,13.685320854187012,0.865134239196777,train
12.664110183715820,13.691252708435059,1.027142524719238,train
16.887153625488281,16.811305999755859,-0.075847625732422,train
18.669490814208984,18.260456085205078,-0.409034729003906,train
12.879837036132812,13.046774864196777,0.166937828063965,train
20.087469100952148,19.847702026367188,-0.239767074584961,train
17.277318954467773,17.852313995361328,0.574995040893555,train
14.002388000488281,14.569840431213379,0.567452430725098,train
21.234031677246094,20.239439010620117,-0.994592666625977,train
18.201044082641602,16.973228454589844,-1.227815628051758,train
19.323701858520508,19.559656143188477,0.235954284667969,train
20.498439788818359,19.258317947387695,-1.240121841430664,train
12.169984817504883,11.299853324890137,-0.870131492614746,train
14.982097625732422,15.267356872558594,0.285259246826172,train
14.259152412414551,12.621907234191895,-1.637245178222656,train
10.075860977172852,11.098737716674805,1.022876739501953,train
14.482843399047852,15.203016281127930,0.720172882080078,train
13.457784652709961,12.954308509826660,-0.503476142883301,train
16.923490524291992,15.867850303649902,-1.055640220642090,train
18.520950317382812,19.287153244018555,0.766202926635742,train
14.772525787353516,14.606827735900879,-0.165698051452637,train
18.394287109375000,17.288373947143555,-1.105913162231445,train
13.280455589294434,13.679528236389160,0.399072647094727,train
16.742881774902344,18.738273620605469,1.995391845703125,train
12.979109764099121,13.084492683410645,0.105382919311523,train
14.250229835510254,13.801077842712402,-0.449151992797852,train
10.057729721069336,9.905941963195801,-0.151787757873535,train
17.772411346435547,16.667818069458008,-1.104593276977539,train
13.009201049804688,13.828397750854492,0.819196701049805,train
19.671289443969727,19.810726165771484,0.139436721801758,train
14.457092285156250,13.808295249938965,-0.648797035217285,train
19.038509368896484,19.556112289428711,0.517602920532227,train
17.302001953125000,16.338214874267578,-0.963787078857422,train
11.396419525146484,11.950181007385254,0.553761482238770,train
19.658639907836914,18.987913131713867,-0.670726776123047,train
15.796954154968262,16.287851333618164,0.490897178649902,train
8.602030754089355,7.701491832733154,-0.900538921356201,train
16.410823822021484,17.739595413208008,1.328771591186523,train
16.588129043579102,15.920391082763672,-0.667737960815430,train
18.332839965820312,19.311447143554688,0.978607177734375,train
15.901589393615723,14.601994514465332,-1.299594879150391,train
15.508928298950195,16.183458328247070,0.674530029296875,train
16.556554794311523,16.579870223999023,0.023315429687500,train
16.148080825805664,15.149922370910645,-0.998158454895020,train
13.502031326293945,11.484461784362793,-2.017569541931152,train
15.335005760192871,14.039132118225098,-1.295873641967773,train
13.879936218261719,12.636017799377441,-1.243918418884277,train
11.972721099853516,12.467955589294434,0.495234489440918,train
16.615848541259766,17.071563720703125,0.455715179443359,train
15.094357490539551,14.615052223205566,-0.479305267333984,train
17.837173461914062,18.126173019409180,0.288999557495117,train
13.058980941772461,12.696911811828613,-0.362069129943848,train
16.161970138549805,17.299470901489258,1.137500762939453,train
13.122341156005859,12.811163902282715,-0.311177253723145,train
17.113662719726562,17.128944396972656,0.015281677246094,train
11.972582817077637,10.377162933349609,-1.595419883728027,train
18.909662246704102,18.413408279418945,-0.496253967285156,train
15.749145507812500,13.226257324218750,-2.522888183593750,train
13.764855384826660,14.435823440551758,0.670968055725098,train
16.371988296508789,18.013902664184570,1.641914367675781,train
14.790161132812500,14.583312034606934,-0.206849098205566,train
8.721554756164551,7.896839618682861,-0.824715137481689,train
18.410568237304688,17.835639953613281,-0.574928283691406,train
20.562871932983398,20.284158706665039,-0.278713226318359,train
14.919921875000000,15.135251045227051,0.215329170227051,train
14.482679367065430,14.772807121276855,0.290127754211426,train
16.818643569946289,16.664476394653320,-0.154167175292969,train
17.606317520141602,17.114702224731445,-0.491615295410156,train
18.781057357788086,17.317464828491211,-1.463592529296875,train
14.743743896484375,14.313701629638672,-0.430042266845703,train
12.219334602355957,12.829504966735840,0.610170364379883,train
12.169700622558594,11.725348472595215,-0.444352149963379,train
23.151729583740234,19.353261947631836,-3.798467636108398,train
19.334087371826172,18.872117996215820,-0.461969375610352,train
13.674500465393066,12.598303794860840,-1.076196670532227,train
13.593120574951172,13.824188232421875,0.231067657470703,train
11.136256217956543,13.332631111145020,2.196374893188477,train
13.229902267456055,14.895649909973145,1.665747642517090,train
19.638809204101562,19.778875350952148,0.140066146850586,train
15.957145690917969,16.574829101562500,0.617683410644531,train
17.459663391113281,16.214359283447266,-1.245304107666016,train
14.482843399047852,16.040884017944336,1.558040618896484,train
15.818417549133301,14.031955718994141,-1.786461830139160,train
16.781974792480469,15.864515304565430,-0.917459487915039,train
18.079507827758789,18.037149429321289,-0.042358398437500,train
13.879034996032715,12.237381935119629,-1.641653060913086,train
16.084156036376953,15.156060218811035,-0.928095817565918,train
15.550029754638672,13.778517723083496,-1.771512031555176,train
16.865732192993164,15.715334892272949,-1.150397300720215,train
11.601499557495117,10.987146377563477,-0.614353179931641,train
10.447540283203125,11.559920310974121,1.112380027770996,train
19.177244186401367,18.626579284667969,-0.550664901733398,train
16.211130142211914,17.397947311401367,1.186817169189453,train
15.541112899780273,16.887231826782227,1.346118927001953,train
19.242172241210938,18.946575164794922,-0.295597076416016,train
15.501228332519531,15.382651329040527,-0.118577003479004,train
18.208372116088867,18.327245712280273,0.118873596191406,train
16.091722488403320,17.520109176635742,1.428386688232422,train
15.899966239929199,15.212428092956543,-0.687538146972656,train
18.807838439941406,18.781606674194336,-0.026231765747070,train
15.458373069763184,14.708098411560059,-0.750274658203125,train
15.627497673034668,14.589049339294434,-1.038448333740234,train
18.989473342895508,18.754831314086914,-0.234642028808594,train
13.430748939514160,12.577752113342285,-0.852996826171875,train
17.520698547363281,17.243555068969727,-0.277143478393555,train
14.971693038940430,15.037225723266602,0.065532684326172,train
11.542018890380859,10.803748130798340,-0.738270759582520,train
15.682565689086914,14.694608688354492,-0.987957000732422,train
6.909110069274902,7.927542686462402,1.018432617187500,train
13.642095565795898,13.732352256774902,0.090256690979004,train
14.844830513000488,15.250425338745117,0.405594825744629,train
18.590885162353516,18.294824600219727,-0.296060562133789,train
5.817129611968994,7.242438793182373,1.425309181213379,train
13.762701034545898,13.873082160949707,0.110381126403809,train
17.087970733642578,16.993696212768555,-0.094274520874023,train
15.325934410095215,13.341074943542480,-1.984859466552734,train
9.362236976623535,9.669840812683105,0.307603836059570,train
14.267419815063477,14.464179039001465,0.196759223937988,train
18.464887619018555,18.056892395019531,-0.407995223999023,train
14.406072616577148,15.067720413208008,0.661647796630859,train
10.551472663879395,10.917355537414551,0.365882873535156,train
15.178274154663086,14.024299621582031,-1.153974533081055,train
17.632146835327148,16.663496017456055,-0.968650817871094,train
13.128975868225098,13.685920715332031,0.556944847106934,train
9.757167816162109,11.193409919738770,1.436242103576660,train
15.151805877685547,14.372516632080078,-0.779289245605469,train
12.515308380126953,11.012858390808105,-1.502449989318848,train
15.442069053649902,15.234560966491699,-0.207508087158203,train
12.711194038391113,13.431642532348633,0.720448493957520,train
19.638525009155273,18.925737380981445,-0.712787628173828,train
19.712045669555664,19.771369934082031,0.059324264526367,train
17.465629577636719,17.827966690063477,0.362337112426758,train
17.476421356201172,16.407178878784180,-1.069242477416992,train
13.650921821594238,11.881899833679199,-1.769021987915039,train
16.474544525146484,16.826139450073242,0.351594924926758,train
16.588014602661133,15.804957389831543,-0.783057212829590,train
14.418684005737305,15.503175735473633,1.084491729736328,train
14.400446891784668,13.313357353210449,-1.087089538574219,train
15.877736091613770,16.566122055053711,0.688385963439941,train
10.834307670593262,11.216219902038574,0.381912231445312,train
6.904256343841553,5.325370311737061,-1.578886032104492,train
12.242819786071777,10.838547706604004,-1.404272079467773,train
16.659774780273438,17.167070388793945,0.507295608520508,train
14.787689208984375,14.161705970764160,-0.625983238220215,train
17.777448654174805,16.033952713012695,-1.743495941162109,train
19.108125686645508,17.695253372192383,-1.412872314453125,train
14.215956687927246,13.853314399719238,-0.362642288208008,train
12.134342193603516,11.745518684387207,-0.388823509216309,train
16.667976379394531,15.509325981140137,-1.158650398254395,train
18.705446243286133,19.067707061767578,0.362260818481445,train
12.921927452087402,11.731640815734863,-1.190286636352539,train
11.907757759094238,11.897892951965332,-0.009864807128906,train
14.178175926208496,13.166060447692871,-1.012115478515625,train
16.817646026611328,16.492362976074219,-0.325283050537109,train
18.857002258300781,18.901121139526367,0.044118881225586,train
17.071945190429688,16.694789886474609,-0.377155303955078,train
18.573497772216797,19.161817550659180,0.588319778442383,train
11.390668869018555,13.216385841369629,1.825716972351074,train
14.728081703186035,14.178682327270508,-0.549399375915527,train
18.269514083862305,17.865884780883789,-0.403629302978516,train
20.742242813110352,19.746259689331055,-0.995983123779297,train
9.315768241882324,8.956851005554199,-0.358917236328125,train
14.334354400634766,12.779183387756348,-1.555171012878418,train
15.118083953857422,15.228363037109375,0.110279083251953,train
2.828122138977051,3.473958730697632,0.645836591720581,train
17.528606414794922,17.387388229370117,-0.141218185424805,train
12.820679664611816,12.052065849304199,-0.768613815307617,train
16.372795104980469,16.717639923095703,0.344844818115234,train
7.374343872070312,7.329032421112061,-0.045311450958252,train
14.265362739562988,13.549566268920898,-0.715796470642090,train
16.957347869873047,15.738703727722168,-1.218644142150879,train
17.727771759033203,16.678619384765625,-1.049152374267578,train
15.274648666381836,14.474800109863281,-0.799848556518555,train
13.653171539306641,12.849089622497559,-0.804081916809082,train
18.655202865600586,17.721984863281250,-0.933218002319336,train
14.717000961303711,14.129982948303223,-0.587018013000488,train
17.694982528686523,16.908102035522461,-0.786880493164062,train
9.496073722839355,11.435435295104980,1.939361572265625,train
12.886675834655762,11.202178001403809,-1.684497833251953,train
17.756265640258789,17.643541336059570,-0.112724304199219,train
17.893653869628906,16.817197799682617,-1.076456069946289,train
14.700257301330566,14.447791099548340,-0.252466201782227,train
11.511691093444824,10.604583740234375,-0.907107353210449,train
18.399599075317383,18.058664321899414,-0.340934753417969,train
11.556423187255859,10.584440231323242,-0.971982955932617,train
12.279918670654297,16.297227859497070,4.017309188842773,train
13.495107650756836,14.681427001953125,1.186319351196289,train
15.174065589904785,15.762942314147949,0.588876724243164,train
13.979228973388672,14.132161140441895,0.152932167053223,train
19.312849044799805,19.364915847778320,0.052066802978516,train
20.886598587036133,20.431459426879883,-0.455139160156250,train
13.240994453430176,13.560681343078613,0.319686889648438,train
14.061906814575195,14.362261772155762,0.300354957580566,train
11.744562149047852,12.929451942443848,1.184889793395996,train
11.384984970092773,10.649337768554688,-0.735647201538086,train
20.844242095947266,20.636104583740234,-0.208137512207031,train
18.192325592041016,17.743024826049805,-0.449300765991211,train
17.357860565185547,17.438623428344727,0.080762863159180,train
11.324867248535156,12.130451202392578,0.805583953857422,train
20.408962249755859,19.918531417846680,-0.490430831909180,train
11.895016670227051,12.649422645568848,0.754405975341797,train
15.181695938110352,16.298557281494141,1.116861343383789,train
13.977636337280273,13.541483879089355,-0.436152458190918,train
17.237302780151367,15.788521766662598,-1.448781013488770,train
12.718040466308594,13.377298355102539,0.659257888793945,train
18.500165939331055,18.326711654663086,-0.173454284667969,train
14.691017150878906,15.242456436157227,0.551439285278320,train
12.719427108764648,13.059638977050781,0.340211868286133,train
17.139059066772461,17.177604675292969,0.038545608520508,train
13.459592819213867,14.812290191650391,1.352697372436523,train
13.716075897216797,13.027441978454590,-0.688633918762207,train
18.150363922119141,18.352121353149414,0.201757431030273,train
13.768978118896484,12.803257942199707,-0.965720176696777,train
10.715126037597656,10.189866065979004,-0.525259971618652,train
12.345333099365234,13.319801330566406,0.974468231201172,train
13.355312347412109,13.885272026062012,0.529959678649902,train
13.662140846252441,14.096631050109863,0.434490203857422,train
19.168436050415039,19.287155151367188,0.118719100952148,train
14.133464813232422,14.177989006042480,0.044524192810059,train
9.504215240478516,9.168385505676270,-0.335829734802246,train
10.044500350952148,10.371941566467285,0.327441215515137,train
13.377966880798340,12.247779846191406,-1.130187034606934,train
12.873091697692871,11.292187690734863,-1.580904006958008,train
18.446409225463867,18.200351715087891,-0.246057510375977,train
18.789011001586914,19.884208679199219,1.095197677612305,train
17.523967742919922,18.365819931030273,0.841852188110352,train
8.901516914367676,8.825912475585938,-0.075604438781738,train
18.962650299072266,19.417440414428711,0.454790115356445,train
10.461945533752441,9.288347244262695,-1.173598289489746,train
17.302280426025391,17.615419387817383,0.313138961791992,train
12.431479454040527,11.784121513366699,-0.647357940673828,train
7.504724025726318,7.520439624786377,0.015715599060059,train
13.996457099914551,14.665647506713867,0.669190406799316,train
22.059385299682617,20.533601760864258,-1.525783538818359,train
9.283857345581055,11.691218376159668,2.407361030578613,train
15.892465591430664,15.454857826232910,-0.437607765197754,train
17.220144271850586,16.884546279907227,-0.335597991943359,train
13.426812171936035,13.630312919616699,0.203500747680664,train
16.591186523437500,17.206592559814453,0.615406036376953,train
17.629487991333008,18.312757492065430,0.683269500732422,train
12.350906372070312,12.608691215515137,0.257784843444824,train
17.014038085937500,16.599714279174805,-0.414323806762695,train
12.510888099670410,12.111730575561523,-0.399157524108887,train
11.390305519104004,10.767388343811035,-0.622917175292969,train
16.370565414428711,15.558038711547852,-0.812526702880859,train
16.093152999877930,15.577756881713867,-0.515396118164062,train
15.257328987121582,15.058197975158691,-0.199131011962891,train
17.170269012451172,16.511384963989258,-0.658884048461914,train
15.966852188110352,16.279966354370117,0.313114166259766,train
17.316543579101562,16.007490158081055,-1.309053421020508,train
16.776027679443359,16.744142532348633,-0.031885147094727,train
15.616973876953125,15.429877281188965,-0.187096595764160,train
17.127929687500000,16.085178375244141,-1.042751312255859,train
14.533600807189941,14.148053169250488,-0.385547637939453,train
11.599002838134766,12.116852760314941,0.517849922180176,train
18.609411239624023,18.282632827758789,-0.326778411865234,train
14.492667198181152,13.154944419860840,-1.337722778320312,train
15.132711410522461,15.090517044067383,-0.042194366455078,train
16.523052215576172,15.726109504699707,-0.796942710876465,train
14.715939521789551,14.889030456542969,0.173090934753418,train
19.744522094726562,19.325510025024414,-0.419012069702148,train
16.410133361816406,15.628232002258301,-0.781901359558105,train
14.763473510742188,13.554436683654785,-1.209036827087402,train
11.393224716186523,10.564787864685059,-0.828436851501465,train
11.031444549560547,10.025023460388184,-1.006421089172363,train
13.487022399902344,13.304415702819824,-0.182606697082520,train
15.063978195190430,14.207634925842285,-0.856343269348145,train
14.941961288452148,13.913193702697754,-1.028767585754395,train
11.195343971252441,10.221479415893555,-0.973864555358887,train
18.185928344726562,17.058652877807617,-1.127275466918945,train
13.931525230407715,13.736851692199707,-0.194673538208008,train
18.748121261596680,19.408256530761719,0.660135269165039,train
17.160243988037109,16.634710311889648,-0.525533676147461,train
14.832447052001953,14.209647178649902,-0.622799873352051,train
12.651668548583984,12.483863830566406,-0.167804718017578,train
20.071125030517578,20.242944717407227,0.171819686889648,train
11.514427185058594,11.069561004638672,-0.444866180419922,train
14.685173034667969,14.544691085815430,-0.140481948852539,train
16.871402740478516,17.676954269409180,0.805551528930664,train
17.834087371826172,17.362443923950195,-0.471643447875977,train
17.509948730468750,17.823190689086914,0.313241958618164,train
15.874599456787109,14.865672111511230,-1.008927345275879,train
11.686312675476074,11.153046607971191,-0.533266067504883,train
16.379583358764648,14.552575111389160,-1.827008247375488,train
17.114591598510742,16.462768554687500,-0.651823043823242,train
13.620523452758789,14.359416961669922,0.738893508911133,train
18.759290695190430,18.347366333007812,-0.411924362182617,train
19.758300781250000,19.152460098266602,-0.605840682983398,train
13.606648445129395,14.370008468627930,0.763360023498535,train
16.587648391723633,15.546522140502930,-1.041126251220703,train
17.619108200073242,17.504083633422852,-0.115024566650391,train
17.456947326660156,17.110332489013672,-0.346614837646484,train
19.320461273193359,19.157480239868164,-0.162981033325195,train
13.502360343933105,13.057004928588867,-0.445355415344238,train
18.887233734130859,18.582872390747070,-0.304361343383789,train
13.098049163818359,13.249891281127930,0.151842117309570,train
17.679111480712891,19.394899368286133,1.715787887573242,train
12.506688117980957,15.218251228332520,2.711563110351562,train
12.386864662170410,12.468130111694336,0.081265449523926,train
10.774804115295410,10.563220977783203,-0.211583137512207,train
11.737685203552246,12.114533424377441,0.376848220825195,train
19.013090133666992,18.793331146240234,-0.219758987426758,train
11.788444519042969,11.621378898620605,-0.167065620422363,train
12.266839981079102,14.783984184265137,2.517144203186035,train
11.276778221130371,10.518534660339355,-0.758243560791016,train
15.414608001708984,14.373281478881836,-1.041326522827148,train
11.556922912597656,10.885411262512207,-0.671511650085449,train
17.907024383544922,17.749742507934570,-0.157281875610352,train
14.924550056457520,15.927752494812012,1.003202438354492,train
15.339236259460449,15.936093330383301,0.596857070922852,train
17.328609466552734,16.077468872070312,-1.251140594482422,train
14.944980621337891,14.065052986145020,-0.879927635192871,train
15.404693603515625,15.570292472839355,0.165598869323730,train
16.736911773681641,17.275060653686523,0.538148880004883,train
14.495705604553223,14.503621101379395,0.007915496826172,train
17.372238159179688,15.516186714172363,-1.856051445007324,train
12.781195640563965,12.646517753601074,-0.134677886962891,train
15.562602996826172,14.366717338562012,-1.195885658264160,train
13.620788574218750,13.174294471740723,-0.446494102478027,train
12.675781250000000,12.189009666442871,-0.486771583557129,train
20.455486297607422,20.478284835815430,0.022798538208008,train
17.778490066528320,17.443128585815430,-0.335361480712891,train
9.643399238586426,8.208693504333496,-1.434705734252930,train
14.059427261352539,13.567206382751465,-0.492220878601074,train
15.969741821289062,15.267233848571777,-0.702507972717285,train
10.880474090576172,10.408791542053223,-0.471682548522949,train
18.388490676879883,17.647905349731445,-0.740585327148438,train
13.188927650451660,13.637026786804199,0.448099136352539,train
13.911041259765625,13.596826553344727,-0.314214706420898,train
13.732405662536621,14.511395454406738,0.778989791870117,train
16.284006118774414,16.889766693115234,0.605760574340820,train
15.029327392578125,13.880048751831055,-1.149278640747070,train
11.546235084533691,11.463269233703613,-0.082965850830078,train
15.423866271972656,17.656940460205078,2.233074188232422,train
19.443031311035156,18.925537109375000,-0.517494201660156,train
17.465476989746094,17.349256515502930,-0.116220474243164,train
13.189019203186035,12.984983444213867,-0.204035758972168,train
12.869002342224121,13.536253929138184,0.667251586914062,train
16.343849182128906,16.278087615966797,-0.065761566162109,train
15.235415458679199,15.608461380004883,0.373045921325684,train
19.408514022827148,19.412181854248047,0.003667831420898,train
15.736368179321289,16.015920639038086,0.279552459716797,train
18.293443679809570,19.034536361694336,0.741092681884766,train
16.556259155273438,15.894442558288574,-0.661816596984863,train
16.115526199340820,16.492033004760742,0.376506805419922,train
18.459697723388672,17.780698776245117,-0.678998947143555,train
13.730082511901855,12.581205368041992,-1.148877143859863,train
18.272150039672852,18.238599777221680,-0.033550262451172,train
16.012802124023438,15.273587226867676,-0.739214897155762,train
11.442727088928223,10.771779060363770,-0.670948028564453,train
7.754453659057617,10.843121528625488,3.088667869567871,train
15.585360527038574,16.115079879760742,0.529719352722168,train
16.175512313842773,16.442478179931641,0.266965866088867,train
16.387584686279297,15.531183242797852,-0.856401443481445,train
9.948046684265137,10.515369415283203,0.567322731018066,train
8.366397857666016,9.856367111206055,1.489969253540039,train
14.735996246337891,14.254630088806152,-0.481366157531738,train
11.839845657348633,13.184388160705566,1.344542503356934,train
16.979129791259766,16.045021057128906,-0.934108734130859,train
14.368174552917480,14.843434333801270,0.475259780883789,train
12.162527084350586,12.785254478454590,0.622727394104004,train
14.301767349243164,15.584765434265137,1.282998085021973,train
13.695924758911133,14.866824150085449,1.170899391174316,train
16.600399017333984,15.795701026916504,-0.804697990417480,train
11.411551475524902,11.487867355346680,0.076315879821777,train
18.060068130493164,18.096258163452148,0.036190032958984,train
11.044263839721680,11.010672569274902,-0.033591270446777,train
12.808228492736816,12.122777938842773,-0.685450553894043,train
15.554677963256836,15.270123481750488,-0.284554481506348,train
10.595840454101562,10.588273048400879,-0.007567405700684,train
15.955794334411621,17.021919250488281,1.066124916076660,train
7.223516464233398,8.209898948669434,0.986382484436035,train
17.997875213623047,18.258113861083984,0.260238647460938,train
10.658860206604004,9.669196128845215,-0.989664077758789,train
17.949010848999023,17.269252777099609,-0.679758071899414,train
18.900815963745117,19.485120773315430,0.584304809570312,train
15.509156227111816,15.221142768859863,-0.288013458251953,train
13.643515586853027,13.664661407470703,0.021145820617676,train
21.963510513305664,20.922639846801758,-1.040870666503906,train
15.190707206726074,14.770942687988281,-0.419764518737793,train
13.693804740905762,14.141156196594238,0.447351455688477,train
15.349761962890625,15.775559425354004,0.425797462463379,train
9.217800140380859,9.777563095092773,0.559762954711914,train
16.452295303344727,17.132083892822266,0.679788589477539,train
17.251476287841797,17.178636550903320,-0.072839736938477,train
9.885789871215820,10.760052680969238,0.874262809753418,train
18.840576171875000,18.457216262817383,-0.383359909057617,train
10.889636039733887,12.155478477478027,1.265842437744141,train
10.378901481628418,9.153103828430176,-1.225797653198242,train
15.053865432739258,15.778915405273438,0.725049972534180,train
12.113434791564941,14.168719291687012,2.055284500122070,train
19.396228790283203,19.555572509765625,0.159343719482422,train
21.339237213134766,20.828226089477539,-0.511011123657227,train
11.219118118286133,11.950028419494629,0.730910301208496,train
11.535674095153809,10.775421142578125,-0.760252952575684,train
11.773623466491699,11.800051689147949,0.026428222656250,train
16.027948379516602,14.683543205261230,-1.344405174255371,train
15.068047523498535,14.244750022888184,-0.823297500610352,train
15.047852516174316,16.687442779541016,1.639590263366699,train
16.470407485961914,15.628662109375000,-0.841745376586914,train
15.916659355163574,14.126311302185059,-1.790348052978516,train
18.846252441406250,19.416887283325195,0.570634841918945,train
10.426173210144043,11.762616157531738,1.336442947387695,train
12.172259330749512,13.053213119506836,0.880953788757324,train
16.553771972656250,16.514184951782227,-0.039587020874023,train
4.851170539855957,2.875658273696899,-1.975512266159058,train
12.665333747863770,13.904643058776855,1.239309310913086,train
17.403423309326172,18.220407485961914,0.816984176635742,train
15.055877685546875,12.697893142700195,-2.357984542846680,train
15.245903015136719,13.882794380187988,-1.363108634948730,train
5.212566852569580,5.178531169891357,-0.034035682678223,train
9.597383499145508,9.243109703063965,-0.354273796081543,train
18.796577453613281,18.521963119506836,-0.274614334106445,train
19.532478332519531,19.306526184082031,-0.225952148437500,train
15.794506072998047,16.009519577026367,0.215013504028320,train
19.183475494384766,19.381044387817383,0.197568893432617,train
14.700852394104004,14.768487930297852,0.067635536193848,train
16.736911773681641,16.955812454223633,0.218900680541992,train
13.727343559265137,13.814655303955078,0.087311744689941,train
10.394496917724609,10.114897727966309,-0.279599189758301,train
17.348276138305664,17.671243667602539,0.322967529296875,train
20.257501602172852,19.672924041748047,-0.584577560424805,train
16.040927886962891,16.302757263183594,0.261829376220703,train
19.620891571044922,19.327260971069336,-0.293630599975586,train
20.506513595581055,19.715719223022461,-0.790794372558594,train
20.774139404296875,20.304786682128906,-0.469352722167969,train
18.008956909179688,18.410421371459961,0.401464462280273,train
9.070899009704590,7.935100078582764,-1.135798931121826,train
11.749212265014648,11.472474098205566,-0.276738166809082,train
14.283066749572754,13.329548835754395,-0.953517913818359,train
19.756044387817383,19.570465087890625,-0.185579299926758,train
14.997912406921387,14.045177459716797,-0.952734947204590,train
15.026823997497559,14.902674674987793,-0.124149322509766,train
17.763658523559570,16.873907089233398,-0.889751434326172,train
9.998001098632812,10.092188835144043,0.094187736511230,train
21.068918228149414,20.200368881225586,-0.868549346923828,train
19.468824386596680,18.126897811889648,-1.341926574707031,train
18.515411376953125,17.991527557373047,-0.523883819580078,train
10.183009147644043,10.185312271118164,0.002303123474121,train
14.983293533325195,14.722037315368652,-0.261256217956543,train
20.206707000732422,19.959852218627930,-0.246854782104492,train
18.285852432250977,19.402647018432617,1.116794586181641,train
11.806720733642578,12.606911659240723,0.800190925598145,train
18.583162307739258,18.530937194824219,-0.052225112915039,train
20.197923660278320,20.493787765502930,0.295864105224609,train
15.408557891845703,15.880816459655762,0.472258567810059,train
14.427537918090820,13.643939971923828,-0.783597946166992,train
10.067425727844238,8.664769172668457,-1.402656555175781,train
14.699695587158203,13.196198463439941,-1.503497123718262,train
14.800207138061523,15.252590179443359,0.452383041381836,train
19.345842361450195,19.473760604858398,0.127918243408203,train
10.856438636779785,10.160801887512207,-0.695636749267578,train
16.754903793334961,16.898654937744141,0.143751144409180,train
14.794129371643066,13.978384971618652,-0.815744400024414,train
14.816120147705078,15.000931739807129,0.184811592102051,train
19.153551101684570,19.439935684204102,0.286384582519531,train
12.593173980712891,12.645319938659668,0.052145957946777,train
15.331632614135742,15.092576980590820,-0.239055633544922,train
16.586687088012695,15.884041786193848,-0.702645301818848,train
17.186172485351562,17.633234024047852,0.447061538696289,train
10.272899627685547,11.849158287048340,1.576258659362793,train
12.626843452453613,14.216203689575195,1.589360237121582,train
18.918054580688477,19.544105529785156,0.626050949096680,train
11.755282402038574,13.788401603698730,2.033119201660156,train
5.893627166748047,7.619991302490234,1.726364135742188,train
17.360147476196289,17.002698898315430,-0.357448577880859,train
15.586651802062988,15.350042343139648,-0.236609458923340,train
8.501782417297363,9.430891990661621,0.929109573364258,train
14.598426818847656,16.388900756835938,1.790473937988281,train
12.502099037170410,11.657114982604980,-0.844984054565430,train
10.367077827453613,9.160506248474121,-1.206571578979492,train
17.931415557861328,19.254867553710938,1.323451995849609,train
14.341068267822266,13.195597648620605,-1.145470619201660,train
21.432176589965820,20.167102813720703,-1.265073776245117,train
17.556184768676758,16.760839462280273,-0.795345306396484,train
15.320388793945312,14.901175498962402,-0.419213294982910,train
16.628824234008789,16.809501647949219,0.180677413940430,train
13.174077033996582,12.160731315612793,-1.013345718383789,train
14.508111953735352,13.930776596069336,-0.577335357666016,train
11.373996734619141,10.463342666625977,-0.910654067993164,train
14.685443878173828,13.456908226013184,-1.228535652160645,train
16.111213684082031,16.576501846313477,0.465288162231445,train
18.231912612915039,17.040119171142578,-1.191793441772461,train
15.273022651672363,14.344203948974609,-0.928818702697754,train
18.669775009155273,18.772577285766602,0.102802276611328,train
14.286868095397949,12.729232788085938,-1.557635307312012,train
12.886847496032715,11.895043373107910,-0.991804122924805,train
19.547718048095703,20.137210845947266,0.589492797851562,train
19.581098556518555,19.210866928100586,-0.370231628417969,train
9.965245246887207,10.566421508789062,0.601176261901855,train
17.501932144165039,16.500410079956055,-1.001522064208984,train
13.718695640563965,18.179227828979492,4.460532188415527,train
13.915599822998047,12.129458427429199,-1.786141395568848,train
13.573904037475586,13.638720512390137,0.064816474914551,train
13.963040351867676,13.267320632934570,-0.695719718933105,train
16.979000091552734,17.165021896362305,0.186021804809570,train
9.427073478698730,11.820729255676270,2.393655776977539,train
14.352232933044434,12.724696159362793,-1.627536773681641,train
13.434559822082520,10.573742866516113,-2.860816955566406,train
17.900558471679688,17.472299575805664,-0.428258895874023,train
17.656812667846680,17.258123397827148,-0.398689270019531,train
11.269287109375000,10.173192977905273,-1.096094131469727,train
13.802124977111816,13.602405548095703,-0.199719429016113,train
15.561977386474609,13.908169746398926,-1.653807640075684,train
9.817495346069336,8.906892776489258,-0.910602569580078,train
12.921934127807617,12.119803428649902,-0.802130699157715,train
17.220739364624023,18.559087753295898,1.338348388671875,train
8.317378997802734,8.011711120605469,-0.305667877197266,train
6.997189044952393,6.722181320190430,-0.275007724761963,train
17.032426834106445,17.487480163574219,0.455053329467773,train
14.115583419799805,13.630867958068848,-0.484715461730957,train
18.289529800415039,17.625556945800781,-0.663972854614258,train
13.317200660705566,12.862679481506348,-0.454521179199219,train
15.858247756958008,16.210151672363281,0.351903915405273,train
11.994674682617188,13.040534019470215,1.045859336853027,train
15.416027069091797,14.520282745361328,-0.895744323730469,train
18.200927734375000,17.610029220581055,-0.590898513793945,train
12.968994140625000,12.843710899353027,-0.125283241271973,train
8.458580017089844,8.257464408874512,-0.201115608215332,train
11.740640640258789,13.565636634826660,1.824995994567871,train
13.730539321899414,12.664248466491699,-1.066290855407715,train
20.318511962890625,20.185560226440430,-0.132951736450195,train
13.588558197021484,13.159128189086914,-0.429430007934570,train
15.505106925964355,15.440361976623535,-0.064744949340820,train
14.552463531494141,15.096802711486816,0.544339179992676,train
15.484039306640625,15.619563102722168,0.135523796081543,train
13.428663253784180,13.430798530578613,0.002135276794434,train
19.434253692626953,19.890409469604492,0.456155776977539,train
18.895051956176758,17.685319900512695,-1.209732055664062,train
14.412919044494629,15.515707969665527,1.102788925170898,train
5.854242801666260,7.039634227752686,1.185391426086426,train
20.221061706542969,20.065210342407227,-0.155851364135742,train
12.455544471740723,12.385609626770020,-0.069934844970703,train
15.619151115417480,15.145376205444336,-0.473774909973145,train
17.534622192382812,17.145072937011719,-0.389549255371094,train
20.641521453857422,20.338922500610352,-0.302598953247070,train
8.651148796081543,7.975678920745850,-0.675469875335693,train
13.087911605834961,12.827706336975098,-0.260205268859863,train
12.355932235717773,12.726990699768066,0.371058464050293,train
16.567613601684570,14.351231575012207,-2.216382026672363,train
20.338916778564453,20.324697494506836,-0.014219284057617,train
12.313727378845215,11.134056091308594,-1.179671287536621,train
15.867015838623047,16.263643264770508,0.396627426147461,train
14.750020980834961,15.786993980407715,1.036972999572754,train
13.498838424682617,11.521082878112793,-1.977755546569824,train
18.349252700805664,18.363426208496094,0.014173507690430,train
11.406953811645508,11.666026115417480,0.259072303771973,train
15.745222091674805,15.663619995117188,-0.081602096557617,train
20.363569259643555,20.282867431640625,-0.080701828002930,train
5.114841461181641,5.298257350921631,0.183415889739990,train
12.126427650451660,12.431790351867676,0.305362701416016,train
17.477191925048828,16.743947982788086,-0.733243942260742,train
11.720401763916016,11.347259521484375,-0.373142242431641,train
15.869671821594238,16.047504425048828,0.177832603454590,train
17.045099258422852,16.634145736694336,-0.410953521728516,train
21.361543655395508,20.212976455688477,-1.148567199707031,train
8.422266960144043,7.499697208404541,-0.922569751739502,train
16.127830505371094,16.006471633911133,-0.121358871459961,train
13.503410339355469,12.959986686706543,-0.543423652648926,train
16.766471862792969,16.965738296508789,0.199266433715820,train
13.353162765502930,12.407320976257324,-0.945841789245605,train
11.603084564208984,12.247109413146973,0.644024848937988,train
19.374378204345703,19.610605239868164,0.236227035522461,train
14.859923362731934,13.705169677734375,-1.154753684997559,train
14.406475067138672,15.315590858459473,0.909115791320801,train
15.428324699401855,14.276124000549316,-1.152200698852539,train
9.182579040527344,10.636315345764160,1.453736305236816,train
17.540966033935547,17.089147567749023,-0.451818466186523,train
18.526727676391602,18.233518600463867,-0.293209075927734,train
16.384037017822266,17.925210952758789,1.541173934936523,train
19.478368759155273,19.020143508911133,-0.458225250244141,train
16.724781036376953,16.425653457641602,-0.299127578735352,train
19.172010421752930,19.104635238647461,-0.067375183105469,train
18.640411376953125,18.336961746215820,-0.303449630737305,train
13.847924232482910,14.120769500732422,0.272845268249512,train
13.692835807800293,13.720602989196777,0.027767181396484,train
17.211551666259766,17.470594406127930,0.259042739868164,train
11.904572486877441,12.673616409301758,0.769043922424316,train
15.594341278076172,17.089721679687500,1.495380401611328,train
16.601795196533203,16.212873458862305,-0.388921737670898,train
17.786266326904297,18.194726943969727,0.408460617065430,train
19.215696334838867,18.871381759643555,-0.344314575195312,train
16.068616867065430,15.497021675109863,-0.571595191955566,train
14.003340721130371,14.458304405212402,0.454963684082031,train
16.790960311889648,16.669616699218750,-0.121343612670898,train
8.014861106872559,7.898007869720459,-0.116853237152100,train
13.508337974548340,11.135897636413574,-2.372440338134766,train
16.277732849121094,15.372999191284180,-0.904733657836914,train
15.779960632324219,14.865675926208496,-0.914284706115723,train
18.073358535766602,16.588121414184570,-1.485237121582031,train
14.581907272338867,14.620424270629883,0.038516998291016,train
8.288589477539062,8.094599723815918,-0.193989753723145,train
16.099794387817383,15.655356407165527,-0.444437980651855,train
14.144410133361816,13.158334732055664,-0.986075401306152,train
10.852215766906738,9.441899299621582,-1.410316467285156,train
14.788487434387207,13.564570426940918,-1.223917007446289,train
17.044902801513672,16.436658859252930,-0.608243942260742,train
13.991658210754395,13.480160713195801,-0.511497497558594,train
19.754652023315430,19.214254379272461,-0.540397644042969,train
17.270267486572266,16.979162216186523,-0.291105270385742,train
19.237169265747070,19.123027801513672,-0.114141464233398,train
8.356472015380859,9.090797424316406,0.734325408935547,train
22.039598464965820,21.145532608032227,-0.894065856933594,train
4.592125892639160,5.166286468505859,0.574160575866699,train
7.643375396728516,8.034026145935059,0.390650749206543,train
18.035003662109375,17.104864120483398,-0.930139541625977,train
8.882564544677734,10.520617485046387,1.638052940368652,train
8.010952949523926,9.820979118347168,1.810026168823242,train
17.790996551513672,18.092149734497070,0.301153182983398,train
12.968162536621094,12.995619773864746,0.027457237243652,train
20.181110382080078,20.111011505126953,-0.070098876953125,train
16.323232650756836,17.310909271240234,0.987676620483398,train
8.667005538940430,8.610461235046387,-0.056544303894043,train
11.987721443176270,12.365950584411621,0.378229141235352,train
9.462927818298340,10.632546424865723,1.169618606567383,train
16.435876846313477,16.500226974487305,0.064350128173828,train
15.843962669372559,14.276619911193848,-1.567342758178711,train
14.538884162902832,14.517355918884277,-0.021528244018555,train
19.548158645629883,18.900815963745117,-0.647342681884766,train
16.202081680297852,15.787445068359375,-0.414636611938477,train
17.698843002319336,18.095129013061523,0.396286010742188,train
20.304719924926758,19.556438446044922,-0.748281478881836,train
18.594562530517578,18.263734817504883,-0.330827713012695,train
17.925777435302734,16.933656692504883,-0.992120742797852,train
17.754951477050781,16.290002822875977,-1.464948654174805,train
20.554412841796875,20.517568588256836,-0.036844253540039,train
19.884656906127930,20.104652404785156,0.219995498657227,train
18.391521453857422,18.048078536987305,-0.343442916870117,train
17.243471145629883,15.696351051330566,-1.547120094299316,train
14.261766433715820,12.608105659484863,-1.653660774230957,train
21.724246978759766,20.411878585815430,-1.312368392944336,train
13.387107849121094,11.755135536193848,-1.631972312927246,train
16.225498199462891,16.377069473266602,0.151571273803711,train
15.509489059448242,15.472777366638184,-0.036711692810059,train
17.714490890502930,17.682172775268555,-0.032318115234375,train
18.421834945678711,18.459636688232422,0.037801742553711,train
19.766799926757812,19.476911544799805,-0.289888381958008,train
17.849527359008789,18.081707000732422,0.232179641723633,train
19.024250030517578,18.657712936401367,-0.366537094116211,train
20.409843444824219,20.467321395874023,0.057477951049805,train
16.898149490356445,15.707389831542969,-1.190759658813477,train
14.016028404235840,13.214711189270020,-0.801317214965820,train
17.506822586059570,17.307704925537109,-0.199117660522461,train
18.358497619628906,19.590082168579102,1.231584548950195,train
9.379391670227051,12.108233451843262,2.728841781616211,train
15.444107055664062,14.192933082580566,-1.251173973083496,train
17.738506317138672,17.137483596801758,-0.601022720336914,train
20.790107727050781,19.680017471313477,-1.110090255737305,train
6.566311836242676,9.586359024047852,3.020047187805176,train
12.252981185913086,13.224528312683105,0.971547126770020,train
15.938694000244141,18.169872283935547,2.231178283691406,train
17.879505157470703,18.464820861816406,0.585315704345703,train
10.208517074584961,9.745160102844238,-0.463356971740723,train
13.020446777343750,12.145117759704590,-0.875329017639160,train
14.270491600036621,14.805356025695801,0.534864425659180,train
10.537235260009766,12.834931373596191,2.297696113586426,train
12.092385292053223,12.763319015502930,0.670933723449707,train
6.309090614318848,5.857088565826416,-0.452002048492432,train
9.635892868041992,10.226249694824219,0.590356826782227,train
16.787130355834961,16.794654846191406,0.007524490356445,train
10.977455139160156,10.375652313232422,-0.601802825927734,train
12.391077995300293,11.398234367370605,-0.992843627929688,train
12.780767440795898,13.613392829895020,0.832625389099121,train
21.155729293823242,20.315219879150391,-0.840509414672852,train
18.425031661987305,17.897283554077148,-0.527748107910156,train
15.089319229125977,16.391408920288086,1.302089691162109,train
17.284564971923828,16.819810867309570,-0.464754104614258,train
19.454500198364258,18.811239242553711,-0.643260955810547,train
20.378828048706055,20.247732162475586,-0.131095886230469,train
16.383636474609375,15.814172744750977,-0.569463729858398,train
15.706840515136719,15.783350944519043,0.076510429382324,train
12.236823081970215,11.819577217102051,-0.417245864868164,train
14.313241004943848,14.052949905395508,-0.260291099548340,train
9.203916549682617,9.219635009765625,0.015718460083008,train
14.194052696228027,13.713765144348145,-0.480287551879883,train
16.666515350341797,15.517918586730957,-1.148596763610840,train
14.853645324707031,14.757902145385742,-0.095743179321289,train
18.392200469970703,18.775678634643555,0.383478164672852,train
9.051100730895996,8.381398200988770,-0.669702529907227,train
20.151489257812500,19.374696731567383,-0.776792526245117,train
17.278194427490234,16.966493606567383,-0.311700820922852,train
11.877095222473145,11.552094459533691,-0.325000762939453,train
14.371216773986816,15.528905868530273,1.157689094543457,train
11.843044281005859,11.509749412536621,-0.333294868469238,train
14.723913192749023,13.947647094726562,-0.776266098022461,train
13.428575515747070,13.922567367553711,0.493991851806641,train
12.735554695129395,11.616621971130371,-1.118932723999023,train
17.955104827880859,17.779870986938477,-0.175233840942383,train
15.643875122070312,14.712576866149902,-0.931298255920410,train
14.775401115417480,14.709253311157227,-0.066147804260254,train
19.386119842529297,18.337736129760742,-1.048383712768555,train
17.580373764038086,17.577587127685547,-0.002786636352539,train
17.361948013305664,16.812938690185547,-0.549009323120117,train
18.670845031738281,18.141065597534180,-0.529779434204102,train
19.108125686645508,17.944843292236328,-1.163282394409180,train
13.802876472473145,14.045639038085938,0.242762565612793,train
20.836393356323242,19.879482269287109,-0.956911087036133,train
5.638772964477539,9.866643905639648,4.227870941162109,train
16.608596801757812,16.404779434204102,-0.203817367553711,train
12.635813713073730,12.222730636596680,-0.413083076477051,train
16.786872863769531,16.826303482055664,0.039430618286133,train
21.292221069335938,20.602729797363281,-0.689491271972656,train
18.335929870605469,18.219350814819336,-0.116579055786133,train
15.601469993591309,12.819876670837402,-2.781593322753906,train
16.054666519165039,15.924663543701172,-0.130002975463867,train
14.002704620361328,13.777283668518066,-0.225420951843262,train
17.347784042358398,17.509763717651367,0.161979675292969,train
14.208721160888672,14.045605659484863,-0.163115501403809,train
21.872699737548828,21.004098892211914,-0.868600845336914,train
13.933018684387207,14.507584571838379,0.574565887451172,train
13.759070396423340,13.764512062072754,0.005441665649414,train
20.701160430908203,19.958322525024414,-0.742837905883789,train
19.425609588623047,18.334241867065430,-1.091367721557617,train
21.072904586791992,20.008895874023438,-1.064008712768555,train
15.865485191345215,16.222961425781250,0.357476234436035,train
19.951457977294922,19.875598907470703,-0.075859069824219,train
18.460990905761719,18.144327163696289,-0.316663742065430,train
15.501809120178223,14.982914924621582,-0.518894195556641,train
8.392103195190430,9.734272956848145,1.342169761657715,train
18.147867202758789,18.794063568115234,0.646196365356445,train
12.665721893310547,12.152262687683105,-0.513459205627441,train
13.320210456848145,13.304995536804199,-0.015214920043945,train
13.351051330566406,14.014254570007324,0.663203239440918,train
21.202783584594727,20.184762954711914,-1.018020629882812,train
12.006036758422852,10.811610221862793,-1.194426536560059,train
15.258849143981934,13.816651344299316,-1.442197799682617,train
16.235342025756836,16.182352066040039,-0.052989959716797,train
8.773457527160645,7.789517402648926,-0.983940124511719,train
18.411973953247070,18.214704513549805,-0.197269439697266,train
21.383018493652344,20.753423690795898,-0.629594802856445,train
14.702331542968750,13.762189865112305,-0.940141677856445,train
18.932113647460938,19.221910476684570,0.289796829223633,train
16.475303649902344,16.281629562377930,-0.193674087524414,train
14.358861923217773,13.451706886291504,-0.907155036926270,train
15.297425270080566,13.344925880432129,-1.952499389648438,train
18.415075302124023,18.124231338500977,-0.290843963623047,train
7.440011978149414,6.856061935424805,-0.583950042724609,train
10.955965995788574,11.700717926025391,0.744751930236816,train
21.149690628051758,20.014970779418945,-1.134719848632812,train
17.754951477050781,16.764135360717773,-0.990816116333008,train
15.426939010620117,17.180273056030273,1.753334045410156,train
15.383895874023438,15.040556907653809,-0.343338966369629,train
18.929452896118164,18.165094375610352,-0.764358520507812,train
10.937689781188965,10.368674278259277,-0.569015502929688,train
16.830995559692383,16.001996994018555,-0.828998565673828,train
13.593120574951172,14.251988410949707,0.658867835998535,train
15.579937934875488,14.456765174865723,-1.123172760009766,train
18.695993423461914,18.173717498779297,-0.522275924682617,train
14.631630897521973,13.795243263244629,-0.836387634277344,train
18.593959808349609,17.562070846557617,-1.031888961791992,train
7.244320392608643,7.195075511932373,-0.049244880676270,train
19.853460311889648,18.729772567749023,-1.123687744140625,train
12.399547576904297,12.061553001403809,-0.337994575500488,train
13.419847488403320,12.519749641418457,-0.900097846984863,train
16.196069717407227,15.910039901733398,-0.286029815673828,train
11.012569427490234,10.973587989807129,-0.038981437683105,train
16.898641586303711,16.537387847900391,-0.361253738403320,train
6.297019481658936,8.967669486999512,2.670650005340576,train
13.889911651611328,13.884585380554199,-0.005326271057129,train
9.996039390563965,11.395951271057129,1.399911880493164,train
15.251343727111816,14.518143653869629,-0.733200073242188,train
13.557360649108887,12.990778923034668,-0.566581726074219,train
10.337213516235352,10.560545921325684,0.223332405090332,train
15.262808799743652,14.611733436584473,-0.651075363159180,train
16.948587417602539,17.016874313354492,0.068286895751953,train
15.937648773193359,15.215541839599609,-0.722106933593750,train
10.817292213439941,11.452607154846191,0.635314941406250,train
17.965433120727539,16.916891098022461,-1.048542022705078,train
15.875374794006348,16.418653488159180,0.543278694152832,train
19.422513961791992,19.508768081665039,0.086254119873047,train
14.900208473205566,15.489705085754395,0.589496612548828,train
14.538329124450684,13.758156776428223,-0.780172348022461,train
15.837697982788086,15.562735557556152,-0.274962425231934,train
16.496086120605469,15.155950546264648,-1.340135574340820,train
15.346062660217285,15.598768234252930,0.252705574035645,train
15.186519622802734,15.323016166687012,0.136496543884277,train
17.709205627441406,17.976299285888672,0.267093658447266,train
15.999509811401367,15.426336288452148,-0.573173522949219,train
16.740274429321289,17.006805419921875,0.266530990600586,train
11.023807525634766,11.405897140502930,0.382089614868164,train
17.099956512451172,18.211011886596680,1.111055374145508,train
11.894078254699707,10.622440338134766,-1.271637916564941,train
13.290002822875977,13.767325401306152,0.477322578430176,train
15.954873085021973,15.679805755615234,-0.275067329406738,train
14.415976524353027,14.099519729614258,-0.316456794738770,train
18.150363922119141,18.429397583007812,0.279033660888672,train
17.372238159179688,16.451608657836914,-0.920629501342773,train
16.920677185058594,17.563022613525391,0.642345428466797,train
14.675890922546387,13.055076599121094,-1.620814323425293,train
16.086175918579102,16.334299087524414,0.248123168945312,train
17.790870666503906,17.481004714965820,-0.309865951538086,train
13.239848136901855,13.338379859924316,0.098531723022461,train
14.489198684692383,15.010233879089355,0.521035194396973,train
11.334959983825684,13.027737617492676,1.692777633666992,train
14.530169486999512,14.900187492370605,0.370018005371094,train
20.567037582397461,19.865043640136719,-0.701993942260742,train
18.398052215576172,18.963117599487305,0.565065383911133,train
13.990449905395508,12.297867774963379,-1.692582130432129,train
12.756431579589844,12.476278305053711,-0.280153274536133,train
15.450505256652832,15.225535392761230,-0.224969863891602,train
9.822929382324219,12.715600013732910,2.892670631408691,train
17.983621597290039,17.779848098754883,-0.203773498535156,train
12.933270454406738,13.317296028137207,0.384025573730469,train
18.258506774902344,18.228763580322266,-0.029743194580078,train
11.489342689514160,10.895627021789551,-0.593715667724609,train
18.863798141479492,18.623300552368164,-0.240497589111328,train
11.439311027526855,11.086733818054199,-0.352577209472656,train
19.650003433227539,19.180971145629883,-0.469032287597656,train
9.487160682678223,11.040301322937012,1.553140640258789,train
12.553057670593262,12.441146850585938,-0.111910820007324,train
18.932308197021484,18.887804031372070,-0.044504165649414,train
13.349651336669922,12.451840400695801,-0.897810935974121,train
9.333677291870117,9.396622657775879,0.062945365905762,train
13.307452201843262,14.648894309997559,1.341442108154297,train
15.151488304138184,14.341650009155273,-0.809838294982910,train
17.019210815429688,17.420095443725586,0.400884628295898,train
22.579273223876953,20.299089431762695,-2.280183792114258,train
16.507310867309570,15.956677436828613,-0.550633430480957,train
10.543302536010742,9.153262138366699,-1.390040397644043,train
15.991625785827637,16.212375640869141,0.220749855041504,train
16.160190582275391,16.750059127807617,0.589868545532227,train
17.146999359130859,16.878536224365234,-0.268463134765625,train
16.275711059570312,15.806130409240723,-0.469580650329590,train
15.106629371643066,15.360358238220215,0.253728866577148,train
19.178941726684570,19.097299575805664,-0.081642150878906,train
15.750047683715820,14.384016990661621,-1.366030693054199,train
16.740087509155273,16.145643234252930,-0.594444274902344,train
14.695015907287598,12.752564430236816,-1.942451477050781,train
15.597714424133301,14.130628585815430,-1.467085838317871,train
16.407499313354492,16.240352630615234,-0.167146682739258,train
11.016387939453125,13.095864295959473,2.079476356506348,train
12.349699020385742,10.537480354309082,-1.812218666076660,train
12.911923408508301,13.308684349060059,0.396760940551758,train
16.376588821411133,15.630738258361816,-0.745850563049316,train
15.506053924560547,16.413866043090820,0.907812118530273,train
17.121528625488281,14.933168411254883,-2.188360214233398,train
10.506188392639160,9.692752838134766,-0.813435554504395,train
11.683335304260254,13.065501213073730,1.382165908813477,train
12.343420982360840,14.246436119079590,1.903015136718750,train
7.798300266265869,8.382129669189453,0.583829402923584,train
10.566626548767090,13.551385879516602,2.984759330749512,train
20.641685485839844,20.310337066650391,-0.331348419189453,train
9.875942230224609,11.432599067687988,1.556656837463379,train
20.056499481201172,18.922485351562500,-1.134014129638672,train
14.085633277893066,12.451319694519043,-1.634313583374023,train
17.829610824584961,17.517370223999023,-0.312240600585938,train
17.625022888183594,17.709951400756836,0.084928512573242,train
18.639528274536133,18.424856185913086,-0.214672088623047,train
20.241641998291016,20.147317886352539,-0.094324111938477,train
4.400832653045654,5.589988231658936,1.189155578613281,train
17.710683822631836,16.888982772827148,-0.821701049804688,train
17.758377075195312,16.973918914794922,-0.784458160400391,train
18.119380950927734,17.409749984741211,-0.709630966186523,train
13.170829772949219,12.868880271911621,-0.301949501037598,train
13.052645683288574,11.589711189270020,-1.462934494018555,train
17.053768157958984,15.473071098327637,-1.580697059631348,train
15.275177001953125,15.092138290405273,-0.183038711547852,train
19.144966125488281,19.557573318481445,0.412607192993164,train
18.813957214355469,18.655326843261719,-0.158630371093750,train
10.317504882812500,10.496318817138672,0.178813934326172,train
13.903895378112793,14.284984588623047,0.381089210510254,train
16.824319839477539,17.417013168334961,0.592693328857422,train
13.745319366455078,12.651445388793945,-1.093873977661133,train
13.699154853820801,14.216387748718262,0.517232894897461,train
14.960564613342285,15.213910102844238,0.253345489501953,train
12.992240905761719,13.318133354187012,0.325892448425293,train
16.850664138793945,16.125617980957031,-0.725046157836914,train
10.591311454772949,10.806807518005371,0.215496063232422,train
17.085708618164062,16.032678604125977,-1.053030014038086,train
13.533761024475098,12.867358207702637,-0.666402816772461,train
10.865549087524414,11.817394256591797,0.951845169067383,train
15.446961402893066,15.373545646667480,-0.073415756225586,train
15.128748893737793,14.324829101562500,-0.803919792175293,train
17.495458602905273,18.080099105834961,0.584640502929688,train
16.475778579711914,15.838231086730957,-0.637547492980957,train
8.275143623352051,8.370168685913086,0.095025062561035,train
19.915233612060547,19.422925949096680,-0.492307662963867,train
18.578195571899414,17.993497848510742,-0.584697723388672,train
20.070339202880859,19.208818435668945,-0.861520767211914,train
13.804656028747559,14.866508483886719,1.061852455139160,train
14.739604949951172,14.169873237609863,-0.569731712341309,train
18.192594528198242,18.444986343383789,0.252391815185547,train
12.205856323242188,12.145094871520996,-0.060761451721191,train
5.693021297454834,5.493357658386230,-0.199663639068604,train
16.580406188964844,15.991420745849609,-0.588985443115234,train
16.597389221191406,16.086757659912109,-0.510631561279297,train
16.092088699340820,14.541941642761230,-1.550147056579590,train
8.623584747314453,8.510373115539551,-0.113211631774902,train
18.168519973754883,16.936582565307617,-1.231937408447266,train
18.060815811157227,18.331567764282227,0.270751953125000,train
14.579913139343262,13.550515174865723,-1.029397964477539,train
12.677756309509277,11.554198265075684,-1.123558044433594,train
14.195406913757324,14.461447715759277,0.266040802001953,train
14.275309562683105,13.419369697570801,-0.855939865112305,train
6.751971244812012,7.444665908813477,0.692694664001465,train
11.410929679870605,11.960684776306152,0.549755096435547,train
14.906435012817383,14.072548866271973,-0.833886146545410,train
13.268118858337402,14.194883346557617,0.926764488220215,train
15.490005493164062,15.153583526611328,-0.336421966552734,train
14.938085556030273,14.444736480712891,-0.493349075317383,train
19.149099349975586,18.541917800903320,-0.607181549072266,train
14.538775444030762,15.051655769348145,0.512880325317383,train
18.071119308471680,18.862747192382812,0.791627883911133,train
16.430822372436523,15.671027183532715,-0.759795188903809,train
16.459423065185547,16.763959884643555,0.304536819458008,train
19.350877761840820,18.993432998657227,-0.357444763183594,train
14.082245826721191,14.912734031677246,0.830488204956055,train
19.723085403442383,19.887321472167969,0.164236068725586,train
15.149017333984375,15.241684913635254,0.092667579650879,train
22.823753356933594,20.111652374267578,-2.712100982666016,train
16.428607940673828,14.922717094421387,-1.505890846252441,train
12.716097831726074,11.031967163085938,-1.684130668640137,train
7.936474323272705,7.075411796569824,-0.861062526702881,train
18.543695449829102,18.291612625122070,-0.252082824707031,train
14.443083763122559,14.130248069763184,-0.312835693359375,train
16.793254852294922,17.321451187133789,0.528196334838867,train
12.005870819091797,10.882224082946777,-1.123646736145020,train
15.975555419921875,15.919519424438477,-0.056035995483398,train
21.826246261596680,19.678867340087891,-2.147378921508789,train
12.305158615112305,10.785028457641602,-1.520130157470703,train
17.385890960693359,16.893217086791992,-0.492673873901367,train
17.700782775878906,18.045604705810547,0.344821929931641,train
16.101276397705078,15.327347755432129,-0.773928642272949,train
15.942348480224609,16.648996353149414,0.706647872924805,train
14.874397277832031,15.090403556823730,0.216006278991699,train
14.332961082458496,14.697637557983398,0.364676475524902,train
15.650362968444824,16.225921630859375,0.575558662414551,train
14.481849670410156,14.354821205139160,-0.127028465270996,train
12.335075378417969,12.980937004089355,0.645861625671387,train
12.765136718750000,12.819332122802734,0.054195404052734,train
19.324264526367188,20.071283340454102,0.747018814086914,train
14.738467216491699,12.614838600158691,-2.123628616333008,train
14.083545684814453,14.393485069274902,0.309939384460449,train
15.267134666442871,15.627673149108887,0.360538482666016,train
18.645494461059570,19.410181045532227,0.764686584472656,train
14.711351394653320,13.842015266418457,-0.869336128234863,train
19.832883834838867,19.677799224853516,-0.155084609985352,train
19.488542556762695,18.708164215087891,-0.780378341674805,train
9.542120933532715,11.320542335510254,1.778421401977539,train
13.428575515747070,13.983138084411621,0.554562568664551,train
16.395799636840820,16.229988098144531,-0.165811538696289,train
16.148746490478516,16.573053359985352,0.424306869506836,train
3.526196002960205,4.294517040252686,0.768321037292480,train
18.416473388671875,17.986108779907227,-0.430364608764648,train
16.467540740966797,16.821516036987305,0.353975296020508,train
18.072416305541992,17.290437698364258,-0.781978607177734,train
16.164737701416016,16.881387710571289,0.716650009155273,train
17.947830200195312,18.151937484741211,0.204107284545898,train
19.321273803710938,18.574705123901367,-0.746568679809570,train
12.571899414062500,13.230165481567383,0.658266067504883,train
14.221924781799316,14.648200035095215,0.426275253295898,train
9.832679748535156,8.507853507995605,-1.324826240539551,train
13.336421012878418,13.440184593200684,0.103763580322266,train
19.107812881469727,18.128076553344727,-0.979736328125000,train
20.469005584716797,20.027925491333008,-0.441080093383789,train
14.309454917907715,15.133969306945801,0.824514389038086,train
12.191841125488281,10.985884666442871,-1.205956459045410,train
8.275143623352051,10.468188285827637,2.193044662475586,train
11.960381507873535,11.663607597351074,-0.296773910522461,train
16.836284637451172,17.712036132812500,0.875751495361328,train
13.311566352844238,13.942971229553223,0.631404876708984,train
12.338487625122070,10.938183784484863,-1.400303840637207,train
21.208080291748047,21.028347015380859,-0.179733276367188,train
12.768074989318848,11.342989921569824,-1.425085067749023,train
14.504411697387695,13.774795532226562,-0.729616165161133,train
17.243957519531250,17.444929122924805,0.200971603393555,train
13.688570976257324,12.375003814697266,-1.313567161560059,train
15.860651016235352,15.469170570373535,-0.391480445861816,train
15.718338966369629,15.294154167175293,-0.424184799194336,train
5.238684177398682,5.421084403991699,0.182400226593018,train
16.271368026733398,16.560554504394531,0.289186477661133,train
16.394330978393555,15.477643013000488,-0.916687965393066,train
19.321273803710938,17.938020706176758,-1.383253097534180,train
14.540585517883301,13.373246192932129,-1.167339324951172,train
18.140304565429688,18.442386627197266,0.302082061767578,train
15.533644676208496,15.144014358520508,-0.389630317687988,train
16.473474502563477,17.090684890747070,0.617210388183594,train
12.421630859375000,11.900345802307129,-0.521285057067871,train
3.553819894790649,4.211543560028076,0.657723665237427,train
17.164522171020508,16.268604278564453,-0.895917892456055,train
20.669378280639648,20.128049850463867,-0.541328430175781,train
16.455883026123047,15.591999053955078,-0.863883972167969,train
16.497835159301758,14.917117118835449,-1.580718040466309,train
20.580749511718750,19.818340301513672,-0.762409210205078,train
13.417374610900879,15.093440055847168,1.676065444946289,train
16.591657638549805,15.197367668151855,-1.394289970397949,train
12.929594993591309,12.080786705017090,-0.848808288574219,train
18.142831802368164,18.251678466796875,0.108846664428711,train
17.620740890502930,17.899843215942383,0.279102325439453,train
16.963310241699219,16.421150207519531,-0.542160034179688,train
21.222555160522461,20.303659439086914,-0.918895721435547,train
14.854910850524902,13.477519989013672,-1.377390861511230,train
15.404693603515625,16.161191940307617,0.756498336791992,train
20.351448059082031,19.566873550415039,-0.784574508666992,train
18.198749542236328,17.468671798706055,-0.730077743530273,train
20.834875106811523,19.878690719604492,-0.956184387207031,train
16.654788970947266,16.169548034667969,-0.485240936279297,train
16.045148849487305,17.420709609985352,1.375560760498047,train
12.721881866455078,13.268212318420410,0.546330451965332,train
16.812759399414062,17.195230484008789,0.382471084594727,train
14.028755187988281,14.675950050354004,0.647194862365723,train
20.650117874145508,20.401945114135742,-0.248172760009766,train
16.158231735229492,15.923213958740234,-0.235017776489258,train
14.770315170288086,13.394646644592285,-1.375668525695801,train
8.286316871643066,8.481587409973145,0.195270538330078,train
15.961947441101074,15.179217338562012,-0.782730102539062,train
21.626237869262695,20.536359786987305,-1.089878082275391,train
12.538339614868164,13.443379402160645,0.905039787292480,train
17.193939208984375,17.672328948974609,0.478389739990234,train
14.961183547973633,15.484623908996582,0.523440361022949,train
15.081791877746582,13.989645957946777,-1.092145919799805,train
8.612493515014648,9.620333671569824,1.007840156555176,train
20.308555603027344,19.063684463500977,-1.244871139526367,train
8.372381210327148,9.096987724304199,0.724606513977051,train
13.587056159973145,13.531646728515625,-0.055409431457520,train
13.005372047424316,13.978962898254395,0.973590850830078,train
10.443582534790039,11.953717231750488,1.510134696960449,train
18.146150588989258,17.296930313110352,-0.849220275878906,train
12.082757949829102,13.069952964782715,0.987195014953613,train
5.140206336975098,4.823099613189697,-0.317106723785400,train
12.741677284240723,11.335900306701660,-1.405776977539062,train
19.246726989746094,18.512062072753906,-0.734664916992188,train
13.117866516113281,12.504128456115723,-0.613738059997559,train
17.417356491088867,17.713022232055664,0.295665740966797,train
11.327430725097656,11.974081039428711,0.646650314331055,train
7.406767368316650,6.798405170440674,-0.608362197875977,train
14.205646514892578,14.561648368835449,0.356001853942871,train
17.657466888427734,17.898950576782227,0.241483688354492,train
19.742424011230469,19.292242050170898,-0.450181961059570,train
20.447488784790039,20.234693527221680,-0.212795257568359,train
16.418842315673828,14.966412544250488,-1.452429771423340,train
16.865732192993164,15.346467018127441,-1.519265174865723,train
17.244745254516602,17.441030502319336,0.196285247802734,train
15.071274757385254,14.701739311218262,-0.369535446166992,train
21.672601699829102,21.088205337524414,-0.584396362304688,train
17.677209854125977,17.355077743530273,-0.322132110595703,train
17.093469619750977,17.029966354370117,-0.063503265380859,train
12.810310363769531,13.280587196350098,0.470276832580566,train
15.129793167114258,14.649037361145020,-0.480755805969238,train
16.722900390625000,15.834111213684082,-0.888789176940918,train
14.721206665039062,14.107862472534180,-0.613344192504883,train
14.957483291625977,15.806145668029785,0.848662376403809,train
12.549436569213867,12.535346031188965,-0.014090538024902,train
8.061645507812500,9.315136909484863,1.253491401672363,train
14.637445449829102,13.927670478820801,-0.709774971008301,train
15.010792732238770,14.438019752502441,-0.572772979736328,train
10.687174797058105,10.847245216369629,0.160070419311523,train
15.805257797241211,17.088287353515625,1.283029556274414,train
15.961401939392090,15.660470962524414,-0.300930976867676,train
15.264001846313477,15.491534233093262,0.227532386779785,train
12.516927719116211,13.100375175476074,0.583447456359863,train
15.370295524597168,14.248430252075195,-1.121865272521973,train
5.569715499877930,6.266639232635498,0.696923732757568,train
15.455083847045898,17.979024887084961,2.523941040039062,train
16.413528442382812,17.194080352783203,0.780551910400391,train
16.643350601196289,15.857510566711426,-0.785840034484863,train
10.253608703613281,10.479684829711914,0.226076126098633,train
16.119548797607422,15.767490386962891,-0.352058410644531,train
10.989449501037598,10.296576499938965,-0.692873001098633,train
10.141469001770020,9.253635406494141,-0.887833595275879,train
16.750522613525391,17.279521942138672,0.528999328613281,train
11.650392532348633,11.947878837585449,0.297486305236816,train
16.342975616455078,16.132175445556641,-0.210800170898438,train
17.474111557006836,17.332288742065430,-0.141822814941406,train
15.919292449951172,16.462728500366211,0.543436050415039,train
13.762311935424805,15.247860908508301,1.485548973083496,train
13.894561767578125,12.957528114318848,-0.937033653259277,train
17.690118789672852,18.254770278930664,0.564651489257812,train
17.053722381591797,17.124475479125977,0.070753097534180,train
11.589518547058105,11.168261528015137,-0.421257019042969,train
13.938969612121582,13.621824264526367,-0.317145347595215,train
21.653484344482422,20.841846466064453,-0.811637878417969,train
13.919757843017578,11.853249549865723,-2.066508293151855,train
5.044898986816406,6.576314449310303,1.531415462493896,train
11.671417236328125,11.080744743347168,-0.590672492980957,train
17.786266326904297,17.333913803100586,-0.452352523803711,train
10.686500549316406,10.130681991577148,-0.555818557739258,train
14.735401153564453,12.426082611083984,-2.309318542480469,train
14.974151611328125,14.708706855773926,-0.265444755554199,train
10.129333496093750,9.277858734130859,-0.851474761962891,train
15.829026222229004,16.815061569213867,0.986035346984863,train
20.898616790771484,19.968488693237305,-0.930128097534180,train
18.017244338989258,18.124128341674805,0.106884002685547,train
17.500312805175781,17.897165298461914,0.396852493286133,train
12.436829566955566,13.001746177673340,0.564916610717773,train
18.548637390136719,18.139623641967773,-0.409013748168945,train
14.272307395935059,14.457846641540527,0.185539245605469,train
18.147657394409180,17.134008407592773,-1.013648986816406,train
13.935341835021973,14.692728042602539,0.757386207580566,train
10.049958229064941,10.941559791564941,0.891601562500000,train
16.471935272216797,17.064794540405273,0.592859268188477,train
19.799005508422852,19.499349594116211,-0.299655914306641,train
17.410110473632812,15.992138862609863,-1.417971611022949,train
11.891336441040039,11.899035453796387,0.007699012756348,train
15.018858909606934,13.776253700256348,-1.242605209350586,train
14.451874732971191,13.424201011657715,-1.027673721313477,train
16.144710540771484,16.465379714965820,0.320669174194336,train
14.109708786010742,13.995146751403809,-0.114562034606934,train
10.846711158752441,10.731465339660645,-0.115245819091797,train
12.449852943420410,12.605658531188965,0.155805587768555,train
14.678079605102539,18.410861968994141,3.732782363891602,train
19.789867401123047,19.797574996948242,0.007707595825195,train
14.307198524475098,15.705628395080566,1.398429870605469,train
11.345004081726074,12.431096076965332,1.086091995239258,train
18.671207427978516,19.249271392822266,0.578063964843750,train
11.374650955200195,10.875967979431152,-0.498682975769043,train
17.235275268554688,18.020673751831055,0.785398483276367,train
21.393323898315430,20.525339126586914,-0.867984771728516,train
18.851261138916016,19.771368026733398,0.920106887817383,train
18.912622451782227,18.301069259643555,-0.611553192138672,train
14.312959671020508,13.842221260070801,-0.470738410949707,train
16.191259384155273,16.370946884155273,0.179687500000000,train
20.050453186035156,19.591480255126953,-0.458972930908203,train
18.650514602661133,19.146993637084961,0.496479034423828,train
12.090936660766602,12.849716186523438,0.758779525756836,train
8.247510910034180,9.757477760314941,1.509966850280762,train
16.050968170166016,16.795581817626953,0.744613647460938,train
15.869043350219727,14.831959724426270,-1.037083625793457,train
12.290062904357910,12.597954750061035,0.307891845703125,train
7.801341056823730,7.813406944274902,0.012065887451172,train
16.953111648559570,17.031618118286133,0.078506469726562,train
16.245925903320312,16.371210098266602,0.125284194946289,train
12.231823921203613,11.948957443237305,-0.282866477966309,train
13.981201171875000,12.664830207824707,-1.316370964050293,train
19.534055709838867,19.178585052490234,-0.355470657348633,train
16.241111755371094,16.091068267822266,-0.150043487548828,train
13.508337974548340,12.018423080444336,-1.489914894104004,train
13.353752136230469,11.989226341247559,-1.364525794982910,train
14.372309684753418,13.591856956481934,-0.780452728271484,train
17.737201690673828,17.230245590209961,-0.506956100463867,train
13.198560714721680,13.420165061950684,0.221604347229004,train
16.730733871459961,16.304897308349609,-0.425836563110352,train
16.473279953002930,16.081697463989258,-0.391582489013672,train
17.804222106933594,18.158016204833984,0.353794097900391,train
10.876007080078125,9.901198387145996,-0.974808692932129,train
7.880925178527832,11.005004882812500,3.124079704284668,train
18.327613830566406,18.265336990356445,-0.062276840209961,train
13.048636436462402,11.512560844421387,-1.536075592041016,train
14.408872604370117,14.072471618652344,-0.336400985717773,train
4.769889831542969,4.850876808166504,0.080986976623535,train
16.044399261474609,14.720726013183594,-1.323673248291016,train
16.345283508300781,17.630277633666992,1.284994125366211,train
16.049762725830078,16.105232238769531,0.055469512939453,train
15.763105392456055,14.426106452941895,-1.336998939514160,train
12.270947456359863,11.999056816101074,-0.271890640258789,train
17.430490493774414,18.346733093261719,0.916242599487305,train
9.546642303466797,9.082962989807129,-0.463679313659668,train
16.377550125122070,15.578497886657715,-0.799052238464355,train
15.910917282104492,16.398504257202148,0.487586975097656,train
10.799793243408203,10.882339477539062,0.082546234130859,train
14.686109542846680,12.874291419982910,-1.811818122863770,train
10.206765174865723,10.735295295715332,0.528530120849609,train
13.173243522644043,13.277363777160645,0.104120254516602,train
14.033412933349609,13.024748802185059,-1.008664131164551,train
15.059089660644531,13.952127456665039,-1.106962203979492,train
16.012725830078125,15.434112548828125,-0.578613281250000,train
15.153109550476074,14.627655982971191,-0.525453567504883,train
15.624341011047363,14.660412788391113,-0.963928222656250,train
18.041528701782227,17.062841415405273,-0.978687286376953,train
13.106876373291016,15.066390037536621,1.959513664245605,train
14.641484260559082,15.000836372375488,0.359352111816406,train
12.889236450195312,11.565198898315430,-1.324037551879883,train
13.406593322753906,12.999138832092285,-0.407454490661621,train
6.751971244812012,7.125041961669922,0.373070716857910,train
15.285034179687500,14.975276947021484,-0.309757232666016,train
11.634354591369629,11.488306999206543,-0.146047592163086,train
15.641350746154785,15.815526008605957,0.174175262451172,train
14.855496406555176,14.635539054870605,-0.219957351684570,train
20.206768035888672,19.591558456420898,-0.615209579467773,train
8.423244476318359,8.873918533325195,0.450674057006836,train
18.118040084838867,17.799308776855469,-0.318731307983398,train
9.084694862365723,12.689139366149902,3.604444503784180,train
17.888236999511719,17.006305694580078,-0.881931304931641,train
17.893573760986328,17.966196060180664,0.072622299194336,train
11.431596755981445,10.616652488708496,-0.814944267272949,train
17.821517944335938,15.947033882141113,-1.874484062194824,train
11.512860298156738,11.228528022766113,-0.284332275390625,train
16.173667907714844,16.219072341918945,0.045404434204102,train
15.460668563842773,15.124841690063477,-0.335826873779297,train
21.955389022827148,20.580961227416992,-1.374427795410156,train
20.770360946655273,20.491716384887695,-0.278644561767578,train
9.398894309997559,8.998321533203125,-0.400572776794434,train
12.721330642700195,12.372723579406738,-0.348607063293457,train
18.272521972656250,19.050394058227539,0.777872085571289,train
5.860539436340332,7.635154247283936,1.774614810943604,train
13.704630851745605,13.144020080566406,-0.560610771179199,train
17.158197402954102,17.114536285400391,-0.043661117553711,train
12.709173202514648,13.533387184143066,0.824213981628418,train
11.232094764709473,12.073727607727051,0.841632843017578,train
10.952101707458496,10.440289497375488,-0.511812210083008,train
10.763876914978027,12.201622962951660,1.437746047973633,train
12.112920761108398,12.221968650817871,0.109047889709473,train
18.251640319824219,18.442081451416016,0.190441131591797,train
13.750744819641113,14.133141517639160,0.382396697998047,train
14.916185379028320,14.595671653747559,-0.320513725280762,train
17.691934585571289,18.757909774780273,1.065975189208984,train
15.175060272216797,15.800507545471191,0.625447273254395,train
20.897598266601562,20.406314849853516,-0.491283416748047,train
14.687506675720215,15.291986465454102,0.604479789733887,train
17.214401245117188,16.909734725952148,-0.304666519165039,train
13.261546134948730,14.491417884826660,1.229871749877930,train
16.428607940673828,14.782027244567871,-1.646580696105957,train
14.985581398010254,15.192448616027832,0.206867218017578,train
14.115401268005371,15.130302429199219,1.014901161193848,train
14.621549606323242,13.359047889709473,-1.262501716613770,train
15.002622604370117,15.038512229919434,0.035889625549316,train
20.842872619628906,20.692228317260742,-0.150644302368164,train
17.560527801513672,17.454954147338867,-0.105573654174805,train
19.730211257934570,18.653150558471680,-1.077060699462891,train
19.213367462158203,19.111043930053711,-0.102323532104492,train
18.538434982299805,19.078508377075195,0.540073394775391,train
22.028776168823242,20.885568618774414,-1.143207550048828,train
19.227441787719727,18.763217926025391,-0.464223861694336,train
13.213264465332031,14.342340469360352,1.129076004028320,train
11.180836677551270,11.763396263122559,0.582559585571289,train
13.081900596618652,13.073581695556641,-0.008318901062012,train
15.090891838073730,13.118567466735840,-1.972324371337891,train
12.914201736450195,11.283514022827148,-1.630687713623047,train
12.638377189636230,13.236613273620605,0.598236083984375,train
20.466066360473633,19.018136978149414,-1.447929382324219,train
16.204122543334961,15.241677284240723,-0.962445259094238,train
12.220009803771973,11.774449348449707,-0.445560455322266,train
17.153301239013672,17.360349655151367,0.207048416137695,train
17.898443222045898,17.392541885375977,-0.505901336669922,train
17.369657516479492,16.613655090332031,-0.756002426147461,train
14.282269477844238,12.687445640563965,-1.594823837280273,train
18.496244430541992,17.856565475463867,-0.639678955078125,train
8.619105339050293,7.504929065704346,-1.114176273345947,train
19.464841842651367,19.183670043945312,-0.281171798706055,train
13.751047134399414,14.120146751403809,0.369099617004395,train
15.775020599365234,15.361990928649902,-0.413029670715332,train
18.355587005615234,19.278211593627930,0.922624588012695,train
17.333486557006836,16.845905303955078,-0.487581253051758,train
14.534484863281250,15.216854095458984,0.682369232177734,train
15.265686035156250,14.745938301086426,-0.519747734069824,train
18.465911865234375,16.581314086914062,-1.884597778320312,train
16.462114334106445,16.187294006347656,-0.274820327758789,train
18.702209472656250,17.189208984375000,-1.513000488281250,train
16.150985717773438,17.133609771728516,0.982624053955078,train
12.867649078369141,11.604071617126465,-1.263577461242676,train
5.137941360473633,4.092598915100098,-1.045342445373535,train
20.175651550292969,20.000978469848633,-0.174673080444336,train
15.694567680358887,14.918171882629395,-0.776395797729492,train
12.731244087219238,14.020119667053223,1.288875579833984,train
13.727562904357910,15.059015274047852,1.331452369689941,train
10.259047508239746,11.148268699645996,0.889221191406250,train
19.331228256225586,19.160623550415039,-0.170604705810547,train
19.557441711425781,19.647071838378906,0.089630126953125,train
10.852757453918457,9.397476196289062,-1.455281257629395,train
15.401588439941406,14.985629081726074,-0.415959358215332,train
19.235624313354492,19.798643112182617,0.563018798828125,train
20.228570938110352,18.678289413452148,-1.550281524658203,train
16.251823425292969,15.891686439514160,-0.360136985778809,train
17.378458023071289,16.414915084838867,-0.963542938232422,train
5.838754653930664,5.459690570831299,-0.379064083099365,train
18.838344573974609,19.476596832275391,0.638252258300781,train
16.967050552368164,16.468814849853516,-0.498235702514648,train
12.894287109375000,14.324077606201172,1.429790496826172,train
17.098516464233398,17.395755767822266,0.297239303588867,train
15.605155944824219,16.337774276733398,0.732618331909180,train
13.204450607299805,12.685465812683105,-0.518984794616699,train
13.817081451416016,14.146973609924316,0.329892158508301,train
13.482192039489746,11.467286109924316,-2.014905929565430,train
8.959362030029297,9.485750198364258,0.526388168334961,train
15.784083366394043,17.599723815917969,1.815640449523926,train
11.395184516906738,11.840836524963379,0.445652008056641,train
20.615434646606445,20.330583572387695,-0.284851074218750,train
16.732160568237305,17.177661895751953,0.445501327514648,train
13.747021675109863,14.737004280090332,0.989982604980469,train
14.024065971374512,15.390200614929199,1.366134643554688,train
17.900558471679688,17.312818527221680,-0.587739944458008,train
18.596754074096680,18.445569992065430,-0.151184082031250,train
20.224521636962891,19.786273956298828,-0.438247680664062,train
19.409448623657227,18.710561752319336,-0.698886871337891,train
9.841926574707031,9.953650474548340,0.111723899841309,train
15.816953659057617,14.683397293090820,-1.133556365966797,train
14.952941894531250,14.300649642944336,-0.652292251586914,train
16.533058166503906,15.696950912475586,-0.836107254028320,train
14.082544326782227,13.708832740783691,-0.373711585998535,train
19.257966995239258,18.440538406372070,-0.817428588867188,train
10.698064804077148,8.645251274108887,-2.052813529968262,train
6.451370716094971,7.072823047637939,0.621452331542969,train
7.373935222625732,6.664024353027344,-0.709910869598389,train
14.509565353393555,15.541193008422852,1.031627655029297,train
18.842287063598633,18.295976638793945,-0.546310424804688,train
16.980512619018555,18.030546188354492,1.050033569335938,train
14.373582839965820,15.401247024536133,1.027664184570312,train
14.006522178649902,14.773613929748535,0.767091751098633,train
15.164559364318848,15.015553474426270,-0.149005889892578,train
9.700477600097656,10.484389305114746,0.783911705017090,train
19.324075698852539,19.380517959594727,0.056442260742188,train
13.896002769470215,12.607115745544434,-1.288887023925781,train
17.474111557006836,18.328073501586914,0.853961944580078,train
15.684589385986328,14.600346565246582,-1.084242820739746,train
16.179281234741211,15.125176429748535,-1.054104804992676,train
7.681490421295166,7.793869495391846,0.112379074096680,train
16.014612197875977,14.397684097290039,-1.616928100585938,train
19.413953781127930,18.784299850463867,-0.629653930664062,train
9.981866836547852,9.477618217468262,-0.504248619079590,train
17.876539230346680,16.986343383789062,-0.890195846557617,train
14.860539436340332,14.338275909423828,-0.522263526916504,train
15.119127273559570,14.611142158508301,-0.507985115051270,train
9.356939315795898,9.472986221313477,0.116046905517578,train
15.855016708374023,15.304924964904785,-0.550091743469238,train
15.237126350402832,14.249492645263672,-0.987633705139160,train
10.610048294067383,11.627636909484863,1.017588615417480,train
20.559452056884766,20.141313552856445,-0.418138504028320,train
17.546802520751953,16.312435150146484,-1.234367370605469,train
12.235435485839844,12.516007423400879,0.280571937561035,train
10.440453529357910,11.366360664367676,0.925907135009766,train
18.177608489990234,17.502050399780273,-0.675558090209961,train
8.308209419250488,8.526017189025879,0.217807769775391,train
13.044157981872559,14.219855308532715,1.175697326660156,train
19.515762329101562,20.534551620483398,1.018789291381836,train
16.540254592895508,14.907135009765625,-1.633119583129883,train
15.123004913330078,15.212491035461426,0.089486122131348,train
17.046777725219727,15.858531951904297,-1.188245773315430,train
19.332326889038086,19.941390991210938,0.609064102172852,train
17.387310028076172,18.075716018676758,0.688405990600586,train
17.135774612426758,16.382429122924805,-0.753345489501953,train
15.489966392517090,14.775918006896973,-0.714048385620117,train
19.777790069580078,20.272495269775391,0.494705200195312,train
4.611961364746094,3.906154870986938,-0.705806493759155,train
16.806505203247070,16.135158538818359,-0.671346664428711,train
12.271236419677734,13.554935455322266,1.283699035644531,train
9.180573463439941,8.685025215148926,-0.495548248291016,train
16.446556091308594,15.019312858581543,-1.427243232727051,train
20.167572021484375,19.343824386596680,-0.823747634887695,train
17.656358718872070,18.410116195678711,0.753757476806641,train
14.540492057800293,13.199735641479492,-1.340756416320801,train
9.274415969848633,8.235398292541504,-1.039017677307129,train
9.905485153198242,9.666586875915527,-0.238898277282715,train
12.915564537048340,12.626433372497559,-0.289131164550781,train
22.210716247558594,19.376903533935547,-2.833812713623047,train
15.619947433471680,15.095759391784668,-0.524188041687012,train
17.929059982299805,19.226030349731445,1.296970367431641,train
12.006039619445801,11.413867950439453,-0.592171669006348,train
5.945742130279541,7.789742946624756,1.844000816345215,train
14.276468276977539,13.131205558776855,-1.145262718200684,train
12.582945823669434,13.184742927551270,0.601797103881836,train
10.183265686035156,9.556159019470215,-0.627106666564941,train
16.411708831787109,15.941702842712402,-0.470005989074707,train
13.701417922973633,12.530827522277832,-1.170590400695801,train
12.033081054687500,11.282044410705566,-0.751036643981934,train
15.772180557250977,15.005305290222168,-0.766875267028809,train
19.711898803710938,19.119144439697266,-0.592754364013672,train
13.874789237976074,13.397691726684570,-0.477097511291504,train
13.016467094421387,13.471908569335938,0.455441474914551,train
18.274133682250977,17.902305603027344,-0.371828079223633,train
16.486978530883789,14.963159561157227,-1.523818969726562,train
18.542184829711914,18.557350158691406,0.015165328979492,train
17.102724075317383,16.842588424682617,-0.260135650634766,train
22.026340484619141,20.611225128173828,-1.415115356445312,train
17.650205612182617,17.194007873535156,-0.456197738647461,train
17.359886169433594,16.227777481079102,-1.132108688354492,train
15.522910118103027,15.335743904113770,-0.187166213989258,train
19.185014724731445,18.917119979858398,-0.267894744873047,train
17.987497329711914,18.412899017333984,0.425401687622070,train
18.544134140014648,18.230257034301758,-0.313877105712891,train
15.690487861633301,14.653603553771973,-1.036884307861328,train
16.066303253173828,14.725606918334961,-1.340696334838867,train
13.523847579956055,12.428973197937012,-1.094874382019043,train
12.398801803588867,11.355895042419434,-1.042906761169434,train
16.564622879028320,16.587730407714844,0.023107528686523,train
10.561017036437988,10.260875701904297,-0.300141334533691,train
19.517831802368164,19.463460922241211,-0.054370880126953,train
13.890331268310547,12.750131607055664,-1.140199661254883,train
19.164915084838867,18.531770706176758,-0.633144378662109,train
16.821945190429688,15.444188117980957,-1.377757072448730,train
10.838862419128418,13.415331840515137,2.576469421386719,train
21.480329513549805,20.726179122924805,-0.754150390625000,train
14.242241859436035,13.304846763610840,-0.937395095825195,train
14.763389587402344,16.249206542968750,1.485816955566406,train
20.530702590942383,19.696716308593750,-0.833986282348633,train
7.475237369537354,7.565936565399170,0.090699195861816,train
16.544635772705078,15.714350700378418,-0.830285072326660,train
20.267808914184570,20.135921478271484,-0.131887435913086,train
12.364061355590820,11.856326103210449,-0.507735252380371,train
8.973449707031250,9.857996940612793,0.884547233581543,train
15.650333404541016,13.789166450500488,-1.861166954040527,train
10.868092536926270,10.119465827941895,-0.748626708984375,train
14.485295295715332,14.787392616271973,0.302097320556641,train
16.869089126586914,17.246732711791992,0.377643585205078,train
17.379653930664062,17.117980957031250,-0.261672973632812,train
12.636160850524902,12.946680068969727,0.310519218444824,train
12.706335067749023,13.318463325500488,0.612128257751465,train
15.757481575012207,16.565757751464844,0.808276176452637,train
18.433965682983398,18.456274032592773,0.022308349609375,train
18.840137481689453,18.215667724609375,-0.624469757080078,train
10.025220870971680,10.408185958862305,0.382965087890625,train
17.352352142333984,16.523565292358398,-0.828786849975586,train
12.846090316772461,11.572548866271973,-1.273541450500488,train
7.444836616516113,8.200316429138184,0.755479812622070,train
11.704604148864746,12.316119194030762,0.611515045166016,train
8.567161560058594,7.306935787200928,-1.260225772857666,train
20.688230514526367,20.285169601440430,-0.403060913085938,train
15.206039428710938,14.906486511230469,-0.299552917480469,train
12.680284500122070,14.187176704406738,1.506892204284668,train
14.497180938720703,13.759308815002441,-0.737872123718262,train
13.720439910888672,12.461457252502441,-1.258982658386230,train
19.468673706054688,18.086341857910156,-1.382331848144531,train
20.134126663208008,19.607460021972656,-0.526666641235352,train
17.795185089111328,17.147386550903320,-0.647798538208008,train
16.368944168090820,16.322383880615234,-0.046560287475586,train
20.454725265502930,19.923387527465820,-0.531337738037109,train
17.531400680541992,17.210252761840820,-0.321147918701172,train
11.728900909423828,11.299296379089355,-0.429604530334473,train
20.420267105102539,19.963998794555664,-0.456268310546875,train
18.974927902221680,17.486166000366211,-1.488761901855469,train
18.218620300292969,17.301288604736328,-0.917331695556641,train
13.252301216125488,11.430823326110840,-1.821477890014648,train
11.954526901245117,11.607801437377930,-0.346725463867188,train
13.738145828247070,13.230817794799805,-0.507328033447266,train
19.769870758056641,19.513181686401367,-0.256689071655273,train
9.930647850036621,9.803494453430176,-0.127153396606445,train
15.466081619262695,15.186787605285645,-0.279294013977051,train
17.006692886352539,16.047725677490234,-0.958967208862305,train
19.838985443115234,19.540033340454102,-0.298952102661133,train
12.057977676391602,11.822422981262207,-0.235554695129395,train
11.703875541687012,11.378216743469238,-0.325658798217773,train
19.351757049560547,17.863111495971680,-1.488645553588867,train
9.885499000549316,9.890774726867676,0.005275726318359,train
14.959038734436035,14.692184448242188,-0.266854286193848,train
16.059507369995117,16.178085327148438,0.118577957153320,train
18.723182678222656,17.499027252197266,-1.224155426025391,train
20.507490158081055,20.477758407592773,-0.029731750488281,train
14.910289764404297,13.982903480529785,-0.927386283874512,train
15.802538871765137,16.327508926391602,0.524970054626465,train
19.887657165527344,20.237939834594727,0.350282669067383,train
12.892255783081055,11.547757148742676,-1.344498634338379,train
19.658372879028320,19.142412185668945,-0.515960693359375,train
15.619745254516602,17.148555755615234,1.528810501098633,train
8.935856819152832,10.046647071838379,1.110790252685547,train
16.870307922363281,14.380042076110840,-2.490265846252441,train
16.486492156982422,15.785592079162598,-0.700900077819824,train
14.430442810058594,13.349672317504883,-1.080770492553711,train
20.841352462768555,20.545515060424805,-0.295837402343750,train
18.100061416625977,18.011175155639648,-0.088886260986328,train
7.588180065155029,7.796479701995850,0.208299636840820,train
17.895425796508789,18.461824417114258,0.566398620605469,train
15.235161781311035,11.996462821960449,-3.238698959350586,train
4.854663372039795,5.090230464935303,0.235567092895508,train
12.312458038330078,13.579287528991699,1.266829490661621,train
10.905544281005859,11.692442893981934,0.786898612976074,train
14.867478370666504,14.764181137084961,-0.103297233581543,train
13.694948196411133,13.644242286682129,-0.050705909729004,train
19.024250030517578,18.514068603515625,-0.510181427001953,train
16.085845947265625,15.841593742370605,-0.244252204895020,train
16.244125366210938,17.307607650756836,1.063482284545898,train
18.191358566284180,17.097196578979492,-1.094161987304688,train
16.965894699096680,15.454151153564453,-1.511743545532227,train
7.510945320129395,6.360689640045166,-1.150255680084229,train
15.116329193115234,15.320691108703613,0.204361915588379,train
9.883007049560547,8.893522262573242,-0.989484786987305,train
15.345537185668945,14.432349205017090,-0.913187980651855,train
11.442685127258301,11.979527473449707,0.536842346191406,train
15.350560188293457,14.348217964172363,-1.002342224121094,train
14.081445693969727,13.654570579528809,-0.426875114440918,train
13.099900245666504,14.081624031066895,0.981723785400391,train
16.397756576538086,16.953378677368164,0.555622100830078,train
11.942901611328125,11.868633270263672,-0.074268341064453,train
12.778909683227539,14.525712013244629,1.746802330017090,train
20.310220718383789,19.009735107421875,-1.300485610961914,train
13.511125564575195,13.744561195373535,0.233435630798340,train
14.490880012512207,12.946930885314941,-1.543949127197266,train
16.543748855590820,15.134224891662598,-1.409523963928223,train
16.345283508300781,17.223695755004883,0.878412246704102,train
16.850358963012695,16.466180801391602,-0.384178161621094,train
10.691067695617676,9.045246124267578,-1.645821571350098,train
16.655502319335938,17.029045104980469,0.373542785644531,train
14.919076919555664,13.370915412902832,-1.548161506652832,train
16.525770187377930,17.677543640136719,1.151773452758789,train
18.879201889038086,19.143491744995117,0.264289855957031,train
19.394369125366211,19.205280303955078,-0.189088821411133,train
12.755670547485352,13.173028945922852,0.417358398437500,train
18.997245788574219,18.712903976440430,-0.284341812133789,train
18.458478927612305,18.437208175659180,-0.021270751953125,train
17.209201812744141,17.650394439697266,0.441192626953125,train
19.621002197265625,20.063030242919922,0.442028045654297,train
16.897294998168945,16.388433456420898,-0.508861541748047,train
12.587703704833984,12.960020065307617,0.372316360473633,train
13.338806152343750,14.930397987365723,1.591591835021973,train
12.047492980957031,12.886156082153320,0.838663101196289,train
14.553386688232422,13.559155464172363,-0.994231224060059,train
17.022365570068359,16.498386383056641,-0.523979187011719,train
12.891371726989746,13.167969703674316,0.276597976684570,train
14.341753959655762,14.487600326538086,0.145846366882324,train
17.307403564453125,17.676937103271484,0.369533538818359,train
5.195590496063232,4.845549583435059,-0.350040912628174,train
18.167474746704102,17.870679855346680,-0.296794891357422,train
18.071699142456055,16.540151596069336,-1.531547546386719,train
11.983775138854980,10.733479499816895,-1.250295639038086,train
20.816118240356445,20.044057846069336,-0.772060394287109,train
17.172988891601562,17.675682067871094,0.502693176269531,train
11.358780860900879,12.472766876220703,1.113986015319824,train
10.970188140869141,14.175454139709473,3.205265998840332,train
21.847009658813477,21.151205062866211,-0.695804595947266,train
18.547075271606445,19.037305831909180,0.490230560302734,train
19.255462646484375,19.462266921997070,0.206804275512695,train
13.598754882812500,13.103897094726562,-0.494857788085938,train
17.748859405517578,17.822061538696289,0.073202133178711,train
6.721993446350098,8.833678245544434,2.111684799194336,train
15.632332801818848,16.451311111450195,0.818978309631348,train
18.852954864501953,19.170400619506836,0.317445755004883,train
11.229974746704102,11.302004814147949,0.072030067443848,train
14.257264137268066,13.898685455322266,-0.358578681945801,train
13.917180061340332,12.855769157409668,-1.061410903930664,train
13.054677009582520,12.730431556701660,-0.324245452880859,train
12.945827484130859,14.499850273132324,1.554022789001465,train
9.981141090393066,9.624371528625488,-0.356769561767578,train
11.802921295166016,10.824662208557129,-0.978259086608887,train
18.885122299194336,18.954402923583984,0.069280624389648,train
7.555005550384521,8.408045768737793,0.853040218353271,train
19.351757049560547,18.507946014404297,-0.843811035156250,train
14.647347450256348,13.924571037292480,-0.722776412963867,train
19.533275604248047,19.709705352783203,0.176429748535156,train
9.884578704833984,9.892995834350586,0.008417129516602,train
11.432110786437988,11.625226020812988,0.193115234375000,train
11.382175445556641,12.107861518859863,0.725686073303223,train
12.572852134704590,11.833018302917480,-0.739833831787109,train
15.855406761169434,15.438084602355957,-0.417322158813477,train
21.268363952636719,20.497785568237305,-0.770578384399414,train
3.331744194030762,4.293073654174805,0.961329460144043,train
9.370442390441895,8.550747871398926,-0.819694519042969,train
11.099640846252441,11.409371376037598,0.309730529785156,train
15.257580757141113,15.486783027648926,0.229202270507812,train
18.334224700927734,17.879121780395508,-0.455102920532227,train
19.087362289428711,18.853433609008789,-0.233928680419922,train
16.337533950805664,15.522538185119629,-0.814995765686035,train
10.394849777221680,9.873324394226074,-0.521525382995605,train
14.166394233703613,13.842858314514160,-0.323535919189453,train
17.922424316406250,17.611291885375977,-0.311132431030273,train
16.860240936279297,16.141511917114258,-0.718729019165039,train
11.706622123718262,12.872481346130371,1.165859222412109,train
9.671880722045898,9.467981338500977,-0.203899383544922,train
17.321624755859375,16.516056060791016,-0.805568695068359,train
11.219118118286133,11.124352455139160,-0.094765663146973,train
13.416190147399902,13.927155494689941,0.510965347290039,train
18.777067184448242,17.661001205444336,-1.116065979003906,train
14.591509819030762,13.477780342102051,-1.113729476928711,train
17.094371795654297,17.767845153808594,0.673473358154297,train
12.933510780334473,13.006754875183105,0.073244094848633,train
15.370795249938965,14.118281364440918,-1.252513885498047,train
14.316020011901855,16.009843826293945,1.693823814392090,train
16.849559783935547,16.650423049926758,-0.199136734008789,train
14.166394233703613,13.235110282897949,-0.931283950805664,train
10.937174797058105,11.836708068847656,0.899533271789551,train
15.794506072998047,16.431755065917969,0.637248992919922,train
12.904623985290527,12.701138496398926,-0.203485488891602,train
16.553504943847656,17.095180511474609,0.541675567626953,train
12.376615524291992,11.930043220520020,-0.446572303771973,train
21.817422866821289,20.534067153930664,-1.283355712890625,train
16.698457717895508,16.299211502075195,-0.399246215820312,train
13.072664260864258,14.072749137878418,1.000084877014160,train
14.412591934204102,13.870525360107422,-0.542066574096680,train
18.157083511352539,18.336217880249023,0.179134368896484,train
18.491603851318359,18.596643447875977,0.105039596557617,train
14.214838981628418,14.252567291259766,0.037728309631348,train
14.341256141662598,14.559864997863770,0.218608856201172,train
20.308555603027344,19.672775268554688,-0.635780334472656,train
18.091268539428711,18.220727920532227,0.129459381103516,train
10.796594619750977,10.676180839538574,-0.120413780212402,train
15.873155593872070,15.381096839904785,-0.492058753967285,train
19.190330505371094,19.740802764892578,0.550472259521484,train
15.736615180969238,14.782192230224609,-0.954422950744629,train
14.318276405334473,14.434084892272949,0.115808486938477,train
12.698136329650879,11.384603500366211,-1.313532829284668,train
18.455314636230469,18.522569656372070,0.067255020141602,train
20.878505706787109,20.661594390869141,-0.216911315917969,train
17.038707733154297,17.837207794189453,0.798500061035156,train
17.882495880126953,17.121896743774414,-0.760599136352539,train
14.043016433715820,13.785611152648926,-0.257405281066895,train
13.451518058776855,11.891505241394043,-1.560012817382812,train
16.092746734619141,16.151454925537109,0.058708190917969,train
9.410565376281738,9.302222251892090,-0.108343124389648,train
13.131115913391113,13.620800971984863,0.489685058593750,train
11.924609184265137,12.108428955078125,0.183819770812988,train
16.076410293579102,18.473321914672852,2.396911621093750,train
14.134778976440430,13.934820175170898,-0.199958801269531,train
12.937484741210938,11.456347465515137,-1.481137275695801,train
18.774070739746094,16.669353485107422,-2.104717254638672,train
21.675159454345703,20.451496124267578,-1.223663330078125,train
16.476121902465820,15.416968345642090,-1.059153556823730,train
14.708497047424316,14.009987831115723,-0.698509216308594,train
14.286859512329102,13.149508476257324,-1.137351036071777,train
16.100330352783203,15.263680458068848,-0.836649894714355,train
12.583871841430664,13.040335655212402,0.456463813781738,train
20.002136230468750,19.175739288330078,-0.826396942138672,train
15.568696975708008,13.583172798156738,-1.985524177551270,train
2.828122138977051,1.913471221923828,-0.914650917053223,train
12.484115600585938,12.570343971252441,0.086228370666504,train
18.197658538818359,17.542345046997070,-0.655313491821289,train
10.650321960449219,10.265348434448242,-0.384973526000977,train
19.488542556762695,19.121553421020508,-0.366989135742188,train
5.908287048339844,5.271507740020752,-0.636779308319092,train
16.294864654541016,15.120982170104980,-1.173882484436035,train
17.071126937866211,16.410623550415039,-0.660503387451172,train
18.452247619628906,18.660173416137695,0.207925796508789,train
17.372238159179688,16.540407180786133,-0.831830978393555,train
22.781326293945312,20.914800643920898,-1.866525650024414,train
14.777462959289551,15.017823219299316,0.240360260009766,train
12.196607589721680,12.643815994262695,0.447208404541016,train
18.878360748291016,18.958127975463867,0.079767227172852,train
15.713088989257812,15.312051773071289,-0.401037216186523,train
12.384805679321289,12.669365882873535,0.284560203552246,train
15.094357490539551,15.214770317077637,0.120412826538086,train
13.413384437561035,13.660282135009766,0.246897697448730,train
10.800823211669922,9.856704711914062,-0.944118499755859,train
20.757719039916992,20.456663131713867,-0.301055908203125,train
9.905301094055176,9.680695533752441,-0.224605560302734,train
15.560551643371582,16.310106277465820,0.749554634094238,train
15.255789756774902,15.193832397460938,-0.061957359313965,train
9.675141334533691,9.125339508056641,-0.549801826477051,train
18.452522277832031,18.290752410888672,-0.161769866943359,train
17.309070587158203,16.969020843505859,-0.340049743652344,train
15.646649360656738,16.124711990356445,0.478062629699707,train
10.798950195312500,9.961912155151367,-0.837038040161133,train
16.648134231567383,15.859335899353027,-0.788798332214355,train
13.707146644592285,12.851122856140137,-0.856023788452148,train
14.507057189941406,13.388194084167480,-1.118863105773926,train
12.932858467102051,13.171456336975098,0.238597869873047,train
10.872069358825684,10.372656822204590,-0.499412536621094,train
12.632583618164062,10.909028053283691,-1.723555564880371,train
15.649548530578613,14.823050498962402,-0.826498031616211,train
15.780443191528320,15.437832832336426,-0.342610359191895,train
9.256363868713379,7.875217437744141,-1.381146430969238,train
16.944067001342773,16.762834548950195,-0.181232452392578,train
12.069712638854980,12.319116592407227,0.249403953552246,train
11.684614181518555,10.810647964477539,-0.873966217041016,train
4.056860446929932,2.562063694000244,-1.494796752929688,train
15.965641975402832,14.903982162475586,-1.061659812927246,train
11.002008438110352,12.421492576599121,1.419484138488770,train
14.924398422241211,13.929354667663574,-0.995043754577637,train
15.601058959960938,14.798753738403320,-0.802305221557617,train
15.162873268127441,15.201268196105957,0.038394927978516,train
20.469776153564453,20.308715820312500,-0.161060333251953,train
10.955171585083008,13.164278984069824,2.209107398986816,train
12.516536712646484,13.154450416564941,0.637913703918457,train
13.955815315246582,13.056015968322754,-0.899799346923828,train
16.770231246948242,15.982317924499512,-0.787913322448730,train
16.168212890625000,15.963938713073730,-0.204274177551270,train
14.306361198425293,13.491242408752441,-0.815118789672852,train
14.482407569885254,13.434985160827637,-1.047422409057617,train
8.541671752929688,11.702881813049316,3.161210060119629,train
18.301055908203125,18.501203536987305,0.200147628784180,train
15.483483314514160,15.090527534484863,-0.392955780029297,train
20.672933578491211,20.439659118652344,-0.233274459838867,train
17.211153030395508,18.893442153930664,1.682289123535156,train
4.124903202056885,1.761641502380371,-2.363261699676514,train
14.822444915771484,13.577529907226562,-1.244915008544922,train
13.141513824462891,12.696445465087891,-0.445068359375000,train
13.706880569458008,12.982710838317871,-0.724169731140137,train
18.485607147216797,18.577194213867188,0.091587066650391,train
14.013139724731445,13.578886985778809,-0.434252738952637,train
15.610887527465820,16.540573120117188,0.929685592651367,train
18.093374252319336,17.374408721923828,-0.718965530395508,train
14.081257820129395,14.495546340942383,0.414288520812988,train
18.040178298950195,17.492256164550781,-0.547922134399414,train
15.959094047546387,14.812738418579102,-1.146355628967285,train
21.433685302734375,20.472858428955078,-0.960826873779297,train
16.587823867797852,17.136949539184570,0.549125671386719,train
10.999980926513672,11.008850097656250,0.008869171142578,train
4.935242652893066,5.563209533691406,0.627966880798340,train
13.349218368530273,11.529484748840332,-1.819733619689941,train
16.042245864868164,14.972555160522461,-1.069690704345703,train
19.405336380004883,19.095586776733398,-0.309749603271484,train
16.607431411743164,16.618190765380859,0.010759353637695,train
10.349903106689453,10.797586441040039,0.447683334350586,train
11.719475746154785,12.127227783203125,0.407752037048340,train
18.382356643676758,17.950159072875977,-0.432197570800781,train
16.969446182250977,15.829564094543457,-1.139882087707520,train
15.069155693054199,15.092613220214844,0.023457527160645,train
18.752082824707031,18.711441040039062,-0.040641784667969,train
15.371520996093750,14.901428222656250,-0.470092773437500,train
8.245975494384766,11.243800163269043,2.997824668884277,train
14.880128860473633,13.872286796569824,-1.007842063903809,train
11.788995742797852,10.801658630371094,-0.987337112426758,train
20.140350341796875,20.140184402465820,-0.000165939331055,train
10.749157905578613,8.981303215026855,-1.767854690551758,train
18.712322235107422,18.926794052124023,0.214471817016602,train
6.783713340759277,5.748157978057861,-1.035555362701416,train
13.869570732116699,14.028654098510742,0.159083366394043,train
6.663610935211182,10.525450706481934,3.861839771270752,train
12.029086112976074,11.958369255065918,-0.070716857910156,train
13.696381568908691,13.601074218750000,-0.095307350158691,train
19.561346054077148,19.761466979980469,0.200120925903320,train
8.294099807739258,7.897755146026611,-0.396344661712646,train
18.173130035400391,17.538675308227539,-0.634454727172852,train
11.956048965454102,12.464510917663574,0.508461952209473,train
13.481199264526367,13.770236968994141,0.289037704467773,train
10.839660644531250,11.975056648254395,1.135396003723145,train
12.204543113708496,13.513430595397949,1.308887481689453,train
14.584868431091309,15.477870941162109,0.893002510070801,train
13.287473678588867,12.016505241394043,-1.270968437194824,train
19.396709442138672,19.190801620483398,-0.205907821655273,train
17.369028091430664,16.689535140991211,-0.679492950439453,train
16.955268859863281,16.862895965576172,-0.092372894287109,train
13.852488517761230,14.437026977539062,0.584538459777832,train
15.078818321228027,15.368073463439941,0.289255142211914,train
13.291005134582520,12.349358558654785,-0.941646575927734,train
15.297425270080566,13.674941062927246,-1.622484207153320,train
10.611348152160645,10.416675567626953,-0.194672584533691,train
13.609804153442383,13.959241867065430,0.349437713623047,train
18.154533386230469,18.241909027099609,0.087375640869141,train
14.055113792419434,13.242405891418457,-0.812707901000977,train
10.650258064270020,12.026399612426758,1.376141548156738,train
17.014038085937500,16.489606857299805,-0.524431228637695,train
19.539833068847656,19.842405319213867,0.302572250366211,train
12.519412040710449,11.114519119262695,-1.404892921447754,train
14.605438232421875,14.485489845275879,-0.119948387145996,train
16.667499542236328,15.734109878540039,-0.933389663696289,train
13.739460945129395,13.175652503967285,-0.563808441162109,train
9.327458381652832,10.320686340332031,0.993227958679199,train
18.245033264160156,19.295221328735352,1.050188064575195,train
19.777015686035156,19.510461807250977,-0.266553878784180,train
14.755525588989258,16.224687576293945,1.469161987304688,train
9.608741760253906,11.568887710571289,1.960145950317383,train
19.551317214965820,19.447052001953125,-0.104265213012695,train
19.254194259643555,19.597026824951172,0.342832565307617,train
13.391480445861816,14.708294868469238,1.316814422607422,train
10.578479766845703,10.260101318359375,-0.318378448486328,train
9.322652816772461,11.793880462646484,2.471227645874023,train
9.397824287414551,8.670365333557129,-0.727458953857422,train
13.960534095764160,12.425313949584961,-1.535220146179199,test
16.735807418823242,16.332307815551758,-0.403499603271484,test
18.958547592163086,18.160778045654297,-0.797769546508789,test
13.200759887695312,13.626135826110840,0.425375938415527,test
14.015076637268066,15.052162170410156,1.037085533142090,test
14.457920074462891,13.654050827026367,-0.803869247436523,test
19.547590255737305,19.813785552978516,0.266195297241211,test
17.528005599975586,17.556755065917969,0.028749465942383,test
14.329257965087891,13.851840019226074,-0.477417945861816,test
10.147270202636719,11.397399902343750,1.250129699707031,test
18.243846893310547,18.633291244506836,0.389444351196289,test
10.579021453857422,11.429635047912598,0.850613594055176,test
16.737216949462891,17.426996231079102,0.689779281616211,test
11.453193664550781,10.502177238464355,-0.951016426086426,test
12.069131851196289,11.151602745056152,-0.917529106140137,test
17.534732818603516,16.595577239990234,-0.939155578613281,test
19.382600784301758,18.960046768188477,-0.422554016113281,test
19.000850677490234,19.197961807250977,0.197111129760742,test
11.349313735961914,10.719964027404785,-0.629349708557129,test
16.296445846557617,15.834725379943848,-0.461720466613770,test
9.400006294250488,9.814514160156250,0.414507865905762,test
15.057892799377441,14.718838691711426,-0.339054107666016,test
10.140912055969238,11.838301658630371,1.697389602661133,test
11.864521980285645,13.654040336608887,1.789518356323242,test
17.867341995239258,18.160234451293945,0.292892456054688,test
16.581251144409180,16.842046737670898,0.260795593261719,test
7.397539615631104,5.652081966400146,-1.745457649230957,test
15.691144943237305,14.942549705505371,-0.748595237731934,test
16.507219314575195,16.458215713500977,-0.049003601074219,test
16.638038635253906,17.560689926147461,0.922651290893555,test
10.857131004333496,11.476700782775879,0.619569778442383,test
16.943931579589844,16.821575164794922,-0.122356414794922,test
17.157423019409180,16.658380508422852,-0.499042510986328,test
11.416745185852051,11.532752037048340,0.116006851196289,test
14.273644447326660,14.706589698791504,0.432945251464844,test
17.034639358520508,16.937911987304688,-0.096727371215820,test
12.299213409423828,14.340962409973145,2.041749000549316,test
21.504508972167969,20.824277877807617,-0.680231094360352,test
14.787317276000977,15.877682685852051,1.090365409851074,test
18.181974411010742,17.207321166992188,-0.974653244018555,test
15.456391334533691,13.581751823425293,-1.874639511108398,test
8.663851737976074,7.103868484497070,-1.559983253479004,test
19.951028823852539,19.909015655517578,-0.042013168334961,test
17.174339294433594,18.503055572509766,1.328716278076172,test
12.700304985046387,12.485026359558105,-0.215278625488281,test
15.219408035278320,14.237087249755859,-0.982320785522461,test
15.238286972045898,13.831595420837402,-1.406691551208496,test
15.503184318542480,15.395972251892090,-0.107212066650391,test
16.099805831909180,15.173676490783691,-0.926129341125488,test
16.495136260986328,14.961901664733887,-1.533234596252441,test
19.551317214965820,18.398420333862305,-1.152896881103516,test
15.816873550415039,16.830093383789062,1.013219833374023,test
19.857761383056641,18.744379043579102,-1.113382339477539,test
14.434139251708984,14.205265998840332,-0.228873252868652,test
18.541862487792969,18.660688400268555,0.118825912475586,test
17.442108154296875,16.528264999389648,-0.913843154907227,test
15.363890647888184,14.624802589416504,-0.739088058471680,test
21.172466278076172,20.458137512207031,-0.714328765869141,test
8.524377822875977,9.650170326232910,1.125792503356934,test
17.044473648071289,16.170232772827148,-0.874240875244141,test
12.851854324340820,13.201527595520020,0.349673271179199,test
10.638621330261230,10.632187843322754,-0.006433486938477,test
16.028505325317383,14.828008651733398,-1.200496673583984,test
16.241304397583008,15.971905708312988,-0.269398689270020,test
15.571348190307617,13.861936569213867,-1.709411621093750,test
17.309070587158203,16.685575485229492,-0.623495101928711,test
14.702590942382812,15.002910614013672,0.300319671630859,test
16.629915237426758,15.060091972351074,-1.569823265075684,test
14.987340927124023,16.608272552490234,1.620931625366211,test
16.532781600952148,14.862568855285645,-1.670212745666504,test
15.321770668029785,15.171137809753418,-0.150632858276367,test
12.631379127502441,11.605700492858887,-1.025678634643555,test
8.536755561828613,8.180191040039062,-0.356564521789551,test
20.323339462280273,17.459791183471680,-2.863548278808594,test
19.097478866577148,18.757587432861328,-0.339891433715820,test
14.865456581115723,15.643571853637695,0.778115272521973,test
18.581392288208008,17.391920089721680,-1.189472198486328,test
20.759336471557617,20.442411422729492,-0.316925048828125,test
7.776711463928223,7.732679367065430,-0.044032096862793,test
15.718146324157715,16.526393890380859,0.808247566223145,test
13.174357414245605,13.047518730163574,-0.126838684082031,test
12.414308547973633,12.721846580505371,0.307538032531738,test
10.476185798645020,9.583075523376465,-0.893110275268555,test
20.939395904541016,19.982978820800781,-0.956417083740234,test
10.642116546630859,12.552304267883301,1.910187721252441,test
17.920063018798828,17.165048599243164,-0.755014419555664,test
19.403594970703125,19.165628433227539,-0.237966537475586,test
16.106386184692383,15.131027221679688,-0.975358963012695,test
14.747062683105469,14.231488227844238,-0.515574455261230,test
18.356094360351562,18.382398605346680,0.026304244995117,test
15.750881195068359,16.491392135620117,0.740510940551758,test
13.484161376953125,13.965531349182129,0.481369972229004,test
15.651641845703125,16.888006210327148,1.236364364624023,test
18.173130035400391,17.288976669311523,-0.884153366088867,test
13.469279289245605,14.874868392944336,1.405589103698730,test
17.277326583862305,16.877584457397461,-0.399742126464844,test
15.725196838378906,14.456558227539062,-1.268638610839844,test
14.959038734436035,15.259119987487793,0.300081253051758,test
12.789209365844727,12.067417144775391,-0.721792221069336,test
14.538884162902832,14.505795478820801,-0.033088684082031,test
19.401174545288086,19.510139465332031,0.108964920043945,test
20.809299468994141,19.622669219970703,-1.186630249023438,test
19.739503860473633,19.227525711059570,-0.511978149414062,test
17.188978195190430,16.447853088378906,-0.741125106811523,test
15.892949104309082,14.616997718811035,-1.275951385498047,test
12.085848808288574,13.030765533447266,0.944916725158691,test
17.739267349243164,18.420927047729492,0.681659698486328,test
14.350219726562500,14.581664085388184,0.231444358825684,test
14.181975364685059,14.553271293640137,0.371295928955078,test
19.386119842529297,18.582300186157227,-0.803819656372070,test
16.323108673095703,15.047598838806152,-1.275509834289551,test
8.500583648681641,7.775328159332275,-0.725255489349365,test
10.554998397827148,12.815056800842285,2.260058403015137,test
14.644227981567383,12.984393119812012,-1.659834861755371,test
14.472337722778320,14.074267387390137,-0.398070335388184,test
14.653272628784180,13.462265968322754,-1.191006660461426,test
17.466688156127930,16.217695236206055,-1.248992919921875,test
13.400121688842773,12.507781028747559,-0.892340660095215,test
9.272920608520508,10.476882934570312,1.203962326049805,test
19.667379379272461,19.571374893188477,-0.096004486083984,test
17.412082672119141,16.797496795654297,-0.614585876464844,test
16.821111679077148,15.529128074645996,-1.291983604431152,test
8.536065101623535,6.883679866790771,-1.652385234832764,test
19.573726654052734,19.079114913940430,-0.494611740112305,test
22.310745239257812,20.863378524780273,-1.447366714477539,test
16.445856094360352,16.930627822875977,0.484771728515625,test
11.797386169433594,11.966326713562012,0.168940544128418,test
5.556519031524658,5.614747524261475,0.058228492736816,test
16.248340606689453,15.191213607788086,-1.057126998901367,test
13.724238395690918,13.151809692382812,-0.572428703308105,test
13.368554115295410,13.237804412841797,-0.130749702453613,test
20.468286514282227,20.150497436523438,-0.317789077758789,test
10.595822334289551,10.082936286926270,-0.512886047363281,test
17.094909667968750,16.083789825439453,-1.011119842529297,test
14.871122360229492,14.198030471801758,-0.673091888427734,test
9.899961471557617,10.449831008911133,0.549869537353516,test
11.456126213073730,10.789275169372559,-0.666851043701172,test
16.315195083618164,15.902915954589844,-0.412279129028320,test
17.010332107543945,15.484938621520996,-1.525393486022949,test
7.940579414367676,7.246555805206299,-0.694023609161377,test
13.759047508239746,13.336846351623535,-0.422201156616211,test
6.770816802978516,6.179794788360596,-0.591022014617920,test
15.083662033081055,14.717900276184082,-0.365761756896973,test
8.799862861633301,9.879581451416016,1.079718589782715,test
11.702211380004883,10.762246131896973,-0.939965248107910,test
21.210845947265625,20.235143661499023,-0.975702285766602,test
19.711898803710938,19.188745498657227,-0.523153305053711,test
20.085954666137695,19.885187149047852,-0.200767517089844,test
16.069309234619141,15.877715110778809,-0.191594123840332,test
19.311599731445312,19.838380813598633,0.526781082153320,test
18.691652297973633,18.467796325683594,-0.223855972290039,test
16.728404998779297,18.048669815063477,1.320264816284180,test
19.224855422973633,17.741769790649414,-1.483085632324219,test
12.047735214233398,11.667799949645996,-0.379935264587402,test
14.689751625061035,12.884917259216309,-1.804834365844727,test
13.802997589111328,12.543408393859863,-1.259589195251465,test
15.189350128173828,14.991623878479004,-0.197726249694824,test
12.473299026489258,11.435400962829590,-1.037898063659668,test
14.765091896057129,14.095692634582520,-0.669399261474609,test
16.655948638916016,16.955415725708008,0.299467086791992,test
18.553718566894531,17.892751693725586,-0.660966873168945,test
19.568120956420898,19.054296493530273,-0.513824462890625,test
14.755884170532227,16.410140991210938,1.654256820678711,test
15.915355682373047,15.498139381408691,-0.417216300964355,test
11.197141647338867,11.248737335205078,0.051595687866211,test
18.109867095947266,19.541208267211914,1.431341171264648,test
15.887215614318848,14.170997619628906,-1.716217994689941,test
11.506607055664062,12.852163314819336,1.345556259155273,test
10.355475425720215,12.352765083312988,1.997289657592773,test
16.234952926635742,16.350231170654297,0.115278244018555,test
18.311092376708984,18.720115661621094,0.409023284912109,test
15.999640464782715,16.784227371215820,0.784586906433105,test
18.741529464721680,18.927246093750000,0.185716629028320,test
14.013831138610840,14.096469879150391,0.082638740539551,test
12.269979476928711,10.268135070800781,-2.001844406127930,test
20.752082824707031,20.569131851196289,-0.182950973510742,test
16.042898178100586,15.846901893615723,-0.195996284484863,test
12.751125335693359,12.643851280212402,-0.107274055480957,test
17.807966232299805,17.265363693237305,-0.542602539062500,test
9.832508087158203,11.045133590698242,1.212625503540039,test
11.794741630554199,11.169253349304199,-0.625488281250000,test
11.320693969726562,13.644119262695312,2.323425292968750,test
16.880889892578125,13.524241447448730,-3.356648445129395,test
16.825641632080078,16.781473159790039,-0.044168472290039,test
15.801058769226074,15.635931968688965,-0.165126800537109,test
16.938768386840820,15.179504394531250,-1.759263992309570,test
17.381292343139648,16.152774810791016,-1.228517532348633,test
15.149017333984375,15.235800743103027,0.086783409118652,test
10.404537200927734,11.532799720764160,1.128262519836426,test
15.459181785583496,14.215956687927246,-1.243225097656250,test
21.146293640136719,20.814603805541992,-0.331689834594727,test
14.066414833068848,14.510834693908691,0.444419860839844,test
7.022196769714355,7.129174709320068,0.106977939605713,test
12.607610702514648,11.423124313354492,-1.184486389160156,test
13.456592559814453,12.837903022766113,-0.618689537048340,test
11.408133506774902,11.796506881713867,0.388373374938965,test
16.752447128295898,17.755453109741211,1.003005981445312,test
19.205106735229492,19.387384414672852,0.182277679443359,test
18.434391021728516,18.262252807617188,-0.172138214111328,test
11.828757286071777,11.321112632751465,-0.507644653320312,test
20.077636718750000,19.631999969482422,-0.445636749267578,test
15.840769767761230,16.584676742553711,0.743906974792480,test
13.029269218444824,12.217156410217285,-0.812112808227539,test
9.900212287902832,8.380000114440918,-1.520212173461914,test
13.129293441772461,12.979877471923828,-0.149415969848633,test
16.855928421020508,16.066623687744141,-0.789304733276367,test
13.866149902343750,14.002443313598633,0.136293411254883,test
16.004129409790039,16.005943298339844,0.001813888549805,test
14.217380523681641,13.123916625976562,-1.093463897705078,test
18.000453948974609,18.027231216430664,0.026777267456055,test
19.867961883544922,18.449996948242188,-1.417964935302734,test
14.126504898071289,13.002753257751465,-1.123751640319824,test
7.239652156829834,6.560189723968506,-0.679462432861328,test
11.874045372009277,10.818696022033691,-1.055349349975586,test
19.491415023803711,19.766674041748047,0.275259017944336,test
19.321283340454102,19.609941482543945,0.288658142089844,test
15.664240837097168,14.703213691711426,-0.961027145385742,test
16.634189605712891,16.204130172729492,-0.430059432983398,test
18.376501083374023,17.588706970214844,-0.787794113159180,test
10.808323860168457,11.338041305541992,0.529717445373535,test
10.222073554992676,11.119974136352539,0.897900581359863,test
12.467985153198242,12.172394752502441,-0.295590400695801,test
14.513391494750977,15.021939277648926,0.508547782897949,test
18.646669387817383,18.639997482299805,-0.006671905517578,test
13.086946487426758,13.795646667480469,0.708700180053711,test
14.852746963500977,16.109075546264648,1.256328582763672,test
20.111480712890625,20.168884277343750,0.057403564453125,test
14.222249984741211,12.937302589416504,-1.284947395324707,test
17.357002258300781,17.547403335571289,0.190401077270508,test
15.341797828674316,14.969641685485840,-0.372156143188477,test
13.471653938293457,13.122115135192871,-0.349538803100586,test
13.661699295043945,14.397805213928223,0.736105918884277,test
12.719059944152832,14.042598724365234,1.323538780212402,test
20.154903411865234,19.554998397827148,-0.599905014038086,test
11.127188682556152,12.541265487670898,1.414076805114746,test
8.933456420898438,11.581660270690918,2.648203849792480,test
21.228731155395508,20.385126113891602,-0.843605041503906,test
4.751701831817627,3.396257400512695,-1.355444431304932,test
15.721158981323242,15.960137367248535,0.238978385925293,test
14.945556640625000,15.411793708801270,0.466237068176270,test
18.798049926757812,18.729986190795898,-0.068063735961914,test
11.822857856750488,10.811465263366699,-1.011392593383789,test
18.400793075561523,19.016365051269531,0.615571975708008,test
13.447271347045898,15.030758857727051,1.583487510681152,test
17.993087768554688,17.942026138305664,-0.051061630249023,test
14.587795257568359,14.628485679626465,0.040690422058105,test
13.699052810668945,14.104153633117676,0.405100822448730,test
17.303379058837891,18.237684249877930,0.934305191040039,test
15.417860984802246,13.346524238586426,-2.071336746215820,test
18.510459899902344,19.228565216064453,0.718105316162109,test
17.718362808227539,17.354593276977539,-0.363769531250000,test
19.608551025390625,19.261371612548828,-0.347179412841797,test
10.266112327575684,10.285869598388672,0.019757270812988,test
14.855350494384766,15.593400001525879,0.738049507141113,test
8.836642265319824,8.399144172668457,-0.437498092651367,test
17.765138626098633,16.184072494506836,-1.581066131591797,test
14.786277770996094,15.839376449584961,1.053098678588867,test
15.142296791076660,14.971604347229004,-0.170692443847656,test
3.163963317871094,2.254479646682739,-0.909483671188354,test
12.621463775634766,12.266945838928223,-0.354517936706543,test
15.149017333984375,15.613270759582520,0.464253425598145,test
14.709898948669434,14.663410186767578,-0.046488761901855,test
14.496953010559082,14.712376594543457,0.215423583984375,test
13.732277870178223,13.799948692321777,0.067670822143555,test
16.161668777465820,13.658165931701660,-2.503502845764160,test
7.084926128387451,7.817117691040039,0.732191562652588,test
9.313768386840820,12.685450553894043,3.371682167053223,test
18.769412994384766,18.600374221801758,-0.169038772583008,test
12.789620399475098,11.608530998229980,-1.181089401245117,test
11.476728439331055,11.423501968383789,-0.053226470947266,test
21.221967697143555,20.194993972778320,-1.026973724365234,test
12.458601951599121,11.999128341674805,-0.459473609924316,test
16.666246414184570,16.964906692504883,0.298660278320312,test
18.048728942871094,14.939335823059082,-3.109393119812012,test
18.152626037597656,18.580539703369141,0.427913665771484,test
20.521064758300781,19.907835006713867,-0.613229751586914,test
15.561977386474609,13.449938774108887,-2.112038612365723,test
19.242712020874023,19.027654647827148,-0.215057373046875,test
17.967565536499023,17.611986160278320,-0.355579376220703,test
19.748262405395508,18.706453323364258,-1.041809082031250,test
17.604015350341797,15.636693954467773,-1.967321395874023,test
18.177877426147461,16.665872573852539,-1.512004852294922,test
16.998338699340820,18.064657211303711,1.066318511962891,test
17.389524459838867,18.531515121459961,1.141990661621094,test
14.008537292480469,13.780111312866211,-0.228425979614258,test
18.343929290771484,17.895292282104492,-0.448637008666992,test
15.290894508361816,14.056803703308105,-1.234090805053711,test
20.949211120605469,20.621530532836914,-0.327680587768555,test
16.039726257324219,15.005597114562988,-1.034129142761230,test
11.844506263732910,10.351180076599121,-1.493326187133789,test
15.085534095764160,13.794677734375000,-1.290856361389160,test
8.628755569458008,8.297444343566895,-0.331311225891113,test
12.884517669677734,13.921977996826172,1.037460327148438,test
16.594482421875000,15.625981330871582,-0.968501091003418,test
17.619115829467773,16.354089736938477,-1.265026092529297,test
10.833728790283203,10.430775642395020,-0.402953147888184,test
17.698621749877930,18.273376464843750,0.574754714965820,test
16.531064987182617,16.123023986816406,-0.408041000366211,test
12.106903076171875,11.459229469299316,-0.647673606872559,test
10.316459655761719,8.963246345520020,-1.353213310241699,test
17.472148895263672,17.862249374389648,0.390100479125977,test
20.408334732055664,20.052721023559570,-0.355613708496094,test
20.177362442016602,20.167106628417969,-0.010255813598633,test
15.159719467163086,14.728652000427246,-0.431067466735840,test
11.962847709655762,10.940051078796387,-1.022796630859375,test
12.794225692749023,14.282896995544434,1.488671302795410,test
13.385229110717773,13.268142700195312,-0.117086410522461,test
11.545856475830078,10.151519775390625,-1.394336700439453,test
17.349487304687500,17.562685012817383,0.213197708129883,test
12.430418968200684,12.937594413757324,0.507175445556641,test
10.613792419433594,11.526022911071777,0.912230491638184,test
19.745857238769531,16.217628479003906,-3.528228759765625,test
9.624681472778320,11.417734146118164,1.793052673339844,test
10.955840110778809,10.473366737365723,-0.482473373413086,test
17.694824218750000,17.518857955932617,-0.175966262817383,test
6.363209247589111,9.958079338073730,3.594870090484619,test
17.646818161010742,15.842997550964355,-1.803820610046387,test
18.786392211914062,19.156208038330078,0.369815826416016,test
16.456977844238281,16.557067871093750,0.100090026855469,test
12.532904624938965,13.229447364807129,0.696542739868164,test
18.724689483642578,18.869558334350586,0.144868850708008,test
16.488267898559570,15.427577018737793,-1.060690879821777,test
13.038873672485352,12.330506324768066,-0.708367347717285,test
15.633991241455078,14.702368736267090,-0.931622505187988,test
13.196101188659668,11.764615058898926,-1.431486129760742,test
22.188262939453125,20.371797561645508,-1.816465377807617,test
19.884075164794922,18.926620483398438,-0.957454681396484,test
12.554072380065918,12.952439308166504,0.398366928100586,test
11.929060935974121,14.993604660034180,3.064543724060059,test
13.172340393066406,12.286760330200195,-0.885580062866211,test
16.914594650268555,17.055814743041992,0.141220092773438,test
15.525568008422852,17.217147827148438,1.691579818725586,test
15.990635871887207,16.615446090698242,0.624810218811035,test
15.545214653015137,18.124071121215820,2.578856468200684,test
13.625267028808594,13.730957984924316,0.105690956115723,test
11.573623657226562,9.887570381164551,-1.686053276062012,test
13.050009727478027,12.701041221618652,-0.348968505859375,test
8.770768165588379,9.259827613830566,0.489059448242188,test
13.872228622436523,14.418354988098145,0.546126365661621,test
12.599791526794434,12.679909706115723,0.080118179321289,test
19.933591842651367,19.544525146484375,-0.389066696166992,test
15.543740272521973,13.997826576232910,-1.545913696289062,test
13.959581375122070,14.284626960754395,0.325045585632324,test
9.996287345886230,11.708596229553223,1.712308883666992,test
20.266494750976562,19.846712112426758,-0.419782638549805,test
10.735423088073730,9.302145957946777,-1.433277130126953,test
4.994856357574463,5.132010936737061,0.137154579162598,test
14.998768806457520,13.240280151367188,-1.758488655090332,test
14.707037925720215,13.117167472839355,-1.589870452880859,test
14.057144165039062,12.774619102478027,-1.282525062561035,test
17.043037414550781,16.460821151733398,-0.582216262817383,test
12.762996673583984,11.274895668029785,-1.488101005554199,test
8.689986228942871,9.842633247375488,1.152647018432617,test
18.023572921752930,18.075855255126953,0.052282333374023,test
12.021712303161621,10.799463272094727,-1.222249031066895,test
11.760684967041016,10.882896423339844,-0.877788543701172,test
11.751417160034180,11.557873725891113,-0.193543434143066,test
13.582540512084961,13.108501434326172,-0.474039077758789,test
16.646875381469727,17.276140213012695,0.629264831542969,test
8.039875984191895,11.127278327941895,3.087402343750000,test
14.713294982910156,13.858198165893555,-0.855096817016602,test
16.153190612792969,14.900780677795410,-1.252409934997559,test
8.523768424987793,7.540351390838623,-0.983417034149170,test
11.330923080444336,10.462007522583008,-0.868915557861328,test
7.601847648620605,6.231179714202881,-1.370667934417725,test
13.434559822082520,13.703108787536621,0.268548965454102,test
16.352216720581055,15.703788757324219,-0.648427963256836,test
20.647590637207031,19.828062057495117,-0.819528579711914,test
20.608018875122070,20.308141708374023,-0.299877166748047,test
20.917522430419922,20.188875198364258,-0.728647232055664,test
16.711944580078125,16.580392837524414,-0.131551742553711,test
15.735766410827637,14.023567199707031,-1.712199211120605,test
11.167024612426758,9.579878807067871,-1.587145805358887,test
11.102425575256348,15.078205108642578,3.975779533386230,test
10.992040634155273,12.737408638000488,1.745368003845215,test
13.580366134643555,15.309218406677246,1.728852272033691,test
12.814979553222656,11.594099998474121,-1.220879554748535,test
14.128511428833008,13.479759216308594,-0.648752212524414,test
16.759973526000977,17.348638534545898,0.588665008544922,test
13.110980987548828,13.590756416320801,0.479775428771973,test
16.294864654541016,14.403030395507812,-1.891834259033203,test
13.074497222900391,14.286432266235352,1.211935043334961,test
17.410593032836914,18.035102844238281,0.624509811401367,test
16.125444412231445,17.663564682006836,1.538120269775391,test
9.313368797302246,8.694670677185059,-0.618698120117188,test
16.702890396118164,17.116556167602539,0.413665771484375,test
19.531927108764648,19.076650619506836,-0.455276489257812,test
9.644304275512695,9.158281326293945,-0.486022949218750,test
15.721158981323242,16.964771270751953,1.243612289428711,test
11.801946640014648,11.891076087951660,0.089129447937012,test
17.291606903076172,16.881347656250000,-0.410259246826172,test
15.898747444152832,15.637755393981934,-0.260992050170898,test
3.486660242080688,4.462047100067139,0.975386857986450,test
9.250541687011719,9.795615196228027,0.545073509216309,test
15.525345802307129,14.301275253295898,-1.224070549011230,test
17.005386352539062,16.427896499633789,-0.577489852905273,test
15.190356254577637,13.724232673645020,-1.466123580932617,test
15.427320480346680,15.605644226074219,0.178323745727539,test
13.235522270202637,13.143403053283691,-0.092119216918945,test
11.812313079833984,13.227928161621094,1.415615081787109,test
16.993101119995117,15.792115211486816,-1.200985908508301,test
13.022988319396973,11.006935119628906,-2.016053199768066,test
15.146633148193359,14.758924484252930,-0.387708663940430,test
13.303342819213867,13.521352767944336,0.218009948730469,test
21.461761474609375,20.377740859985352,-1.084020614624023,test
7.203600883483887,7.433037281036377,0.229436397552490,test
9.249887466430664,8.520876884460449,-0.729010581970215,test
14.334344863891602,14.847146034240723,0.512801170349121,test
16.046424865722656,15.603436470031738,-0.442988395690918,test
10.442000389099121,12.779303550720215,2.337303161621094,test
13.051814079284668,12.343585968017578,-0.708228111267090,test
9.844771385192871,9.360561370849609,-0.484210014343262,test
14.367768287658691,13.980984687805176,-0.386783599853516,test
14.195307731628418,15.003245353698730,0.807937622070312,test
10.227628707885742,11.856179237365723,1.628550529479980,test
13.911041259765625,13.505946159362793,-0.405095100402832,test
12.945827484130859,14.559007644653320,1.613180160522461,test
14.823940277099609,13.945645332336426,-0.878294944763184,test
12.012201309204102,12.672828674316406,0.660627365112305,test
14.055993080139160,14.718488693237305,0.662495613098145,test
19.335725784301758,19.094123840332031,-0.241601943969727,test
18.109743118286133,18.259248733520508,0.149505615234375,test
19.231536865234375,19.157615661621094,-0.073921203613281,test
10.975435256958008,9.890963554382324,-1.084471702575684,test
13.408034324645996,15.199172973632812,1.791138648986816,test
12.751125335693359,12.103808403015137,-0.647316932678223,test
19.298400878906250,20.044576644897461,0.746175765991211,test
17.203367233276367,15.702910423278809,-1.500456809997559,test
9.736565589904785,9.744253158569336,0.007687568664551,test
12.979307174682617,11.733201980590820,-1.246105194091797,test
14.236783981323242,12.840799331665039,-1.395984649658203,test
20.734260559082031,20.021245956420898,-0.713014602661133,test
12.831480026245117,16.054256439208984,3.222776412963867,test
15.866971015930176,15.084255218505859,-0.782715797424316,test
8.070313453674316,9.500323295593262,1.430009841918945,test
16.677310943603516,17.578876495361328,0.901565551757812,test
21.045719146728516,20.255840301513672,-0.789878845214844,test
11.291090965270996,11.281291961669922,-0.009799003601074,test
15.181710243225098,16.393632888793945,1.211922645568848,test
12.221564292907715,10.989307403564453,-1.232256889343262,test
6.721993446350098,6.482828617095947,-0.239164829254150,test
12.319908142089844,12.762555122375488,0.442646980285645,test
15.844645500183105,14.388769149780273,-1.455876350402832,test
10.524522781372070,11.577590942382812,1.053068161010742,test
15.311032295227051,14.130681037902832,-1.180351257324219,test
15.084987640380859,15.253511428833008,0.168523788452148,test
18.543865203857422,17.894550323486328,-0.649314880371094,test
14.233889579772949,13.943443298339844,-0.290446281433105,test
10.467246055603027,10.685038566589355,0.217792510986328,test
12.639414787292480,11.454131126403809,-1.185283660888672,test
15.597714424133301,15.496800422668457,-0.100914001464844,test
18.682828903198242,18.538267135620117,-0.144561767578125,test
15.651744842529297,15.842001914978027,0.190257072448730,test
17.081758499145508,16.356227874755859,-0.725530624389648,test
18.492675781250000,18.774414062500000,0.281738281250000,test
17.800186157226562,17.642457962036133,-0.157728195190430,test
7.803494453430176,7.835847854614258,0.032353401184082,test
20.585559844970703,19.844896316528320,-0.740663528442383,test
11.315112113952637,12.915654182434082,1.600542068481445,test
11.000618934631348,10.169617652893066,-0.831001281738281,test
11.018919944763184,10.959784507751465,-0.059135437011719,test
18.488504409790039,17.248352050781250,-1.240152359008789,test
7.644801616668701,7.994517803192139,0.349716186523438,test
13.889911651611328,14.646817207336426,0.756905555725098,test
11.891198158264160,12.912686347961426,1.021488189697266,test
8.016815185546875,7.923609733581543,-0.093205451965332,test
10.565798759460449,13.446703910827637,2.880905151367188,test
16.606267929077148,16.261539459228516,-0.344728469848633,test
14.642365455627441,13.796916007995605,-0.845449447631836,test
12.271285057067871,12.475128173828125,0.203843116760254,test
10.266827583312988,10.466210365295410,0.199382781982422,test
13.852519035339355,12.473810195922852,-1.378708839416504,test
14.969601631164551,15.277723312377930,0.308121681213379,test
10.032546997070312,9.746460914611816,-0.286086082458496,test
15.171929359436035,15.704741477966309,0.532812118530273,test
13.795320510864258,12.807415962219238,-0.987904548645020,test
12.732992172241211,15.149609565734863,2.416617393493652,test
11.726685523986816,12.807592391967773,1.080906867980957,test
14.954314231872559,16.169277191162109,1.214962959289551,test
19.264343261718750,19.362554550170898,0.098211288452148,test
16.029958724975586,14.996018409729004,-1.033940315246582,test
18.905164718627930,18.697557449340820,-0.207607269287109,test
10.531384468078613,11.187537193298340,0.656152725219727,test
5.916745662689209,6.214897155761719,0.298151493072510,test
13.686232566833496,14.884281158447266,1.198048591613770,test
15.304903984069824,16.102495193481445,0.797591209411621,test
10.501253128051758,10.446257591247559,-0.054995536804199,test
17.857618331909180,17.900974273681641,0.043355941772461,test
15.199052810668945,15.797721862792969,0.598669052124023,test
14.971693038940430,14.277766227722168,-0.693926811218262,test
15.458683967590332,13.733787536621094,-1.724896430969238,test
17.560012817382812,18.310514450073242,0.750501632690430,test
15.128809928894043,13.819102287292480,-1.309707641601562,test
20.489562988281250,20.528751373291016,0.039188385009766,test
11.352017402648926,11.067322731018066,-0.284694671630859,test
11.563177108764648,11.258625984191895,-0.304551124572754,test
10.776357650756836,11.983405113220215,1.207047462463379,test
18.689329147338867,19.851589202880859,1.162260055541992,test
16.817646026611328,16.182092666625977,-0.635553359985352,test
17.832878112792969,16.058137893676758,-1.774740219116211,test
4.400832653045654,2.102658748626709,-2.298173904418945,test
17.543769836425781,16.826360702514648,-0.717409133911133,test
17.347702026367188,18.391695022583008,1.043992996215820,test
18.644308090209961,19.207180023193359,0.562871932983398,test
18.774026870727539,18.935628890991211,0.161602020263672,test
14.124239921569824,12.905734062194824,-1.218505859375000,test
15.772816658020020,15.733749389648438,-0.039067268371582,test
10.167163848876953,11.255472183227539,1.088308334350586,test
14.798872947692871,14.563659667968750,-0.235213279724121,test
17.489906311035156,17.318403244018555,-0.171503067016602,test
16.880889892578125,13.654208183288574,-3.226681709289551,test
6.289576530456543,9.275825500488281,2.986248970031738,test
22.163242340087891,20.339160919189453,-1.824081420898438,test
15.492660522460938,15.122303962707520,-0.370356559753418,test
14.587774276733398,13.454293251037598,-1.133481025695801,test
12.666136741638184,13.488461494445801,0.822324752807617,test
20.735393524169922,20.382186889648438,-0.353206634521484,test
13.104359626770020,12.831479072570801,-0.272880554199219,test
13.048932075500488,12.897462844848633,-0.151469230651855,test
13.187005996704102,14.408257484436035,1.221251487731934,test
13.412358283996582,11.854302406311035,-1.558055877685547,test
10.319923400878906,12.098929405212402,1.779006004333496,test
13.349854469299316,11.825153350830078,-1.524701118469238,test
16.859535217285156,14.408835411071777,-2.450699806213379,test
13.389944076538086,13.063246726989746,-0.326697349548340,test
20.633378982543945,19.893972396850586,-0.739406585693359,test
18.665754318237305,19.447187423706055,0.781433105468750,test
10.985907554626465,10.645627021789551,-0.340280532836914,test
18.267391204833984,16.775348663330078,-1.492042541503906,test
17.041580200195312,17.566209793090820,0.524629592895508,test
15.461720466613770,15.922297477722168,0.460577011108398,test
18.095527648925781,17.545038223266602,-0.550489425659180,test
14.274429321289062,11.897547721862793,-2.376881599426270,test
11.602905273437500,11.312707901000977,-0.290197372436523,test
17.344209671020508,19.297210693359375,1.953001022338867,test
19.211263656616211,18.917165756225586,-0.294097900390625,test
19.754152297973633,19.359525680541992,-0.394626617431641,test
17.175872802734375,15.728713035583496,-1.447159767150879,test
17.974809646606445,16.276641845703125,-1.698167800903320,test
6.778198719024658,5.928727626800537,-0.849471092224121,test
16.607999801635742,15.351937294006348,-1.256062507629395,test
14.308374404907227,14.756266593933105,0.447892189025879,test
17.557300567626953,16.994625091552734,-0.562675476074219,test
11.163391113281250,11.030259132385254,-0.133131980895996,test
17.807966232299805,17.864006042480469,0.056039810180664,test
17.183826446533203,14.621181488037109,-2.562644958496094,test
13.333849906921387,14.357872009277344,1.024022102355957,test
17.246192932128906,17.231426239013672,-0.014766693115234,test
7.989339351654053,9.712349891662598,1.723010540008545,test
15.730756759643555,14.259194374084473,-1.471562385559082,test
13.473718643188477,12.853159904479980,-0.620558738708496,test
19.306190490722656,18.979204177856445,-0.326986312866211,test
11.953213691711426,13.022101402282715,1.068887710571289,test
15.007092475891113,13.412946701049805,-1.594145774841309,test
11.818886756896973,9.901703834533691,-1.917182922363281,test
17.453088760375977,17.147735595703125,-0.305353164672852,test
19.944681167602539,19.791160583496094,-0.153520584106445,test
18.940372467041016,19.776041030883789,0.835668563842773,test
13.604777336120605,14.604731559753418,0.999954223632812,test
8.780873298645020,12.495447158813477,3.714573860168457,test
15.270487785339355,15.359982490539551,0.089494705200195,test
19.635633468627930,19.588777542114258,-0.046855926513672,test
14.265023231506348,14.271195411682129,0.006172180175781,test
14.859188079833984,14.879396438598633,0.020208358764648,test
14.121669769287109,12.776113510131836,-1.345556259155273,test
14.195307731628418,14.589801788330078,0.394494056701660,test
16.098913192749023,17.002799987792969,0.903886795043945,test
15.702948570251465,13.979170799255371,-1.723777770996094,test
17.259510040283203,16.846731185913086,-0.412778854370117,test
18.987844467163086,18.908306121826172,-0.079538345336914,test
16.848079681396484,15.907065391540527,-0.941014289855957,test
14.862746238708496,15.319998741149902,0.457252502441406,test
11.689992904663086,11.063124656677246,-0.626868247985840,test
16.663253784179688,16.101093292236328,-0.562160491943359,test
19.634513854980469,19.281761169433594,-0.352752685546875,test
12.473077774047852,11.525262832641602,-0.947814941406250,test
16.974876403808594,18.850934982299805,1.876058578491211,test
17.566225051879883,17.491472244262695,-0.074752807617188,test
9.033284187316895,9.058178901672363,0.024894714355469,test
15.143753051757812,14.133504867553711,-1.010248184204102,test
12.602596282958984,12.057642936706543,-0.544953346252441,test
14.257264137268066,14.123919486999512,-0.133344650268555,test
16.021591186523438,13.933169364929199,-2.088421821594238,test
19.516542434692383,19.217805862426758,-0.298736572265625,test
19.786771774291992,19.098199844360352,-0.688571929931641,test
10.092812538146973,10.758213996887207,0.665401458740234,test
19.177244186401367,17.958263397216797,-1.218980789184570,test
15.464177131652832,14.573113441467285,-0.891063690185547,test
14.613768577575684,15.517315864562988,0.903547286987305,test
13.221837997436523,12.347409248352051,-0.874428749084473,test
17.218805313110352,17.449733734130859,0.230928421020508,test
6.443537235260010,5.232930660247803,-1.210606575012207,test
16.433586120605469,16.284561157226562,-0.149024963378906,test
13.067314147949219,13.308621406555176,0.241307258605957,test
3.663862466812134,1.859691381454468,-1.804171085357666,test_gen
4.059766292572021,3.650812387466431,-0.408953905105591,test_gen
5.333489418029785,5.990490436553955,0.657001018524170,test_gen
4.749499797821045,4.367001533508301,-0.382498264312744,test_gen
6.598951339721680,7.429975986480713,0.831024646759033,test_gen
6.138138771057129,6.849809169769287,0.711670398712158,test_gen
6.138138771057129,5.027111530303955,-1.111027240753174,test_gen
7.706912040710449,6.894371509552002,-0.812540531158447,test_gen
8.997351646423340,8.932637214660645,-0.064714431762695,test_gen
3.663862466812134,1.795878410339355,-1.867984056472778,test_gen
4.851170539855957,5.262554645538330,0.411384105682373,test_gen
6.947555541992188,7.615061759948730,0.667506217956543,test_gen
7.517689704895020,7.798416137695312,0.280726432800293,test_gen
7.894594669342041,7.492358684539795,-0.402235984802246,test_gen
6.551743507385254,6.870888710021973,0.319145202636719,test_gen
8.830664634704590,9.123026847839355,0.292362213134766,test_gen
9.672807693481445,9.388904571533203,-0.283903121948242,test_gen
8.967360496520996,7.958364486694336,-1.008996009826660,test_gen
9.659498214721680,8.487516403198242,-1.171981811523438,test_gen
8.793345451354980,7.269985675811768,-1.523359775543213,test_gen
9.659498214721680,9.306969642639160,-0.352528572082520,test_gen
11.370774269104004,11.031611442565918,-0.339162826538086,test_gen
10.666978836059570,10.220219612121582,-0.446759223937988,test_gen
3.663862466812134,2.253496885299683,-1.410365581512451,test_gen
5.333489418029785,4.521334648132324,-0.812154769897461,test_gen
5.044898986816406,5.464099407196045,0.419200420379639,test_gen
7.244320392608643,6.946445465087891,-0.297874927520752,test_gen
8.085586547851562,8.047265052795410,-0.038321495056152,test_gen
5.875917911529541,7.754790782928467,1.878872871398926,test_gen
8.051684379577637,7.846658706665039,-0.205025672912598,test_gen
9.181187629699707,8.451547622680664,-0.729640007019043,test_gen
10.394372940063477,10.320122718811035,-0.074250221252441,test_gen
8.584394454956055,8.795737266540527,0.211342811584473,test_gen
9.417807579040527,9.437802314758301,0.019994735717773,test_gen
6.784755706787109,6.579253673553467,-0.205502033233643,test_gen
10.759046554565430,10.783578872680664,0.024532318115234,test_gen
11.188477516174316,11.338214874267578,0.149737358093262,test_gen
6.784755706787109,7.499442577362061,0.714686870574951,test_gen
9.312341690063477,8.569310188293457,-0.743031501770020,test_gen
10.249195098876953,8.359082221984863,-1.890112876892090,test_gen
10.562806129455566,9.080278396606445,-1.482527732849121,test_gen
9.665346145629883,8.316855430603027,-1.348490715026855,test_gen
11.381786346435547,9.868700981140137,-1.513085365295410,test_gen
7.453573226928711,8.237861633300781,0.784288406372070,test_gen
9.124415397644043,8.417949676513672,-0.706465721130371,test_gen
9.814729690551758,8.684607505798340,-1.130122184753418,test_gen
10.956657409667969,10.244542121887207,-0.712115287780762,test_gen
9.634380340576172,8.969545364379883,-0.664834976196289,test_gen
12.046092033386230,12.393973350524902,0.347881317138672,test_gen
11.381786346435547,11.199170112609863,-0.182616233825684,test_gen
11.762234687805176,11.046532630920410,-0.715702056884766,test_gen
10.249195098876953,8.573262214660645,-1.675932884216309,test_gen
10.740257263183594,9.638346672058105,-1.101910591125488,test_gen
11.294969558715820,10.048015594482422,-1.246953964233398,test_gen
12.276562690734863,11.301230430603027,-0.975332260131836,test_gen
10.215605735778809,9.069128990173340,-1.146476745605469,test_gen
12.457207679748535,12.342915534973145,-0.114292144775391,test_gen
12.631223678588867,12.495485305786133,-0.135738372802734,test_gen
11.942872047424316,11.975319862365723,0.032447814941406,test_gen
11.373522758483887,11.520368576049805,0.146845817565918,test_gen
11.471628189086914,11.444545745849609,-0.027082443237305,test_gen
11.471628189086914,12.509123802185059,1.037495613098145,test_gen
13.040401458740234,14.656670570373535,1.616269111633301,test_gen
12.536170005798340,13.756782531738281,1.220612525939941,test_gen
12.046092033386230,13.665372848510742,1.619280815124512,test_gen
12.957429885864258,14.516597747802734,1.559167861938477,test_gen
13.948417663574219,16.996347427368164,3.047929763793945,test_gen
6.138138771057129,5.715470314025879,-0.422668457031250,test_gen
5.333489418029785,5.795367240905762,0.461877822875977,test_gen
6.138138771057129,6.040330410003662,-0.097808361053467,test_gen
3.663862466812134,3.165770769119263,-0.498091697692871,test_gen
7.706912040710449,8.614962577819824,0.908050537109375,test_gen
4.415332317352295,2.401380777359009,-2.013951539993286,test_gen
5.978240489959717,5.395959377288818,-0.582281112670898,test_gen
8.209021568298340,7.743606090545654,-0.465415477752686,test_gen
7.517689704895020,4.052515029907227,-3.465174674987793,test_gen
8.997351646423340,8.781369209289551,-0.215982437133789,test_gen
8.997351646423340,9.585675239562988,0.588323593139648,test_gen
8.355502128601074,6.641503810882568,-1.713998317718506,test_gen
9.966511726379395,8.662850379943848,-1.303661346435547,test_gen
5.333489418029785,2.410353183746338,-2.923136234283447,test_gen
5.333489418029785,4.073412418365479,-1.260076999664307,test_gen
10.684544563293457,9.716765403747559,-0.967779159545898,test_gen
8.140719413757324,8.582398414611816,0.441679000854492,test_gen
10.684544563293457,7.965464115142822,-2.719080448150635,test_gen
8.140719413757324,3.874452352523804,-4.266267061233521,test_gen
14.099454879760742,13.518990516662598,-0.580464363098145,test_gen
14.099454879760742,11.968911170959473,-2.130543708801270,test_gen
13.640388488769531,11.997176170349121,-1.643212318420410,test_gen
8.997351646423340,10.587726593017578,1.590374946594238,test_gen
9.966511726379395,7.477077960968018,-2.489433765411377,test_gen
12.404778480529785,11.734045982360840,-0.670732498168945,test_gen
14.390332221984863,13.157198905944824,-1.233133316040039,test_gen
11.370774269104004,12.026997566223145,0.656223297119141,test_gen
7.706912040710449,7.825120449066162,0.118208408355713,test_gen
12.005950927734375,10.952396392822266,-1.053554534912109,test_gen
13.955866813659668,12.613564491271973,-1.342302322387695,test_gen
11.370774269104004,12.632193565368652,1.261419296264648,test_gen
7.706912040710449,6.821862220764160,-0.885049819946289,test_gen
11.284603118896484,9.959305763244629,-1.325297355651855,test_gen
12.762618064880371,11.605343818664551,-1.157274246215820,test_gen
12.762618064880371,10.076317787170410,-2.686300277709961,test_gen
13.027986526489258,11.418978691101074,-1.609007835388184,test_gen
8.997351646423340,10.493796348571777,1.496444702148438,test_gen
8.355502128601074,6.452650070190430,-1.902852058410645,test_gen
13.491712570190430,11.941380500793457,-1.550332069396973,test_gen
10.666978836059570,12.117726325988770,1.450747489929199,test_gen
7.327724933624268,6.953682422637939,-0.374042510986328,test_gen
9.539780616760254,8.037605285644531,-1.502175331115723,test_gen
15.705375671386719,14.702155113220215,-1.003220558166504,test_gen
15.705375671386719,15.186711311340332,-0.518664360046387,test_gen
12.642324447631836,14.695282936096191,2.052958488464355,test_gen
13.318458557128906,15.204817771911621,1.886359214782715,test_gen
15.940424919128418,14.996283531188965,-0.944141387939453,test_gen
14.958831787109375,13.195906639099121,-1.762925148010254,test_gen
8.997351646423340,9.501410484313965,0.504058837890625,test_gen
8.997351646423340,9.104872703552246,0.107521057128906,test_gen
15.110029220581055,16.998174667358398,1.888145446777344,test_gen
13.843990325927734,11.234137535095215,-2.609852790832520,test_gen
14.962630271911621,15.579497337341309,0.616867065429688,test_gen
14.023396492004395,13.353049278259277,-0.670347213745117,test_gen
13.012925148010254,14.536167144775391,1.523241996765137,test_gen
15.223244667053223,16.586427688598633,1.363183021545410,test_gen
14.707615852355957,16.026617050170898,1.319001197814941,test_gen
15.301283836364746,14.842000961303711,-0.459282875061035,test_gen
15.039559364318848,15.430247306823730,0.390687942504883,test_gen
15.426096916198730,15.403510093688965,-0.022586822509766,test_gen
14.992988586425781,15.473206520080566,0.480217933654785,test_gen
14.992988586425781,15.604536056518555,0.611547470092773,test_gen
14.404120445251465,13.418383598327637,-0.985736846923828,test_gen
15.413824081420898,15.935734748840332,0.521910667419434,test_gen
14.300850868225098,15.086147308349609,0.785296440124512,test_gen
13.329208374023438,12.348217010498047,-0.980991363525391,test_gen
13.960621833801270,14.645352363586426,0.684730529785156,test_gen
14.214977264404297,15.465908050537109,1.250930786132812,test_gen
14.226668357849121,13.165661811828613,-1.061006546020508,test_gen
14.126834869384766,15.111660003662109,0.984825134277344,test_gen
13.845050811767578,14.684065818786621,0.839015007019043,test_gen
13.845050811767578,15.046629905700684,1.201579093933105,test_gen
12.976203918457031,12.359412193298340,-0.616791725158691,test_gen
11.885232925415039,13.684802055358887,1.799569129943848,test_gen
11.363752365112305,12.498148918151855,1.134396553039551,test_gen
14.323760032653809,14.428353309631348,0.104593276977539,test_gen
12.404778480529785,13.142866134643555,0.738087654113770,test_gen
14.323760032653809,12.588953971862793,-1.734806060791016,test_gen
12.404778480529785,12.676714897155762,0.271936416625977,test_gen
12.939664840698242,11.108368873596191,-1.831295967102051,test_gen
11.459587097167969,11.082152366638184,-0.377434730529785,test_gen
13.022786140441895,12.124079704284668,-0.898706436157227,test_gen
6.755194664001465,6.943267345428467,0.188072681427002,test_gen
14.026257514953613,13.752980232238770,-0.273277282714844,test_gen
10.861228942871094,11.301854133605957,0.440625190734863,test_gen
12.753666877746582,11.737768173217773,-1.015898704528809,test_gen
8.355884552001953,9.141621589660645,0.785737037658691,test_gen
13.775530815124512,12.397895812988281,-1.377635002136230,test_gen
9.659498214721680,11.092936515808105,1.433438301086426,test_gen
12.939664840698242,11.225732803344727,-1.713932037353516,test_gen
7.706912040710449,9.929669380187988,2.222757339477539,test_gen
13.191197395324707,12.220714569091797,-0.970482826232910,test_gen
9.147884368896484,9.654529571533203,0.506645202636719,test_gen
11.677007675170898,10.329607963562012,-1.347399711608887,test_gen
5.843022823333740,7.205815792083740,1.362792968750000,test_gen
13.206174850463867,11.616085052490234,-1.590089797973633,test_gen
9.659498214721680,9.923459053039551,0.263960838317871,test_gen
11.363752365112305,9.756138801574707,-1.607613563537598,test_gen
5.333489418029785,7.201710224151611,1.868220806121826,test_gen
12.721765518188477,12.310590744018555,-0.411174774169922,test_gen
13.660151481628418,14.089198112487793,0.429046630859375,test_gen
8.174138069152832,6.443986415863037,-1.730151653289795,test_gen
10.877663612365723,9.771630287170410,-1.106033325195312,test_gen
13.250639915466309,12.607825279235840,-0.642814636230469,test_gen
12.292670249938965,12.311613082885742,0.018942832946777,test_gen
12.292670249938965,10.317420959472656,-1.975249290466309,test_gen
8.967360496520996,9.268347740173340,0.300987243652344,test_gen
10.070078849792480,8.426489830017090,-1.643589019775391,test_gen
3.663862466812134,4.001196861267090,0.337334394454956,test_gen
11.079643249511719,11.087508201599121,0.007864952087402,test_gen
13.491712570190430,11.702918052673340,-1.788794517517090,test_gen
11.082166671752930,11.666064262390137,0.583897590637207,test_gen
7.327724933624268,8.498792648315430,1.171067714691162,test_gen
12.479708671569824,10.382754325866699,-2.096954345703125,test_gen
9.539780616760254,10.786917686462402,1.247137069702148,test_gen
8.929317474365234,6.526932239532471,-2.402385234832764,test_gen
13.491712570190430,11.566166877746582,-1.925545692443848,test_gen
11.082166671752930,11.419403076171875,0.337236404418945,test_gen
7.327724933624268,6.904260158538818,-0.423464775085449,test_gen
12.808402061462402,12.243371009826660,-0.565031051635742,test_gen
12.479708671569824,8.510510444641113,-3.969198226928711,test_gen
9.539780616760254,10.631076812744141,1.091296195983887,test_gen
8.929317474365234,5.035251617431641,-3.894065856933594,test_gen
10.991586685180664,10.043802261352539,-0.947784423828125,test_gen
12.450626373291016,11.635956764221191,-0.814669609069824,test_gen
13.017247200012207,11.611218452453613,-1.406028747558594,test_gen
10.102652549743652,9.681816101074219,-0.420836448669434,test_gen
12.513082504272461,11.917071342468262,-0.596011161804199,test_gen
9.104034423828125,8.661860466003418,-0.442173957824707,test_gen
11.780580520629883,10.744272232055664,-1.036308288574219,test_gen
12.722414970397949,11.910012245178223,-0.812402725219727,test_gen
12.722414970397949,10.892817497253418,-1.829597473144531,test_gen
8.793345451354980,10.485249519348145,1.691904067993164,test_gen
11.571896553039551,9.977606773376465,-1.594289779663086,test_gen
6.138138771057129,7.302402019500732,1.164263248443604,test_gen
12.551758766174316,11.947445869445801,-0.604312896728516,test_gen
11.392391204833984,10.667755126953125,-0.724636077880859,test_gen
11.111291885375977,10.194490432739258,-0.916801452636719,test_gen
6.290302753448486,5.734354496002197,-0.555948257446289,test_gen
10.364870071411133,9.036884307861328,-1.327985763549805,test_gen
4.415332317352295,5.135379314422607,0.720046997070312,test_gen
10.414057731628418,8.807433128356934,-1.606624603271484,test_gen
11.002608299255371,9.761887550354004,-1.240720748901367,test_gen
11.002608299255371,9.234351158142090,-1.768257141113281,test_gen
6.551743507385254,6.443891525268555,-0.107851982116699,test_gen
10.847925186157227,8.977167129516602,-1.870758056640625,test_gen
6.138138771057129,7.585130691528320,1.446991920471191,test_gen
9.585859298706055,8.119343757629395,-1.466515541076660,test_gen
11.646176338195801,13.135406494140625,1.489230155944824,test_gen
3.663862466812134,7.717092037200928,4.053229570388794,test_gen
10.311883926391602,9.321083068847656,-0.990800857543945,test_gen
17.861698150634766,16.794313430786133,-1.067384719848633,test_gen
8.119532585144043,8.562891960144043,0.443359375000000,test_gen
3.663862466812134,11.812832832336426,8.148970365524292,test_gen
15.139608383178711,16.285898208618164,1.146289825439453,test_gen
13.631257057189941,14.437195777893066,0.805938720703125,test_gen
14.602842330932617,14.508526802062988,-0.094315528869629,test_gen
14.795120239257812,16.097976684570312,1.302856445312500,test_gen
15.027952194213867,15.739067077636719,0.711114883422852,test_gen
15.287014007568359,15.635275840759277,0.348261833190918,test_gen
10.704061508178711,12.337975502014160,1.633913993835449,test_gen
15.851311683654785,17.262941360473633,1.411629676818848,test_gen
11.794086456298828,12.452431678771973,0.658345222473145,test_gen
12.089900970458984,13.156780242919922,1.066879272460938,test_gen
16.343248367309570,16.835914611816406,0.492666244506836,test_gen
16.352748870849609,16.826181411743164,0.473432540893555,test_gen
16.648733139038086,17.928201675415039,1.279468536376953,test_gen
16.060804367065430,18.158224105834961,2.097419738769531,test_gen
14.392127990722656,16.728685379028320,2.336557388305664,test_gen
17.394958496093750,18.335584640502930,0.940626144409180,test_gen
16.712675094604492,17.339536666870117,0.626861572265625,test_gen
13.155885696411133,12.722669601440430,-0.433216094970703,test_gen
11.722023010253906,10.822583198547363,-0.899439811706543,test_gen
9.842966079711914,8.677271842956543,-1.165694236755371,test_gen
12.800390243530273,12.573971748352051,-0.226418495178223,test_gen
12.580605506896973,12.797070503234863,0.216464996337891,test_gen
11.983074188232422,11.148799896240234,-0.834274291992188,test_gen
11.757172584533691,11.304333686828613,-0.452838897705078,test_gen
6.927377223968506,6.197353363037109,-0.730023860931396,test_gen
12.605272293090820,12.056641578674316,-0.548630714416504,test_gen
11.983863830566406,11.398215293884277,-0.585648536682129,test_gen
10.462307929992676,9.075371742248535,-1.386936187744141,test_gen
8.971059799194336,7.923600673675537,-1.047459125518799,test_gen
11.834295272827148,11.442576408386230,-0.391718864440918,test_gen
11.202117919921875,10.368317604064941,-0.833800315856934,test_gen
11.211246490478516,10.501027107238770,-0.710219383239746,test_gen
9.450802803039551,8.172108650207520,-1.278694152832031,test_gen
11.035726547241211,9.793498992919922,-1.242227554321289,test_gen
10.043848037719727,9.007776260375977,-1.036071777343750,test_gen
9.707186698913574,8.894268035888672,-0.812918663024902,test_gen
8.519183158874512,7.710987567901611,-0.808195590972900,test_gen
8.693383216857910,8.195103645324707,-0.498279571533203,test_gen
8.501782417297363,8.209779739379883,-0.292002677917480,test_gen
8.274775505065918,7.693608760833740,-0.581166744232178,test_gen
5.907963275909424,5.833864212036133,-0.074099063873291,test_gen
7.349415779113770,7.054801940917969,-0.294613838195801,test_gen
5.082653999328613,4.985630035400391,-0.097023963928223,test_gen
5.333489418029785,3.657780170440674,-1.675709247589111,test_gen
7.327724933624268,4.577050209045410,-2.750674724578857,test_gen
0.000286599009996,2.750858068466187,2.750571469456190,test_gen
7.706912040710449,5.386529445648193,-2.320382595062256,test_gen
6.551743507385254,6.775300502777100,0.223556995391846,test_gen
8.793345451354980,8.165033340454102,-0.628312110900879,test_gen
8.967360496520996,9.287764549255371,0.320404052734375,test_gen
10.149415969848633,8.870312690734863,-1.279103279113770,test_gen
9.802000999450684,8.633776664733887,-1.168224334716797,test_gen
10.666978836059570,11.761856079101562,1.094877243041992,test_gen
5.333489418029785,4.311524868011475,-1.021964550018311,test_gen
7.327724933624268,5.773054599761963,-1.554670333862305,test_gen
10.740257263183594,9.423688888549805,-1.316568374633789,test_gen
11.762234687805176,10.586822509765625,-1.175412178039551,test_gen
11.294969558715820,8.305117607116699,-2.989851951599121,test_gen
12.276562690734863,10.754324913024902,-1.522237777709961,test_gen
9.312341690063477,8.229062080383301,-1.083279609680176,test_gen
10.562806129455566,9.984637260437012,-0.578168869018555,test_gen
9.665346145629883,11.915130615234375,2.249784469604492,test_gen
11.751835823059082,11.308263778686523,-0.443572044372559,test_gen
11.751835823059082,10.454815864562988,-1.297019958496094,test_gen
13.323361396789551,12.469265937805176,-0.854095458984375,test_gen
13.040401458740234,13.464737892150879,0.424336433410645,test_gen
13.813278198242188,12.660386085510254,-1.152892112731934,test_gen
5.333489418029785,6.655591011047363,1.322101593017578,test_gen
7.706912040710449,8.753178596496582,1.046266555786133,test_gen
8.355502128601074,8.199875831604004,-0.155626296997070,test_gen
9.966511726379395,9.840341567993164,-0.126170158386230,test_gen
5.333489418029785,2.656977176666260,-2.676512241363525,test_gen
7.327724933624268,7.004167556762695,-0.323557376861572,test_gen
7.327724933624268,0.926624894142151,-6.401100039482117,test_gen
10.991586685180664,12.982241630554199,1.990654945373535,test_gen
3.663862466812134,4.697590351104736,1.033727884292603,test_gen
12.844853401184082,10.018692016601562,-2.826161384582520,test_gen
14.603060722351074,12.511969566345215,-2.091091156005859,test_gen
10.991586685180664,11.828730583190918,0.837143898010254,test_gen
10.149415969848633,6.917099475860596,-3.232316493988037,test_gen
13.939685821533203,13.720180511474609,-0.219505310058594,test_gen
13.939685821533203,11.582946777343750,-2.356739044189453,test_gen
12.709173202514648,11.593283653259277,-1.115889549255371,test_gen
7.327724933624268,7.862328529357910,0.534603595733643,test_gen
10.149415969848633,8.473172187805176,-1.676243782043457,test_gen
14.323760032653809,13.525461196899414,-0.798298835754395,test_gen
10.666978836059570,11.638707160949707,0.971728324890137,test_gen
8.929317474365234,7.730119228363037,-1.199198246002197,test_gen
11.082166671752930,9.075114250183105,-2.007052421569824,test_gen
12.479708671569824,10.619834899902344,-1.859873771667480,test_gen
10.666978836059570,10.689533233642578,0.022554397583008,test_gen
8.929317474365234,5.456572055816650,-3.472745418548584,test_gen
13.271869659423828,12.151881217956543,-1.119988441467285,test_gen
9.802000999450684,11.004834175109863,1.202833175659180,test_gen
7.327724933624268,5.752204895019531,-1.575520038604736,test_gen
11.202941894531250,10.123908042907715,-1.079033851623535,test_gen
11.866612434387207,10.494999885559082,-1.371612548828125,test_gen
9.802000999450684,10.330618858337402,0.528617858886719,test_gen
7.327724933624268,5.597275257110596,-1.730449676513672,test_gen
8.929317474365234,7.944028377532959,-0.985289096832275,test_gen
15.482905387878418,16.352060317993164,0.869154930114746,test_gen
15.415699005126953,13.139474868774414,-2.276224136352539,test_gen
12.661213874816895,15.409378051757812,2.748164176940918,test_gen
5.300000190734863,9.059720039367676,3.759719848632812,test_gen
13.463954925537109,13.945106506347656,0.481151580810547,test_gen
15.413824081420898,15.887775421142578,0.473951339721680,test_gen
15.045648574829102,15.208857536315918,0.163208961486816,test_gen
14.300850868225098,15.529526710510254,1.228675842285156,test_gen
12.179299354553223,13.234376907348633,1.055077552795410,test_gen
12.976938247680664,11.957478523254395,-1.019459724426270,test_gen
14.126834869384766,14.897473335266113,0.770638465881348,test_gen
13.913057327270508,12.754361152648926,-1.158696174621582,test_gen
12.276277542114258,11.234129905700684,-1.042147636413574,test_gen
12.276277542114258,11.792107582092285,-0.484169960021973,test_gen
11.885232925415039,11.837248802185059,-0.047984123229980,test_gen
10.448617935180664,9.922881126403809,-0.525736808776855,test_gen
10.070078849792480,10.682231903076172,0.612153053283691,test_gen
13.640388488769531,12.895228385925293,-0.745160102844238,test_gen
14.390332221984863,11.846063613891602,-2.544268608093262,test_gen
12.005950927734375,13.224533081054688,1.218582153320312,test_gen
13.775530815124512,13.051871299743652,-0.723659515380859,test_gen
13.206174850463867,12.666981697082520,-0.539193153381348,test_gen
13.955866813659668,11.422034263610840,-2.533832550048828,test_gen
11.284603118896484,12.887034416198730,1.602431297302246,test_gen
7.706912040710449,7.151020050048828,-0.555891990661621,test_gen
13.250639915466309,11.618569374084473,-1.632070541381836,test_gen
8.967360496520996,10.614216804504395,1.646856307983398,test_gen
12.721765518188477,11.253515243530273,-1.468250274658203,test_gen
7.706912040710449,10.109880447387695,2.402968406677246,test_gen
13.027986526489258,10.947384834289551,-2.080601692199707,test_gen
11.571896553039551,10.980539321899414,-0.591357231140137,test_gen
11.960381507873535,10.849579811096191,-1.110801696777344,test_gen
9.531879425048828,8.512574195861816,-1.019305229187012,test_gen
12.551758766174316,10.733614921569824,-1.818143844604492,test_gen
8.793345451354980,9.910918235778809,1.117572784423828,test_gen
11.079643249511719,8.897622108459473,-2.182021141052246,test_gen
5.333489418029785,7.029120445251465,1.695631027221680,test_gen
10.847925186157227,10.368283271789551,-0.479641914367676,test_gen
10.321940422058105,9.323278427124023,-0.998661994934082,test_gen
6.354586601257324,6.360311031341553,0.005724430084229,test_gen
7.940579414367676,8.924631118774414,0.984051704406738,test_gen
9.585859298706055,8.571460723876953,-1.014398574829102,test_gen
6.551743507385254,6.711058139801025,0.159314632415771,test_gen
6.927377223968506,8.039976119995117,1.112598896026611,test_gen
14.357688903808594,15.798811912536621,1.441123008728027,test_gen
15.863744735717773,17.570325851440430,1.706581115722656,test_gen
15.550914764404297,18.578458786010742,3.027544021606445,test_gen
10.149415969848633,9.290062904357910,-0.859353065490723,test_gen
7.327724933624268,5.935336589813232,-1.392388343811035,test_gen
11.751835823059082,9.655124664306641,-2.096711158752441,test_gen
13.939685821533203,10.821027755737305,-3.118658065795898,test_gen
12.709173202514648,10.340508460998535,-2.368664741516113,test_gen
7.327724933624268,7.988781929016113,0.661056995391846,test_gen
10.149415969848633,8.396658897399902,-1.752757072448730,test_gen
14.603060722351074,12.054869651794434,-2.548191070556641,test_gen
10.991586685180664,11.483739852905273,0.492153167724609,test_gen
10.149415969848633,8.504178047180176,-1.645237922668457,test_gen
12.844853401184082,12.214894294738770,-0.629959106445312,test_gen
10.991586685180664,10.293532371520996,-0.698054313659668,test_gen
10.149415969848633,6.382807731628418,-3.766608238220215,test_gen
15.415699005126953,13.978808403015137,-1.436890602111816,test_gen
15.482905387878418,15.464606285095215,-0.018299102783203,test_gen
10.991586685180664,13.197244644165039,2.205657958984375,test_gen
12.661213874816895,14.853746414184570,2.192532539367676,test_gen
5.329999923706055,8.650016784667969,3.320016860961914,test_gen
17.477140426635742,16.184053421020508,-1.293087005615234,test_gen
7.327724933624268,2.919283866882324,-4.408441066741943,test_gen
12.709173202514648,11.334125518798828,-1.375047683715820,test_gen
13.271869659423828,11.404692649841309,-1.867177009582520,test_gen
11.202941894531250,11.380133628845215,0.177191734313965,test_gen
11.866612434387207,9.462056159973145,-2.404556274414062,test_gen
8.929317474365234,10.184685707092285,1.255368232727051,test_gen
7.327724933624268,6.182550907135010,-1.145174026489258,test_gen
14.603060722351074,11.270230293273926,-3.332830429077148,test_gen
12.844853401184082,12.257155418395996,-0.587697982788086,test_gen
